Student_ID,ATA 121,ATA 122,BLG 101,BLG 102,BLG 112,BLG 113,BLG 202,BLG 210,BLG 212,BLG 222,BLG 223,BLG 231,BLG 242,BLG 252,BLG 311,BLG 312,BLG 317,BLG 322,BLG 335,BLG 336,BLG 337,BLG 345,BLG 346,BLG 348,BLG 351,BLG 354,BLG 368,BLG 374,BLG 411,BLG 413,BLG 430,BLG 433,BLG 435,BLG 438,BLG 439,BLG 440,BLG 442,BLG 443,BLG 444,BLG 447,BLG 448,BLG 449,BLG 450,BLG 452,BLG 453,BLG 454,BLG 456,BLG 458,BLG 459,BLG 460,BLG 468,BLG 475,BLG 477,BLG 478,BLG 4901,BLG 4902,DAN 102,EHB 211,EHB 222,EHB 311,EKO 201,FIZ 101,FIZ 101EL,FIZ 102,FIZ 102EL,ING 100,ING 112A,ING 201A,KON 224,KON 317,MAL 201,MAT 103,MAT 104,MAT 271,MAT 281,SNT 102,SNT 103,SNT 104,SNT 105,SNT 106,SNT 107,SNT 112,SNT 113,SNT 114,SNT 116,SNT 121,SNT 123,SNT 211,SNT 212,SNT 215,SNT 226,SNT 227,TUR 121,TUR 122,YZV 406
Student_1,4.0,3.5,3.0,3.5,1.5,3.5,1.0,0.0,3.0,2.0,2.5,1.0,2.0,2.0,3.0,3.0,2.0,2.5,2.5,2.0,2.5,0.0,0.0,0.0,1.5,2.5,1.5,3.0,2.0,2.5,1.0,0.0,1.0,3.5,1.0,3.0,0.0,0.0,0.0,0.0,2.5,0.0,1.5,0.0,0.0,0.0,0.0,0.0,0.0,0.0,0.0,0.0,0.0,0.0,0.0,4.0,0.0,2.0,1.0,1.5,2.5,3.5,3.5,4.0,4.0,0.0,0.0,3.5,0.0,0.0,0.0,3.0,4.0,4.0,3.0,0.0,0.0,0.0,0.0,0.0,0.0,0.0,0.0,0.0,0.0,0.0,2.5,0.0,0.0,0.0,0.0,0.0,4.0,4.0,0.0
Student_10,2.0,2.5,2.0,2.0,1.5,3.5,1.5,2.0,2.5,1.5,2.0,1.0,3.5,2.0,1.5,2.5,3.0,2.0,3.0,2.5,0.0,0.0,0.0,0.0,3.0,1.5,2.5,3.5,1.5,2.5,0.0,1.0,1.5,0.0,0.0,0.0,0.0,0.0,0.0,0.0,0.0,0.0,0.0,0.0,0.0,3.0,2.5,1.5,0.0,0.0,0.0,0.0,0.0,3.5,0.0,2.0,0.0,1.0,1.5,4.0,2.0,2.0,4.0,0.0,4.0,0.0,0.0,3.5,0.0,0.0,1.0,0.0,0.0,3.0,2.0,0.0,0.0,0.0,0.0,0.0,0.0,0.0,0.0,0.0,0.0,0.0,0.0,0.0,0.0,0.0,0.0,0.0,0.0,0.0,0.0
Student_100,2.5,2.5,3.0,2.0,1.5,2.0,1.0,0.0,2.5,3.0,2.0,2.5,4.0,1.5,3.0,3.0,1.0,2.5,2.0,2.5,0.0,0.0,0.0,0.0,2.5,2.5,3.0,3.5,1.0,3.0,0.0,0.0,2.0,4.0,4.0,0.0,0.0,0.0,0.0,0.0,2.5,0.0,0.0,0.0,0.0,2.0,0.0,2.0,0.0,1.5,0.0,0.0,0.0,0.0,0.0,3.0,0.0,1.5,2.0,3.0,2.0,4.0,4.0,2.0,4.0,0.0,0.0,4.0,0.0,0.0,0.0,2.0,3.5,2.0,1.5,0.0,4.0,0.0,0.0,0.0,0.0,0.0,0.0,0.0,0.0,0.0,0.0,0.0,0.0,0.0,0.0,0.0,3.0,2.5,0.0
Student_1000,2.5,0.0,4.0,0.0,0.0,3.5,0.0,0.0,3.5,3.0,0.0,3.5,2.0,0.0,3.0,3.5,3.0,3.0,0.0,4.0,0.0,0.0,0.0,0.0,4.0,3.0,0.0,4.0,3.5,0.0,0.0,0.0,4.0,0.0,0.0,0.0,0.0,0.0,0.0,0.0,3.0,0.0,0.0,0.0,0.0,4.0,4.0,4.0,0.0,3.5,0.0,0.0,0.0,0.0,4.0,4.0,4.0,0.0,0.0,3.0,4.0,0.0,0.0,0.0,0.0,0.0,3.0,4.0,0.0,2.5,0.0,0.0,0.0,0.0,3.5,0.0,3.5,0.0,0.0,0.0,0.0,0.0,0.0,0.0,0.0,0.0,0.0,0.0,0.0,0.0,0.0,0.0,3.0,0.0,0.0
Student_1001,4.0,4.0,2.5,3.0,1.5,3.0,1.5,3.0,1.0,2.25,1.0,2.0,3.0,2.5,3.0,1.5,1.0,2.25,1.5,2.75,1.5,0.0,0.0,0.0,4.0,2.0,1.0,3.0,2.0,0.0,0.0,2.25,0.0,0.0,0.0,0.0,0.0,0.0,0.0,0.0,2.5,0.0,0.0,0.0,0.0,1.0,0.0,4.0,0.0,0.0,0.0,0.0,0.0,3.5,4.0,4.0,0.0,3.5,2.5,3.0,3.5,4.0,4.0,3.0,4.0,0.0,4.0,4.0,0.0,0.0,0.0,3.0,3.5,2.5,3.0,0.0,0.0,0.0,0.0,0.0,0.0,0.0,0.0,4.0,0.0,0.0,0.0,0.0,0.0,0.0,0.0,0.0,4.0,4.0,1.5
Student_1002,3.0,1.5,2.0,1.5,2.0,3.0,1.0,0.0,2.5,2.5,2.5,2.5,3.5,1.0,1.5,2.0,3.0,2.0,2.0,1.5,0.0,0.0,0.0,0.0,2.5,2.0,2.0,1.0,1.5,3.0,0.0,2.5,0.0,0.0,0.0,2.5,3.0,0.0,0.0,2.5,0.0,0.0,0.0,0.0,1.0,0.0,0.0,0.0,0.0,0.0,0.0,1.0,1.0,0.0,0.0,3.5,0.0,1.0,4.0,3.0,2.5,3.0,3.0,3.5,4.0,0.0,0.0,3.5,0.0,0.0,3.0,1.5,1.0,1.0,1.0,0.0,0.0,0.0,0.0,0.0,0.0,4.0,0.0,0.0,0.0,0.0,0.0,0.0,0.0,0.0,0.0,0.0,3.5,3.5,0.0
Student_1003,4.0,4.0,0.0,0.0,0.0,0.0,2.5,0.0,4.0,0.0,0.0,0.0,0.0,0.0,0.0,0.0,0.0,0.0,0.0,0.0,0.0,0.0,0.0,0.0,0.0,0.0,0.0,0.0,0.0,0.0,0.0,0.0,0.0,0.0,0.0,0.0,0.0,0.0,0.0,0.0,0.0,0.0,0.0,0.0,0.0,0.0,0.0,0.0,0.0,0.0,0.0,0.0,0.0,0.0,0.0,0.0,0.0,0.0,0.0,0.0,0.0,0.0,0.0,0.0,0.0,0.0,0.0,0.0,0.0,0.0,0.0,1.5,4.0,3.5,3.0,0.0,0.0,0.0,0.0,0.0,0.0,0.0,0.0,0.0,0.0,0.0,0.0,0.0,0.0,0.0,0.0,0.0,3.5,3.0,0.0
Student_1004,2.5,2.5,2.5,1.0,2.5,4.0,3.5,2.5,3.0,2.5,3.0,2.5,3.0,3.5,3.0,4.0,3.5,3.5,4.0,3.5,0.0,0.0,3.0,0.0,3.5,3.5,3.5,4.0,2.0,3.5,0.0,3.5,3.0,0.0,0.0,0.0,0.0,0.0,0.0,0.0,0.0,0.0,0.0,0.0,0.0,3.5,0.0,3.5,2.5,0.0,3.5,0.0,0.0,0.0,0.0,4.0,0.0,2.0,2.5,3.5,4.0,3.5,4.0,1.0,4.0,0.0,0.0,3.5,0.0,0.0,3.5,3.5,2.5,3.5,2.0,0.0,0.0,0.0,0.0,0.0,0.0,0.0,0.0,0.0,0.0,0.0,0.0,0.0,0.0,0.0,0.0,0.0,4.0,3.5,0.0
Student_1005,3.0,2.5,2.5,1.0,1.0,4.0,2.0,0.0,1.5,1.0,3.0,2.5,4.0,3.0,2.0,0.0,1.5,2.0,3.0,2.5,3.0,0.0,0.0,0.0,1.5,0.0,2.0,2.5,1.0,2.5,0.0,0.0,0.0,0.0,1.5,4.0,0.0,0.0,0.0,0.0,2.0,0.0,0.0,0.0,0.0,0.0,0.0,0.0,0.0,0.0,0.0,2.0,2.0,0.0,0.0,4.0,0.0,2.5,1.0,2.0,1.5,3.5,4.0,3.0,4.0,0.0,0.0,4.0,0.0,0.0,0.0,3.0,3.0,0.0,2.0,0.0,0.0,0.0,0.0,0.0,0.0,3.5,0.0,0.0,0.0,0.0,0.0,0.0,0.0,0.0,0.0,0.0,3.0,3.5,0.0
Student_1006,1.5,2.5,0.0,0.0,0.0,0.0,0.0,0.0,0.0,0.0,0.0,0.0,0.0,0.0,0.0,0.0,0.0,0.0,0.0,0.0,0.0,0.0,0.0,0.0,0.0,0.0,0.0,0.0,0.0,0.0,0.0,0.0,0.0,0.0,0.0,0.0,0.0,0.0,0.0,0.0,0.0,0.0,0.0,0.0,0.0,0.0,0.0,0.0,0.0,0.0,0.0,0.0,0.0,0.0,0.0,0.0,0.0,0.0,0.0,0.0,0.0,0.0,0.0,0.0,0.0,0.0,0.0,0.0,0.0,0.0,0.0,2.0,2.0,0.0,0.0,0.0,0.0,0.0,0.0,0.0,0.0,0.0,0.0,0.0,0.0,0.0,0.0,0.0,0.0,0.0,0.0,0.0,2.5,3.5,0.0
Student_1007,4.0,2.5,3.0,3.0,2.0,2.0,2.0,0.0,3.5,3.0,2.0,3.5,2.5,2.0,2.5,2.5,3.0,2.0,3.5,4.0,2.5,0.0,0.0,0.0,2.0,2.0,0.0,2.5,3.0,3.5,0.0,0.0,0.0,3.5,0.0,0.0,0.0,0.0,0.0,0.0,4.0,0.0,0.0,0.0,3.0,2.5,3.5,3.0,0.0,0.0,0.0,3.0,0.0,0.0,0.0,4.0,0.0,1.5,4.0,3.5,3.5,3.5,4.0,4.0,4.0,0.0,0.0,2.5,0.0,0.0,0.0,2.5,2.5,2.0,3.0,0.0,0.0,0.0,4.0,0.0,0.0,0.0,0.0,0.0,0.0,0.0,0.0,0.0,0.0,0.0,0.0,0.0,3.0,3.0,0.0
Student_1008,3.5,4.0,3.0,3.0,2.0,3.5,2.5,0.0,2.5,1.0,2.0,2.5,3.0,4.0,3.5,3.0,3.0,1.0,1.0,2.0,3.0,0.0,0.0,0.0,2.5,3.0,3.0,2.5,2.0,3.0,3.5,2.0,2.5,0.0,3.5,0.0,3.0,0.0,0.0,0.0,0.0,0.0,0.0,0.0,0.0,0.0,4.0,0.0,0.0,0.0,0.0,0.0,0.0,0.0,0.0,4.0,0.0,3.0,2.0,2.0,3.0,3.0,3.5,3.0,4.0,0.0,0.0,3.0,0.0,0.0,0.0,3.5,3.0,1.0,2.0,0.0,0.0,0.0,3.5,0.0,0.0,0.0,0.0,0.0,0.0,0.0,0.0,0.0,0.0,0.0,0.0,0.0,4.0,4.0,0.0
Student_1009,4.0,4.0,2.5,3.0,2.0,3.5,3.5,4.0,3.0,4.0,4.0,3.5,4.0,3.0,3.0,2.0,3.0,2.0,3.5,2.5,2.5,0.0,0.0,0.0,2.5,3.5,0.0,4.0,2.5,0.0,0.0,0.0,3.5,0.0,0.0,0.0,0.0,0.0,0.0,0.0,3.5,0.0,0.0,0.0,2.0,3.5,0.0,0.0,4.0,0.0,0.0,0.0,0.0,4.0,4.0,4.0,4.0,2.0,3.5,3.0,3.5,3.5,4.0,2.5,4.0,0.0,0.0,4.0,0.0,0.0,0.0,3.0,3.5,3.5,4.0,0.0,0.0,0.0,0.0,0.0,0.0,3.5,0.0,0.0,0.0,0.0,0.0,0.0,0.0,0.0,0.0,0.0,2.0,3.0,0.0
Student_101,4.0,3.5,3.5,3.5,3.5,3.5,1.5,3.5,4.0,3.0,4.0,3.0,3.0,3.0,2.0,3.5,3.0,3.5,4.0,4.0,2.5,0.0,0.0,0.0,3.5,4.0,0.0,3.5,3.0,4.0,0.0,3.5,0.0,0.0,0.0,0.0,0.0,0.0,0.0,0.0,3.5,0.0,0.0,0.0,0.0,3.5,3.5,0.0,4.0,0.0,3.0,0.0,0.0,4.0,0.0,4.0,0.0,3.0,2.5,3.0,3.5,4.0,4.0,2.0,4.0,0.0,0.0,3.5,0.0,0.0,0.0,3.5,3.0,2.0,4.0,0.0,0.0,0.0,4.0,0.0,0.0,0.0,0.0,0.0,0.0,0.0,0.0,0.0,0.0,0.0,0.0,0.0,3.0,4.0,0.0
Student_1010,4.0,3.5,2.5,3.0,3.0,3.5,1.5,3.0,1.5,2.5,3.0,1.5,1.0,3.0,3.0,1.5,2.5,1.75,2.5,3.0,2.25,0.0,0.0,0.0,3.0,1.5,0.0,3.5,2.75,0.0,0.0,0.0,3.5,0.0,0.0,0.0,3.25,0.0,0.0,0.0,0.0,0.0,0.0,0.0,0.0,4.0,0.0,4.0,0.0,3.75,2.75,0.0,0.0,0.0,4.0,4.0,0.0,2.5,1.5,2.25,2.5,3.0,4.0,3.0,4.0,0.0,4.0,4.0,0.0,0.0,0.0,3.0,3.5,3.0,2.5,0.0,0.0,0.0,0.0,0.0,0.0,0.0,0.0,0.0,0.0,0.0,0.0,0.0,0.0,0.0,0.0,0.0,0.0,4.0,0.0
Student_1011,0.0,0.0,0.0,0.0,3.0,3.5,0.0,4.0,2.75,2.5,4.0,3.5,4.0,3.5,1.75,4.0,3.75,3.75,4.0,3.0,4.0,0.0,0.0,0.0,4.0,3.5,4.0,3.25,4.0,0.0,0.0,3.75,0.0,0.0,0.0,0.0,4.0,0.0,0.0,0.0,0.0,0.0,0.0,0.0,0.0,0.0,0.0,0.0,4.0,0.0,4.0,0.0,0.0,4.0,4.0,4.0,0.0,0.0,2.5,4.0,3.75,0.0,0.0,4.0,4.0,4.0,4.0,4.0,0.0,0.0,0.0,0.0,0.0,4.0,4.0,0.0,0.0,0.0,0.0,0.0,0.0,0.0,0.0,0.0,0.0,0.0,0.0,0.0,0.0,0.0,0.0,0.0,0.0,0.0,0.0
Student_1012,4.0,4.0,1.5,4.0,3.0,4.0,2.5,2.5,2.5,3.0,3.5,3.0,4.0,4.0,3.0,4.0,2.5,4.0,3.5,4.0,1.5,0.0,0.0,0.0,3.5,4.0,0.0,4.0,3.5,0.0,0.0,0.0,4.0,0.0,0.0,0.0,0.0,0.0,0.0,0.0,4.0,0.0,0.0,0.0,4.0,4.0,0.0,3.0,0.0,0.0,2.0,0.0,0.0,0.0,4.0,4.0,4.0,2.0,2.0,3.0,3.5,2.0,4.0,2.0,3.5,0.0,0.0,4.0,0.0,0.0,0.0,2.5,2.0,3.0,1.5,0.0,0.0,0.0,0.0,0.0,0.0,0.0,0.0,0.0,0.0,0.0,0.0,0.0,0.0,0.0,0.0,0.0,3.5,3.0,0.0
Student_1013,3.0,4.0,4.0,2.5,3.5,3.5,3.0,4.0,3.0,3.0,3.0,3.5,3.0,3.5,3.5,3.5,3.0,2.0,3.0,2.5,2.5,0.0,0.0,0.0,1.5,2.5,0.0,2.5,3.0,0.0,0.0,0.0,2.0,0.0,0.0,0.0,0.0,0.0,0.0,0.0,4.0,0.0,0.0,0.0,0.0,3.0,0.0,0.0,3.5,0.0,2.0,0.0,0.0,4.0,4.0,4.0,0.0,4.0,4.0,3.0,4.0,4.0,4.0,3.5,4.0,0.0,3.5,4.0,0.0,0.0,0.0,3.0,4.0,4.0,3.5,0.0,0.0,0.0,4.0,0.0,0.0,0.0,0.0,0.0,0.0,0.0,0.0,0.0,0.0,0.0,0.0,0.0,3.0,4.0,0.0
Student_1014,3.0,2.0,3.5,2.0,2.5,4.0,2.5,4.0,3.0,3.0,2.5,3.5,4.0,2.5,4.0,2.5,3.0,3.0,4.0,4.0,0.0,0.0,0.0,0.0,4.0,3.5,0.0,3.0,3.0,0.0,0.0,0.0,3.0,0.0,0.0,0.0,4.0,0.0,0.0,0.0,0.0,0.0,0.0,0.0,0.0,3.5,0.0,3.5,0.0,3.5,2.5,0.0,0.0,0.0,4.0,4.0,0.0,3.5,2.0,4.0,3.0,3.5,4.0,3.5,4.0,0.0,4.0,4.0,0.0,1.0,0.0,3.5,2.5,4.0,4.0,0.0,0.0,0.0,3.5,0.0,0.0,0.0,0.0,0.0,0.0,0.0,0.0,0.0,0.0,0.0,0.0,0.0,3.0,2.5,0.0
Student_1015,2.5,3.0,0.0,0.0,0.0,0.0,0.0,0.0,3.0,0.0,0.0,0.0,0.0,0.0,0.0,0.0,0.0,0.0,0.0,0.0,0.0,0.0,0.0,0.0,0.0,0.0,0.0,0.0,0.0,0.0,0.0,0.0,0.0,0.0,0.0,0.0,0.0,0.0,0.0,0.0,0.0,0.0,0.0,0.0,0.0,0.0,0.0,0.0,0.0,0.0,0.0,0.0,0.0,0.0,0.0,0.0,0.0,0.0,0.0,0.0,0.0,0.0,0.0,0.0,0.0,0.0,0.0,0.0,0.0,0.0,0.0,1.0,1.5,2.5,0.0,0.0,0.0,0.0,0.0,0.0,0.0,0.0,0.0,0.0,0.0,0.0,0.0,0.0,0.0,0.0,0.0,0.0,2.0,2.0,0.0
Student_1016,3.5,3.5,1.5,4.0,1.0,3.5,2.0,3.5,1.5,1.75,1.0,2.0,2.0,2.0,3.0,2.5,3.25,1.75,2.25,1.25,0.0,0.0,0.0,0.0,2.5,1.0,0.0,3.5,2.0,0.0,0.0,2.75,0.0,0.0,0.0,0.0,0.0,0.0,0.0,0.0,2.0,0.0,0.0,0.0,0.0,2.0,0.0,3.75,0.0,0.0,1.5,0.0,0.0,3.0,4.0,4.0,0.0,1.0,1.5,3.5,3.0,3.0,4.0,1.0,4.0,0.0,2.5,3.5,0.0,0.0,3.0,2.0,3.0,2.0,3.0,0.0,0.0,0.0,0.0,0.0,0.0,0.0,0.0,0.0,0.0,0.0,3.5,0.0,0.0,0.0,0.0,0.0,3.0,4.0,2.0
Student_1017,0.0,0.0,1.5,0.0,0.0,3.0,1.5,0.0,3.0,0.0,0.0,2.5,2.5,0.0,1.0,1.0,2.5,1.0,2.0,2.0,0.0,0.0,0.0,0.0,2.5,2.5,0.0,2.5,2.0,1.0,0.0,2.0,0.0,0.0,0.0,4.0,3.0,0.0,0.0,0.0,0.0,0.0,0.0,0.0,0.0,1.0,1.5,0.0,2.5,1.5,0.0,0.0,0.0,0.0,0.0,4.0,0.0,0.0,2.0,3.0,1.5,0.0,0.0,0.0,0.0,0.0,0.0,3.5,0.0,0.0,2.5,0.0,0.0,3.5,0.0,0.0,0.0,0.0,0.0,0.0,0.0,0.0,0.0,0.0,0.0,0.0,0.0,0.0,0.0,0.0,0.0,0.0,0.0,0.0,0.0
Student_1018,4.0,3.5,3.0,2.5,3.5,3.5,3.0,3.5,3.5,2.5,3.5,2.0,1.5,3.0,2.0,1.5,3.0,3.25,3.0,1.5,2.25,0.0,0.0,0.0,3.25,3.0,3.5,3.5,2.0,0.0,0.0,0.0,2.5,0.0,0.0,0.0,0.0,0.0,0.0,0.0,3.0,0.0,0.0,0.0,0.0,0.0,0.0,2.5,0.0,0.0,3.25,0.0,0.0,3.0,3.75,4.0,0.0,1.5,1.5,3.0,3.0,3.5,4.0,1.5,4.0,0.0,4.0,4.0,0.0,0.0,0.0,4.0,4.0,1.75,2.5,0.0,0.0,0.0,4.0,0.0,0.0,0.0,0.0,0.0,0.0,0.0,0.0,0.0,0.0,0.0,0.0,0.0,4.0,3.0,0.0
Student_1019,3.5,4.0,2.5,2.5,1.5,3.5,1.5,4.0,3.0,2.0,3.0,2.0,3.5,2.5,2.5,3.0,2.0,2.5,2.5,1.5,0.0,0.0,0.0,0.0,3.0,1.0,3.0,4.0,4.0,3.0,0.0,3.5,0.0,0.0,0.0,3.0,0.0,0.0,0.0,0.0,4.0,0.0,0.0,0.0,0.0,0.0,2.5,0.0,0.0,0.0,0.0,0.0,0.0,0.0,4.0,4.0,4.0,2.5,2.5,2.5,4.0,3.5,4.0,3.5,4.0,0.0,0.0,4.0,0.0,1.5,0.0,3.0,3.0,2.0,2.5,0.0,0.0,0.0,0.0,0.0,0.0,0.0,0.0,0.0,0.0,0.0,0.0,0.0,0.0,0.0,2.0,0.0,3.5,2.5,0.0
Student_102,3.5,3.5,4.0,3.5,3.5,3.5,3.5,3.5,3.0,3.5,3.0,2.0,2.5,4.0,3.5,3.5,2.5,3.0,4.0,4.0,3.0,0.0,0.0,0.0,4.0,1.5,0.0,4.0,4.0,4.0,0.0,3.5,0.0,0.0,0.0,0.0,0.0,4.0,0.0,0.0,3.0,0.0,0.0,0.0,4.0,3.5,0.0,0.0,4.0,0.0,0.0,0.0,4.0,0.0,0.0,4.0,0.0,1.5,4.0,3.5,3.5,4.0,4.0,4.0,4.0,0.0,0.0,4.0,0.0,0.0,0.0,4.0,4.0,2.5,4.0,0.0,3.0,0.0,0.0,0.0,0.0,0.0,0.0,0.0,0.0,0.0,0.0,0.0,0.0,0.0,0.0,0.0,3.0,4.0,0.0
Student_1020,2.5,3.5,3.0,3.5,2.0,2.0,3.0,0.0,3.0,3.5,3.5,3.5,4.0,4.0,3.0,1.5,3.5,3.0,3.0,2.5,3.0,0.0,0.0,0.0,3.0,1.5,3.5,1.5,2.5,3.0,0.0,0.0,0.0,0.0,0.0,0.0,0.0,0.0,0.0,0.0,2.0,1.0,0.0,0.0,0.0,0.0,0.0,3.0,0.0,0.0,2.0,1.5,2.5,0.0,0.0,3.0,0.0,4.0,2.0,1.0,4.0,4.0,4.0,3.5,4.0,0.0,0.0,3.5,0.0,0.0,0.0,3.5,4.0,3.5,2.5,0.0,0.0,0.0,0.0,0.0,0.0,0.0,0.0,0.0,0.0,0.0,0.0,0.0,0.0,4.0,0.0,0.0,3.0,3.5,0.0
Student_1021,3.0,3.0,3.0,3.0,2.0,1.5,1.0,0.0,3.5,1.5,2.0,1.0,2.5,2.0,1.0,1.0,2.5,2.5,3.0,3.0,3.0,0.0,0.0,0.0,1.5,3.5,2.0,3.0,1.5,3.5,0.0,1.5,0.0,0.0,0.0,0.0,0.0,0.0,0.0,4.0,3.0,3.5,0.0,0.0,0.0,0.0,0.0,3.5,0.0,0.0,4.0,0.0,0.0,0.0,0.0,4.0,0.0,1.5,2.0,2.0,3.0,3.0,4.0,2.5,4.0,0.0,0.0,3.5,0.0,0.0,0.0,1.5,3.0,2.5,2.0,3.5,0.0,0.0,0.0,0.0,0.0,0.0,0.0,0.0,0.0,0.0,0.0,0.0,0.0,0.0,0.0,0.0,3.0,2.5,0.0
Student_1022,4.0,4.0,3.0,2.5,2.0,2.5,3.5,4.0,3.5,2.5,3.5,3.0,3.0,2.5,3.5,3.0,4.0,2.5,4.0,4.0,0.0,0.0,0.0,0.0,4.0,3.5,2.5,4.0,2.5,0.0,0.0,0.0,0.0,0.0,4.0,0.0,0.0,0.0,0.0,0.0,0.0,0.0,0.0,0.0,3.0,3.5,3.5,0.0,0.0,0.0,0.0,0.0,0.0,4.0,4.0,4.0,4.0,3.0,3.5,4.0,3.0,3.0,4.0,3.5,4.0,0.0,0.0,4.0,0.0,0.0,4.0,4.0,4.0,4.0,2.5,0.0,0.0,0.0,0.0,0.0,0.0,0.0,0.0,0.0,0.0,0.0,3.5,0.0,0.0,0.0,0.0,0.0,4.0,4.0,0.0
Student_1023,4.0,4.0,0.0,0.0,0.0,0.0,0.0,0.0,0.0,0.0,0.0,0.0,0.0,0.0,0.0,0.0,0.0,0.0,0.0,0.0,0.0,0.0,0.0,0.0,0.0,0.0,0.0,0.0,0.0,0.0,0.0,0.0,0.0,0.0,0.0,0.0,0.0,0.0,0.0,0.0,0.0,0.0,0.0,0.0,0.0,0.0,0.0,0.0,0.0,0.0,0.0,0.0,0.0,0.0,0.0,0.0,0.0,0.0,0.0,0.0,0.0,0.0,0.0,0.0,0.0,0.0,0.0,0.0,0.0,0.0,0.0,2.0,2.0,3.5,0.0,0.0,0.0,0.0,0.0,0.0,0.0,0.0,0.0,0.0,0.0,0.0,0.0,0.0,0.0,0.0,0.0,0.0,2.0,2.5,0.0
Student_1024,4.0,3.5,4.0,4.0,3.0,3.0,4.0,4.0,4.0,2.5,3.5,2.5,3.5,4.0,4.0,3.0,3.5,3.5,4.0,4.0,3.5,0.0,0.0,0.0,4.0,4.0,0.0,4.0,3.5,4.0,0.0,0.0,4.0,0.0,0.0,0.0,0.0,0.0,0.0,0.0,4.0,0.0,0.0,0.0,4.0,4.0,0.0,0.0,0.0,0.0,0.0,0.0,3.5,0.0,4.0,4.0,4.0,4.0,4.0,4.0,4.0,4.0,4.0,4.0,4.0,0.0,4.0,4.0,0.0,0.0,0.0,4.0,4.0,3.0,4.0,0.0,0.0,0.0,0.0,0.0,0.0,0.0,0.0,0.0,0.0,0.0,0.0,4.0,0.0,0.0,0.0,0.0,4.0,4.0,0.0
Student_1025,3.5,4.0,3.5,2.0,3.0,3.5,2.0,0.0,2.0,2.0,2.5,2.5,3.0,3.0,2.5,4.0,3.5,2.5,3.5,2.5,0.0,0.0,0.0,0.0,3.5,1.5,0.0,3.5,1.5,2.0,0.0,2.5,2.0,0.0,0.0,0.0,0.0,0.0,0.0,4.0,3.0,0.0,0.0,0.0,0.0,4.0,0.0,0.0,2.5,0.0,0.0,2.0,0.0,0.0,0.0,4.0,0.0,2.0,3.0,3.5,3.5,3.5,4.0,2.5,4.0,0.0,0.0,3.0,0.0,0.0,3.0,2.5,2.0,4.0,4.0,0.0,0.0,4.0,0.0,0.0,0.0,0.0,0.0,0.0,0.0,0.0,0.0,0.0,0.0,0.0,0.0,0.0,4.0,3.0,0.0
Student_1026,3.5,4.0,3.5,2.5,2.0,2.5,4.0,0.0,3.0,2.5,1.5,3.0,3.0,2.0,3.5,3.0,2.5,2.5,3.0,2.5,4.0,0.0,0.0,0.0,1.5,3.0,4.0,3.0,2.0,3.0,3.5,0.0,2.5,0.0,3.0,4.0,0.0,0.0,0.0,3.5,3.0,0.0,0.0,0.0,0.0,0.0,0.0,0.0,0.0,0.0,0.0,0.0,0.0,0.0,0.0,4.0,0.0,2.0,2.0,3.5,3.5,4.0,4.0,3.5,4.0,0.0,0.0,3.5,0.0,0.0,0.0,4.0,3.0,4.0,3.0,0.0,0.0,0.0,0.0,0.0,0.0,4.0,0.0,0.0,0.0,0.0,0.0,0.0,0.0,0.0,0.0,0.0,3.5,4.0,0.0
Student_1027,3.0,3.5,3.0,1.5,2.5,3.5,2.5,0.0,3.5,2.0,3.0,2.0,3.0,2.5,3.0,2.5,2.0,2.0,3.0,3.5,3.5,0.0,0.0,0.0,2.5,3.5,2.0,2.5,2.0,2.5,0.0,2.5,2.0,0.0,0.0,0.0,0.0,0.0,0.0,0.0,0.0,0.0,0.0,0.0,3.0,3.0,2.0,0.0,0.0,0.0,0.0,2.5,0.0,0.0,0.0,4.0,0.0,2.0,2.5,2.5,3.0,3.0,3.5,3.5,4.0,0.0,0.0,4.0,0.0,0.0,0.0,3.5,2.5,2.5,3.0,0.0,0.0,0.0,0.0,3.0,0.0,0.0,0.0,0.0,0.0,0.0,0.0,0.0,0.0,0.0,0.0,0.0,3.5,2.5,0.0
Student_1028,3.5,3.5,2.5,4.0,2.5,3.5,1.5,3.0,2.0,1.0,1.5,2.0,2.0,2.0,3.0,2.0,3.0,1.75,2.0,2.0,0.0,0.0,0.0,0.0,3.0,3.0,3.0,2.0,1.25,0.0,0.0,1.5,0.0,0.0,0.0,0.0,0.0,0.0,0.0,0.0,1.5,0.0,0.0,0.0,0.0,0.0,0.0,0.0,2.5,2.5,0.0,0.0,1.0,0.0,3.5,3.75,0.0,2.0,3.0,2.5,2.5,3.0,4.0,2.0,2.5,0.0,2.5,4.0,0.0,0.0,2.5,3.0,4.0,3.5,2.0,0.0,0.0,0.0,0.0,0.0,0.0,0.0,0.0,0.0,0.0,0.0,0.0,0.0,0.0,0.0,1.5,0.0,3.0,3.5,0.0
Student_1029,2.5,4.0,0.0,1.0,2.0,3.5,3.5,0.0,2.5,2.0,2.0,1.5,2.0,3.0,2.0,1.0,3.0,2.0,1.0,1.0,0.0,0.0,2.0,0.0,1.0,1.5,0.0,3.5,2.0,3.0,0.0,1.0,0.0,0.0,0.0,0.0,0.0,0.0,0.0,0.0,0.0,0.0,0.0,0.0,0.0,1.5,0.0,2.0,0.0,0.0,1.5,3.5,2.0,0.0,0.0,4.0,0.0,3.0,3.0,3.5,2.5,0.0,0.0,0.0,0.0,0.0,0.0,4.0,0.0,3.0,2.0,2.0,1.0,1.5,1.0,0.0,0.0,0.0,0.0,0.0,0.0,0.0,0.0,0.0,0.0,0.0,0.0,0.0,0.0,0.0,0.0,0.0,0.0,0.0,0.0
Student_103,3.5,2.0,4.0,3.5,2.5,3.0,3.0,0.0,2.5,3.0,3.5,2.5,3.0,2.5,2.5,4.0,3.0,3.5,4.0,3.0,4.0,0.0,0.0,0.0,3.0,3.0,0.0,4.0,2.0,3.0,0.0,3.5,0.0,0.0,0.0,0.0,0.0,0.0,0.0,0.0,3.0,0.0,0.0,0.0,0.0,3.0,0.0,3.0,2.0,0.0,4.0,4.0,0.0,0.0,0.0,4.0,0.0,4.0,2.5,3.5,4.0,0.0,4.0,0.0,4.0,0.0,0.0,3.5,0.0,0.0,0.0,0.0,2.5,4.0,2.0,0.0,0.0,0.0,0.0,0.0,0.0,4.0,0.0,0.0,0.0,0.0,0.0,0.0,0.0,0.0,0.0,0.0,4.0,3.0,0.0
Student_1030,3.5,4.0,2.0,1.5,1.5,3.5,1.5,0.0,2.5,1.5,1.5,1.0,3.0,1.5,1.0,1.0,1.5,2.0,2.5,1.5,0.0,0.0,0.0,0.0,1.0,1.5,2.0,2.5,1.0,1.0,0.0,1.5,1.0,0.0,0.0,0.0,0.0,0.0,0.0,0.0,2.5,0.0,0.0,0.0,0.0,0.0,0.0,0.0,1.5,0.0,0.0,2.5,3.0,0.0,0.0,3.5,0.0,2.0,1.5,2.5,3.0,2.5,3.5,1.5,4.0,0.0,0.0,3.5,0.0,0.0,2.0,2.5,2.0,2.0,1.0,0.0,0.0,0.0,0.0,0.0,0.0,3.5,0.0,0.0,0.0,0.0,0.0,0.0,0.0,0.0,0.0,0.0,4.0,3.5,0.0
Student_1031,2.5,1.0,2.5,2.0,3.5,3.0,2.5,0.0,3.5,2.5,3.5,3.5,2.5,2.5,2.0,2.0,2.5,1.5,1.5,1.0,2.0,0.0,0.0,0.0,2.0,1.0,0.0,1.0,1.0,2.0,0.0,1.5,0.0,0.0,0.0,0.0,0.0,2.5,0.0,0.0,2.0,0.0,0.0,0.0,1.5,2.0,0.0,0.0,0.0,3.5,0.0,0.0,2.5,0.0,0.0,3.5,0.0,3.0,4.0,3.5,1.5,3.0,4.0,3.0,3.5,0.0,0.0,3.5,0.0,0.0,0.0,2.0,1.5,1.5,1.5,0.0,4.0,0.0,0.0,0.0,0.0,0.0,0.0,0.0,0.0,0.0,0.0,0.0,0.0,0.0,0.0,0.0,1.5,2.0,0.0
Student_1032,3.0,3.0,3.5,3.5,3.0,3.5,1.5,0.0,2.5,2.0,3.5,3.0,1.5,2.5,2.5,1.0,2.0,1.0,1.0,3.5,0.0,0.0,0.0,0.0,1.0,2.5,1.0,2.5,2.0,4.0,0.0,3.0,0.0,0.0,0.0,4.0,3.0,0.0,0.0,0.0,0.0,0.0,0.0,0.0,0.0,0.0,0.0,4.0,0.0,3.5,0.0,3.5,0.0,0.0,0.0,4.0,0.0,2.0,1.0,1.5,4.0,4.0,4.0,3.5,4.0,0.0,0.0,4.0,0.0,1.5,0.0,4.0,3.0,2.0,3.5,0.0,0.0,0.0,0.0,0.0,4.0,0.0,0.0,0.0,0.0,0.0,0.0,0.0,0.0,0.0,0.0,0.0,3.5,4.0,0.0
Student_1033,2.5,2.5,3.5,2.0,2.0,4.0,1.5,0.0,2.0,2.0,3.5,2.0,4.0,2.5,2.0,2.0,2.5,1.0,1.0,2.0,0.0,0.0,0.0,0.0,4.0,1.0,3.5,4.0,3.0,1.5,0.0,2.0,0.0,0.0,2.0,0.0,0.0,0.0,0.0,0.0,1.5,0.0,1.5,0.0,0.0,0.0,0.0,3.5,0.0,0.0,3.0,0.0,0.0,0.0,0.0,3.5,0.0,1.0,3.5,4.0,2.0,3.5,3.5,3.0,4.0,0.0,0.0,4.0,0.0,0.0,2.5,1.5,3.0,2.5,1.5,0.0,0.0,3.0,0.0,0.0,0.0,0.0,0.0,0.0,0.0,0.0,0.0,0.0,0.0,0.0,0.0,0.0,3.0,1.0,0.0
Student_1034,3.0,3.0,3.5,3.0,3.0,3.0,3.5,0.0,2.5,1.5,3.5,2.0,3.0,3.5,2.0,4.0,4.0,2.5,3.5,4.0,0.0,0.0,0.0,0.0,4.0,2.5,0.0,4.0,3.0,2.0,0.0,3.5,0.0,0.0,2.5,0.0,0.0,3.5,0.0,0.0,3.0,0.0,3.0,0.0,0.0,3.0,0.0,0.0,0.0,0.0,0.0,4.0,0.0,0.0,0.0,3.5,0.0,2.0,3.0,4.0,4.0,3.5,4.0,3.5,4.0,0.0,0.0,3.5,0.0,0.0,3.5,3.5,3.0,2.5,4.0,0.0,0.0,0.0,0.0,0.0,0.0,0.0,0.0,0.0,0.0,0.0,0.0,4.0,0.0,0.0,0.0,0.0,4.0,4.0,0.0
Student_1035,3.5,1.0,3.0,4.0,2.5,4.0,3.0,3.5,3.0,3.0,3.0,3.5,3.5,4.0,2.0,2.0,4.0,3.5,0.0,4.0,0.0,0.0,0.0,0.0,4.0,4.0,0.0,4.0,3.5,3.5,0.0,0.0,4.0,0.0,0.0,0.0,2.5,0.0,0.0,0.0,0.0,0.0,0.0,0.0,0.0,4.0,0.0,0.0,0.0,0.0,3.0,0.0,0.0,4.0,0.0,4.0,0.0,3.5,3.5,4.0,3.5,4.0,4.0,4.0,4.0,0.0,0.0,4.0,0.0,0.0,2.5,3.5,3.0,3.5,3.5,0.0,3.0,0.0,0.0,0.0,0.0,0.0,0.0,0.0,0.0,0.0,0.0,0.0,0.0,0.0,0.0,0.0,4.0,4.0,0.0
Student_1036,0.0,0.0,3.5,0.0,0.0,3.0,0.0,0.0,4.0,0.0,0.0,0.0,2.0,0.0,0.0,0.0,0.0,3.0,1.0,0.0,0.0,0.0,0.0,0.0,2.5,1.0,0.0,3.5,3.5,2.0,0.0,0.0,2.5,0.0,0.0,0.0,0.0,0.0,0.0,0.0,4.0,0.0,0.0,0.0,0.0,1.5,0.0,0.0,0.0,0.0,0.0,2.0,3.5,0.0,0.0,4.0,0.0,0.0,3.0,3.5,1.5,0.0,0.0,0.0,0.0,0.0,0.0,3.5,0.0,0.0,0.0,0.0,0.0,0.0,0.0,0.0,0.0,0.0,0.0,0.0,0.0,0.0,0.0,0.0,0.0,0.0,0.0,0.0,0.0,0.0,0.0,0.0,0.0,0.0,0.0
Student_1037,4.0,3.5,4.0,3.0,4.0,4.0,4.0,4.0,3.5,4.0,3.0,3.5,3.0,3.0,3.0,4.0,3.5,4.0,4.0,4.0,3.5,0.0,0.0,0.0,4.0,4.0,4.0,4.0,4.0,0.0,0.0,0.0,3.5,0.0,0.0,0.0,0.0,0.0,0.0,0.0,4.0,0.0,0.0,0.0,0.0,0.0,0.0,3.5,0.0,0.0,2.5,0.0,0.0,0.0,4.0,4.0,4.0,4.0,4.0,4.0,4.0,4.0,4.0,4.0,4.0,0.0,4.0,4.0,0.0,0.0,0.0,4.0,4.0,4.0,4.0,0.0,0.0,0.0,0.0,0.0,0.0,0.0,0.0,0.0,0.0,0.0,3.0,0.0,0.0,0.0,0.0,0.0,4.0,3.5,0.0
Student_1038,3.0,0.0,4.0,3.5,3.0,4.0,4.0,4.0,4.0,4.0,3.0,3.5,3.5,3.5,4.0,4.0,3.5,4.0,4.0,4.0,4.0,0.0,0.0,0.0,4.0,4.0,3.5,4.0,3.5,4.0,0.0,3.5,0.0,0.0,0.0,0.0,0.0,0.0,0.0,0.0,3.0,0.0,0.0,0.0,0.0,0.0,4.0,0.0,0.0,0.0,4.0,0.0,0.0,0.0,4.0,4.0,4.0,4.0,4.0,4.0,4.0,4.0,3.5,4.0,4.0,0.0,4.0,4.0,0.0,0.0,0.0,4.0,4.0,4.0,3.5,0.0,0.0,0.0,0.0,0.0,0.0,0.0,0.0,0.0,0.0,0.0,0.0,3.5,0.0,0.0,0.0,0.0,4.0,4.0,0.0
Student_1039,3.0,3.5,3.0,1.5,1.0,2.0,2.5,0.0,1.0,1.5,3.0,2.5,3.0,2.0,1.0,3.5,1.5,1.0,3.5,2.5,0.0,0.0,0.0,0.0,2.5,3.5,1.5,3.0,2.0,3.0,0.0,2.0,3.0,0.0,1.5,0.0,0.0,0.0,0.0,0.0,0.0,0.0,0.0,0.0,3.5,4.0,0.0,3.0,0.0,0.0,0.0,0.0,0.0,0.0,0.0,4.0,0.0,2.0,4.0,2.5,3.0,4.0,4.0,3.0,4.0,0.0,0.0,4.0,0.0,0.0,2.0,2.0,2.5,2.0,2.5,0.0,0.0,0.0,0.0,0.0,0.0,4.0,0.0,0.0,0.0,0.0,0.0,0.0,0.0,0.0,0.0,0.0,2.5,2.5,0.0
Student_104,3.5,3.0,3.0,1.0,1.5,4.0,3.0,0.0,2.0,1.5,0.0,2.0,3.0,0.0,1.5,3.5,2.0,2.5,3.5,2.5,0.0,0.0,0.0,0.0,2.0,3.0,2.0,3.5,2.5,3.0,0.0,0.0,0.0,0.0,0.0,0.0,0.0,2.5,0.0,0.0,3.0,0.0,0.0,0.0,0.0,0.0,2.5,0.0,0.0,0.0,2.5,2.0,2.5,0.0,0.0,4.0,0.0,2.5,2.0,3.0,3.0,2.5,4.0,2.0,4.0,0.0,0.0,3.5,0.0,0.0,3.0,2.0,3.0,2.5,2.0,0.0,3.5,0.0,0.0,0.0,0.0,0.0,0.0,0.0,0.0,0.0,0.0,0.0,0.0,0.0,0.0,0.0,3.0,4.0,0.0
Student_1040,2.5,3.0,2.5,2.0,2.5,3.0,1.0,0.0,2.0,1.5,2.5,1.5,2.0,3.5,1.0,2.0,3.0,3.5,3.0,2.5,0.0,0.0,0.0,0.0,1.0,2.5,2.5,2.0,1.5,1.0,0.0,2.0,0.0,0.0,0.0,0.0,0.0,2.5,0.0,0.0,3.0,0.0,0.0,0.0,0.0,0.0,3.0,0.0,0.0,0.0,1.0,0.0,3.5,0.0,0.0,3.5,0.0,1.5,1.0,2.5,3.5,4.0,4.0,1.0,4.0,0.0,0.0,4.0,0.0,0.0,2.5,2.5,1.0,3.0,2.5,0.0,0.0,0.0,0.0,0.0,2.5,0.0,0.0,0.0,0.0,0.0,0.0,0.0,0.0,0.0,0.0,0.0,3.0,2.5,0.0
Student_1041,0.0,0.0,3.5,4.0,1.0,1.0,1.5,2.5,3.5,4.0,4.0,3.5,3.5,3.5,3.0,3.0,2.5,2.5,2.5,2.5,0.0,0.0,0.0,0.0,4.0,3.5,4.0,2.5,3.0,3.0,0.0,3.0,2.0,0.0,2.5,0.0,0.0,0.0,0.0,0.0,0.0,0.0,0.0,0.0,0.0,2.0,0.0,0.0,2.0,0.0,1.0,0.0,0.0,0.0,0.0,4.0,0.0,1.5,3.0,3.5,3.0,2.0,4.0,1.0,4.0,0.0,0.0,4.0,0.0,0.0,1.0,2.0,2.5,4.0,1.0,0.0,4.0,0.0,0.0,0.0,0.0,0.0,0.0,0.0,0.0,0.0,0.0,0.0,0.0,0.0,0.0,0.0,0.0,0.0,0.0
Student_1042,3.0,4.0,2.5,4.0,3.0,4.0,1.5,2.5,1.75,2.0,2.5,1.5,1.5,2.0,3.0,2.5,3.0,1.25,2.0,1.0,1.0,0.0,0.0,0.0,3.5,3.0,3.0,3.0,1.25,0.0,0.0,2.0,0.0,0.0,0.0,0.0,0.0,0.0,0.0,0.0,0.0,0.0,0.0,0.0,0.0,0.0,0.0,4.0,0.0,0.0,0.0,0.0,1.0,4.0,3.5,3.75,0.0,1.0,3.5,2.5,2.5,3.0,4.0,3.0,4.0,0.0,3.0,4.0,0.0,0.0,2.0,2.0,4.0,4.0,2.5,0.0,0.0,0.0,0.0,0.0,0.0,0.0,0.0,0.0,0.0,0.0,0.0,0.0,0.0,0.0,0.0,0.0,3.5,3.5,0.0
Student_1043,3.5,3.5,3.5,2.0,2.5,2.5,2.5,1.5,1.5,1.5,3.0,2.0,3.5,2.0,1.5,0.0,2.0,2.5,4.0,2.5,3.0,0.0,0.0,0.0,2.0,4.0,0.0,4.0,0.0,3.0,0.0,0.0,0.0,0.0,3.0,3.0,0.0,0.0,0.0,0.0,3.0,0.0,2.0,0.0,3.0,0.0,0.0,0.0,0.0,0.0,0.0,0.0,0.0,0.0,0.0,4.0,0.0,2.5,1.0,3.5,3.5,3.0,4.0,3.5,4.0,0.0,0.0,3.5,0.0,1.0,0.0,3.0,2.5,3.0,3.0,0.0,0.0,4.0,0.0,0.0,0.0,0.0,0.0,0.0,0.0,0.0,0.0,0.0,0.0,0.0,0.0,0.0,3.0,4.0,0.0
Student_1044,3.0,4.0,0.0,0.0,0.0,0.0,0.0,0.0,0.0,0.0,0.0,0.0,0.0,0.0,0.0,0.0,0.0,0.0,0.0,0.0,0.0,0.0,0.0,0.0,0.0,0.0,0.0,0.0,0.0,0.0,0.0,0.0,0.0,0.0,0.0,0.0,0.0,0.0,0.0,0.0,0.0,0.0,0.0,0.0,0.0,0.0,0.0,0.0,0.0,0.0,0.0,0.0,0.0,0.0,0.0,0.0,0.0,0.0,0.0,0.0,0.0,0.0,0.0,0.0,0.0,0.0,0.0,0.0,0.0,0.0,0.0,3.0,2.0,0.0,0.0,0.0,0.0,0.0,0.0,0.0,0.0,0.0,0.0,0.0,0.0,0.0,0.0,0.0,0.0,0.0,0.0,0.0,3.5,2.5,0.0
Student_1045,2.5,0.0,3.5,2.5,2.5,4.0,3.0,3.0,4.0,3.5,3.5,3.0,2.5,3.5,3.0,3.5,4.0,2.5,4.0,3.5,0.0,0.0,0.0,0.0,4.0,3.5,4.0,4.0,2.0,4.0,0.0,0.0,0.0,0.0,0.0,1.0,3.5,0.0,0.0,0.0,0.0,0.0,0.0,0.0,0.0,0.0,4.0,0.0,0.0,3.0,0.0,0.0,0.0,0.0,4.0,4.0,4.0,1.5,2.5,4.0,3.5,4.0,4.0,4.0,4.0,0.0,4.0,4.0,0.0,2.0,0.0,3.5,4.0,3.0,3.5,0.0,0.0,0.0,0.0,0.0,0.0,0.0,0.0,0.0,0.0,0.0,4.0,0.0,0.0,0.0,0.0,0.0,0.0,3.0,0.0
Student_1046,3.0,4.0,3.0,3.0,2.5,3.0,2.5,0.0,2.0,2.0,2.5,2.0,1.0,3.0,1.5,2.5,2.5,3.0,3.0,1.5,0.0,0.0,0.0,0.0,2.0,2.0,3.0,4.0,2.5,2.5,0.0,1.5,1.0,0.0,3.0,0.0,0.0,0.0,0.0,0.0,0.0,2.0,0.0,0.0,0.0,4.0,0.0,0.0,0.0,3.5,0.0,0.0,0.0,0.0,0.0,4.0,0.0,4.0,3.5,2.5,4.0,4.0,4.0,3.5,4.0,0.0,0.0,3.0,0.0,0.0,1.5,3.0,2.0,3.0,4.0,0.0,0.0,0.0,4.0,0.0,0.0,0.0,0.0,0.0,0.0,0.0,0.0,0.0,0.0,0.0,0.0,0.0,4.0,3.5,0.0
Student_1047,4.0,4.0,4.0,2.5,3.0,4.0,4.0,4.0,4.0,3.5,3.5,3.5,4.0,3.5,2.5,3.5,3.5,3.5,4.0,4.0,3.5,0.0,0.0,0.0,4.0,4.0,0.0,4.0,4.0,0.0,0.0,3.5,0.0,0.0,0.0,0.0,0.0,0.0,0.0,0.0,3.5,0.0,0.0,0.0,4.0,3.5,0.0,3.5,0.0,0.0,0.0,0.0,0.0,4.0,4.0,4.0,4.0,3.5,3.0,4.0,3.5,4.0,4.0,4.0,4.0,0.0,4.0,4.0,0.0,0.0,0.0,3.5,4.0,4.0,3.0,0.0,0.0,0.0,4.0,0.0,0.0,0.0,0.0,0.0,0.0,0.0,0.0,0.0,0.0,0.0,0.0,0.0,4.0,3.5,0.0
Student_1048,2.5,1.5,1.5,2.5,1.5,2.0,1.5,0.0,3.5,1.0,1.5,2.5,1.0,2.5,1.0,2.0,2.5,1.5,2.0,3.5,2.5,0.0,0.0,0.0,1.0,2.5,0.0,2.0,2.0,3.0,0.0,0.0,0.0,0.0,2.5,3.0,0.0,3.5,0.0,0.0,2.0,2.5,0.0,0.0,0.0,0.0,0.0,3.0,0.0,0.0,0.0,0.0,0.0,0.0,0.0,4.0,0.0,2.5,1.5,2.0,2.5,2.5,4.0,3.0,3.5,0.0,0.0,4.0,0.0,2.0,0.0,3.5,2.5,2.0,3.0,0.0,2.5,0.0,0.0,0.0,0.0,0.0,0.0,0.0,0.0,0.0,0.0,0.0,0.0,0.0,0.0,0.0,2.5,3.5,0.0
Student_1049,3.5,4.0,3.5,3.5,3.5,3.5,3.5,3.5,2.0,2.0,1.5,2.0,3.5,3.0,3.5,2.0,3.5,1.0,2.75,1.75,3.0,0.0,0.0,0.0,3.0,2.0,1.75,0.0,2.5,0.0,0.0,3.5,0.0,0.0,0.0,3.75,0.0,0.0,0.0,0.0,2.0,0.0,0.0,0.0,0.0,0.0,0.0,1.25,0.0,0.0,0.0,0.0,0.0,0.0,4.0,4.0,0.0,3.0,2.5,4.0,4.0,3.5,4.0,2.0,4.0,0.0,4.0,4.0,0.0,0.0,0.0,3.0,4.0,2.5,2.5,0.0,0.0,0.0,0.0,0.0,0.0,0.0,0.0,0.0,0.0,0.0,3.5,0.0,0.0,0.0,0.0,0.0,4.0,4.0,1.5
Student_105,4.0,4.0,3.0,3.5,3.0,3.5,2.5,2.5,3.0,2.5,2.5,2.5,3.5,2.5,1.5,3.0,0.0,3.5,3.5,3.0,0.0,0.0,0.0,0.0,4.0,0.0,3.0,3.5,4.0,2.5,0.0,2.0,0.0,0.0,0.0,0.0,2.5,0.0,0.0,0.0,0.0,0.0,0.0,0.0,0.0,3.5,0.0,2.5,4.0,0.0,0.0,0.0,0.0,4.0,0.0,4.0,0.0,1.5,2.0,3.0,2.5,4.0,3.5,3.0,4.0,0.0,0.0,3.5,0.0,0.0,0.0,3.0,1.0,0.0,3.0,0.0,0.0,0.0,0.0,0.0,0.0,0.0,0.0,0.0,0.0,0.0,0.0,0.0,0.0,0.0,4.0,0.0,4.0,3.0,0.0
Student_1050,3.5,4.0,4.0,4.0,2.5,4.0,2.5,3.5,3.0,1.5,1.0,2.5,3.0,2.0,2.5,1.5,3.5,4.0,3.0,2.5,0.0,0.0,0.0,3.75,4.0,3.0,3.0,3.5,2.75,0.0,0.0,0.0,3.25,0.0,0.0,0.0,4.0,0.0,0.0,0.0,0.0,0.0,0.0,0.0,0.0,0.0,0.0,2.25,4.0,0.0,0.0,3.75,0.0,0.0,4.0,4.0,0.0,2.0,3.0,3.5,4.0,2.0,4.0,2.5,4.0,0.0,4.0,4.0,0.0,0.0,0.0,2.5,4.0,4.0,3.0,0.0,0.0,0.0,0.0,0.0,0.0,0.0,0.0,0.0,0.0,0.0,0.0,0.0,0.0,0.0,0.0,0.0,4.0,4.0,0.0
Student_1051,0.0,0.0,3.0,0.0,0.0,0.0,1.5,0.0,1.5,2.0,0.0,2.5,2.0,1.5,2.0,1.0,2.0,2.5,2.5,2.0,0.0,0.0,0.0,0.0,2.5,1.0,1.5,2.0,1.5,1.5,0.0,1.0,1.0,0.0,0.0,0.0,0.0,3.5,0.0,0.0,2.5,0.0,0.0,0.0,0.0,0.0,0.0,1.5,2.0,0.0,0.0,0.0,0.0,0.0,0.0,4.0,0.0,2.0,2.5,3.5,3.0,0.0,0.0,0.0,0.0,0.0,0.0,2.5,0.0,0.0,3.0,0.0,0.0,0.0,0.0,0.0,0.0,0.0,0.0,0.0,0.0,0.0,3.0,0.0,0.0,0.0,0.0,0.0,0.0,0.0,0.0,0.0,0.0,0.0,0.0
Student_1052,4.0,4.0,2.0,1.5,1.0,2.5,2.0,0.0,1.5,1.5,2.0,1.0,2.5,1.0,2.5,1.0,2.5,1.5,1.5,1.0,0.0,0.0,0.0,0.0,2.5,1.0,0.0,1.5,1.5,3.0,2.0,0.0,0.0,0.0,0.0,0.0,2.0,1.5,0.0,0.0,2.5,0.0,1.0,0.0,0.0,0.0,2.0,0.0,0.0,0.0,0.0,1.5,0.0,0.0,0.0,2.5,0.0,2.0,2.0,3.5,1.5,1.5,3.0,3.5,4.0,0.0,0.0,3.5,0.0,0.0,3.0,2.0,3.0,2.5,1.0,0.0,0.0,0.0,0.0,0.0,0.0,0.0,3.5,0.0,0.0,0.0,0.0,0.0,0.0,0.0,0.0,0.0,4.0,2.0,0.0
Student_1053,0.0,0.0,3.0,3.5,3.5,4.0,4.0,3.5,3.25,2.5,3.5,2.5,3.5,3.5,4.0,3.0,4.0,2.0,3.75,3.75,0.0,0.0,0.0,3.75,4.0,2.5,4.0,3.75,3.0,0.0,0.0,3.25,0.0,0.0,0.0,0.0,0.0,0.0,0.0,0.0,0.0,0.0,0.0,0.0,3.75,2.75,0.0,0.0,3.0,0.0,0.0,2.75,0.0,0.0,4.0,3.75,0.0,3.5,3.0,3.5,3.5,3.0,4.0,3.0,4.0,4.0,3.0,3.5,0.0,0.0,0.0,3.0,4.0,3.5,3.0,0.0,0.0,0.0,0.0,0.0,0.0,0.0,0.0,4.0,0.0,0.0,0.0,0.0,0.0,0.0,0.0,0.0,0.0,0.0,0.0
Student_1054,0.0,0.0,2.0,0.0,0.0,0.0,2.0,0.0,1.0,1.5,0.0,2.5,3.0,1.5,1.5,1.5,2.0,1.5,2.5,1.0,0.0,0.0,0.0,0.0,3.0,1.0,1.5,2.0,1.5,1.0,0.0,2.5,1.0,0.0,0.0,0.0,1.5,0.0,0.0,3.0,0.0,0.0,0.0,0.0,0.0,0.0,0.0,0.0,1.5,0.0,0.0,0.0,0.0,3.0,0.0,4.0,0.0,1.0,2.0,3.0,1.5,0.0,0.0,0.0,0.0,0.0,0.0,3.0,0.0,0.0,2.0,0.0,0.0,0.0,0.0,0.0,0.0,0.0,0.0,0.0,3.0,0.0,0.0,0.0,0.0,0.0,0.0,0.0,0.0,0.0,0.0,0.0,0.0,0.0,0.0
Student_1055,0.0,0.0,0.0,0.0,0.0,0.0,2.5,0.0,2.0,2.0,2.0,1.0,1.0,2.5,1.0,2.0,1.5,1.5,2.5,1.0,0.0,0.0,0.0,0.0,2.5,2.0,1.5,2.5,1.0,2.5,0.0,2.0,0.0,0.0,0.0,0.0,1.5,1.5,0.0,0.0,2.0,2.0,0.0,0.0,0.0,0.0,2.0,0.0,1.5,0.0,0.0,0.0,0.0,0.0,0.0,3.0,0.0,1.0,3.0,3.5,2.0,0.0,0.0,0.0,0.0,0.0,0.0,3.0,0.0,0.0,3.0,0.0,0.0,1.5,0.0,0.0,0.0,0.0,0.0,3.5,0.0,0.0,0.0,0.0,0.0,0.0,0.0,0.0,0.0,0.0,0.0,0.0,4.0,3.0,0.0
Student_1056,0.0,0.0,0.0,2.0,1.5,3.5,2.0,0.0,0.0,1.5,2.5,3.0,1.5,1.5,1.0,2.0,0.0,1.0,1.0,1.0,0.0,0.0,0.0,0.0,4.0,1.0,1.0,1.5,1.0,2.0,0.0,0.0,0.0,0.0,1.5,0.0,0.0,0.0,0.0,1.5,2.0,0.0,3.0,0.0,0.0,0.0,1.0,0.0,0.0,3.0,0.0,1.0,0.0,0.0,0.0,3.5,0.0,1.0,0.0,2.0,2.5,2.5,3.0,2.0,3.5,0.0,0.0,0.0,0.0,0.0,2.0,0.0,2.5,1.0,2.0,0.0,0.0,0.0,0.0,0.0,0.0,0.0,0.0,0.0,0.0,0.0,0.0,0.0,0.0,0.0,0.0,0.0,0.0,0.0,0.0
Student_1057,2.5,2.5,3.5,3.0,2.0,3.0,2.5,2.5,3.0,4.0,3.5,2.0,2.5,3.0,2.5,4.0,3.0,2.5,3.5,4.0,0.0,0.0,0.0,0.0,4.0,2.0,3.0,4.0,2.5,0.0,0.0,2.5,3.0,0.0,0.0,0.0,4.0,0.0,0.0,0.0,0.0,0.0,0.0,0.0,0.0,3.5,4.0,0.0,0.0,0.0,0.0,2.5,0.0,0.0,4.0,4.0,4.0,2.0,2.5,3.5,3.0,3.5,4.0,3.0,4.0,0.0,0.0,4.0,0.0,0.0,0.0,2.5,3.0,2.0,3.0,0.0,0.0,0.0,0.0,0.0,0.0,0.0,0.0,0.0,0.0,0.0,0.0,0.0,0.0,0.0,0.0,0.0,3.0,3.0,0.0
Student_1058,0.0,0.0,4.0,0.0,3.5,0.0,4.0,0.0,0.0,0.0,0.0,0.0,0.0,2.75,3.75,0.0,2.75,0.0,2.5,3.5,0.0,0.0,0.0,0.0,0.0,0.0,0.0,0.0,0.0,0.0,0.0,0.0,0.0,0.0,0.0,0.0,0.0,0.0,0.0,0.0,0.0,0.0,0.0,0.0,0.0,3.25,0.0,0.0,0.0,0.0,0.0,0.0,0.0,0.0,0.0,0.0,0.0,0.0,0.0,0.0,0.0,0.0,0.0,0.0,0.0,4.0,0.0,0.0,0.0,0.0,0.0,0.0,0.0,0.0,0.0,0.0,0.0,0.0,0.0,0.0,0.0,0.0,0.0,0.0,0.0,0.0,0.0,0.0,0.0,0.0,4.0,0.0,0.0,0.0,3.0
Student_1059,2.5,0.0,3.5,2.5,2.5,3.5,2.0,3.5,2.75,1.0,1.5,2.0,3.5,2.0,2.5,3.0,3.0,2.0,4.0,3.5,3.0,0.0,0.0,0.0,3.5,2.5,0.0,3.5,3.5,0.0,0.0,0.0,3.25,0.0,0.0,0.0,4.0,0.0,0.0,0.0,0.0,0.0,0.0,0.0,2.75,3.0,0.0,1.75,0.0,0.0,0.0,0.0,0.0,3.5,4.0,4.0,0.0,1.5,2.5,3.5,4.0,2.5,4.0,2.0,4.0,0.0,4.0,3.5,0.0,0.0,0.0,3.5,3.5,3.5,2.0,0.0,0.0,0.0,0.0,0.0,0.0,0.0,0.0,0.0,0.0,0.0,0.0,4.0,0.0,0.0,0.0,0.0,3.0,0.0,0.0
Student_106,2.0,2.5,0.0,0.0,0.0,0.0,0.0,0.0,0.0,0.0,0.0,0.0,0.0,0.0,0.0,0.0,0.0,0.0,0.0,0.0,0.0,0.0,0.0,0.0,0.0,0.0,0.0,0.0,0.0,0.0,0.0,0.0,0.0,0.0,0.0,0.0,0.0,0.0,0.0,0.0,0.0,0.0,0.0,0.0,0.0,0.0,0.0,0.0,0.0,0.0,0.0,0.0,0.0,0.0,0.0,0.0,0.0,0.0,0.0,0.0,0.0,0.0,0.0,0.0,0.0,0.0,0.0,0.0,0.0,0.0,0.0,1.5,2.0,0.0,0.0,0.0,0.0,0.0,0.0,0.0,0.0,0.0,0.0,0.0,0.0,0.0,0.0,0.0,0.0,0.0,0.0,0.0,1.5,2.0,0.0
Student_1060,0.0,0.0,0.0,0.0,0.0,0.0,0.0,0.0,0.0,0.0,0.0,0.0,0.0,0.0,0.0,0.0,0.0,1.5,0.0,0.0,0.0,0.0,0.0,0.0,0.0,3.0,2.0,0.0,4.0,4.0,0.0,0.0,3.5,0.0,0.0,0.0,0.0,0.0,0.0,0.0,2.0,0.0,0.0,0.0,0.0,0.0,3.0,0.0,0.0,0.0,3.0,2.0,0.0,0.0,0.0,4.0,0.0,0.0,0.0,0.0,0.0,0.0,0.0,0.0,0.0,0.0,0.0,0.0,0.0,0.0,0.0,0.0,0.0,0.0,0.0,0.0,0.0,0.0,0.0,0.0,0.0,0.0,0.0,0.0,0.0,0.0,0.0,0.0,0.0,0.0,0.0,0.0,0.0,0.0,0.0
Student_1061,4.0,3.5,2.5,0.0,3.5,0.0,2.5,3.0,0.0,0.0,0.0,0.0,0.0,2.0,2.5,0.0,3.5,0.0,1.0,2.0,0.0,0.0,0.0,0.0,0.0,0.0,3.0,0.0,0.0,0.0,0.0,0.0,0.0,0.0,0.0,0.0,0.0,0.0,0.0,0.0,0.0,0.0,0.0,0.0,0.0,3.25,0.0,0.0,0.0,0.0,0.0,0.0,0.0,0.0,0.0,0.0,0.0,0.0,0.0,0.0,4.0,2.5,4.0,3.0,4.0,0.0,4.0,4.0,0.0,0.0,0.0,3.0,2.0,0.0,1.5,0.0,0.0,0.0,0.0,0.0,0.0,0.0,0.0,0.0,0.0,0.0,0.0,4.0,0.0,0.0,0.0,0.0,0.0,0.0,2.75
Student_1062,3.5,4.0,0.0,0.0,0.0,0.0,0.0,0.0,0.0,0.0,0.0,0.0,0.0,0.0,0.0,0.0,0.0,0.0,0.0,0.0,0.0,0.0,0.0,0.0,0.0,0.0,0.0,0.0,0.0,0.0,0.0,0.0,0.0,0.0,0.0,0.0,0.0,0.0,0.0,0.0,0.0,0.0,0.0,0.0,0.0,0.0,0.0,0.0,0.0,0.0,0.0,0.0,0.0,0.0,0.0,0.0,0.0,0.0,0.0,0.0,0.0,0.0,0.0,0.0,0.0,0.0,0.0,0.0,0.0,0.0,0.0,4.0,3.0,0.0,0.0,0.0,0.0,0.0,0.0,0.0,0.0,0.0,0.0,0.0,0.0,0.0,0.0,0.0,0.0,0.0,0.0,0.0,3.0,2.5,0.0
Student_1063,0.0,0.0,3.5,4.0,1.0,3.5,4.0,4.0,2.5,1.5,3.0,3.0,4.0,3.5,2.25,1.0,4.0,2.25,2.75,3.25,0.0,0.0,0.0,3.5,4.0,2.75,3.0,3.75,3.0,0.0,0.0,2.75,0.0,0.0,3.5,0.0,0.0,0.0,0.0,0.0,2.25,0.0,0.0,0.0,2.25,0.0,0.0,0.0,2.5,0.0,0.0,0.0,0.0,0.0,4.0,3.75,0.0,3.75,2.5,3.5,3.0,3.5,4.0,4.0,3.5,4.0,2.0,4.0,0.0,0.0,0.0,3.0,3.5,3.0,3.5,0.0,0.0,0.0,0.0,0.0,0.0,0.0,0.0,0.0,0.0,0.0,0.0,0.0,0.0,0.0,0.0,0.0,0.0,0.0,0.0
Student_1064,4.0,4.0,4.0,2.5,2.5,4.0,3.5,0.0,2.5,3.0,4.0,4.0,3.5,4.0,3.0,4.0,3.5,3.0,3.5,3.5,0.0,0.0,4.0,0.0,4.0,2.5,3.5,3.5,4.0,2.0,0.0,3.5,3.5,0.0,0.0,0.0,0.0,0.0,0.0,0.0,3.0,0.0,4.0,0.0,0.0,0.0,3.5,0.0,0.0,0.0,4.0,3.0,0.0,0.0,0.0,4.0,0.0,3.5,3.0,3.0,4.0,3.5,4.0,4.0,4.0,0.0,0.0,4.0,0.0,2.0,3.0,2.0,3.0,3.5,3.5,0.0,0.0,0.0,0.0,0.0,0.0,0.0,0.0,0.0,0.0,0.0,0.0,0.0,0.0,0.0,0.0,0.0,4.0,3.5,0.0
Student_1065,4.0,4.0,4.0,2.5,2.5,4.0,3.0,3.0,3.5,4.0,2.5,2.0,4.0,2.5,1.5,3.5,3.5,4.0,3.0,4.0,0.0,0.0,0.0,0.0,4.0,2.5,2.0,4.0,1.5,0.0,0.0,2.5,2.0,0.0,0.0,0.0,0.0,0.0,0.0,0.0,1.5,0.0,0.0,0.0,1.5,0.0,0.0,0.0,2.0,0.0,0.0,0.0,0.0,0.0,4.0,4.0,4.0,1.5,3.5,3.5,3.5,3.5,4.0,2.0,4.0,0.0,3.0,3.5,0.0,0.0,4.0,2.5,2.0,4.0,2.5,0.0,0.0,0.0,0.0,0.0,0.0,0.0,0.0,0.0,0.0,0.0,0.0,3.5,0.0,0.0,0.0,0.0,4.0,3.0,0.0
Student_1066,4.0,4.0,0.0,0.0,0.0,0.0,0.0,0.0,0.0,0.0,0.0,0.0,0.0,0.0,0.0,0.0,0.0,0.0,0.0,0.0,0.0,0.0,0.0,0.0,0.0,0.0,0.0,0.0,0.0,0.0,0.0,0.0,0.0,0.0,0.0,0.0,0.0,0.0,0.0,0.0,0.0,0.0,0.0,0.0,0.0,0.0,0.0,0.0,0.0,0.0,0.0,0.0,0.0,0.0,0.0,0.0,0.0,0.0,0.0,0.0,0.0,0.0,0.0,0.0,0.0,0.0,0.0,0.0,0.0,0.0,0.0,3.0,3.0,0.0,0.0,0.0,0.0,0.0,0.0,0.0,0.0,0.0,0.0,0.0,0.0,0.0,0.0,0.0,0.0,0.0,0.0,0.0,4.0,4.0,0.0
Student_1067,3.5,3.5,3.0,1.5,2.5,3.0,1.0,0.0,3.0,1.5,2.5,2.0,3.5,3.0,3.0,2.0,3.0,2.0,2.5,1.5,0.0,0.0,0.0,0.0,1.0,2.0,3.0,4.0,2.0,2.5,0.0,0.0,0.0,0.0,0.0,0.0,0.0,3.0,0.0,3.5,2.5,0.0,0.0,0.0,0.0,0.0,0.0,1.0,0.0,0.0,1.5,1.5,0.0,0.0,0.0,4.0,0.0,2.0,1.0,2.0,3.0,3.5,4.0,4.0,4.0,0.0,0.0,4.0,0.0,0.0,3.5,2.0,2.0,4.0,2.5,0.0,0.0,0.0,4.0,0.0,0.0,0.0,0.0,0.0,0.0,0.0,0.0,0.0,0.0,0.0,0.0,0.0,4.0,3.5,0.0
Student_1068,2.0,1.5,3.0,1.0,1.5,2.5,2.0,3.5,3.5,2.0,2.0,3.0,3.0,3.0,1.5,1.0,1.0,2.0,3.0,1.5,0.0,0.0,0.0,0.0,2.5,2.5,3.0,3.0,1.5,1.5,0.0,2.5,2.0,0.0,0.0,0.0,0.0,0.0,0.0,0.0,0.0,0.0,0.0,0.0,0.0,3.5,1.5,1.0,0.0,0.0,1.0,0.0,0.0,0.0,0.0,4.0,0.0,1.0,1.0,2.5,2.5,2.5,4.0,2.5,4.0,0.0,0.0,3.5,0.0,0.0,1.0,2.0,3.0,3.0,2.0,0.0,0.0,0.0,0.0,0.0,0.0,0.0,3.0,0.0,0.0,0.0,0.0,0.0,0.0,0.0,0.0,0.0,3.0,2.5,0.0
Student_1069,2.5,2.0,3.0,1.5,2.0,3.0,2.25,2.0,1.75,1.5,1.0,1.0,3.5,1.0,2.5,1.0,2.0,3.5,1.0,1.0,1.5,0.0,0.0,0.0,3.5,2.0,1.25,2.75,2.0,0.0,0.0,2.25,0.0,0.0,0.0,0.0,0.0,0.0,0.0,0.0,1.5,1.5,0.0,0.0,0.0,0.0,0.0,3.75,1.25,0.0,0.0,0.0,0.0,0.0,4.0,3.0,0.0,1.5,1.5,3.5,2.0,3.0,4.0,1.5,4.0,0.0,4.0,3.0,0.0,0.0,0.0,2.0,2.0,4.0,1.5,0.0,0.0,0.0,3.5,0.0,0.0,0.0,0.0,0.0,0.0,0.0,0.0,0.0,0.0,0.0,0.0,0.0,0.0,1.5,0.0
Student_107,0.0,0.0,0.0,0.0,0.0,0.0,0.0,0.0,3.5,0.0,0.0,0.0,0.0,0.0,0.0,4.0,0.0,1.0,3.0,2.0,3.5,0.0,0.0,0.0,2.5,1.0,0.0,3.0,2.0,3.0,0.0,0.0,3.0,0.0,0.0,0.0,2.0,0.0,0.0,0.0,0.0,0.0,0.0,0.0,0.0,1.5,3.5,0.0,3.0,0.0,0.0,2.0,0.0,0.0,0.0,3.5,0.0,0.0,0.0,3.0,2.0,0.0,0.0,0.0,0.0,0.0,0.0,0.0,0.0,0.0,0.0,0.0,0.0,0.0,0.0,0.0,0.0,0.0,0.0,0.0,0.0,0.0,0.0,0.0,0.0,0.0,0.0,0.0,0.0,0.0,0.0,0.0,4.0,4.0,0.0
Student_1070,3.0,3.0,3.0,3.0,1.5,4.0,2.5,3.0,2.5,2.0,3.0,1.0,2.5,1.5,2.0,2.5,2.5,2.5,3.0,3.0,2.5,0.0,0.0,0.0,3.0,2.0,0.0,2.0,2.0,0.0,0.0,3.5,0.0,0.0,0.0,0.0,0.0,0.0,0.0,0.0,1.5,0.0,0.0,0.0,2.0,3.0,3.5,0.0,0.0,0.0,2.5,0.0,0.0,0.0,4.0,3.0,4.0,1.0,1.0,4.0,3.0,3.0,4.0,2.5,4.0,0.0,0.0,3.0,0.0,0.0,0.0,2.5,2.0,2.5,2.5,0.0,0.0,0.0,0.0,0.0,0.0,0.0,0.0,0.0,0.0,0.0,0.0,0.0,0.0,0.0,0.0,0.0,2.5,3.0,0.0
Student_1071,3.5,3.5,3.0,2.0,3.5,3.0,2.5,0.0,2.5,2.0,3.0,2.5,2.5,3.0,2.5,3.0,2.0,2.0,1.5,2.0,3.5,0.0,0.0,0.0,1.0,2.0,2.0,3.5,3.0,3.0,0.0,0.0,0.0,0.0,0.0,2.5,0.0,4.0,0.0,0.0,2.5,0.0,0.0,0.0,0.0,0.0,0.0,0.0,4.0,0.0,2.5,1.5,0.0,0.0,0.0,3.5,0.0,2.5,2.5,2.5,3.5,4.0,4.0,1.5,4.0,0.0,0.0,4.0,0.0,0.0,0.0,3.0,1.5,3.0,3.0,0.0,0.0,0.0,0.0,0.0,0.0,0.0,0.0,0.0,0.0,3.0,0.0,0.0,0.0,0.0,0.0,0.0,3.5,4.0,0.0
Student_1072,1.5,1.5,1.0,1.5,2.5,2.0,3.0,1.0,2.5,2.5,1.5,2.0,3.0,1.5,2.5,1.5,1.0,3.0,1.0,2.0,0.0,0.0,0.0,0.0,4.0,1.0,2.0,2.5,1.5,1.0,0.0,1.5,0.0,0.0,0.0,0.0,3.0,0.0,0.0,0.0,0.0,3.5,0.0,0.0,0.0,0.0,0.0,1.0,2.0,0.0,0.0,0.0,0.0,3.5,0.0,4.0,0.0,3.0,2.0,1.0,1.5,2.5,2.5,2.0,3.5,0.0,0.0,2.5,0.0,0.0,2.0,1.0,2.0,1.0,1.5,0.0,0.0,0.0,3.5,0.0,0.0,0.0,0.0,0.0,0.0,0.0,0.0,0.0,0.0,0.0,0.0,0.0,3.0,3.5,0.0
Student_1073,3.0,4.0,3.5,2.5,2.5,3.5,2.0,2.5,3.5,4.0,3.5,2.0,2.5,2.5,3.0,2.5,3.5,2.0,4.0,2.5,2.5,0.0,0.0,0.0,3.0,2.5,2.0,4.0,2.0,0.0,0.0,2.0,0.0,0.0,3.5,0.0,0.0,0.0,0.0,0.0,0.0,0.0,0.0,0.0,0.0,3.0,0.0,0.0,2.5,0.0,0.0,2.5,0.0,0.0,3.5,3.5,4.0,3.5,2.0,4.0,3.5,3.5,4.0,2.0,3.5,0.0,4.0,2.5,0.0,0.0,0.0,3.5,3.5,3.0,2.5,0.0,0.0,0.0,0.0,0.0,0.0,0.0,0.0,0.0,0.0,0.0,0.0,0.0,0.0,0.0,0.0,0.0,3.0,3.0,0.0
Student_1074,4.0,3.0,3.5,3.5,3.5,2.5,3.0,2.5,2.5,3.0,4.0,2.5,2.5,2.5,3.0,4.0,3.5,3.5,3.5,4.0,0.0,0.0,0.0,0.0,3.0,3.0,0.0,4.0,3.0,2.5,0.0,2.0,0.0,0.0,0.0,4.0,0.0,0.0,0.0,0.0,4.0,0.0,0.0,0.0,3.0,3.5,0.0,0.0,2.0,0.0,3.0,0.0,0.0,0.0,0.0,4.0,0.0,2.5,3.0,2.0,4.0,4.0,4.0,2.5,4.0,0.0,0.0,4.0,0.0,2.5,0.0,3.0,3.5,3.0,3.0,0.0,0.0,0.0,0.0,0.0,0.0,0.0,3.5,0.0,0.0,0.0,0.0,0.0,0.0,0.0,0.0,0.0,3.0,3.5,0.0
Student_1075,4.0,3.5,4.0,2.5,4.0,4.0,4.0,0.0,4.0,3.5,4.0,4.0,3.5,3.5,4.0,4.0,2.5,2.0,3.0,3.0,0.0,0.0,0.0,0.0,3.5,2.0,3.0,3.5,2.0,3.5,0.0,2.0,2.5,0.0,0.0,0.0,0.0,0.0,0.0,0.0,0.0,0.0,0.0,0.0,4.0,3.5,0.0,4.0,2.0,0.0,0.0,0.0,0.0,0.0,0.0,4.0,0.0,4.0,4.0,2.5,3.5,4.0,4.0,4.0,3.5,0.0,0.0,4.0,0.0,0.0,4.0,3.0,4.0,2.0,4.0,0.0,0.0,0.0,0.0,0.0,0.0,0.0,0.0,0.0,0.0,0.0,0.0,0.0,0.0,0.0,4.0,0.0,4.0,4.0,0.0
Student_1076,0.0,0.0,2.5,3.0,3.0,3.5,2.5,4.0,2.75,2.5,3.5,3.5,2.75,2.5,3.5,2.0,3.5,2.25,3.75,3.75,2.5,2.75,0.0,0.0,4.0,3.0,2.5,4.0,3.0,0.0,0.0,2.75,0.0,0.0,0.0,0.0,0.0,0.0,0.0,0.0,0.0,0.0,0.0,0.0,0.0,0.0,0.0,4.0,3.0,0.0,2.75,0.0,0.0,0.0,4.0,4.0,0.0,2.0,3.5,3.75,3.5,3.5,4.0,4.0,4.0,4.0,4.0,4.0,0.0,0.0,0.0,3.5,3.5,4.0,3.5,4.0,0.0,0.0,0.0,0.0,0.0,0.0,0.0,0.0,0.0,0.0,0.0,0.0,0.0,0.0,0.0,0.0,0.0,0.0,0.0
Student_1077,2.5,3.5,3.0,1.5,2.0,4.0,2.5,0.0,2.5,2.0,2.0,1.0,2.5,1.5,1.5,1.5,3.5,2.5,3.0,1.0,0.0,0.0,0.0,0.0,3.0,2.5,0.0,4.0,2.5,2.0,0.0,2.0,1.5,0.0,0.0,0.0,4.0,0.0,0.0,0.0,0.0,0.0,0.0,0.0,0.0,3.0,0.0,2.0,0.0,3.5,0.0,1.0,0.0,0.0,0.0,3.5,0.0,1.5,2.5,2.5,3.5,4.0,4.0,2.0,4.0,0.0,0.0,3.5,0.0,2.0,0.0,2.0,1.5,2.0,2.5,0.0,0.0,0.0,3.5,0.0,0.0,0.0,0.0,0.0,0.0,0.0,0.0,0.0,0.0,0.0,0.0,0.0,2.0,2.5,0.0
Student_1078,4.0,4.0,0.0,0.0,0.0,0.0,0.0,0.0,0.0,0.0,0.0,0.0,0.0,0.0,0.0,0.0,0.0,0.0,0.0,0.0,0.0,0.0,0.0,0.0,0.0,0.0,0.0,0.0,0.0,0.0,0.0,0.0,0.0,0.0,0.0,0.0,0.0,0.0,0.0,0.0,0.0,0.0,0.0,0.0,0.0,0.0,0.0,0.0,0.0,0.0,0.0,0.0,0.0,0.0,0.0,0.0,0.0,0.0,0.0,0.0,0.0,0.0,0.0,0.0,0.0,0.0,0.0,0.0,0.0,0.0,0.0,2.0,2.0,0.0,0.0,0.0,0.0,0.0,0.0,0.0,0.0,0.0,0.0,0.0,0.0,0.0,0.0,0.0,0.0,0.0,0.0,0.0,3.5,3.5,0.0
Student_1079,3.5,3.0,3.5,2.5,4.0,3.5,3.5,0.0,2.0,3.0,4.0,3.5,2.5,2.0,3.5,3.0,3.5,0.0,3.0,0.0,0.0,0.0,0.0,0.0,3.5,4.0,1.0,3.5,0.0,2.5,0.0,2.5,2.5,0.0,0.0,0.0,0.0,0.0,0.0,0.0,3.0,0.0,0.0,0.0,0.0,0.0,4.0,0.0,2.5,0.0,0.0,0.0,0.0,0.0,0.0,4.0,0.0,4.0,4.0,3.0,4.0,4.0,4.0,4.0,4.0,0.0,0.0,4.0,0.0,0.0,0.0,2.5,3.5,3.0,4.0,0.0,0.0,0.0,0.0,0.0,0.0,0.0,0.0,0.0,0.0,0.0,0.0,0.0,0.0,0.0,3.0,0.0,3.5,4.0,0.0
Student_108,1.0,3.5,0.0,0.0,0.0,0.0,0.0,0.0,0.0,0.0,0.0,0.0,0.0,0.0,0.0,0.0,0.0,0.0,0.0,0.0,0.0,0.0,0.0,0.0,0.0,0.0,0.0,0.0,0.0,0.0,0.0,0.0,0.0,0.0,0.0,0.0,0.0,0.0,0.0,0.0,0.0,0.0,0.0,0.0,0.0,0.0,0.0,0.0,0.0,0.0,0.0,0.0,0.0,0.0,0.0,0.0,0.0,0.0,0.0,0.0,0.0,0.0,0.0,0.0,0.0,0.0,0.0,0.0,0.0,0.0,0.0,1.5,2.5,0.0,0.0,0.0,0.0,0.0,0.0,0.0,0.0,0.0,0.0,0.0,0.0,0.0,0.0,0.0,0.0,0.0,0.0,0.0,4.0,4.0,0.0
Student_1080,4.0,4.0,4.0,1.5,3.5,4.0,3.5,4.0,2.5,3.0,2.5,3.0,3.5,2.5,2.5,3.0,3.0,2.25,3.0,3.5,0.0,0.0,0.0,0.0,3.5,3.5,3.5,3.5,2.75,0.0,0.0,3.5,3.75,0.0,0.0,0.0,4.0,0.0,0.0,0.0,0.0,0.0,0.0,0.0,0.0,0.0,0.0,0.0,4.0,0.0,2.5,0.0,0.0,0.0,4.0,4.0,0.0,4.0,3.0,4.0,4.0,2.5,4.0,3.0,4.0,0.0,4.0,4.0,0.0,0.0,3.5,3.5,3.5,4.0,2.5,0.0,4.0,0.0,0.0,0.0,0.0,0.0,0.0,0.0,0.0,0.0,0.0,0.0,0.0,0.0,0.0,0.0,4.0,4.0,0.0
Student_1081,4.0,4.0,0.0,2.5,0.0,0.0,0.0,0.0,0.0,0.0,0.0,0.0,0.0,0.0,0.0,0.0,0.0,0.0,0.0,0.0,0.0,0.0,0.0,0.0,0.0,0.0,0.0,0.0,0.0,0.0,0.0,0.0,0.0,0.0,0.0,0.0,0.0,0.0,0.0,0.0,0.0,0.0,0.0,0.0,0.0,0.0,0.0,0.0,0.0,0.0,0.0,0.0,0.0,0.0,0.0,0.0,0.0,0.0,0.0,0.0,0.0,0.0,0.0,0.0,0.0,0.0,0.0,0.0,0.0,0.0,0.0,2.5,2.0,0.0,0.0,0.0,0.0,0.0,0.0,0.0,0.0,0.0,0.0,0.0,0.0,0.0,0.0,0.0,0.0,0.0,0.0,0.0,4.0,4.0,0.0
Student_1082,0.0,0.0,2.5,0.0,0.0,3.0,0.0,0.0,4.0,0.0,0.0,0.0,3.0,0.0,0.0,0.0,0.0,2.5,3.0,0.0,0.0,0.0,0.0,0.0,3.0,1.5,2.0,3.0,2.0,2.0,0.0,0.0,0.0,0.0,1.0,0.0,0.0,1.0,0.0,0.0,0.0,0.0,0.0,0.0,0.0,1.5,0.0,0.0,0.0,1.0,0.0,0.0,0.0,0.0,0.0,3.0,0.0,0.0,2.5,3.5,3.0,0.0,0.0,0.0,0.0,0.0,0.0,2.0,0.0,0.0,0.0,0.0,0.0,0.0,0.0,0.0,0.0,0.0,0.0,0.0,0.0,0.0,0.0,0.0,0.0,0.0,0.0,0.0,0.0,0.0,0.0,0.0,0.0,0.0,0.0
Student_1083,3.0,2.5,0.0,3.0,0.0,0.0,0.0,0.0,3.0,0.0,0.0,0.0,0.0,0.0,0.0,0.0,0.0,0.0,0.0,0.0,0.0,0.0,0.0,0.0,0.0,0.0,0.0,0.0,0.0,0.0,0.0,0.0,0.0,0.0,0.0,0.0,0.0,0.0,0.0,0.0,0.0,0.0,0.0,0.0,0.0,0.0,0.0,0.0,0.0,0.0,0.0,0.0,0.0,0.0,0.0,0.0,0.0,0.0,0.0,0.0,0.0,0.0,0.0,0.0,0.0,0.0,0.0,0.0,0.0,0.0,0.0,2.0,1.0,2.5,0.0,0.0,0.0,0.0,0.0,0.0,0.0,0.0,0.0,0.0,0.0,0.0,0.0,0.0,0.0,0.0,0.0,0.0,2.5,2.5,0.0
Student_1084,4.0,3.0,3.0,1.0,4.0,4.0,3.5,4.0,3.5,3.0,3.0,2.0,3.0,3.5,2.5,2.0,3.5,2.0,4.0,4.0,0.0,0.0,0.0,0.0,4.0,1.5,3.5,4.0,4.0,0.0,0.0,2.0,0.0,0.0,0.0,0.0,0.0,0.0,0.0,0.0,2.0,0.0,0.0,0.0,2.5,0.0,0.0,4.0,0.0,0.0,3.0,0.0,0.0,0.0,4.0,4.0,4.0,3.0,3.0,3.5,4.0,2.0,4.0,2.0,4.0,0.0,2.0,4.0,0.0,0.0,3.0,3.0,4.0,3.5,3.0,0.0,0.0,0.0,0.0,0.0,0.0,0.0,0.0,0.0,0.0,0.0,0.0,3.5,0.0,0.0,0.0,0.0,3.0,4.0,0.0
Student_1085,3.5,3.5,2.5,2.0,1.0,4.0,1.0,0.0,1.5,1.5,2.0,2.0,2.0,2.5,2.5,3.0,1.5,2.5,2.5,1.5,2.5,0.0,0.0,0.0,2.0,1.0,2.0,3.5,1.0,1.0,0.0,0.0,0.0,0.0,4.0,0.0,2.0,0.0,0.0,0.0,2.0,0.0,3.0,0.0,0.0,0.0,1.5,0.0,0.0,0.0,2.0,3.0,0.0,0.0,0.0,2.5,0.0,1.5,1.0,3.5,2.0,2.0,2.5,3.0,4.0,0.0,0.0,4.0,0.0,0.0,0.0,1.5,2.0,3.5,2.5,0.0,0.0,0.0,0.0,0.0,0.0,0.0,0.0,0.0,0.0,0.0,0.0,0.0,0.0,0.0,0.0,4.0,2.0,2.5,0.0
Student_1086,2.0,3.0,4.0,2.0,2.5,4.0,2.5,0.0,4.0,2.5,3.5,2.5,3.0,3.5,2.0,2.5,3.5,3.5,3.5,3.5,0.0,0.0,0.0,0.0,2.5,4.0,2.0,3.5,1.5,2.5,0.0,0.0,0.0,0.0,2.5,0.0,2.5,4.0,0.0,0.0,0.0,3.5,0.0,0.0,0.0,0.0,3.5,0.0,0.0,0.0,3.0,0.0,0.0,0.0,0.0,4.0,0.0,2.5,3.0,3.0,3.5,3.5,4.0,3.5,4.0,0.0,0.0,3.5,0.0,0.0,2.5,0.0,3.0,2.0,2.5,0.0,0.0,3.0,0.0,0.0,0.0,0.0,0.0,0.0,0.0,0.0,0.0,0.0,0.0,0.0,0.0,0.0,0.0,3.5,0.0
Student_1087,0.0,0.0,3.5,1.0,3.5,3.5,4.0,4.0,4.0,3.5,3.0,3.0,4.0,4.0,3.5,4.0,3.5,3.0,4.0,4.0,4.0,0.0,0.0,0.0,4.0,3.5,0.0,4.0,3.0,0.0,0.0,4.0,0.0,0.0,0.0,0.0,0.0,0.0,0.0,0.0,3.5,0.0,0.0,0.0,4.0,4.0,0.0,4.0,0.0,0.0,3.5,0.0,0.0,0.0,4.0,4.0,0.0,3.5,4.0,4.0,4.0,4.0,4.0,4.0,4.0,0.0,4.0,4.0,0.0,0.0,0.0,4.0,4.0,4.0,4.0,0.0,0.0,0.0,0.0,0.0,0.0,0.0,0.0,0.0,0.0,0.0,4.0,0.0,0.0,0.0,0.0,0.0,4.0,4.0,0.0
Student_1088,3.5,4.0,4.0,4.0,4.0,3.5,4.0,4.0,4.0,4.0,4.0,4.0,4.0,4.0,4.0,4.0,4.0,4.0,4.0,4.0,4.0,0.0,0.0,0.0,4.0,4.0,0.0,4.0,4.0,0.0,0.0,4.0,0.0,0.0,0.0,0.0,0.0,0.0,0.0,0.0,4.0,0.0,0.0,0.0,4.0,4.0,0.0,0.0,0.0,0.0,0.0,0.0,4.0,4.0,4.0,4.0,0.0,4.0,4.0,4.0,4.0,4.0,4.0,4.0,4.0,0.0,4.0,4.0,0.0,0.0,0.0,4.0,4.0,4.0,4.0,0.0,0.0,0.0,4.0,0.0,0.0,0.0,0.0,0.0,0.0,0.0,0.0,0.0,0.0,0.0,0.0,0.0,4.0,4.0,0.0
Student_1089,2.5,2.5,3.5,3.5,2.0,4.0,1.5,3.0,1.5,3.5,1.5,2.0,2.5,3.0,2.0,2.5,3.5,2.0,2.5,2.0,1.0,0.0,0.0,0.0,2.0,1.5,2.0,4.0,2.5,0.0,0.0,1.5,2.0,0.0,0.0,0.0,0.0,0.0,0.0,0.0,2.0,0.0,0.0,0.0,0.0,0.0,1.5,0.0,0.0,0.0,0.0,1.0,0.0,0.0,4.0,3.0,4.0,2.0,3.5,2.0,2.5,4.0,4.0,3.0,4.0,0.0,0.0,4.0,0.0,0.0,0.0,3.0,2.0,3.5,2.0,0.0,3.0,0.0,0.0,0.0,0.0,0.0,0.0,0.0,0.0,0.0,0.0,0.0,0.0,0.0,0.0,0.0,3.0,3.5,0.0
Student_109,4.0,3.5,4.0,3.0,3.0,4.0,3.0,3.5,2.0,1.5,2.5,3.0,2.5,2.0,2.5,2.0,3.0,2.0,3.5,3.0,0.0,0.0,0.0,0.0,3.0,3.5,3.0,2.5,2.5,0.0,0.0,2.75,2.25,0.0,0.0,0.0,0.0,0.0,0.0,0.0,3.0,0.0,0.0,0.0,0.0,0.0,0.0,0.0,3.0,0.0,0.0,0.0,0.0,3.0,4.0,4.0,0.0,2.0,4.0,3.5,2.0,3.0,4.0,2.5,4.0,0.0,4.0,4.0,0.0,0.0,2.75,4.0,4.0,2.5,2.5,0.0,0.0,0.0,3.75,0.0,0.0,0.0,0.0,0.0,0.0,0.0,0.0,0.0,0.0,0.0,0.0,0.0,4.0,2.5,0.0
Student_1090,4.0,2.5,3.5,3.5,2.0,4.0,2.5,0.0,3.5,1.5,3.5,3.0,4.0,3.0,3.5,2.5,3.0,2.5,3.0,3.0,0.0,0.0,0.0,0.0,2.5,2.0,3.5,3.0,3.5,3.0,3.0,3.0,3.0,0.0,0.0,0.0,4.0,0.0,0.0,0.0,0.0,0.0,0.0,0.0,0.0,0.0,3.5,0.0,0.0,0.0,0.0,2.0,3.0,0.0,0.0,3.5,0.0,2.5,2.5,3.5,4.0,3.0,3.5,2.5,4.0,0.0,0.0,4.0,0.0,2.0,0.0,3.5,2.5,3.0,3.0,0.0,0.0,4.0,0.0,0.0,0.0,0.0,0.0,0.0,0.0,0.0,0.0,0.0,0.0,0.0,0.0,0.0,3.5,3.5,0.0
Student_1091,4.0,4.0,4.0,3.0,4.0,3.0,4.0,3.0,2.0,3.5,3.5,3.5,3.5,4.0,4.0,3.5,3.0,3.0,3.5,3.0,3.0,0.0,0.0,0.0,4.0,3.0,0.0,3.0,2.5,3.5,0.0,3.5,3.0,0.0,0.0,0.0,0.0,0.0,0.0,0.0,0.0,0.0,0.0,0.0,3.0,3.5,0.0,0.0,2.0,0.0,3.0,0.0,0.0,0.0,0.0,4.0,0.0,1.5,4.0,3.5,3.5,3.0,4.0,3.5,4.0,0.0,0.0,4.0,0.0,0.0,3.5,3.0,3.0,4.0,3.5,0.0,3.5,0.0,0.0,0.0,0.0,0.0,0.0,0.0,0.0,0.0,0.0,0.0,0.0,0.0,0.0,0.0,2.5,0.0,0.0
Student_1092,0.0,0.0,2.0,4.0,2.5,3.0,1.5,3.0,1.25,1.25,2.0,1.5,1.5,1.5,2.0,1.0,2.0,1.25,1.25,1.25,0.0,0.0,0.0,0.0,3.25,2.0,1.5,3.5,1.75,3.25,0.0,2.5,0.0,0.0,0.0,0.0,0.0,0.0,0.0,0.0,1.5,0.0,0.0,0.0,1.25,3.5,0.0,3.5,0.0,0.0,0.0,0.0,1.0,2.5,0.0,3.5,0.0,1.0,1.0,3.5,2.5,0.0,0.0,0.0,0.0,0.0,0.0,3.0,0.0,0.0,0.0,0.0,0.0,3.0,1.0,0.0,3.0,0.0,0.0,0.0,0.0,0.0,0.0,0.0,0.0,0.0,0.0,0.0,0.0,0.0,0.0,0.0,0.0,0.0,0.0
Student_1093,3.5,4.0,3.5,3.5,1.0,4.0,2.5,3.5,2.0,2.5,3.5,2.0,2.0,3.5,2.0,2.5,3.5,2.5,3.0,2.0,0.0,0.0,0.0,0.0,3.0,3.0,0.0,4.0,2.5,2.5,0.0,0.0,0.0,0.0,0.0,0.0,0.0,3.5,0.0,0.0,3.5,0.0,0.0,0.0,2.0,2.5,2.0,0.0,0.0,0.0,1.5,4.0,0.0,0.0,0.0,3.0,0.0,1.5,1.5,3.0,3.0,3.0,4.0,3.0,4.0,0.0,0.0,3.0,0.0,0.0,4.0,3.5,3.0,4.0,3.0,0.0,0.0,0.0,0.0,0.0,0.0,0.0,3.5,0.0,0.0,0.0,0.0,0.0,0.0,0.0,0.0,0.0,4.0,4.0,0.0
Student_1094,3.5,3.5,3.5,2.0,2.5,4.0,1.0,2.0,2.5,3.0,1.5,1.0,2.0,2.5,3.0,2.0,2.5,1.5,2.0,1.0,2.5,0.0,0.0,0.0,4.0,2.0,0.0,4.0,1.0,0.0,0.0,2.0,1.5,0.0,0.0,0.0,2.0,0.0,0.0,0.0,0.0,0.0,0.0,0.0,0.0,2.5,0.0,0.0,4.0,1.0,0.0,0.0,0.0,0.0,4.0,4.0,4.0,2.0,1.0,3.5,3.5,1.0,4.0,2.5,3.5,0.0,3.5,3.5,0.0,0.0,0.0,2.5,2.0,4.0,3.0,0.0,0.0,0.0,0.0,0.0,0.0,0.0,0.0,0.0,0.0,0.0,2.5,0.0,0.0,0.0,0.0,0.0,4.0,4.0,0.0
Student_1095,4.0,4.0,3.5,3.0,4.0,4.0,2.5,3.5,2.5,2.5,2.5,3.0,4.0,2.0,2.5,1.5,3.5,2.0,3.0,2.5,0.0,0.0,0.0,0.0,3.5,2.0,4.0,3.5,2.5,3.5,0.0,2.5,0.0,0.0,0.0,0.0,4.0,0.0,0.0,0.0,3.0,0.0,0.0,0.0,0.0,0.0,0.0,0.0,3.5,0.0,0.0,0.0,0.0,1.5,4.0,4.0,4.0,1.5,2.0,4.0,4.0,3.5,3.5,2.5,4.0,0.0,0.0,4.0,0.0,0.0,0.0,3.0,3.0,3.5,2.0,0.0,0.0,0.0,0.0,0.0,0.0,0.0,0.0,0.0,0.0,0.0,0.0,0.0,0.0,0.0,4.0,0.0,4.0,3.5,0.0
Student_1096,0.0,3.0,3.5,2.0,2.0,2.0,2.5,4.0,2.0,3.5,3.0,1.0,2.5,4.0,2.0,1.0,2.0,1.5,3.0,3.5,2.5,0.0,0.0,0.0,2.5,2.0,0.0,1.5,2.0,4.0,0.0,3.0,3.0,0.0,0.0,4.0,0.0,0.0,0.0,0.0,3.0,0.0,0.0,0.0,0.0,3.0,0.0,0.0,2.0,1.5,0.0,0.0,0.0,0.0,0.0,4.0,0.0,3.0,1.5,2.5,2.5,3.5,4.0,3.5,4.0,0.0,0.0,3.5,0.0,0.0,0.0,1.5,1.0,2.5,2.0,0.0,3.5,0.0,0.0,0.0,0.0,0.0,0.0,0.0,0.0,0.0,0.0,0.0,0.0,0.0,0.0,0.0,0.0,3.5,0.0
Student_1097,0.0,0.0,4.0,4.0,4.0,3.5,4.0,4.0,2.75,3.5,4.0,4.0,4.0,3.5,3.5,3.5,4.0,3.25,3.75,3.75,0.0,3.0,0.0,0.0,3.25,2.75,3.75,3.25,3.5,0.0,0.0,2.5,0.0,0.0,0.0,0.0,0.0,0.0,0.0,0.0,0.0,3.75,0.0,0.0,0.0,4.0,0.0,4.0,0.0,0.0,3.5,0.0,0.0,0.0,4.0,4.0,0.0,3.0,3.5,4.0,3.5,4.0,4.0,4.0,3.5,4.0,4.0,4.0,0.0,0.0,0.0,4.0,4.0,3.5,4.0,0.0,0.0,0.0,4.0,0.0,0.0,0.0,0.0,0.0,0.0,0.0,0.0,0.0,0.0,0.0,0.0,0.0,0.0,0.0,0.0
Student_1098,3.5,3.5,4.0,4.0,1.0,4.0,2.5,3.5,3.5,3.0,2.0,2.5,3.5,4.0,3.0,3.0,3.5,3.5,4.0,4.0,0.0,0.0,0.0,0.0,4.0,1.5,2.5,4.0,2.5,3.5,0.0,3.5,0.0,0.0,0.0,0.0,2.0,0.0,0.0,0.0,0.0,0.0,0.0,0.0,0.0,0.0,0.0,0.0,4.0,0.0,0.0,0.0,0.0,2.0,4.0,4.0,4.0,3.0,2.5,3.5,4.0,2.5,4.0,3.5,4.0,0.0,4.0,4.0,0.0,0.0,2.0,3.5,2.0,4.0,2.5,0.0,0.0,0.0,0.0,3.0,0.0,0.0,0.0,0.0,0.0,0.0,0.0,0.0,0.0,0.0,0.0,0.0,3.5,3.0,0.0
Student_1099,3.5,4.0,3.5,4.0,3.5,3.5,3.5,4.0,2.5,3.5,2.5,3.5,4.0,4.0,3.5,2.5,3.5,2.0,2.5,2.5,3.0,0.0,0.0,0.0,3.5,3.0,2.5,3.5,3.0,0.0,0.0,3.5,2.5,0.0,0.0,0.0,0.0,0.0,0.0,0.0,0.0,0.0,0.0,0.0,0.0,4.0,3.5,0.0,0.0,0.0,0.0,0.0,0.0,3.5,4.0,4.0,0.0,4.0,4.0,4.0,4.0,3.5,4.0,3.0,4.0,0.0,3.5,3.5,0.0,0.0,0.0,3.5,1.5,4.0,3.0,0.0,0.0,0.0,0.0,0.0,0.0,0.0,0.0,0.0,0.0,0.0,3.5,0.0,0.0,0.0,0.0,0.0,4.0,0.0,0.0
Student_11,3.5,3.5,1.0,4.0,2.0,3.5,1.5,3.5,3.5,4.0,1.5,4.0,4.0,3.0,3.0,2.0,3.0,3.5,2.5,1.5,0.0,0.0,0.0,0.0,3.0,3.25,0.0,3.0,2.75,0.0,0.0,0.0,0.0,0.0,4.0,0.0,0.0,0.0,0.0,0.0,1.0,0.0,0.0,0.0,2.5,4.0,0.0,4.0,4.0,0.0,0.0,0.0,0.0,0.0,4.0,3.75,0.0,4.0,3.0,4.0,3.0,2.5,3.5,2.5,4.0,0.0,4.0,4.0,0.0,0.0,2.5,3.5,2.5,1.0,2.0,4.0,0.0,0.0,0.0,0.0,0.0,0.0,0.0,0.0,0.0,0.0,0.0,0.0,0.0,0.0,0.0,0.0,3.5,4.0,0.0
Student_110,0.0,4.0,2.5,0.0,0.0,3.0,2.0,0.0,3.0,1.5,0.0,1.0,3.5,0.0,2.0,3.0,2.5,2.5,1.5,1.0,0.0,0.0,0.0,0.0,2.5,3.0,2.0,4.0,2.0,2.0,0.0,2.5,1.5,0.0,0.0,0.0,2.5,0.0,0.0,0.0,0.0,0.0,0.0,0.0,2.5,0.0,2.0,2.5,1.5,0.0,0.0,0.0,0.0,0.0,0.0,3.0,0.0,0.0,0.0,3.0,2.5,0.0,0.0,0.0,0.0,0.0,0.0,4.0,0.0,0.0,2.0,0.0,0.0,0.0,0.0,0.0,0.0,0.0,0.0,0.0,0.0,0.0,0.0,0.0,0.0,0.0,0.0,0.0,0.0,0.0,0.0,0.0,0.0,4.0,0.0
Student_1100,3.5,3.5,2.5,2.0,3.0,3.0,2.5,4.0,1.0,2.0,2.5,3.0,3.0,1.5,2.5,2.5,1.5,1.0,1.0,2.0,0.0,0.0,0.0,0.0,3.0,2.0,2.0,4.0,1.5,0.0,0.0,0.0,1.0,0.0,0.0,0.0,4.0,3.0,0.0,0.0,0.0,0.0,0.0,0.0,0.0,3.0,0.0,0.0,2.5,0.0,0.0,0.0,0.0,3.0,3.5,4.0,0.0,3.0,1.5,2.5,3.0,3.5,4.0,3.0,4.0,0.0,2.5,4.0,0.0,0.0,0.0,4.0,3.0,3.0,3.0,0.0,3.0,0.0,0.0,0.0,0.0,0.0,0.0,0.0,0.0,0.0,0.0,0.0,0.0,0.0,0.0,0.0,4.0,4.0,0.0
Student_1101,4.0,4.0,3.5,3.0,2.5,4.0,4.0,3.0,3.0,3.0,3.5,2.5,2.5,3.0,3.5,2.5,2.0,4.0,4.0,3.5,3.5,0.0,0.0,0.0,3.5,4.0,0.0,3.5,4.0,4.0,0.0,0.0,0.0,0.0,2.0,4.0,0.0,0.0,0.0,0.0,4.0,0.0,0.0,0.0,3.0,4.0,4.0,0.0,0.0,3.5,0.0,0.0,0.0,0.0,0.0,4.0,0.0,3.5,2.5,3.5,3.0,3.0,4.0,3.5,4.0,0.0,0.0,4.0,0.0,0.0,0.0,4.0,3.0,4.0,3.0,0.0,0.0,0.0,0.0,0.0,0.0,4.0,0.0,0.0,0.0,0.0,0.0,0.0,0.0,0.0,0.0,0.0,4.0,4.0,0.0
Student_1102,0.0,0.0,3.5,0.0,0.0,0.0,1.0,0.0,3.5,2.0,0.0,3.0,3.5,2.5,3.0,1.0,2.0,1.5,2.5,1.5,0.0,0.0,0.0,0.0,2.5,3.0,0.0,3.0,2.5,2.5,0.0,1.0,1.0,0.0,0.0,0.0,3.0,3.0,0.0,0.0,0.0,1.5,0.0,0.0,0.0,0.0,0.0,1.5,0.0,0.0,0.0,0.0,0.0,0.0,0.0,4.0,0.0,2.0,2.0,4.0,2.5,0.0,0.0,0.0,0.0,0.0,0.0,3.0,0.0,1.5,1.0,0.0,0.0,0.0,0.0,0.0,0.0,3.5,0.0,0.0,0.0,0.0,0.0,0.0,0.0,0.0,0.0,0.0,0.0,0.0,0.0,0.0,0.0,0.0,0.0
Student_1103,3.5,4.0,4.0,4.0,3.0,3.5,3.5,4.0,1.5,1.0,3.0,3.0,1.0,3.5,2.5,0.0,3.5,1.25,2.0,2.0,1.5,0.0,0.0,0.0,3.5,1.75,1.75,3.75,3.0,0.0,0.0,0.0,0.0,0.0,0.0,0.0,0.0,0.0,0.0,0.0,0.0,0.0,0.0,0.0,0.0,2.0,0.0,1.5,0.0,0.0,2.25,0.0,0.0,0.0,4.0,3.5,0.0,2.5,1.0,3.0,3.5,3.0,4.0,3.5,4.0,0.0,4.0,4.0,0.0,0.0,0.0,3.0,3.5,4.0,3.0,0.0,0.0,0.0,3.75,0.0,0.0,0.0,0.0,0.0,0.0,0.0,0.0,0.0,0.0,0.0,0.0,0.0,4.0,4.0,0.0
Student_1104,2.5,1.5,2.0,2.0,2.5,2.5,1.5,0.0,1.0,3.5,3.5,2.0,2.5,2.0,2.0,4.0,2.5,2.5,1.5,2.5,0.0,0.0,0.0,0.0,3.0,1.5,2.0,1.0,3.0,3.5,0.0,3.0,2.5,0.0,0.0,0.0,2.5,0.0,0.0,2.5,2.0,0.0,0.0,0.0,0.0,0.0,0.0,0.0,0.0,0.0,2.5,0.0,2.0,0.0,0.0,3.5,0.0,1.5,1.5,2.0,3.0,1.5,3.0,1.5,3.5,0.0,0.0,4.0,0.0,0.0,0.0,1.5,2.0,2.0,1.5,0.0,0.0,0.0,3.5,0.0,0.0,0.0,0.0,0.0,0.0,0.0,0.0,0.0,0.0,0.0,0.0,0.0,2.0,2.0,0.0
Student_1105,4.0,3.5,4.0,1.5,2.5,4.0,3.0,0.0,1.0,2.5,3.0,2.5,3.5,3.0,3.0,2.5,1.0,1.5,3.5,4.0,0.0,0.0,0.0,0.0,2.0,1.0,0.0,4.0,2.0,1.5,0.0,2.0,0.0,0.0,0.0,0.0,3.0,3.0,0.0,0.0,0.0,0.0,0.0,0.0,0.0,3.0,1.5,2.5,0.0,3.0,0.0,0.0,0.0,0.0,0.0,3.0,0.0,3.5,4.0,4.0,4.0,4.0,4.0,4.0,4.0,0.0,0.0,4.0,0.0,0.0,3.0,3.5,3.5,4.0,3.0,0.0,0.0,0.0,0.0,0.0,4.0,0.0,0.0,0.0,0.0,0.0,0.0,0.0,0.0,0.0,0.0,0.0,3.5,4.0,0.0
Student_1106,4.0,4.0,2.0,4.0,1.0,3.5,2.5,2.5,3.0,3.0,2.5,1.5,4.0,3.0,2.0,2.5,2.0,1.0,1.5,2.0,0.0,0.0,0.0,0.0,4.0,3.0,1.5,4.0,2.5,0.0,0.0,0.0,0.0,0.0,0.0,0.0,0.0,0.0,0.0,0.0,3.5,0.0,0.0,0.0,1.0,0.0,0.0,0.0,4.0,2.5,1.0,0.0,0.0,0.0,4.0,4.0,4.0,2.5,2.0,4.0,3.0,2.5,4.0,1.0,4.0,0.0,4.0,4.0,0.0,0.0,2.0,2.0,1.5,4.0,2.0,0.0,0.0,0.0,0.0,0.0,0.0,0.0,0.0,4.0,0.0,0.0,0.0,0.0,0.0,0.0,0.0,0.0,3.5,4.0,0.0
Student_1107,4.0,3.5,3.5,2.0,3.0,3.0,2.5,3.0,3.5,2.5,1.5,2.0,3.0,2.5,2.0,2.0,2.5,1.0,2.0,1.0,0.0,0.0,0.0,0.0,2.5,1.5,0.0,4.0,2.5,1.5,0.0,2.0,0.0,3.5,2.5,0.0,0.0,1.5,0.0,0.0,3.5,0.0,0.0,0.0,0.0,1.5,0.0,0.0,0.0,0.0,0.0,0.0,2.5,0.0,0.0,4.0,0.0,1.5,3.0,3.5,4.0,2.5,4.0,2.5,4.0,0.0,0.0,4.0,0.0,2.0,0.0,3.0,3.5,3.5,2.5,0.0,0.0,0.0,0.0,0.0,0.0,0.0,0.0,0.0,0.0,0.0,0.0,4.0,0.0,0.0,0.0,0.0,4.0,3.5,0.0
Student_1108,3.0,0.0,2.0,4.0,1.5,2.0,1.0,3.0,1.5,1.0,2.0,1.5,1.5,2.0,1.5,2.5,3.0,1.0,2.0,2.0,2.0,0.0,0.0,0.0,3.25,1.0,2.5,2.75,1.5,0.0,0.0,0.0,0.0,0.0,0.0,3.5,0.0,0.0,0.0,0.0,0.0,0.0,0.0,0.0,0.0,0.0,0.0,2.0,1.75,2.0,0.0,0.0,0.0,0.0,3.0,3.5,0.0,1.0,1.5,1.0,2.0,1.5,4.0,1.0,3.5,0.0,1.0,3.5,0.0,0.0,1.5,3.0,2.5,2.0,1.0,0.0,0.0,0.0,0.0,0.0,0.0,0.0,0.0,0.0,0.0,0.0,0.0,0.0,0.0,0.0,0.0,0.0,4.0,2.5,0.0
Student_1109,0.0,0.0,0.0,0.0,0.0,0.0,0.0,0.0,0.0,0.0,0.0,0.0,2.0,0.0,2.5,0.0,0.0,1.0,3.0,1.5,0.0,0.0,0.0,0.0,0.0,1.5,0.0,3.0,2.0,2.0,0.0,2.0,0.0,0.0,3.0,0.0,0.0,0.0,0.0,2.0,0.0,0.0,0.0,0.0,1.0,0.0,0.0,0.0,0.0,0.0,0.0,0.0,2.0,0.0,0.0,3.5,0.0,0.0,0.0,0.0,0.0,0.0,0.0,0.0,0.0,0.0,0.0,0.0,0.0,0.0,0.0,0.0,0.0,0.0,0.0,0.0,0.0,0.0,0.0,0.0,0.0,4.0,0.0,0.0,0.0,0.0,0.0,0.0,0.0,0.0,0.0,0.0,0.0,3.5,0.0
Student_111,2.5,3.5,3.0,1.0,1.5,3.5,3.0,0.0,1.5,2.5,3.5,2.5,4.0,2.0,2.5,3.0,2.5,1.5,3.5,3.0,0.0,0.0,0.0,0.0,2.5,2.0,2.0,3.0,2.5,3.0,0.0,0.0,0.0,4.0,3.5,0.0,0.0,0.0,0.0,0.0,3.5,0.0,0.0,0.0,2.5,3.0,0.0,3.5,0.0,0.0,0.0,3.5,0.0,0.0,0.0,3.5,0.0,2.0,2.0,3.5,2.0,3.5,4.0,2.5,4.0,0.0,0.0,3.0,0.0,0.0,0.0,3.0,2.0,3.0,3.0,0.0,0.0,0.0,0.0,0.0,0.0,0.0,0.0,0.0,0.0,0.0,0.0,0.0,0.0,0.0,0.0,3.5,3.0,3.5,0.0
Student_1110,2.5,3.0,0.0,0.0,0.0,0.0,0.0,0.0,0.0,0.0,0.0,0.0,0.0,0.0,0.0,0.0,0.0,0.0,0.0,0.0,0.0,0.0,0.0,0.0,0.0,0.0,0.0,0.0,0.0,0.0,0.0,0.0,0.0,0.0,0.0,0.0,0.0,0.0,0.0,0.0,0.0,0.0,0.0,0.0,0.0,0.0,0.0,0.0,0.0,0.0,0.0,0.0,0.0,0.0,0.0,0.0,0.0,0.0,0.0,0.0,0.0,0.0,0.0,0.0,0.0,0.0,0.0,0.0,0.0,0.0,0.0,2.5,2.0,0.0,0.0,0.0,0.0,0.0,0.0,0.0,0.0,0.0,0.0,0.0,0.0,0.0,0.0,0.0,0.0,0.0,0.0,0.0,2.5,2.5,0.0
Student_1111,3.0,3.5,3.0,2.0,2.5,3.5,3.0,4.0,3.5,3.0,2.5,2.0,3.5,2.0,3.0,2.5,3.5,2.5,4.0,3.5,0.0,0.0,0.0,0.0,4.0,3.5,0.0,4.0,3.5,0.0,0.0,0.0,0.0,0.0,4.0,0.0,0.0,0.0,0.0,0.0,2.5,0.0,0.0,0.0,2.5,3.5,3.5,2.5,0.0,0.0,0.0,0.0,0.0,0.0,4.0,3.0,4.0,1.0,3.0,3.0,2.5,4.0,4.0,3.0,4.0,0.0,3.0,3.0,0.0,1.0,0.0,4.0,3.5,2.5,2.5,0.0,0.0,0.0,3.5,0.0,0.0,0.0,0.0,0.0,0.0,0.0,0.0,0.0,0.0,0.0,0.0,0.0,4.0,4.0,0.0
Student_1112,2.5,3.0,4.0,4.0,3.0,2.5,3.0,3.5,4.0,4.0,3.5,3.0,4.0,4.0,2.5,3.5,3.0,3.5,4.0,4.0,0.0,0.0,0.0,0.0,4.0,3.0,0.0,4.0,2.5,0.0,0.0,4.0,0.0,0.0,4.0,0.0,0.0,0.0,0.0,0.0,3.5,0.0,0.0,0.0,0.0,3.5,0.0,3.5,4.0,0.0,0.0,0.0,0.0,0.0,4.0,4.0,4.0,3.5,3.5,4.0,4.0,3.5,4.0,4.0,4.0,0.0,0.0,4.0,0.0,2.0,0.0,3.0,4.0,2.5,2.5,0.0,0.0,0.0,0.0,0.0,0.0,0.0,0.0,0.0,0.0,0.0,0.0,4.0,0.0,0.0,0.0,0.0,2.5,2.5,0.0
Student_1113,3.5,2.0,0.0,0.0,0.0,0.0,0.0,0.0,1.5,0.0,0.0,0.0,0.0,0.0,0.0,0.0,0.0,0.0,0.0,0.0,0.0,0.0,0.0,0.0,0.0,0.0,0.0,0.0,0.0,0.0,0.0,0.0,0.0,0.0,0.0,0.0,0.0,0.0,0.0,0.0,0.0,0.0,0.0,0.0,0.0,0.0,0.0,0.0,0.0,0.0,0.0,0.0,0.0,0.0,0.0,0.0,0.0,0.0,0.0,0.0,0.0,0.0,0.0,0.0,0.0,0.0,0.0,0.0,0.0,0.0,0.0,2.5,1.0,0.0,2.0,0.0,0.0,0.0,0.0,0.0,0.0,0.0,0.0,0.0,0.0,0.0,0.0,0.0,0.0,0.0,0.0,0.0,1.0,2.5,0.0
Student_1114,4.0,4.0,4.0,4.0,4.0,4.0,4.0,4.0,4.0,4.0,4.0,4.0,4.0,4.0,4.0,4.0,3.5,3.0,4.0,4.0,3.0,0.0,0.0,0.0,4.0,4.0,3.5,3.5,3.75,0.0,0.0,0.0,3.75,0.0,0.0,0.0,4.0,0.0,0.0,0.0,0.0,0.0,0.0,0.0,0.0,3.5,0.0,4.0,3.0,0.0,3.5,0.0,0.0,0.0,4.0,4.0,0.0,4.0,4.0,4.0,4.0,4.0,4.0,4.0,4.0,0.0,4.0,4.0,0.0,0.0,0.0,4.0,4.0,4.0,3.0,0.0,0.0,0.0,4.0,0.0,0.0,0.0,0.0,0.0,0.0,0.0,0.0,0.0,0.0,0.0,0.0,0.0,3.5,4.0,0.0
Student_1115,4.0,0.0,3.0,2.0,4.0,4.0,3.0,3.0,2.5,3.5,3.0,3.0,3.5,2.5,4.0,1.0,3.5,2.0,3.0,2.5,2.5,0.0,0.0,0.0,4.0,2.25,3.5,3.75,0.0,0.0,0.0,2.5,0.0,0.0,0.0,3.25,0.0,0.0,0.0,0.0,0.0,0.0,0.0,0.0,0.0,0.0,0.0,1.5,3.5,0.0,0.0,0.0,0.0,0.0,4.0,3.5,0.0,2.5,1.5,3.0,3.5,3.5,4.0,3.0,4.0,0.0,4.0,4.0,0.0,0.0,0.0,3.5,4.0,3.5,3.5,0.0,0.0,0.0,0.0,0.0,0.0,0.0,0.0,0.0,0.0,0.0,0.0,0.0,0.0,0.0,0.0,0.0,4.0,0.0,0.0
Student_1116,3.5,4.0,3.5,3.5,4.0,4.0,4.0,0.0,3.0,4.0,4.0,4.0,4.0,4.0,3.0,3.5,4.0,3.5,3.0,3.5,0.0,0.0,0.0,0.0,3.5,4.0,3.5,4.0,3.0,4.0,0.0,4.0,0.0,0.0,4.0,0.0,3.0,0.0,0.0,0.0,3.0,0.0,0.0,0.0,3.5,0.0,0.0,0.0,0.0,0.0,4.0,4.0,0.0,0.0,0.0,4.0,0.0,4.0,4.0,3.5,4.0,4.0,4.0,4.0,4.0,0.0,0.0,4.0,0.0,0.0,0.0,4.0,4.0,4.0,3.5,0.0,0.0,0.0,0.0,0.0,0.0,0.0,0.0,0.0,0.0,0.0,0.0,0.0,0.0,0.0,0.0,4.0,4.0,4.0,0.0
Student_1117,4.0,4.0,4.0,2.5,3.5,4.0,4.0,4.0,4.0,4.0,3.5,4.0,4.0,4.0,3.0,4.0,4.0,3.5,4.0,4.0,4.0,0.0,0.0,0.0,4.0,4.0,4.0,3.5,4.0,0.0,0.0,0.0,3.75,0.0,0.0,0.0,0.0,0.0,0.0,0.0,0.0,0.0,0.0,0.0,3.75,4.0,0.0,4.0,0.0,0.0,0.0,0.0,0.0,4.0,4.0,4.0,0.0,3.5,4.0,4.0,3.0,4.0,4.0,3.0,4.0,0.0,4.0,4.0,0.0,0.0,0.0,4.0,4.0,4.0,3.0,0.0,0.0,0.0,0.0,0.0,0.0,0.0,0.0,0.0,0.0,0.0,0.0,0.0,0.0,0.0,3.5,0.0,4.0,3.5,0.0
Student_1118,3.0,3.5,0.0,0.0,0.0,0.0,0.0,0.0,3.5,0.0,0.0,0.0,0.0,0.0,0.0,0.0,0.0,0.0,0.0,0.0,0.0,0.0,0.0,0.0,0.0,0.0,0.0,0.0,0.0,0.0,0.0,0.0,0.0,0.0,0.0,0.0,0.0,0.0,0.0,0.0,0.0,0.0,0.0,0.0,0.0,0.0,0.0,0.0,0.0,0.0,0.0,0.0,0.0,0.0,0.0,0.0,0.0,0.0,0.0,0.0,0.0,0.0,0.0,3.5,0.0,0.0,0.0,0.0,0.0,0.0,0.0,3.0,2.0,0.0,0.0,0.0,0.0,0.0,0.0,0.0,0.0,0.0,0.0,0.0,0.0,0.0,0.0,0.0,0.0,0.0,0.0,0.0,3.0,3.0,0.0
Student_1119,3.5,4.0,3.0,2.5,2.5,4.0,1.0,3.0,3.5,4.0,2.0,2.0,3.5,2.0,2.0,3.0,3.5,2.0,2.5,3.5,2.5,0.0,0.0,0.0,4.0,2.5,3.0,4.0,3.5,3.0,0.0,2.0,0.0,0.0,0.0,0.0,0.0,0.0,0.0,0.0,3.0,0.0,0.0,0.0,0.0,0.0,1.5,0.0,4.0,0.0,0.0,0.0,0.0,0.0,4.0,4.0,4.0,2.5,1.5,4.0,3.0,3.5,4.0,3.5,4.0,0.0,2.5,3.5,0.0,0.0,0.0,3.5,1.5,3.0,2.0,0.0,0.0,0.0,4.0,0.0,0.0,0.0,0.0,0.0,0.0,0.0,0.0,0.0,0.0,0.0,0.0,0.0,4.0,3.5,0.0
Student_112,0.0,4.0,4.0,2.5,4.0,4.0,3.0,4.0,2.0,2.5,3.0,2.0,3.5,2.5,3.0,2.5,2.0,2.25,2.5,2.75,0.0,0.0,0.0,2.5,3.5,3.0,4.0,3.75,2.75,0.0,0.0,0.0,0.0,0.0,0.0,0.0,0.0,0.0,0.0,0.0,0.0,0.0,0.0,0.0,0.0,2.5,0.0,2.0,0.0,0.0,2.25,3.75,0.0,0.0,4.0,4.0,0.0,3.0,1.5,4.0,3.0,2.5,4.0,4.0,4.0,0.0,4.0,4.0,0.0,0.0,0.0,3.5,3.5,3.0,2.5,0.0,0.0,0.0,0.0,0.0,0.0,0.0,0.0,0.0,0.0,0.0,0.0,0.0,0.0,0.0,0.0,0.0,4.0,0.0,2.25
Student_1120,0.0,0.0,3.0,3.0,1.5,4.0,2.0,3.25,2.0,2.75,2.0,2.5,3.5,2.0,2.0,2.0,2.5,2.25,2.0,1.25,2.75,0.0,0.0,0.0,3.75,1.5,3.0,3.5,2.25,0.0,0.0,2.25,0.0,0.0,0.0,4.0,3.5,0.0,0.0,0.0,0.0,0.0,2.75,0.0,0.0,0.0,0.0,0.0,0.0,0.0,0.0,0.0,0.0,3.0,4.0,3.75,0.0,2.5,1.5,4.0,2.5,1.5,4.0,2.5,4.0,0.0,4.0,3.5,0.0,0.0,0.0,2.0,2.0,2.0,1.5,0.0,0.0,0.0,4.0,0.0,0.0,0.0,0.0,0.0,0.0,0.0,0.0,0.0,0.0,0.0,0.0,0.0,0.0,0.0,0.0
Student_1121,4.0,3.5,3.5,1.0,3.0,3.0,3.0,3.0,2.0,1.5,4.0,2.5,2.5,2.5,3.5,2.0,1.5,1.0,2.0,1.5,0.0,0.0,0.0,0.0,2.5,2.0,0.0,3.5,1.0,0.0,0.0,0.0,0.0,0.0,0.0,0.0,0.0,0.0,0.0,0.0,2.0,0.0,0.0,0.0,0.0,3.0,0.0,2.5,0.0,1.0,1.0,0.0,0.0,3.0,3.5,3.0,0.0,3.5,2.5,4.0,3.5,3.0,4.0,3.0,4.0,0.0,4.0,4.0,0.0,1.0,0.0,2.5,3.5,2.5,3.0,0.0,0.0,0.0,0.0,0.0,0.0,0.0,0.0,0.0,0.0,0.0,0.0,0.0,0.0,0.0,0.0,0.0,0.0,3.0,0.0
Student_1122,3.5,3.5,1.5,1.5,2.5,4.0,2.0,0.0,1.0,2.5,1.5,1.5,2.0,2.0,1.5,2.5,2.0,2.0,2.0,2.0,0.0,0.0,0.0,0.0,2.5,2.0,0.0,3.5,2.5,2.0,0.0,2.0,0.0,0.0,2.5,0.0,1.0,0.0,0.0,0.0,2.0,0.0,1.0,0.0,0.0,0.0,0.0,0.0,2.5,0.0,0.0,0.0,2.0,0.0,0.0,3.5,0.0,2.0,1.0,2.0,1.5,3.5,4.0,3.0,4.0,0.0,0.0,3.5,0.0,0.0,1.0,2.0,2.0,4.0,2.0,0.0,0.0,0.0,0.0,0.0,0.0,0.0,3.5,0.0,0.0,0.0,0.0,0.0,0.0,0.0,0.0,0.0,3.0,4.0,0.0
Student_1123,1.0,2.5,2.0,1.0,3.0,3.5,1.0,0.0,3.5,2.5,3.0,3.5,2.0,2.5,3.0,2.5,2.5,2.0,2.0,3.0,0.0,0.0,0.0,0.0,2.5,3.0,2.5,3.5,1.5,3.0,0.0,0.0,0.0,0.0,4.0,0.0,0.0,0.0,0.0,0.0,3.0,0.0,0.0,0.0,3.0,0.0,0.0,3.5,0.0,4.0,0.0,1.5,0.0,0.0,0.0,4.0,0.0,2.5,1.0,2.0,3.5,4.0,4.0,2.5,4.0,0.0,0.0,3.5,0.0,0.0,2.5,2.0,3.0,3.0,3.0,3.5,0.0,0.0,0.0,0.0,0.0,0.0,0.0,0.0,0.0,0.0,0.0,0.0,0.0,0.0,0.0,0.0,2.0,3.0,0.0
Student_1124,0.0,0.0,0.0,0.0,0.0,0.0,0.0,0.0,0.0,0.0,0.0,0.0,1.5,0.0,2.0,0.0,0.0,2.5,1.5,1.5,0.0,0.0,0.0,0.0,0.0,1.0,0.0,3.5,1.5,2.0,0.0,0.0,0.0,0.0,1.0,0.0,0.0,3.0,0.0,0.0,0.0,0.0,0.0,0.0,1.0,1.0,0.0,0.0,2.0,0.0,0.0,0.0,2.0,0.0,0.0,4.0,0.0,0.0,0.0,0.0,0.0,0.0,0.0,0.0,0.0,0.0,0.0,3.0,0.0,0.0,0.0,0.0,0.0,0.0,0.0,0.0,0.0,0.0,0.0,0.0,0.0,0.0,0.0,0.0,0.0,0.0,0.0,0.0,0.0,0.0,0.0,0.0,0.0,2.5,0.0
Student_1125,3.5,4.0,4.0,2.5,3.5,3.5,4.0,2.5,3.0,3.0,2.5,2.0,4.0,3.0,3.5,2.0,3.5,2.5,3.25,2.5,2.5,0.0,0.0,0.0,4.0,3.0,2.5,3.0,3.0,1.0,0.0,0.0,0.0,0.0,0.0,0.0,0.0,0.0,0.0,0.0,3.0,0.0,0.0,0.0,1.5,3.5,0.0,3.0,0.0,0.0,0.0,0.0,0.0,0.0,4.0,4.0,0.0,2.5,2.5,4.0,3.0,4.0,4.0,4.0,4.0,0.0,4.0,4.0,0.0,0.0,0.0,4.0,4.0,2.0,4.0,0.0,4.0,0.0,0.0,0.0,0.0,0.0,0.0,0.0,0.0,0.0,0.0,0.0,0.0,0.0,0.0,0.0,4.0,4.0,0.0
Student_1126,0.0,1.5,3.5,0.0,0.0,1.0,1.5,0.0,1.0,2.5,0.0,2.5,2.5,0.0,1.5,1.0,2.5,3.0,2.5,3.0,1.0,0.0,0.0,0.0,2.5,2.0,2.5,1.5,2.0,2.0,0.0,3.0,1.5,0.0,0.0,0.0,2.5,0.0,0.0,2.0,0.0,1.0,0.0,0.0,0.0,0.0,0.0,2.0,0.0,0.0,0.0,0.0,0.0,0.0,0.0,4.0,0.0,0.0,0.0,2.5,1.5,0.0,0.0,0.0,0.0,0.0,0.0,0.0,0.0,0.0,0.0,0.0,0.0,0.0,0.0,0.0,0.0,0.0,0.0,0.0,0.0,0.0,0.0,0.0,0.0,0.0,0.0,0.0,0.0,0.0,3.5,0.0,0.0,3.0,0.0
Student_1127,3.5,4.0,3.0,2.0,3.0,3.0,3.0,2.0,2.0,1.5,2.5,1.5,3.5,2.5,3.0,3.5,3.5,2.5,2.0,2.5,2.5,0.0,0.0,0.0,3.5,2.0,0.0,4.0,3.0,0.0,0.0,0.0,2.0,0.0,0.0,0.0,4.0,0.0,0.0,0.0,0.0,0.0,0.0,0.0,0.0,3.5,4.0,3.5,0.0,0.0,0.0,0.0,0.0,4.0,4.0,4.0,0.0,1.5,3.0,4.0,3.5,2.5,4.0,3.0,4.0,0.0,4.0,4.0,0.0,0.0,0.0,2.5,2.5,2.5,2.0,0.0,0.0,0.0,0.0,0.0,0.0,0.0,0.0,4.0,0.0,0.0,0.0,0.0,0.0,0.0,0.0,0.0,4.0,4.0,0.0
Student_1128,2.5,4.0,3.5,2.5,3.0,2.0,2.0,3.5,3.0,2.5,3.5,2.5,4.0,2.0,2.0,3.0,1.5,2.5,3.0,3.0,0.0,0.0,0.0,0.0,2.0,2.5,3.5,4.0,3.0,1.5,0.0,0.0,2.0,0.0,0.0,0.0,0.0,0.0,0.0,0.0,1.5,0.0,0.0,0.0,3.5,0.0,2.0,2.0,3.0,0.0,0.0,0.0,0.0,0.0,0.0,4.0,0.0,1.5,2.0,3.0,3.0,3.5,3.5,4.0,2.5,0.0,0.0,4.0,0.0,2.5,0.0,2.5,3.5,2.5,2.5,0.0,0.0,0.0,0.0,0.0,0.0,0.0,0.0,0.0,0.0,0.0,0.0,0.0,0.0,0.0,3.5,0.0,3.5,3.0,0.0
Student_1129,2.0,3.5,2.5,2.0,1.0,1.5,1.0,0.0,1.5,1.0,2.0,0.0,4.0,3.0,1.5,3.0,2.0,1.0,1.0,2.0,0.0,0.0,3.5,0.0,2.5,1.5,2.0,3.5,1.0,2.5,0.0,2.5,0.0,0.0,0.0,0.0,0.0,0.0,0.0,1.5,2.5,3.0,0.0,0.0,0.0,1.0,0.0,3.0,0.0,0.0,2.5,0.0,0.0,0.0,0.0,3.5,0.0,2.5,2.5,3.0,1.0,0.0,0.0,0.0,0.0,0.0,0.0,3.5,0.0,0.0,0.0,2.0,0.0,1.5,2.0,0.0,0.0,0.0,0.0,0.0,0.0,0.0,0.0,0.0,0.0,0.0,0.0,0.0,0.0,0.0,0.0,0.0,0.0,0.0,0.0
Student_113,3.5,3.0,4.0,1.0,3.0,3.0,2.0,2.5,3.5,4.0,4.0,3.5,4.0,3.0,4.0,3.0,2.0,3.5,4.0,3.0,2.5,0.0,0.0,0.0,2.5,3.5,0.0,3.5,3.0,4.0,0.0,0.0,3.0,0.0,0.0,0.0,0.0,0.0,0.0,0.0,0.0,0.0,0.0,0.0,0.0,2.5,3.0,3.5,3.5,0.0,0.0,3.0,0.0,0.0,0.0,3.5,0.0,1.5,2.5,2.5,4.0,3.0,4.0,3.5,4.0,0.0,0.0,4.0,0.0,0.0,0.0,3.5,2.0,3.0,4.0,0.0,0.0,0.0,0.0,0.0,0.0,0.0,0.0,0.0,0.0,0.0,0.0,0.0,0.0,0.0,0.0,0.0,3.5,3.5,0.0
Student_1130,4.0,4.0,2.5,2.5,2.0,2.5,3.0,0.0,1.0,1.0,3.0,2.5,3.5,2.0,2.5,3.5,1.0,2.0,1.5,2.0,0.0,0.0,0.0,0.0,2.5,1.5,0.0,3.0,2.5,3.0,0.0,0.0,0.0,0.0,0.0,0.0,0.0,0.0,0.0,4.0,2.5,0.0,3.0,0.0,0.0,0.0,3.5,3.0,0.0,0.0,1.5,0.0,0.0,0.0,0.0,3.5,0.0,2.0,1.0,3.0,2.5,4.0,3.5,3.5,4.0,0.0,0.0,4.0,0.0,2.5,2.5,4.0,3.0,4.0,3.5,0.0,3.0,0.0,0.0,0.0,0.0,0.0,0.0,0.0,0.0,0.0,0.0,0.0,0.0,0.0,0.0,0.0,3.5,4.0,0.0
Student_1131,3.0,4.0,3.5,1.5,3.5,4.0,3.5,4.0,3.5,4.0,3.0,2.5,3.0,2.5,3.5,2.0,4.0,2.5,4.0,4.0,0.0,0.0,0.0,0.0,3.0,2.0,2.5,4.0,2.0,0.0,0.0,1.5,0.0,0.0,3.5,0.0,0.0,0.0,0.0,0.0,0.0,0.0,0.0,0.0,0.0,1.0,0.0,0.0,2.5,0.0,0.0,0.0,0.0,0.0,3.5,3.5,4.0,2.0,3.0,4.0,4.0,4.0,4.0,3.5,4.0,0.0,2.5,4.0,0.0,0.0,4.0,3.5,3.5,4.0,3.0,0.0,0.0,0.0,0.0,4.0,0.0,0.0,0.0,0.0,0.0,0.0,0.0,0.0,0.0,0.0,0.0,0.0,3.5,3.5,0.0
Student_1132,4.0,4.0,2.5,1.5,2.5,3.5,4.0,3.5,2.0,1.5,2.5,3.5,4.0,3.5,3.5,2.5,3.0,2.75,3.75,2.75,3.25,0.0,0.0,0.0,4.0,2.5,1.75,3.75,2.75,0.0,0.0,0.0,0.0,0.0,0.0,0.0,3.5,0.0,0.0,0.0,0.0,0.0,2.25,0.0,3.5,0.0,0.0,0.0,0.0,0.0,0.0,2.5,0.0,2.0,4.0,4.0,0.0,3.0,4.0,2.0,4.0,3.5,4.0,4.0,4.0,0.0,4.0,4.0,0.0,0.0,0.0,2.5,4.0,4.0,3.5,0.0,0.0,0.0,4.0,0.0,0.0,0.0,0.0,0.0,0.0,0.0,0.0,0.0,0.0,0.0,0.0,0.0,4.0,4.0,0.0
Student_1133,0.0,4.0,3.0,4.0,1.5,4.0,4.0,4.0,3.5,3.0,4.0,2.5,4.0,4.0,3.5,4.0,3.0,3.5,4.0,4.0,4.0,0.0,0.0,0.0,4.0,4.0,2.5,4.0,4.0,0.0,0.0,0.0,3.5,0.0,0.0,0.0,0.0,0.0,0.0,0.0,0.0,0.0,0.0,0.0,3.5,4.0,0.0,0.0,0.0,0.0,4.0,0.0,0.0,4.0,4.0,3.5,0.0,4.0,4.0,4.0,2.5,4.0,4.0,4.0,4.0,0.0,4.0,4.0,0.0,0.0,0.0,4.0,4.0,4.0,4.0,0.0,0.0,0.0,0.0,0.0,0.0,0.0,0.0,0.0,0.0,0.0,0.0,0.0,0.0,0.0,4.0,0.0,4.0,0.0,0.0
Student_1134,0.0,3.0,3.0,4.0,2.0,3.0,4.0,3.5,2.75,1.5,2.5,3.0,4.0,2.0,3.5,3.5,3.75,2.75,3.75,3.5,2.5,0.0,0.0,0.0,3.75,3.75,0.0,3.75,3.75,0.0,0.0,0.0,4.0,0.0,0.0,0.0,0.0,0.0,0.0,0.0,3.5,2.0,4.0,0.0,0.0,1.0,0.0,0.0,0.0,3.25,0.0,0.0,0.0,0.0,4.0,4.0,0.0,3.0,2.0,3.75,4.0,4.0,4.0,4.0,4.0,0.0,4.0,4.0,0.0,0.0,0.0,4.0,4.0,4.0,3.5,0.0,0.0,0.0,0.0,0.0,0.0,0.0,0.0,0.0,0.0,0.0,0.0,0.0,0.0,0.0,0.0,0.0,0.0,2.5,0.0
Student_1135,0.0,0.0,0.0,0.0,0.0,0.0,3.0,0.0,3.5,2.0,0.0,0.0,0.0,0.0,2.0,2.0,1.0,2.5,3.0,1.0,0.0,0.0,0.0,0.0,4.0,1.5,2.5,0.0,3.0,2.5,0.0,0.0,1.5,0.0,0.0,3.0,3.5,2.5,0.0,0.0,3.5,0.0,0.0,0.0,0.0,0.0,4.0,0.0,0.0,0.0,0.0,2.0,0.0,0.0,0.0,4.0,0.0,1.0,0.0,0.0,0.0,0.0,0.0,0.0,0.0,0.0,0.0,0.0,0.0,0.0,0.0,0.0,0.0,0.0,0.0,0.0,0.0,0.0,0.0,0.0,0.0,0.0,0.0,0.0,0.0,0.0,0.0,4.0,0.0,0.0,3.5,0.0,0.0,0.0,0.0
Student_1136,3.5,4.0,4.0,4.0,4.0,2.5,4.0,4.0,4.0,4.0,4.0,3.5,3.5,4.0,4.0,3.0,4.0,3.5,4.0,0.0,3.0,0.0,0.0,0.0,3.0,4.0,0.0,3.0,0.0,4.0,0.0,0.0,0.0,0.0,0.0,0.0,3.5,0.0,0.0,0.0,0.0,0.0,0.0,0.0,0.0,0.0,0.0,3.5,0.0,0.0,0.0,0.0,0.0,0.0,4.0,4.0,0.0,3.5,3.5,4.0,4.0,4.0,4.0,4.0,3.5,0.0,0.0,4.0,0.0,0.0,0.0,4.0,4.0,3.5,4.0,4.0,0.0,0.0,0.0,0.0,0.0,0.0,0.0,0.0,0.0,0.0,0.0,0.0,0.0,0.0,0.0,0.0,3.5,4.0,0.0
Student_1137,4.0,3.5,4.0,3.5,2.5,3.0,3.0,2.0,2.5,3.0,3.0,2.0,2.5,3.0,2.5,2.5,3.5,2.5,3.5,2.5,2.5,0.0,0.0,0.0,2.5,1.0,0.0,3.5,3.0,3.0,0.0,3.5,2.0,0.0,0.0,4.0,3.5,0.0,0.0,0.0,0.0,0.0,0.0,0.0,0.0,3.0,3.0,0.0,2.0,0.0,0.0,0.0,0.0,0.0,0.0,4.0,0.0,2.5,3.0,2.5,3.0,3.0,3.5,3.0,3.5,0.0,0.0,3.5,0.0,0.0,0.0,3.0,1.5,3.5,2.0,0.0,0.0,0.0,0.0,0.0,0.0,0.0,0.0,0.0,0.0,0.0,0.0,0.0,0.0,0.0,2.5,0.0,3.5,3.5,0.0
Student_1138,4.0,3.0,0.0,0.0,2.5,0.0,4.0,0.0,1.0,2.5,3.0,3.5,2.0,3.0,3.0,4.0,3.0,4.0,3.0,4.0,0.0,0.0,0.0,0.0,3.0,4.0,4.0,0.0,3.5,4.0,0.0,0.0,4.0,0.0,0.0,0.0,0.0,0.0,0.0,4.0,3.5,3.5,0.0,0.0,0.0,0.0,0.0,0.0,0.0,0.0,4.0,2.5,0.0,0.0,0.0,4.0,0.0,0.0,4.0,3.0,4.0,0.0,0.0,0.0,4.0,0.0,0.0,4.0,0.0,3.0,1.0,0.0,0.0,3.0,0.0,0.0,0.0,0.0,4.0,0.0,0.0,0.0,0.0,0.0,0.0,0.0,0.0,0.0,0.0,0.0,0.0,0.0,0.0,0.0,0.0
Student_1139,2.5,3.5,2.5,2.0,1.0,4.0,3.0,0.0,2.5,2.0,2.0,3.0,4.0,2.5,2.5,1.5,2.0,1.0,3.5,2.5,0.0,0.0,0.0,0.0,1.5,4.0,2.5,1.5,1.5,2.0,3.0,3.5,1.5,0.0,0.0,4.0,0.0,0.0,0.0,0.0,4.0,0.0,0.0,0.0,0.0,0.0,0.0,0.0,0.0,0.0,0.0,2.0,0.0,0.0,0.0,3.0,0.0,2.0,3.5,1.5,4.0,3.5,3.5,3.5,3.5,0.0,0.0,3.5,0.0,0.0,3.5,2.5,2.5,4.0,2.5,0.0,0.0,4.0,0.0,0.0,0.0,0.0,0.0,0.0,0.0,0.0,0.0,0.0,0.0,0.0,0.0,0.0,4.0,4.0,0.0
Student_114,0.0,0.0,0.0,0.0,2.5,3.0,0.0,0.0,2.0,2.0,2.5,2.0,3.0,3.5,3.5,3.5,3.5,3.5,4.0,4.0,3.5,0.0,0.0,0.0,3.0,3.5,4.0,4.0,3.0,3.5,0.0,3.5,0.0,4.0,0.0,0.0,0.0,4.0,0.0,0.0,0.0,0.0,0.0,0.0,3.5,4.0,0.0,0.0,0.0,0.0,0.0,0.0,4.0,0.0,0.0,4.0,0.0,2.0,4.0,4.0,0.0,0.0,0.0,0.0,0.0,0.0,0.0,0.0,0.0,0.0,0.0,0.0,0.0,4.0,0.0,0.0,0.0,0.0,0.0,0.0,0.0,0.0,0.0,0.0,0.0,0.0,0.0,0.0,0.0,0.0,0.0,0.0,0.0,0.0,0.0
Student_1140,0.0,0.0,0.0,0.0,1.0,3.5,0.0,0.0,2.0,2.0,2.5,2.0,1.5,2.5,3.5,3.5,2.5,2.5,3.5,0.0,3.5,0.0,0.0,0.0,2.5,3.0,0.0,3.5,3.0,3.0,0.0,2.5,0.0,0.0,3.5,0.0,0.0,0.0,0.0,0.0,3.5,0.0,0.0,0.0,3.5,3.5,4.0,3.0,0.0,0.0,0.0,0.0,0.0,0.0,0.0,4.0,0.0,3.0,0.0,3.0,0.0,0.0,4.0,0.0,0.0,0.0,0.0,4.0,0.0,0.0,0.0,0.0,3.0,0.0,2.5,0.0,0.0,0.0,0.0,0.0,0.0,0.0,3.0,0.0,0.0,0.0,0.0,0.0,0.0,0.0,0.0,0.0,0.0,0.0,0.0
Student_1141,2.0,3.0,3.0,1.5,1.0,3.0,2.5,0.0,2.0,2.5,2.5,1.5,3.0,2.5,2.5,3.0,2.5,2.0,2.5,3.0,2.0,0.0,0.0,0.0,2.0,1.5,3.5,3.5,2.5,3.0,0.0,2.5,3.0,0.0,0.0,0.0,0.0,3.5,0.0,0.0,3.5,0.0,0.0,0.0,0.0,0.0,0.0,0.0,4.0,0.0,2.5,0.0,0.0,0.0,0.0,3.5,0.0,1.5,2.0,3.0,1.5,3.5,4.0,3.0,3.5,0.0,0.0,4.0,0.0,0.0,0.0,2.5,1.5,3.5,2.5,0.0,0.0,0.0,3.0,0.0,0.0,0.0,0.0,0.0,0.0,0.0,0.0,0.0,0.0,0.0,0.0,0.0,2.0,4.0,0.0
Student_1142,2.0,4.0,3.5,3.5,3.0,4.0,2.0,0.0,3.0,2.5,3.5,3.5,4.0,2.5,3.0,2.5,1.5,2.0,1.5,2.5,0.0,0.0,3.5,0.0,2.5,1.0,3.0,3.0,3.0,3.0,0.0,3.5,1.5,0.0,0.0,0.0,3.5,2.5,0.0,0.0,0.0,0.0,0.0,0.0,0.0,0.0,0.0,0.0,0.0,2.5,0.0,2.5,0.0,0.0,0.0,4.0,0.0,2.5,2.5,1.5,4.0,4.0,4.0,4.0,4.0,0.0,0.0,4.0,0.0,1.0,0.0,2.5,3.0,3.5,2.5,0.0,0.0,0.0,0.0,0.0,0.0,0.0,0.0,0.0,0.0,0.0,0.0,0.0,0.0,0.0,0.0,0.0,3.5,3.0,0.0
Student_1143,0.0,4.0,2.0,0.0,0.0,2.5,1.0,0.0,3.5,2.5,0.0,1.5,2.5,0.0,1.5,2.0,1.5,2.5,2.0,2.0,2.0,0.0,0.0,0.0,3.5,1.5,0.0,3.0,1.0,2.5,0.0,2.5,0.0,0.0,0.0,0.0,2.5,0.0,0.0,1.0,0.0,0.0,0.0,0.0,0.0,1.0,0.0,0.0,3.0,1.5,0.0,0.0,0.0,4.0,0.0,3.5,0.0,0.0,0.0,3.5,1.5,0.0,0.0,0.0,0.0,0.0,0.0,0.0,0.0,0.0,0.0,0.0,0.0,0.0,0.0,0.0,0.0,0.0,1.0,0.0,0.0,0.0,0.0,0.0,0.0,0.0,0.0,0.0,0.0,0.0,0.0,0.0,0.0,2.5,0.0
Student_1144,4.0,2.5,3.0,1.5,2.0,1.0,1.0,1.5,2.5,2.0,2.0,2.0,1.5,1.5,2.0,2.5,1.0,1.5,3.0,1.0,0.0,0.0,0.0,0.0,2.0,1.0,0.0,3.5,1.0,1.5,0.0,2.5,0.0,0.0,0.0,0.0,3.5,0.0,0.0,0.0,0.0,0.0,1.5,0.0,2.0,3.0,2.0,0.0,0.0,2.5,0.0,0.0,0.0,0.0,0.0,3.5,0.0,1.0,3.0,3.5,3.0,3.0,4.0,2.5,3.5,0.0,0.0,3.0,0.0,1.5,0.0,2.5,3.0,2.5,2.5,0.0,3.5,0.0,0.0,0.0,0.0,0.0,0.0,0.0,0.0,0.0,0.0,0.0,0.0,0.0,0.0,0.0,4.0,4.0,0.0
Student_1145,4.0,4.0,4.0,1.5,3.0,4.0,2.0,4.0,2.5,1.5,2.0,1.5,4.0,3.0,3.5,2.0,3.0,2.25,2.25,2.0,0.0,0.0,0.0,0.0,3.75,2.25,3.5,3.0,2.5,0.0,0.0,3.0,0.0,0.0,0.0,0.0,0.0,0.0,0.0,0.0,0.0,0.0,0.0,0.0,0.0,3.25,0.0,0.0,3.5,0.0,2.5,0.0,0.0,3.25,4.0,4.0,0.0,3.25,3.0,3.5,3.0,2.0,4.0,4.0,4.0,0.0,4.0,4.0,0.0,2.5,0.0,3.5,4.0,2.0,3.0,0.0,0.0,0.0,0.0,0.0,0.0,0.0,0.0,0.0,0.0,0.0,4.0,0.0,0.0,0.0,0.0,0.0,4.0,4.0,0.0
Student_1146,3.0,3.0,2.0,2.0,1.5,2.5,2.5,0.0,1.0,2.0,3.0,2.0,2.0,2.0,2.5,3.0,1.0,3.0,2.5,2.0,2.5,0.0,0.0,0.0,3.0,3.0,2.0,2.5,1.5,3.0,0.0,3.0,2.5,0.0,2.0,0.0,0.0,0.0,0.0,2.5,0.0,0.0,0.0,0.0,0.0,2.5,0.0,3.0,0.0,0.0,0.0,0.0,0.0,0.0,0.0,3.0,0.0,2.0,2.0,2.5,3.0,3.5,4.0,3.0,4.0,0.0,0.0,4.0,0.0,0.0,0.0,2.5,1.5,3.0,2.0,4.0,0.0,0.0,0.0,0.0,0.0,0.0,0.0,0.0,0.0,0.0,0.0,0.0,0.0,0.0,0.0,0.0,3.5,3.0,0.0
Student_1147,2.5,3.5,3.5,2.5,2.0,2.5,2.5,0.0,2.0,2.0,2.0,3.5,3.0,2.5,2.0,1.0,3.0,2.0,3.5,1.5,0.0,0.0,0.0,0.0,3.0,3.0,4.0,3.5,2.5,1.5,0.0,3.0,1.5,0.0,0.0,0.0,3.5,0.0,0.0,0.0,0.0,0.0,0.0,0.0,2.5,2.5,0.0,0.0,3.0,0.0,3.0,0.0,0.0,0.0,0.0,3.5,0.0,1.0,1.5,4.0,2.0,3.5,3.5,2.0,4.0,0.0,0.0,3.5,0.0,0.0,2.0,3.5,1.0,3.5,3.5,0.0,0.0,0.0,0.0,0.0,0.0,0.0,0.0,0.0,0.0,0.0,0.0,0.0,0.0,0.0,4.0,0.0,4.0,4.0,0.0
Student_1148,2.5,3.0,2.5,2.5,1.5,2.5,1.0,0.0,3.0,2.0,2.5,2.5,3.5,2.0,2.5,3.0,2.0,1.0,1.0,1.5,3.0,0.0,0.0,0.0,1.5,3.0,4.0,2.5,2.0,2.0,0.0,0.0,0.0,0.0,1.5,3.0,0.0,2.0,0.0,2.5,0.0,0.0,0.0,0.0,0.0,0.0,0.0,0.0,0.0,0.0,0.0,1.5,0.0,0.0,0.0,2.5,0.0,2.5,2.0,2.5,3.5,2.5,4.0,3.5,4.0,0.0,0.0,3.5,0.0,0.0,3.0,2.0,2.0,2.5,2.5,0.0,0.0,0.0,0.0,0.0,0.0,4.0,0.0,0.0,0.0,0.0,0.0,0.0,0.0,0.0,0.0,0.0,3.0,3.0,0.0
Student_1149,3.5,3.5,2.5,2.0,2.5,4.0,2.0,0.0,2.5,3.0,3.0,2.0,3.5,3.0,1.5,3.0,2.0,3.0,2.5,3.0,3.5,0.0,0.0,0.0,4.0,3.0,0.0,3.5,3.5,3.0,0.0,0.0,0.0,0.0,0.0,0.0,0.0,0.0,0.0,0.0,0.0,0.0,3.5,0.0,3.5,3.0,3.0,3.0,0.0,0.0,0.0,0.0,0.0,0.0,0.0,4.0,0.0,2.0,3.0,2.5,3.5,3.5,4.0,3.5,4.0,0.0,0.0,3.5,0.0,0.0,3.5,3.0,3.5,3.5,2.5,0.0,0.0,0.0,0.0,0.0,0.0,3.0,0.0,0.0,0.0,0.0,0.0,0.0,0.0,0.0,0.0,0.0,4.0,3.0,0.0
Student_115,1.0,2.0,2.5,3.5,2.5,3.5,2.0,0.0,1.0,3.5,2.5,2.0,3.5,1.5,3.0,2.5,1.5,2.0,1.0,2.0,0.0,0.0,0.0,0.0,2.5,2.5,2.5,3.0,2.5,1.5,0.0,0.0,2.0,0.0,1.5,4.0,0.0,0.0,0.0,0.0,2.0,0.0,0.0,0.0,0.0,0.0,2.0,0.0,0.0,0.0,2.5,0.0,0.0,0.0,0.0,4.0,0.0,2.5,2.0,1.0,2.0,3.5,3.0,2.5,4.0,0.0,0.0,3.0,0.0,0.0,1.0,2.0,2.0,2.0,1.5,0.0,0.0,0.0,0.0,0.0,0.0,0.0,0.0,0.0,0.0,0.0,0.0,0.0,0.0,0.0,0.0,0.0,2.0,3.0,0.0
Student_1150,0.0,0.0,3.5,0.0,0.0,0.0,2.0,0.0,1.5,3.5,3.5,2.5,3.0,0.0,2.5,3.5,3.5,2.0,3.0,3.0,0.0,0.0,0.0,0.0,2.5,3.5,2.5,4.0,2.0,3.5,0.0,2.5,0.0,0.0,4.0,0.0,3.0,0.0,0.0,0.0,2.5,0.0,0.0,0.0,3.5,0.0,0.0,0.0,0.0,0.0,3.5,2.5,0.0,0.0,0.0,4.0,0.0,3.0,3.0,3.5,2.0,0.0,0.0,0.0,0.0,0.0,0.0,4.0,0.0,0.0,0.0,0.0,3.5,3.5,0.0,0.0,0.0,0.0,0.0,0.0,0.0,0.0,0.0,0.0,3.5,0.0,0.0,0.0,0.0,0.0,0.0,0.0,0.0,0.0,0.0
Student_1151,4.0,4.0,0.0,0.0,0.0,0.0,0.0,0.0,0.0,0.0,0.0,0.0,0.0,0.0,0.0,0.0,0.0,0.0,0.0,0.0,0.0,0.0,0.0,0.0,0.0,0.0,0.0,0.0,0.0,0.0,0.0,0.0,0.0,0.0,0.0,0.0,0.0,0.0,0.0,0.0,0.0,0.0,0.0,0.0,0.0,0.0,0.0,0.0,0.0,0.0,0.0,0.0,0.0,0.0,0.0,0.0,0.0,0.0,0.0,0.0,0.0,0.0,0.0,0.0,0.0,0.0,0.0,0.0,0.0,0.0,0.0,4.0,4.0,0.0,0.0,0.0,0.0,0.0,0.0,0.0,0.0,0.0,0.0,0.0,0.0,0.0,0.0,0.0,0.0,0.0,0.0,0.0,3.5,4.0,0.0
Student_1152,3.5,4.0,4.0,4.0,4.0,3.5,4.0,0.0,3.0,2.5,4.0,4.0,3.5,3.5,4.0,4.0,3.5,3.0,4.0,3.5,4.0,0.0,0.0,0.0,2.5,4.0,0.0,4.0,2.5,4.0,0.0,0.0,0.0,0.0,0.0,0.0,0.0,4.0,0.0,0.0,0.0,0.0,0.0,0.0,0.0,4.0,0.0,0.0,0.0,0.0,0.0,0.0,4.0,0.0,0.0,4.0,0.0,4.0,3.0,3.5,4.0,4.0,4.0,4.0,4.0,0.0,0.0,4.0,0.0,3.5,0.0,4.0,3.0,4.0,4.0,0.0,0.0,0.0,0.0,0.0,0.0,0.0,0.0,0.0,0.0,0.0,4.0,0.0,0.0,0.0,0.0,0.0,3.5,4.0,0.0
Student_1153,3.5,4.0,0.0,0.0,0.0,0.0,0.0,0.0,0.0,0.0,0.0,0.0,0.0,0.0,0.0,0.0,0.0,0.0,0.0,0.0,0.0,0.0,0.0,0.0,0.0,0.0,0.0,0.0,0.0,0.0,0.0,0.0,0.0,0.0,0.0,0.0,0.0,0.0,0.0,0.0,0.0,0.0,0.0,0.0,0.0,0.0,0.0,0.0,0.0,0.0,0.0,0.0,0.0,0.0,0.0,0.0,0.0,0.0,0.0,0.0,0.0,0.0,0.0,0.0,0.0,0.0,0.0,0.0,0.0,0.0,0.0,3.0,2.0,0.0,0.0,0.0,0.0,0.0,0.0,0.0,0.0,0.0,0.0,0.0,0.0,0.0,0.0,0.0,0.0,0.0,0.0,0.0,4.0,4.0,0.0
Student_1154,4.0,4.0,4.0,3.0,3.5,4.0,4.0,0.0,2.0,3.5,4.0,2.0,4.0,3.5,2.5,4.0,4.0,3.0,3.5,3.0,0.0,0.0,0.0,0.0,2.0,3.0,3.5,4.0,3.0,3.5,0.0,3.0,4.0,0.0,0.0,0.0,0.0,0.0,0.0,0.0,0.0,0.0,0.0,0.0,4.0,4.0,0.0,0.0,4.0,0.0,0.0,4.0,0.0,0.0,0.0,4.0,0.0,3.0,4.0,4.0,4.0,3.5,4.0,4.0,4.0,0.0,0.0,4.0,0.0,0.0,2.5,4.0,4.0,3.5,4.0,0.0,0.0,0.0,0.0,0.0,0.0,0.0,0.0,0.0,0.0,0.0,4.0,0.0,0.0,0.0,0.0,0.0,4.0,4.0,0.0
Student_1155,4.0,0.0,4.0,4.0,4.0,4.0,4.0,4.0,3.5,3.0,3.5,4.0,3.5,2.5,3.5,3.5,3.5,4.0,4.0,4.0,0.0,0.0,0.0,0.0,4.0,3.5,0.0,4.0,4.0,4.0,0.0,4.0,0.0,0.0,0.0,0.0,0.0,0.0,0.0,0.0,3.0,0.0,0.0,0.0,0.0,4.0,0.0,4.0,0.0,0.0,4.0,0.0,0.0,0.0,4.0,4.0,4.0,4.0,4.0,4.0,3.5,4.0,4.0,4.0,4.0,0.0,4.0,4.0,0.0,2.5,0.0,4.0,4.0,3.5,4.0,0.0,0.0,0.0,0.0,0.0,0.0,0.0,0.0,0.0,0.0,0.0,0.0,3.5,0.0,0.0,0.0,0.0,3.5,4.0,0.0
Student_1156,3.5,4.0,0.0,0.0,0.0,0.0,0.0,0.0,0.0,0.0,0.0,0.0,0.0,0.0,0.0,0.0,0.0,0.0,0.0,0.0,0.0,0.0,0.0,0.0,0.0,0.0,0.0,0.0,0.0,0.0,0.0,0.0,0.0,0.0,0.0,0.0,0.0,0.0,0.0,0.0,0.0,0.0,0.0,0.0,0.0,0.0,0.0,0.0,0.0,0.0,0.0,0.0,0.0,0.0,0.0,0.0,0.0,0.0,0.0,0.0,0.0,0.0,0.0,0.0,0.0,0.0,0.0,0.0,0.0,0.0,0.0,3.5,3.0,0.0,0.0,0.0,0.0,0.0,0.0,0.0,0.0,0.0,0.0,0.0,0.0,0.0,0.0,0.0,0.0,0.0,0.0,0.0,3.0,3.0,0.0
Student_1157,4.0,4.0,4.0,3.5,3.5,3.5,4.0,3.0,3.0,3.0,3.5,3.0,4.0,2.0,2.5,2.5,3.0,2.0,4.0,2.5,3.5,0.0,0.0,0.0,4.0,3.0,0.0,4.0,3.5,0.0,0.0,2.0,0.0,0.0,0.0,0.0,0.0,0.0,0.0,0.0,3.5,0.0,0.0,0.0,0.0,3.5,0.0,0.0,3.0,0.0,3.0,0.0,0.0,4.0,4.0,4.0,4.0,3.5,4.0,4.0,3.5,2.0,4.0,3.5,4.0,0.0,4.0,4.0,0.0,0.0,0.0,3.0,3.0,3.0,3.0,0.0,0.0,0.0,0.0,0.0,0.0,0.0,0.0,0.0,0.0,0.0,0.0,0.0,0.0,0.0,4.0,0.0,4.0,3.5,0.0
Student_1158,4.0,4.0,4.0,3.0,3.0,4.0,3.5,3.5,4.0,2.5,4.0,3.5,2.5,3.0,3.0,1.5,2.5,0.0,2.0,2.5,2.5,0.0,4.0,0.0,3.5,0.0,0.0,3.5,0.0,0.0,0.0,0.0,2.0,0.0,0.0,0.0,0.0,0.0,0.0,0.0,0.0,0.0,0.0,0.0,0.0,2.0,0.0,0.0,0.0,0.0,0.0,0.0,0.0,0.0,0.0,3.5,0.0,3.0,4.0,3.5,3.5,3.5,4.0,3.0,4.0,0.0,0.0,4.0,0.0,0.0,0.0,4.0,3.5,4.0,2.5,0.0,0.0,0.0,0.0,0.0,0.0,0.0,0.0,0.0,0.0,0.0,0.0,0.0,0.0,0.0,0.0,0.0,4.0,4.0,0.0
Student_1159,3.5,3.5,3.0,1.0,3.0,3.0,1.5,3.0,3.0,1.5,2.0,1.5,3.5,3.0,3.5,2.0,1.0,2.5,1.0,2.0,0.0,0.0,0.0,0.0,1.0,3.0,1.5,2.5,2.0,0.0,0.0,2.0,2.0,0.0,0.0,0.0,4.0,0.0,0.0,0.0,0.0,0.0,0.0,0.0,0.0,0.0,0.0,0.0,3.5,0.0,0.0,0.0,0.0,4.0,4.0,3.5,0.0,1.5,2.5,3.5,1.0,3.0,4.0,4.0,4.0,0.0,4.0,4.0,0.0,0.0,4.0,2.5,2.5,2.5,2.5,0.0,0.0,0.0,0.0,0.0,0.0,0.0,0.0,0.0,0.0,0.0,0.0,4.0,0.0,0.0,0.0,0.0,2.5,0.0,0.0
Student_116,3.5,4.0,2.5,2.0,1.0,4.0,3.0,0.0,2.0,2.5,3.0,2.0,2.5,2.0,2.0,2.0,2.5,1.0,2.5,2.0,2.5,0.0,0.0,0.0,2.0,2.0,3.5,3.0,1.5,3.0,0.0,0.0,0.0,0.0,4.0,0.0,3.0,0.0,0.0,3.0,0.0,0.0,3.0,0.0,0.0,0.0,0.0,0.0,0.0,0.0,1.5,2.0,0.0,0.0,0.0,4.0,0.0,2.0,2.5,3.0,2.5,3.5,3.5,3.5,4.0,0.0,0.0,3.5,0.0,0.0,0.0,4.0,4.0,2.5,2.5,0.0,0.0,0.0,0.0,0.0,0.0,0.0,0.0,0.0,0.0,0.0,0.0,3.0,0.0,0.0,0.0,0.0,3.0,3.5,0.0
Student_1160,3.0,3.0,3.5,2.5,3.0,4.0,3.0,3.5,2.5,3.5,3.5,3.0,3.5,3.5,4.0,3.5,3.0,2.5,1.5,2.5,3.5,0.0,0.0,0.0,4.0,4.0,0.0,3.5,3.0,4.0,0.0,4.0,0.0,0.0,0.0,0.0,3.5,0.0,0.0,0.0,0.0,0.0,0.0,0.0,0.0,3.0,0.0,4.0,4.0,0.0,4.0,3.0,0.0,0.0,0.0,4.0,0.0,2.5,2.0,3.5,4.0,4.0,4.0,3.5,4.0,0.0,0.0,3.5,0.0,0.0,0.0,3.0,3.5,3.5,3.5,0.0,0.0,0.0,0.0,0.0,0.0,0.0,0.0,0.0,0.0,0.0,0.0,0.0,0.0,0.0,0.0,0.0,3.5,4.0,0.0
Student_1161,4.0,4.0,3.0,2.5,2.5,4.0,3.0,2.5,4.0,3.0,3.5,3.5,3.5,3.0,3.5,2.5,3.5,2.5,4.0,4.0,3.0,0.0,0.0,0.0,4.0,3.5,4.0,4.0,1.5,0.0,0.0,0.0,3.0,0.0,0.0,0.0,0.0,0.0,0.0,0.0,0.0,0.0,0.0,0.0,3.5,4.0,0.0,3.5,0.0,0.0,2.0,0.0,0.0,0.0,4.0,4.0,4.0,4.0,2.0,4.0,2.5,3.0,4.0,3.5,4.0,0.0,3.5,4.0,0.0,0.0,0.0,4.0,3.0,3.5,3.0,0.0,0.0,0.0,0.0,0.0,0.0,0.0,0.0,0.0,0.0,0.0,0.0,4.0,0.0,0.0,0.0,0.0,4.0,4.0,0.0
Student_1162,3.5,3.0,3.5,3.5,3.0,4.0,1.5,3.0,2.5,2.5,3.0,3.0,4.0,3.0,3.0,3.5,3.0,3.0,2.0,2.5,0.0,0.0,0.0,0.0,3.0,1.0,3.0,4.0,2.0,3.0,0.0,0.0,0.0,0.0,0.0,0.0,0.0,0.0,0.0,0.0,0.0,0.0,0.0,0.0,4.0,3.5,0.0,3.0,0.0,0.0,2.5,0.0,0.0,0.0,4.0,4.0,0.0,3.5,2.5,4.0,3.0,3.5,4.0,3.5,4.0,0.0,0.0,4.0,0.0,0.0,3.5,4.0,3.5,3.0,2.5,0.0,0.0,0.0,0.0,0.0,0.0,0.0,0.0,0.0,0.0,0.0,0.0,0.0,0.0,0.0,0.0,4.0,4.0,4.0,0.0
Student_1163,3.5,3.5,2.0,1.0,2.0,2.5,2.5,3.0,3.0,3.5,3.0,2.0,4.0,2.5,3.0,2.5,2.5,3.5,3.5,2.5,2.5,0.0,0.0,0.0,3.5,2.5,3.0,4.0,2.5,3.5,0.0,2.5,1.0,0.0,2.5,0.0,0.0,0.0,0.0,4.0,0.0,0.0,0.0,0.0,0.0,2.5,0.0,0.0,2.5,0.0,0.0,0.0,0.0,0.0,0.0,4.0,0.0,2.0,1.5,2.5,3.5,2.5,4.0,2.5,4.0,0.0,0.0,3.5,0.0,0.0,0.0,2.0,1.5,3.0,1.0,0.0,0.0,0.0,4.0,0.0,0.0,0.0,0.0,0.0,0.0,0.0,0.0,0.0,0.0,0.0,0.0,0.0,2.5,3.0,0.0
Student_1164,0.0,0.0,2.5,2.5,2.5,3.0,4.0,3.5,2.5,2.5,1.5,3.0,4.0,3.0,3.5,3.0,3.25,2.25,2.75,2.75,0.0,0.0,0.0,0.0,4.0,2.25,3.25,3.5,3.0,0.0,0.0,2.75,0.0,0.0,0.0,0.0,0.0,0.0,0.0,0.0,2.0,0.0,0.0,0.0,0.0,0.0,0.0,0.0,3.25,0.0,0.0,3.0,0.0,2.75,4.0,4.0,0.0,3.5,1.5,3.5,3.0,1.5,4.0,1.0,4.0,4.0,4.0,4.0,0.0,0.0,3.5,2.0,3.0,4.0,3.0,0.0,0.0,0.0,0.0,0.0,0.0,0.0,0.0,0.0,0.0,0.0,0.0,0.0,0.0,0.0,0.0,0.0,0.0,0.0,0.0
Student_1165,2.5,4.0,3.5,1.5,2.0,2.0,1.5,2.5,2.0,2.0,2.0,2.0,2.0,2.0,2.0,1.5,2.0,1.5,1.5,3.0,0.0,0.0,0.0,0.0,2.0,2.0,2.5,3.5,1.5,2.5,0.0,2.0,2.5,0.0,0.0,0.0,0.0,0.0,0.0,0.0,3.5,0.0,0.0,0.0,1.5,0.0,0.0,0.0,0.0,3.0,2.0,0.0,0.0,0.0,0.0,2.0,0.0,3.0,1.0,3.0,2.0,3.0,4.0,1.0,4.0,0.0,0.0,4.0,0.0,0.0,2.5,2.0,3.0,2.5,2.0,0.0,0.0,0.0,0.0,0.0,0.0,0.0,0.0,0.0,0.0,0.0,3.5,0.0,0.0,0.0,0.0,0.0,2.5,2.0,0.0
Student_1166,0.0,0.0,3.5,3.5,1.0,2.5,2.5,2.0,1.5,2.5,3.0,2.0,2.5,2.0,2.0,1.0,1.5,2.5,3.0,2.5,0.0,0.0,0.0,0.0,3.0,3.0,2.5,3.5,1.5,2.0,0.0,2.0,1.0,0.0,0.0,4.0,0.0,0.0,0.0,0.0,3.5,0.0,0.0,0.0,0.0,0.0,1.5,0.0,2.5,0.0,0.0,0.0,0.0,0.0,0.0,3.0,0.0,4.0,3.0,2.5,2.5,0.0,0.0,0.0,0.0,0.0,0.0,3.0,0.0,0.0,1.5,0.0,0.0,3.0,3.0,0.0,0.0,0.0,0.0,0.0,0.0,0.0,0.0,0.0,0.0,0.0,0.0,0.0,0.0,0.0,2.5,0.0,0.0,0.0,0.0
Student_1167,4.0,4.0,3.0,2.0,3.5,3.5,3.5,3.5,3.5,3.0,3.0,3.0,4.0,3.5,3.0,3.0,2.5,2.5,2.5,2.5,3.0,0.0,0.0,0.0,4.0,3.0,0.0,3.5,3.5,3.5,0.0,4.0,0.0,0.0,0.0,0.0,0.0,0.0,0.0,0.0,2.0,0.0,0.0,0.0,0.0,4.0,0.0,4.0,0.0,3.0,0.0,0.0,0.0,0.0,4.0,4.0,0.0,2.5,2.5,4.0,3.5,3.5,4.0,3.0,4.0,0.0,4.0,4.0,0.0,0.0,0.0,4.0,2.5,3.5,3.0,0.0,0.0,0.0,0.0,3.5,0.0,0.0,0.0,0.0,0.0,0.0,0.0,0.0,0.0,0.0,0.0,0.0,4.0,3.5,0.0
Student_1168,2.5,4.0,2.5,3.0,2.0,3.5,1.5,0.0,1.5,2.0,3.0,2.0,1.5,2.5,1.0,1.5,2.5,2.5,3.5,1.0,0.0,0.0,0.0,0.0,2.0,3.0,2.0,2.5,1.0,3.0,0.0,1.5,0.0,0.0,0.0,0.0,0.0,1.0,0.0,0.0,1.5,0.0,0.0,0.0,0.0,0.0,1.0,0.0,2.5,0.0,1.0,0.0,0.0,0.0,0.0,4.0,0.0,3.0,2.0,1.5,1.0,3.5,3.5,3.0,4.0,0.0,0.0,3.0,0.0,0.0,2.5,3.0,1.0,3.0,2.5,0.0,0.0,0.0,0.0,0.0,0.0,0.0,0.0,0.0,0.0,0.0,0.0,3.5,0.0,0.0,0.0,0.0,3.0,2.0,0.0
Student_1169,3.0,4.0,2.0,2.0,2.5,2.5,2.0,0.0,3.5,2.5,4.0,3.0,3.0,4.0,2.5,4.0,4.0,4.0,3.5,2.0,0.0,0.0,0.0,0.0,3.0,2.5,4.0,3.5,3.0,3.0,0.0,0.0,0.0,3.5,0.0,0.0,0.0,0.0,0.0,0.0,4.0,0.0,0.0,0.0,3.5,0.0,4.0,0.0,0.0,0.0,0.0,3.0,3.0,0.0,0.0,4.0,0.0,2.0,1.5,3.5,4.0,3.5,4.0,2.0,4.0,0.0,0.0,4.0,0.0,0.0,4.0,2.5,2.5,3.5,2.5,0.0,0.0,0.0,0.0,0.0,0.0,0.0,0.0,0.0,0.0,0.0,0.0,0.0,0.0,0.0,0.0,0.0,4.0,3.5,0.0
Student_117,4.0,4.0,2.5,3.0,2.5,1.5,2.0,3.0,3.0,1.0,2.5,3.5,3.5,3.0,2.0,3.0,4.0,1.0,3.0,1.0,0.0,0.0,0.0,0.0,2.0,3.0,0.0,3.0,1.5,2.0,0.0,2.5,1.0,0.0,0.0,0.0,0.0,0.0,0.0,0.0,3.5,0.0,0.0,0.0,0.0,2.5,2.0,0.0,0.0,0.0,1.5,0.0,0.0,4.0,0.0,3.5,0.0,2.5,2.5,3.0,1.5,2.5,4.0,3.5,4.0,0.0,0.0,3.5,0.0,2.0,0.0,2.0,3.0,2.0,2.0,0.0,0.0,0.0,0.0,0.0,0.0,0.0,0.0,0.0,0.0,0.0,0.0,0.0,0.0,0.0,0.0,0.0,3.5,3.0,0.0
Student_1170,2.5,3.0,0.0,0.0,2.5,0.0,3.5,0.0,3.5,3.0,1.0,3.5,4.0,2.5,3.5,2.0,3.5,3.5,1.5,3.0,0.0,0.0,0.0,0.0,4.0,3.5,3.5,0.0,3.5,3.0,0.0,0.0,0.0,0.0,0.0,0.0,0.0,0.0,0.0,3.5,3.5,2.0,0.0,0.0,0.0,0.0,2.0,0.0,0.0,0.0,0.0,3.5,2.0,0.0,0.0,4.0,0.0,0.0,1.5,3.0,2.5,0.0,0.0,0.0,4.0,0.0,0.0,3.0,0.0,3.5,3.0,0.0,0.0,3.5,0.0,0.0,0.0,0.0,0.0,0.0,0.0,0.0,0.0,0.0,0.0,0.0,0.0,0.0,0.0,0.0,0.0,0.0,0.0,0.0,0.0
Student_1171,3.0,3.0,3.5,2.0,3.0,3.5,2.0,1.5,2.0,2.0,2.5,2.0,2.0,3.5,2.0,4.0,3.5,1.5,2.5,4.0,0.0,0.0,0.0,0.0,3.0,3.0,0.0,2.5,2.0,3.0,0.0,0.0,0.0,0.0,3.5,0.0,2.5,0.0,0.0,2.0,0.0,0.0,0.0,0.0,2.5,4.0,0.0,4.0,0.0,3.0,0.0,0.0,0.0,0.0,0.0,3.5,0.0,2.0,2.0,4.0,2.5,3.5,3.5,1.0,4.0,0.0,0.0,3.5,0.0,0.0,3.0,2.5,2.0,2.5,3.5,0.0,0.0,0.0,0.0,0.0,0.0,0.0,0.0,0.0,0.0,0.0,4.0,0.0,0.0,0.0,0.0,0.0,3.0,2.5,0.0
Student_1172,0.0,3.5,0.0,4.0,3.5,2.5,0.0,0.0,3.0,2.5,3.0,0.0,3.5,0.0,3.5,3.0,3.5,2.5,2.0,3.0,0.0,0.0,0.0,0.0,4.0,1.0,0.0,4.0,3.0,0.0,0.0,2.5,0.0,0.0,0.0,0.0,2.5,0.0,0.0,0.0,0.0,0.0,0.0,0.0,0.0,3.0,2.5,3.5,0.0,2.5,0.0,0.0,0.0,0.0,4.0,4.0,4.0,0.0,0.0,4.0,0.0,0.0,0.0,0.0,0.0,0.0,0.0,0.0,0.0,0.0,0.0,0.0,0.0,0.0,0.0,0.0,0.0,0.0,0.0,0.0,0.0,0.0,0.0,0.0,0.0,0.0,0.0,0.0,0.0,0.0,0.0,0.0,0.0,0.0,0.0
Student_1173,4.0,4.0,0.0,0.0,0.0,0.0,0.0,0.0,0.0,0.0,0.0,0.0,0.0,0.0,0.0,0.0,0.0,0.0,0.0,0.0,0.0,0.0,0.0,0.0,0.0,0.0,0.0,0.0,0.0,0.0,0.0,0.0,0.0,0.0,0.0,0.0,0.0,0.0,0.0,0.0,0.0,0.0,0.0,0.0,0.0,0.0,0.0,0.0,0.0,0.0,0.0,0.0,0.0,0.0,0.0,0.0,0.0,0.0,0.0,0.0,0.0,0.0,0.0,0.0,0.0,0.0,0.0,0.0,0.0,0.0,0.0,2.0,1.5,0.0,0.0,0.0,0.0,0.0,0.0,0.0,0.0,0.0,0.0,0.0,0.0,0.0,0.0,0.0,0.0,0.0,0.0,0.0,1.0,3.0,0.0
Student_1174,3.5,3.5,2.5,1.0,2.0,3.5,2.5,0.0,1.5,2.0,2.5,2.5,2.0,1.5,2.0,2.5,4.0,1.0,2.5,1.5,0.0,0.0,0.0,0.0,4.0,2.0,2.5,2.0,2.5,2.0,0.0,2.0,2.5,0.0,0.0,0.0,2.0,0.0,0.0,0.0,3.5,0.0,0.0,0.0,0.0,0.0,0.0,2.5,4.0,0.0,1.0,0.0,0.0,0.0,0.0,4.0,0.0,1.5,3.0,2.5,2.0,2.5,3.5,3.0,4.0,0.0,0.0,3.5,0.0,0.0,0.0,2.0,2.0,3.5,1.5,0.0,0.0,0.0,0.0,0.0,0.0,0.0,0.0,0.0,0.0,0.0,0.0,0.0,0.0,0.0,1.0,0.0,2.0,2.0,0.0
Student_1175,2.5,4.0,4.0,3.0,3.5,3.5,2.5,4.0,2.0,4.0,3.5,3.0,2.0,3.5,2.5,4.0,3.5,3.0,3.0,3.5,3.5,0.0,0.0,0.0,4.0,2.0,0.0,4.0,2.5,4.0,0.0,3.0,2.0,0.0,0.0,3.0,0.0,0.0,0.0,0.0,4.0,0.0,0.0,0.0,0.0,0.0,0.0,0.0,2.0,0.0,2.0,0.0,0.0,0.0,0.0,4.0,0.0,1.0,2.0,3.0,3.0,4.0,4.0,2.5,3.0,0.0,0.0,4.0,0.0,1.5,0.0,4.0,4.0,2.0,4.0,0.0,0.0,0.0,0.0,0.0,0.0,4.0,0.0,0.0,0.0,0.0,0.0,0.0,0.0,0.0,0.0,0.0,4.0,3.0,0.0
Student_1176,0.0,0.0,3.0,3.0,3.5,3.5,4.0,4.0,3.25,2.0,2.5,4.0,4.0,3.5,4.0,3.5,3.5,2.75,3.25,3.75,3.5,0.0,0.0,0.0,4.0,3.75,3.0,4.0,3.75,0.0,0.0,3.0,4.0,0.0,0.0,0.0,0.0,0.0,0.0,0.0,0.0,0.0,0.0,0.0,4.0,3.75,0.0,0.0,4.0,0.0,0.0,0.0,0.0,0.0,4.0,4.0,0.0,3.0,3.5,4.0,4.0,3.5,4.0,4.0,4.0,4.0,4.0,4.0,0.0,0.0,0.0,3.5,4.0,4.0,4.0,0.0,0.0,0.0,3.75,0.0,0.0,0.0,0.0,0.0,0.0,0.0,0.0,0.0,0.0,0.0,0.0,0.0,0.0,0.0,0.0
Student_1177,3.5,4.0,3.5,2.5,2.0,3.5,2.5,3.5,1.5,1.5,2.0,2.5,3.0,3.0,2.5,2.5,3.5,2.5,3.5,2.0,2.0,0.0,0.0,0.0,1.5,1.5,2.0,4.0,3.0,2.0,0.0,1.5,0.0,0.0,0.0,3.0,0.0,0.0,0.0,0.0,0.0,0.0,0.0,0.0,0.0,0.0,0.0,0.0,2.5,3.0,2.0,0.0,0.0,0.0,0.0,4.0,0.0,1.5,1.5,2.0,2.5,3.5,4.0,3.5,4.0,0.0,0.0,4.0,0.0,0.0,2.5,3.5,3.5,2.5,3.0,4.0,0.0,0.0,0.0,0.0,0.0,0.0,4.0,0.0,0.0,0.0,0.0,0.0,0.0,0.0,0.0,0.0,4.0,4.0,0.0
Student_1178,2.5,3.5,0.0,0.0,0.0,0.0,0.0,0.0,0.0,0.0,0.0,0.0,0.0,0.0,0.0,0.0,0.0,0.0,0.0,0.0,0.0,0.0,0.0,0.0,0.0,0.0,0.0,0.0,0.0,0.0,0.0,0.0,0.0,0.0,0.0,0.0,0.0,0.0,0.0,0.0,0.0,0.0,0.0,0.0,0.0,0.0,0.0,0.0,0.0,0.0,0.0,0.0,0.0,0.0,0.0,0.0,0.0,0.0,0.0,0.0,0.0,0.0,0.0,0.0,0.0,0.0,0.0,0.0,0.0,0.0,0.0,3.5,3.0,0.0,0.0,0.0,0.0,0.0,0.0,0.0,0.0,0.0,0.0,0.0,0.0,0.0,0.0,0.0,0.0,0.0,0.0,0.0,3.0,2.0,0.0
Student_1179,0.0,0.0,3.5,2.5,2.0,3.0,2.0,2.0,2.0,2.0,3.5,1.5,3.5,3.0,2.0,3.0,2.5,1.5,3.5,2.5,0.0,0.0,0.0,0.0,2.5,2.0,1.0,3.0,1.5,4.0,0.0,3.5,0.0,0.0,0.0,0.0,0.0,0.0,0.0,0.0,0.0,0.0,0.0,0.0,0.0,3.5,3.5,3.0,3.5,0.0,1.0,0.0,0.0,0.0,0.0,4.0,0.0,3.5,2.5,2.5,1.0,1.0,4.0,1.5,4.0,0.0,0.0,4.0,0.0,2.0,0.0,1.5,3.0,4.0,2.0,0.0,0.0,0.0,0.0,0.0,3.0,0.0,0.0,0.0,0.0,0.0,0.0,0.0,0.0,0.0,0.0,0.0,0.0,0.0,0.0
Student_118,2.0,4.0,3.5,3.0,2.5,2.0,3.0,2.5,4.0,2.0,2.5,2.0,3.0,4.0,2.0,4.0,3.5,4.0,4.0,4.0,0.0,0.0,0.0,0.0,4.0,3.5,0.0,4.0,2.0,2.5,0.0,0.0,0.0,0.0,4.0,0.0,0.0,0.0,0.0,0.0,2.0,0.0,0.0,0.0,0.0,3.5,0.0,3.0,0.0,0.0,1.5,0.0,0.0,0.0,4.0,4.0,4.0,1.0,1.5,4.0,3.5,3.0,3.5,2.5,4.0,0.0,0.0,3.0,0.0,1.0,0.0,2.5,2.0,4.0,3.0,0.0,0.0,0.0,4.0,0.0,0.0,0.0,0.0,0.0,0.0,0.0,0.0,0.0,0.0,0.0,0.0,0.0,2.0,3.0,0.0
Student_1180,4.0,3.5,1.0,4.0,3.5,3.5,2.5,0.0,3.0,2.0,2.5,2.5,3.5,2.5,2.0,1.5,3.0,2.0,3.5,4.0,0.0,0.0,0.0,0.0,2.5,3.0,2.0,2.0,0.0,3.0,0.0,3.0,0.0,0.0,0.0,0.0,0.0,0.0,0.0,0.0,0.0,0.0,0.0,0.0,0.0,0.0,3.5,0.0,0.0,0.0,0.0,3.0,0.0,0.0,0.0,4.0,0.0,3.5,2.5,3.5,4.0,4.0,3.5,4.0,4.0,0.0,0.0,4.0,0.0,0.0,3.0,3.0,2.5,3.0,3.5,0.0,0.0,0.0,0.0,0.0,0.0,0.0,0.0,4.0,0.0,0.0,0.0,0.0,0.0,0.0,0.0,0.0,4.0,3.5,0.0
Student_1181,4.0,4.0,4.0,4.0,3.5,3.5,4.0,4.0,3.5,2.0,3.0,3.5,1.5,3.5,2.5,3.0,3.0,3.0,3.5,3.5,3.0,0.0,0.0,0.0,3.5,4.0,3.5,4.0,2.5,0.0,0.0,0.0,3.25,0.0,0.0,0.0,4.0,0.0,0.0,0.0,0.0,0.0,0.0,0.0,0.0,0.0,0.0,4.0,0.0,0.0,1.75,0.0,0.0,4.0,4.0,3.5,0.0,3.0,2.5,3.5,4.0,3.0,4.0,3.0,4.0,0.0,3.5,4.0,0.0,0.0,0.0,4.0,3.5,4.0,4.0,0.0,0.0,0.0,3.75,0.0,0.0,0.0,0.0,0.0,0.0,0.0,0.0,0.0,0.0,0.0,0.0,0.0,4.0,4.0,0.0
Student_1182,3.5,4.0,4.0,4.0,3.5,3.5,4.0,4.0,4.0,3.5,4.0,3.5,4.0,3.5,4.0,3.5,4.0,4.0,4.0,4.0,3.5,0.0,0.0,0.0,4.0,4.0,0.0,3.0,3.0,0.0,0.0,0.0,3.5,0.0,0.0,0.0,0.0,0.0,0.0,0.0,3.0,0.0,0.0,0.0,4.0,4.0,0.0,4.0,0.0,0.0,3.0,0.0,0.0,0.0,4.0,4.0,0.0,3.0,3.0,4.0,4.0,4.0,4.0,4.0,4.0,0.0,4.0,4.0,0.0,0.0,0.0,4.0,3.5,4.0,3.5,0.0,0.0,0.0,0.0,0.0,0.0,0.0,0.0,0.0,0.0,0.0,0.0,3.5,0.0,0.0,0.0,0.0,4.0,4.0,0.0
Student_1183,3.5,3.0,0.0,3.0,3.5,4.0,3.5,3.5,2.5,2.5,3.5,2.0,3.0,3.5,2.0,2.5,1.0,3.0,3.5,3.0,0.0,0.0,0.0,0.0,2.0,3.0,0.0,3.5,2.0,3.5,0.0,0.0,2.5,0.0,0.0,4.0,2.0,0.0,0.0,0.0,0.0,0.0,0.0,0.0,1.5,3.0,3.0,0.0,2.5,0.0,0.0,0.0,0.0,0.0,0.0,3.5,0.0,3.5,2.0,2.5,3.5,4.0,4.0,4.0,0.0,0.0,0.0,3.0,0.0,0.0,3.0,3.0,4.0,4.0,3.5,0.0,0.0,0.0,0.0,0.0,0.0,3.5,0.0,0.0,0.0,0.0,0.0,0.0,0.0,0.0,0.0,0.0,4.0,4.0,0.0
Student_1184,4.0,4.0,2.5,3.0,2.5,4.0,2.0,0.0,1.5,3.0,1.5,1.0,4.0,2.5,2.5,0.0,1.5,4.0,3.0,3.5,0.0,0.0,0.0,0.0,2.5,3.0,3.5,3.5,3.0,3.0,0.0,0.0,0.0,0.0,0.0,0.0,0.0,0.0,0.0,2.5,4.0,0.0,0.0,0.0,0.0,0.0,0.0,0.0,0.0,0.0,0.0,1.5,0.0,0.0,0.0,4.0,0.0,2.5,1.0,3.0,3.5,2.0,4.0,2.5,4.0,0.0,0.0,3.5,0.0,1.5,0.0,2.5,3.5,3.5,2.0,0.0,0.0,3.5,0.0,0.0,0.0,0.0,0.0,0.0,0.0,0.0,0.0,0.0,0.0,0.0,0.0,0.0,4.0,4.0,0.0
Student_1185,1.5,3.5,2.5,1.0,1.0,3.5,1.0,0.0,2.0,1.0,2.5,2.0,4.0,2.0,2.0,3.0,3.0,2.5,1.0,1.0,0.0,0.0,0.0,0.0,2.0,2.0,0.0,2.0,2.0,4.0,0.0,1.5,2.0,0.0,0.0,0.0,0.0,0.0,0.0,0.0,2.0,0.0,0.0,0.0,0.0,2.5,0.0,0.0,2.0,3.5,0.0,1.0,0.0,0.0,0.0,4.0,0.0,1.5,2.0,3.0,3.0,2.5,3.0,1.0,4.0,0.0,0.0,3.5,0.0,1.0,0.0,1.5,2.5,1.0,4.0,0.0,0.0,0.0,0.0,0.0,0.0,0.0,0.0,0.0,0.0,0.0,0.0,0.0,0.0,0.0,0.0,3.0,2.5,3.0,0.0
Student_1186,3.0,4.0,0.0,3.5,2.0,4.0,3.0,2.0,3.0,2.0,2.5,2.5,1.0,1.5,1.0,2.0,2.5,2.0,3.5,2.0,2.5,0.0,0.0,0.0,1.5,1.0,2.5,1.5,2.5,4.0,0.0,2.5,2.0,0.0,4.0,0.0,0.0,0.0,0.0,0.0,0.0,0.0,0.0,0.0,0.0,0.0,0.0,0.0,3.5,0.0,0.0,0.0,0.0,2.0,0.0,4.0,0.0,2.0,4.0,2.5,3.5,3.5,4.0,4.0,3.5,0.0,0.0,3.0,0.0,0.0,3.0,3.5,4.0,3.5,2.0,0.0,0.0,0.0,0.0,0.0,0.0,0.0,4.0,0.0,0.0,0.0,0.0,0.0,0.0,0.0,0.0,0.0,3.0,3.0,0.0
Student_1187,4.0,3.0,2.0,1.5,3.5,3.0,3.5,0.0,2.0,2.0,2.0,2.5,2.5,3.0,2.0,3.5,2.5,2.0,3.5,3.5,2.5,0.0,0.0,0.0,2.0,3.0,4.0,3.5,2.5,3.0,0.0,0.0,2.5,0.0,0.0,0.0,0.0,0.0,0.0,0.0,0.0,0.0,0.0,0.0,2.5,4.0,0.0,0.0,4.0,0.0,3.5,3.5,0.0,0.0,0.0,3.5,0.0,1.0,3.0,3.5,4.0,3.0,4.0,3.5,4.0,0.0,0.0,3.5,0.0,0.0,0.0,2.0,2.0,3.5,3.0,0.0,0.0,0.0,3.0,0.0,0.0,0.0,0.0,0.0,0.0,0.0,0.0,0.0,0.0,0.0,0.0,0.0,3.0,3.5,0.0
Student_1188,3.5,3.0,4.0,2.5,3.5,3.5,4.0,0.0,4.0,2.5,3.5,3.0,2.5,3.5,3.5,4.0,4.0,4.0,3.0,4.0,3.5,0.0,0.0,0.0,3.0,4.0,4.0,3.5,3.0,4.0,0.0,0.0,4.0,0.0,0.0,0.0,0.0,4.0,0.0,0.0,0.0,0.0,0.0,0.0,4.0,4.0,4.0,4.0,0.0,0.0,0.0,0.0,0.0,0.0,0.0,4.0,0.0,3.0,4.0,4.0,3.5,4.0,4.0,4.0,4.0,0.0,0.0,4.0,0.0,0.0,0.0,2.5,2.0,2.5,4.0,0.0,0.0,0.0,4.0,0.0,0.0,0.0,0.0,0.0,0.0,0.0,0.0,0.0,0.0,0.0,0.0,0.0,3.5,3.0,0.0
Student_1189,4.0,3.5,4.0,2.5,4.0,3.5,3.5,3.5,2.5,3.0,3.0,3.5,3.5,3.5,4.0,3.0,4.0,2.5,3.0,2.5,3.0,0.0,0.0,0.0,2.5,2.5,0.0,4.0,2.5,0.0,0.0,0.0,2.5,0.0,0.0,0.0,0.0,0.0,0.0,0.0,3.5,0.0,0.0,0.0,3.0,4.0,0.0,0.0,0.0,3.5,0.0,0.0,3.0,0.0,4.0,4.0,0.0,3.5,4.0,4.0,4.0,4.0,4.0,4.0,4.0,0.0,4.0,4.0,0.0,0.0,0.0,4.0,4.0,4.0,4.0,0.0,0.0,0.0,0.0,4.0,0.0,0.0,0.0,0.0,0.0,0.0,0.0,0.0,0.0,0.0,0.0,0.0,4.0,3.5,0.0
Student_119,4.0,4.0,3.5,1.0,2.0,3.0,1.0,4.0,2.0,4.0,2.0,2.5,3.5,1.0,2.0,2.5,1.0,3.0,2.5,2.5,0.0,0.0,0.0,0.0,2.5,3.0,3.5,3.0,2.5,0.0,0.0,3.25,0.0,0.0,0.0,0.0,0.0,0.0,0.0,0.0,3.0,0.0,0.0,0.0,0.0,0.0,0.0,3.5,2.75,3.5,0.0,0.0,0.0,0.0,3.5,4.0,0.0,3.0,2.0,2.5,3.5,3.0,4.0,2.5,4.0,0.0,4.0,3.5,0.0,3.5,0.0,3.5,4.0,3.5,3.0,0.0,0.0,0.0,0.0,0.0,0.0,0.0,0.0,0.0,0.0,0.0,0.0,3.0,0.0,0.0,0.0,0.0,3.5,2.5,0.0
Student_1190,2.5,3.5,2.5,2.5,1.0,3.0,2.5,3.5,2.5,3.0,2.0,1.0,3.0,2.0,1.0,1.5,3.0,2.0,2.5,3.0,0.0,0.0,0.0,0.0,1.0,3.5,2.5,4.0,2.5,3.0,0.0,3.0,0.0,0.0,4.0,4.0,2.0,0.0,0.0,0.0,0.0,0.0,0.0,0.0,0.0,3.0,2.0,2.5,0.0,0.0,0.0,0.0,0.0,0.0,0.0,4.0,0.0,2.0,2.0,2.0,3.0,3.0,4.0,2.5,4.0,0.0,0.0,3.5,0.0,0.0,0.0,3.0,2.5,3.0,2.0,0.0,0.0,0.0,0.0,0.0,0.0,0.0,4.0,0.0,0.0,0.0,0.0,0.0,0.0,0.0,0.0,0.0,3.5,3.0,0.0
Student_1191,3.0,2.0,0.0,0.0,0.0,0.0,0.0,0.0,0.0,0.0,0.0,0.0,0.0,0.0,0.0,0.0,0.0,0.0,0.0,0.0,0.0,0.0,0.0,0.0,0.0,0.0,0.0,0.0,0.0,0.0,0.0,0.0,0.0,0.0,0.0,0.0,0.0,0.0,0.0,0.0,0.0,0.0,0.0,0.0,0.0,0.0,0.0,0.0,0.0,0.0,0.0,0.0,0.0,0.0,0.0,0.0,0.0,0.0,0.0,0.0,0.0,3.0,3.0,2.5,4.0,0.0,0.0,0.0,0.0,0.0,0.0,1.5,4.0,0.0,0.0,0.0,0.0,0.0,0.0,0.0,0.0,0.0,0.0,0.0,0.0,0.0,0.0,0.0,0.0,0.0,0.0,0.0,2.0,3.5,0.0
Student_1192,2.5,3.0,3.0,3.5,2.5,4.0,3.5,0.0,3.0,2.5,3.0,4.0,2.5,3.5,4.0,4.0,3.0,3.5,3.0,4.0,0.0,0.0,0.0,0.0,2.5,3.0,4.0,3.0,2.0,3.0,0.0,0.0,3.5,0.0,0.0,0.0,2.0,4.0,0.0,0.0,2.0,0.0,0.0,0.0,4.0,0.0,4.0,0.0,0.0,0.0,0.0,3.5,0.0,0.0,0.0,4.0,0.0,2.5,2.0,2.0,2.5,3.0,4.0,3.5,4.0,0.0,0.0,3.5,0.0,0.0,0.0,4.0,2.5,4.0,1.5,0.0,0.0,0.0,4.0,0.0,0.0,0.0,0.0,0.0,0.0,0.0,0.0,0.0,0.0,0.0,0.0,0.0,4.0,3.5,0.0
Student_1193,2.0,3.5,4.0,3.0,4.0,4.0,3.5,3.0,2.5,4.0,3.0,4.0,4.0,4.0,3.5,3.5,4.0,2.0,3.5,3.5,2.5,0.0,0.0,0.0,4.0,3.0,3.0,3.5,3.0,0.0,0.0,0.0,2.5,0.0,0.0,0.0,0.0,0.0,0.0,0.0,0.0,0.0,0.0,0.0,3.5,4.0,3.5,0.0,4.0,0.0,0.0,0.0,0.0,0.0,4.0,3.0,0.0,3.5,3.0,4.0,4.0,4.0,4.0,3.5,4.0,0.0,4.0,4.0,0.0,0.0,0.0,3.5,3.0,4.0,3.5,0.0,0.0,0.0,0.0,0.0,0.0,0.0,0.0,0.0,0.0,0.0,0.0,0.0,0.0,0.0,3.5,0.0,3.0,3.0,0.0
Student_1194,0.0,4.0,4.0,2.5,3.0,3.5,3.0,4.0,2.5,3.0,2.0,2.5,3.0,2.0,2.5,3.0,3.75,1.25,2.75,2.5,0.0,0.0,0.0,0.0,3.75,2.5,4.0,3.5,2.25,0.0,0.0,2.75,0.0,0.0,0.0,0.0,0.0,0.0,0.0,0.0,3.5,0.0,0.0,0.0,2.5,0.0,0.0,0.0,0.0,3.5,0.0,0.0,0.0,4.0,4.0,4.0,0.0,3.5,2.5,2.25,3.5,2.5,4.0,2.5,4.0,0.0,4.0,4.0,0.0,0.0,4.0,3.0,3.5,3.0,2.5,0.0,0.0,0.0,4.0,0.0,0.0,0.0,0.0,0.0,0.0,0.0,0.0,0.0,0.0,0.0,0.0,0.0,0.0,4.0,0.0
Student_1195,3.5,4.0,3.5,3.0,3.5,4.0,2.5,3.0,2.0,2.0,3.0,2.0,3.0,3.0,1.5,3.5,1.5,4.0,3.0,3.5,0.0,0.0,0.0,0.0,2.5,4.0,4.0,3.5,3.0,0.0,0.0,3.0,0.0,0.0,0.0,0.0,0.0,0.0,0.0,0.0,3.5,0.0,0.0,0.0,0.0,0.0,3.5,0.0,4.0,0.0,0.0,0.0,0.0,4.0,4.0,4.0,4.0,2.5,4.0,4.0,3.0,2.5,4.0,2.0,4.0,0.0,0.0,4.0,0.0,0.0,3.0,3.5,3.0,4.0,3.5,0.0,0.0,0.0,4.0,0.0,0.0,0.0,0.0,0.0,0.0,0.0,0.0,0.0,0.0,0.0,0.0,0.0,4.0,4.0,0.0
Student_1196,0.0,0.0,3.0,4.0,4.0,4.0,3.0,3.5,3.25,2.5,3.5,3.0,3.5,3.5,4.0,3.5,3.25,2.25,3.0,2.75,2.5,0.0,0.0,0.0,4.0,3.5,2.75,4.0,3.0,0.0,0.0,3.5,2.0,0.0,0.0,0.0,0.0,0.0,0.0,0.0,3.5,0.0,0.0,0.0,0.0,0.0,0.0,0.0,3.25,0.0,0.0,3.25,0.0,0.0,4.0,3.75,0.0,3.5,2.0,3.75,3.75,4.0,4.0,4.0,4.0,4.0,4.0,4.0,0.0,0.0,0.0,3.5,4.0,3.25,3.0,0.0,0.0,0.0,0.0,0.0,0.0,0.0,0.0,0.0,0.0,0.0,0.0,2.75,0.0,0.0,0.0,0.0,0.0,0.0,0.0
Student_1197,4.0,4.0,3.0,2.5,3.0,4.0,4.0,3.0,2.0,3.5,3.0,2.5,4.0,3.0,3.5,3.5,3.0,3.5,3.0,3.0,3.5,0.0,0.0,0.0,4.0,3.0,0.0,3.0,3.0,0.0,0.0,3.0,3.0,0.0,0.0,0.0,4.0,0.0,0.0,0.0,0.0,0.0,0.0,0.0,0.0,3.5,0.0,4.0,0.0,0.0,3.5,0.0,0.0,0.0,4.0,4.0,0.0,3.5,3.5,4.0,3.0,3.5,4.0,3.0,3.5,0.0,3.5,4.0,0.0,0.0,0.0,4.0,2.5,4.0,3.0,3.5,0.0,0.0,0.0,0.0,0.0,0.0,0.0,0.0,0.0,0.0,0.0,0.0,0.0,0.0,0.0,0.0,4.0,4.0,0.0
Student_1198,4.0,3.0,0.0,3.0,3.0,4.0,1.5,0.0,2.5,1.0,3.0,3.0,4.0,2.0,2.5,1.0,2.0,2.0,3.0,3.0,0.0,0.0,0.0,0.0,2.0,1.0,0.0,2.5,3.0,3.0,0.0,0.0,2.5,2.0,0.0,0.0,0.0,0.0,0.0,0.0,2.0,0.0,0.0,0.0,0.0,1.5,0.0,2.5,2.0,0.0,0.0,2.5,0.0,0.0,0.0,4.0,0.0,2.5,2.5,3.0,3.5,3.0,3.5,1.5,3.5,0.0,0.0,4.0,0.0,1.5,0.0,3.0,3.0,4.0,3.0,0.0,0.0,0.0,0.0,0.0,0.0,0.0,0.0,0.0,0.0,0.0,0.0,4.0,0.0,0.0,0.0,0.0,4.0,4.0,0.0
Student_1199,3.5,4.0,1.5,2.0,1.5,1.0,1.5,2.0,2.25,1.5,1.0,2.0,2.5,1.0,2.0,2.0,2.5,1.5,1.5,1.0,0.0,0.0,0.0,0.0,3.25,1.5,2.0,2.0,2.0,0.0,0.0,2.5,0.0,0.0,0.0,0.0,1.5,0.0,0.0,0.0,0.0,0.0,0.0,0.0,1.5,0.0,0.0,0.0,2.0,0.0,0.0,0.0,0.0,3.5,4.0,4.0,4.0,2.0,2.5,2.5,3.0,4.0,4.0,2.0,4.0,0.0,0.0,3.0,0.0,0.0,1.0,2.0,1.0,1.5,1.0,0.0,0.0,0.0,0.0,0.0,0.0,3.5,0.0,0.0,0.0,0.0,0.0,0.0,0.0,0.0,0.0,0.0,3.0,2.5,0.0
Student_12,4.0,3.0,3.0,1.0,2.5,4.0,1.0,0.0,0.0,2.5,3.5,2.5,2.5,2.0,3.0,3.5,3.0,1.0,3.5,2.5,0.0,0.0,0.0,0.0,2.5,3.0,0.0,1.5,2.5,3.0,0.0,0.0,0.0,0.0,3.5,0.0,0.0,0.0,0.0,2.5,2.0,0.0,0.0,0.0,0.0,0.0,2.5,0.0,0.0,0.0,0.0,2.5,0.0,0.0,0.0,4.0,0.0,1.5,1.0,3.5,3.0,3.5,4.0,3.0,4.0,0.0,0.0,3.5,0.0,0.0,2.5,2.5,2.5,1.0,1.5,0.0,0.0,0.0,0.0,0.0,0.0,0.0,0.0,0.0,3.5,0.0,0.0,0.0,0.0,0.0,0.0,0.0,3.0,4.0,0.0
Student_120,3.0,3.0,2.5,0.0,1.5,2.0,0.0,0.0,0.0,0.0,0.0,0.0,4.0,2.0,0.0,1.0,3.5,1.0,1.5,1.0,1.0,0.0,0.0,0.0,4.0,0.0,0.0,2.5,1.5,2.5,0.0,2.0,0.0,0.0,0.0,0.0,0.0,2.0,0.0,0.0,2.0,1.0,0.0,0.0,0.0,0.0,0.0,0.0,0.0,0.0,0.0,1.0,1.5,0.0,0.0,3.0,0.0,1.0,0.0,1.0,1.0,2.5,4.0,0.0,3.5,0.0,0.0,3.0,0.0,0.0,0.0,0.0,1.5,0.0,2.0,0.0,0.0,0.0,0.0,0.0,0.0,0.0,0.0,0.0,0.0,0.0,0.0,0.0,0.0,0.0,0.0,0.0,3.5,2.5,0.0
Student_1200,0.0,3.5,1.5,0.0,0.0,3.0,1.5,0.0,3.0,1.5,0.0,2.5,2.5,0.0,1.0,2.0,4.0,2.0,3.0,1.0,0.0,0.0,0.0,0.0,2.5,1.0,2.5,3.5,2.0,1.0,0.0,2.5,0.0,0.0,0.0,4.0,2.5,0.0,0.0,0.0,0.0,0.0,0.0,0.0,0.0,0.0,1.5,2.5,0.0,1.5,0.0,0.0,0.0,0.0,0.0,4.0,0.0,0.0,0.0,2.5,1.0,0.0,0.0,0.0,0.0,0.0,0.0,3.0,0.0,0.0,2.5,0.0,0.0,0.0,0.0,0.0,0.0,0.0,0.0,0.0,0.0,4.0,0.0,0.0,0.0,0.0,0.0,0.0,0.0,0.0,0.0,0.0,0.0,3.0,0.0
Student_1201,2.5,2.5,3.0,4.0,3.0,3.0,2.0,0.0,2.5,4.0,3.0,2.5,2.5,3.0,4.0,3.0,3.0,3.0,3.5,1.5,2.5,0.0,4.0,0.0,3.5,3.5,0.0,2.5,2.5,2.5,0.0,0.0,0.0,0.0,0.0,0.0,2.5,0.0,0.0,0.0,0.0,0.0,0.0,0.0,0.0,1.5,3.0,3.0,2.0,0.0,0.0,2.0,1.5,0.0,0.0,3.5,0.0,1.0,2.0,1.0,2.5,4.0,3.0,3.5,4.0,0.0,0.0,4.0,0.0,0.0,0.0,2.5,2.0,2.0,2.5,0.0,0.0,0.0,0.0,0.0,0.0,0.0,0.0,0.0,0.0,0.0,0.0,0.0,0.0,0.0,0.0,0.0,2.0,3.5,0.0
Student_1202,0.0,0.0,3.5,0.0,1.0,0.0,4.0,0.0,0.0,0.0,0.0,0.0,0.0,2.5,3.0,0.0,3.5,0.0,3.25,3.25,0.0,0.0,0.0,0.0,0.0,0.0,0.0,0.0,0.0,0.0,0.0,0.0,0.0,0.0,0.0,0.0,0.0,0.0,0.0,0.0,0.0,0.0,0.0,0.0,0.0,3.0,0.0,0.0,0.0,0.0,0.0,0.0,0.0,0.0,0.0,0.0,0.0,0.0,0.0,0.0,4.0,4.0,4.0,3.0,4.0,4.0,3.0,4.0,0.0,0.0,0.0,3.5,4.0,0.0,4.0,0.0,0.0,0.0,0.0,0.0,0.0,0.0,0.0,0.0,0.0,0.0,0.0,0.0,0.0,0.0,0.0,0.0,0.0,0.0,3.5
Student_1203,2.0,3.5,2.5,3.0,2.5,2.5,4.0,0.0,2.5,1.5,2.5,1.0,2.0,1.5,2.5,1.5,2.5,1.0,2.5,2.0,1.0,0.0,0.0,0.0,1.5,1.0,0.0,2.5,2.5,2.5,0.0,0.0,0.0,2.5,3.0,0.0,2.5,0.0,0.0,1.0,0.0,0.0,0.0,0.0,0.0,0.0,2.0,0.0,0.0,0.0,0.0,1.0,0.0,0.0,0.0,2.5,0.0,1.5,2.0,1.5,2.5,2.5,4.0,2.5,4.0,0.0,0.0,3.5,0.0,0.0,1.5,1.0,2.0,2.0,1.0,0.0,0.0,0.0,0.0,0.0,0.0,0.0,0.0,4.0,0.0,0.0,0.0,0.0,0.0,0.0,0.0,0.0,3.5,3.5,0.0
Student_1204,3.0,4.0,3.5,1.5,2.5,3.0,2.0,0.0,3.5,2.0,3.0,2.5,3.0,2.0,3.0,0.0,0.0,2.5,2.5,3.0,4.0,0.0,0.0,0.0,4.0,0.0,3.0,4.0,3.0,3.0,0.0,0.0,0.0,3.5,0.0,0.0,0.0,0.0,0.0,0.0,3.0,1.5,4.0,0.0,0.0,0.0,0.0,0.0,0.0,0.0,0.0,0.0,0.0,0.0,0.0,4.0,0.0,3.0,2.0,4.0,1.5,4.0,4.0,3.0,4.0,0.0,0.0,4.0,0.0,0.0,0.0,3.0,2.0,0.0,3.5,0.0,0.0,0.0,0.0,0.0,0.0,0.0,0.0,0.0,0.0,4.0,0.0,0.0,0.0,0.0,0.0,0.0,3.0,4.0,0.0
Student_1205,3.0,3.5,3.0,2.5,2.0,3.5,1.5,2.0,2.0,1.0,3.0,3.0,3.5,1.5,2.5,3.5,1.0,1.0,3.5,1.5,0.0,0.0,0.0,0.0,2.0,3.5,0.0,1.5,2.5,3.5,0.0,0.0,0.0,0.0,0.0,3.0,1.0,0.0,0.0,2.5,3.0,0.0,2.5,0.0,1.5,0.0,0.0,0.0,0.0,0.0,1.5,0.0,0.0,0.0,0.0,4.0,0.0,2.0,1.5,2.0,2.0,2.5,4.0,2.0,4.0,0.0,0.0,3.5,0.0,1.0,0.0,2.0,3.0,2.0,2.5,0.0,0.0,0.0,0.0,0.0,0.0,0.0,0.0,0.0,0.0,0.0,0.0,4.0,0.0,0.0,0.0,0.0,3.5,4.0,0.0
Student_1206,3.5,4.0,0.0,0.0,0.0,0.0,0.0,0.0,0.0,0.0,0.0,0.0,0.0,0.0,0.0,0.0,0.0,0.0,0.0,0.0,0.0,0.0,0.0,0.0,0.0,0.0,0.0,0.0,0.0,0.0,0.0,0.0,0.0,0.0,0.0,0.0,0.0,0.0,0.0,0.0,0.0,0.0,0.0,0.0,0.0,0.0,0.0,0.0,0.0,0.0,0.0,0.0,0.0,0.0,0.0,0.0,0.0,0.0,0.0,0.0,0.0,0.0,0.0,0.0,0.0,0.0,0.0,0.0,0.0,0.0,0.0,3.5,2.5,0.0,0.0,0.0,0.0,0.0,0.0,0.0,0.0,0.0,0.0,0.0,0.0,0.0,0.0,0.0,0.0,0.0,0.0,0.0,3.5,2.5,0.0
Student_1207,4.0,3.0,0.0,0.0,0.0,0.0,0.0,0.0,0.0,0.0,0.0,0.0,0.0,0.0,0.0,0.0,0.0,0.0,0.0,0.0,0.0,0.0,0.0,0.0,0.0,0.0,0.0,0.0,0.0,0.0,0.0,0.0,0.0,0.0,0.0,0.0,0.0,0.0,0.0,0.0,0.0,0.0,0.0,0.0,0.0,0.0,0.0,0.0,0.0,0.0,0.0,0.0,0.0,0.0,0.0,0.0,0.0,0.0,0.0,0.0,0.0,0.0,0.0,0.0,0.0,0.0,0.0,0.0,0.0,0.0,0.0,2.0,1.0,2.5,0.0,0.0,0.0,0.0,0.0,0.0,0.0,0.0,0.0,0.0,0.0,0.0,0.0,0.0,0.0,0.0,0.0,0.0,2.0,2.0,0.0
Student_1208,4.0,4.0,4.0,4.0,4.0,4.0,4.0,0.0,4.0,3.5,3.0,4.0,3.0,3.5,2.5,3.5,3.5,4.0,4.0,3.5,0.0,0.0,0.0,0.0,3.0,1.0,3.5,3.5,3.5,4.0,0.0,0.0,0.0,4.0,0.0,3.5,0.0,0.0,0.0,0.0,4.0,0.0,3.0,0.0,0.0,0.0,0.0,0.0,0.0,0.0,0.0,3.0,0.0,0.0,0.0,4.0,0.0,2.0,2.5,1.5,3.5,3.5,4.0,3.5,4.0,0.0,0.0,4.0,0.0,0.0,3.5,4.0,3.5,4.0,3.0,0.0,0.0,0.0,0.0,0.0,0.0,4.0,0.0,0.0,0.0,0.0,0.0,0.0,0.0,0.0,0.0,0.0,4.0,4.0,0.0
Student_1209,0.0,0.0,0.0,0.0,0.0,0.0,0.0,0.0,0.0,0.0,0.0,0.0,3.0,0.0,2.0,0.0,0.0,2.0,1.0,2.0,0.0,0.0,0.0,0.0,0.0,2.0,0.0,4.0,1.5,1.0,0.0,2.0,1.0,0.0,2.0,0.0,0.0,0.0,0.0,2.0,0.0,0.0,0.0,0.0,0.0,0.0,0.0,0.0,2.5,0.0,0.0,0.0,0.0,0.0,0.0,3.5,0.0,0.0,0.0,0.0,0.0,0.0,0.0,0.0,0.0,0.0,0.0,3.5,0.0,0.0,0.0,0.0,0.0,0.0,0.0,0.0,0.0,0.0,0.0,0.0,0.0,3.0,0.0,0.0,0.0,0.0,0.0,0.0,0.0,0.0,0.0,0.0,0.0,4.0,0.0
Student_121,0.0,0.0,3.5,2.5,2.5,2.5,3.0,2.5,3.0,3.0,3.0,2.5,4.0,2.5,3.5,2.0,2.5,3.0,1.5,2.5,2.5,0.0,0.0,0.0,3.0,2.5,0.0,3.5,2.75,0.0,0.0,0.0,3.0,0.0,0.0,0.0,0.0,0.0,0.0,0.0,3.0,0.0,0.0,0.0,0.0,3.5,0.0,3.5,0.0,0.0,0.0,2.0,3.75,0.0,4.0,4.0,0.0,1.5,1.5,3.5,2.0,2.0,3.5,2.5,4.0,0.0,3.5,4.0,0.0,0.0,0.0,2.5,2.0,3.0,2.5,0.0,0.0,0.0,0.0,0.0,0.0,0.0,0.0,0.0,0.0,0.0,0.0,0.0,0.0,0.0,4.0,0.0,0.0,0.0,0.0
Student_1210,4.0,2.5,3.5,1.5,3.0,3.0,2.5,0.0,3.0,2.5,3.5,2.0,2.0,3.5,2.5,3.5,3.5,3.5,4.0,4.0,3.0,0.0,3.5,0.0,2.5,3.0,3.0,3.5,3.0,3.0,0.0,3.0,3.5,0.0,2.0,0.0,0.0,0.0,0.0,0.0,0.0,0.0,0.0,0.0,4.0,4.0,0.0,0.0,0.0,0.0,2.0,0.0,0.0,0.0,0.0,4.0,0.0,2.5,3.0,3.5,2.5,4.0,4.0,3.5,4.0,0.0,0.0,4.0,0.0,0.0,0.0,2.0,3.0,4.0,2.0,0.0,0.0,0.0,0.0,0.0,0.0,0.0,0.0,0.0,0.0,0.0,0.0,0.0,0.0,0.0,0.0,0.0,4.0,3.5,0.0
Student_1211,1.0,2.5,0.0,0.0,0.0,0.0,0.0,0.0,0.0,0.0,0.0,0.0,0.0,0.0,0.0,0.0,0.0,0.0,0.0,0.0,0.0,0.0,0.0,0.0,0.0,0.0,0.0,0.0,0.0,0.0,0.0,0.0,0.0,0.0,0.0,0.0,0.0,0.0,0.0,0.0,0.0,0.0,0.0,0.0,0.0,0.0,0.0,0.0,0.0,0.0,0.0,0.0,0.0,0.0,0.0,0.0,0.0,0.0,0.0,0.0,0.0,0.0,0.0,0.0,0.0,0.0,0.0,0.0,0.0,0.0,0.0,3.0,2.0,2.0,0.0,0.0,0.0,0.0,0.0,0.0,0.0,0.0,0.0,0.0,0.0,0.0,0.0,0.0,0.0,0.0,0.0,0.0,2.0,2.5,0.0
Student_1212,3.0,2.5,3.5,2.0,1.0,4.0,1.0,0.0,1.5,2.0,3.0,2.0,3.5,2.0,2.0,2.0,2.0,1.0,1.5,1.5,0.0,0.0,0.0,0.0,1.0,1.0,3.0,2.5,2.5,2.0,3.5,0.0,0.0,0.0,3.5,4.0,0.0,0.0,0.0,0.0,3.5,3.5,0.0,0.0,0.0,0.0,0.0,0.0,0.0,0.0,1.0,0.0,0.0,0.0,0.0,4.0,0.0,1.5,1.0,2.5,2.5,3.5,2.5,2.5,3.0,0.0,0.0,3.5,0.0,1.5,0.0,3.5,2.0,1.0,1.5,0.0,0.0,0.0,0.0,0.0,3.5,0.0,0.0,0.0,0.0,0.0,0.0,0.0,0.0,0.0,0.0,0.0,4.0,3.5,0.0
Student_1213,4.0,4.0,4.0,3.5,2.5,3.0,1.0,4.0,2.0,2.5,3.0,2.5,3.0,4.0,3.5,1.5,4.0,4.0,4.0,4.0,0.0,0.0,0.0,0.0,2.0,2.5,3.5,4.0,2.0,4.0,0.0,0.0,0.0,0.0,0.0,0.0,3.0,0.0,0.0,0.0,0.0,0.0,4.0,0.0,4.0,0.0,4.0,0.0,0.0,4.0,4.0,0.0,0.0,0.0,0.0,4.0,0.0,3.5,2.5,3.0,4.0,3.5,4.0,3.0,4.0,0.0,0.0,3.0,0.0,4.0,0.0,4.0,3.0,3.0,4.0,0.0,4.0,0.0,0.0,0.0,0.0,0.0,0.0,0.0,0.0,0.0,0.0,0.0,0.0,0.0,0.0,0.0,4.0,4.0,0.0
Student_1214,4.0,4.0,0.0,0.0,0.0,0.0,0.0,0.0,0.0,0.0,0.0,0.0,0.0,0.0,0.0,0.0,0.0,0.0,0.0,0.0,0.0,0.0,0.0,0.0,0.0,0.0,0.0,0.0,0.0,0.0,0.0,0.0,0.0,0.0,0.0,0.0,0.0,0.0,0.0,0.0,0.0,0.0,0.0,0.0,0.0,0.0,0.0,0.0,0.0,0.0,0.0,0.0,0.0,0.0,0.0,0.0,0.0,0.0,0.0,0.0,0.0,0.0,0.0,0.0,0.0,0.0,0.0,0.0,0.0,0.0,0.0,4.0,4.0,0.0,0.0,0.0,0.0,0.0,0.0,0.0,0.0,0.0,0.0,0.0,0.0,0.0,0.0,0.0,0.0,0.0,0.0,0.0,3.5,3.0,0.0
Student_1215,0.0,4.0,4.0,3.0,3.0,2.5,2.0,2.5,2.5,1.0,3.0,3.0,2.5,2.5,2.5,2.5,3.0,2.0,2.0,2.0,2.0,0.0,0.0,0.0,1.5,1.5,0.0,3.0,1.5,0.0,0.0,2.0,0.0,0.0,0.0,0.0,0.0,0.0,0.0,0.0,2.0,0.0,0.0,0.0,0.0,2.5,0.0,0.0,2.5,0.0,2.5,0.0,0.0,3.5,4.0,4.0,0.0,2.0,3.0,4.0,4.0,2.5,4.0,2.5,4.0,0.0,3.0,3.5,0.0,0.0,0.0,4.0,4.0,3.5,4.0,0.0,0.0,0.0,3.5,0.0,0.0,0.0,0.0,0.0,0.0,0.0,0.0,0.0,0.0,0.0,0.0,0.0,3.0,3.5,0.0
Student_1216,4.0,4.0,3.0,4.0,2.5,4.0,3.0,0.0,3.5,2.5,3.0,2.5,2.5,2.0,3.0,2.0,1.0,1.5,1.5,3.0,0.0,0.0,0.0,0.0,3.5,3.0,3.5,2.0,1.5,1.5,0.0,0.0,0.0,3.5,1.5,0.0,0.0,0.0,0.0,0.0,2.0,4.0,2.0,0.0,0.0,0.0,0.0,0.0,0.0,0.0,0.0,1.5,0.0,0.0,0.0,3.0,0.0,2.5,1.0,2.0,3.0,2.5,3.5,3.0,3.5,0.0,0.0,4.0,0.0,0.0,2.0,3.0,3.5,2.0,3.5,0.0,4.0,0.0,0.0,0.0,0.0,0.0,0.0,0.0,0.0,0.0,0.0,0.0,0.0,0.0,0.0,0.0,3.5,4.0,0.0
Student_1217,4.0,3.0,0.0,0.0,0.0,0.0,0.0,0.0,1.0,0.0,2.5,0.0,0.0,0.0,0.0,0.0,0.0,0.0,0.0,0.0,0.0,0.0,0.0,0.0,0.0,0.0,0.0,0.0,0.0,0.0,0.0,0.0,0.0,0.0,0.0,0.0,0.0,0.0,0.0,0.0,0.0,0.0,0.0,0.0,0.0,0.0,0.0,0.0,0.0,0.0,0.0,0.0,0.0,0.0,0.0,0.0,0.0,0.0,0.0,0.0,0.0,0.0,0.0,0.0,0.0,0.0,0.0,0.0,0.0,0.0,0.0,2.5,2.0,0.0,0.0,0.0,0.0,0.0,0.0,0.0,0.0,0.0,0.0,0.0,0.0,0.0,0.0,0.0,0.0,0.0,0.0,0.0,4.0,2.0,0.0
Student_1218,4.0,3.5,4.0,3.0,2.5,3.0,3.5,3.5,2.0,2.5,3.5,2.5,1.5,2.0,2.5,2.5,3.0,2.0,3.0,2.0,2.5,0.0,0.0,0.0,2.5,2.5,0.0,2.0,1.0,0.0,0.0,0.0,1.0,0.0,0.0,0.0,0.0,0.0,0.0,0.0,2.0,0.0,4.0,0.0,0.0,3.5,0.0,0.0,0.0,0.0,0.0,0.0,0.0,3.0,4.0,4.0,0.0,2.5,2.5,4.0,3.0,3.0,4.0,3.5,4.0,0.0,4.0,4.0,0.0,0.0,0.0,2.5,2.0,3.5,3.5,0.0,0.0,0.0,0.0,0.0,0.0,0.0,0.0,0.0,0.0,0.0,0.0,0.0,0.0,0.0,4.0,0.0,4.0,4.0,3.75
Student_1219,4.0,4.0,2.5,4.0,1.0,3.5,3.0,4.0,3.0,2.0,3.0,2.5,2.5,2.5,2.5,3.5,3.5,3.0,3.0,3.5,3.0,0.0,0.0,0.0,4.0,3.5,3.0,3.0,3.25,0.0,0.0,0.0,3.25,0.0,0.0,0.0,0.0,0.0,0.0,0.0,0.0,0.0,0.0,0.0,0.0,0.0,0.0,4.0,4.0,0.0,3.25,0.0,0.0,0.0,4.0,4.0,0.0,3.0,2.5,4.0,3.5,4.0,4.0,4.0,4.0,0.0,4.0,4.0,0.0,0.0,4.0,4.0,4.0,4.0,3.5,0.0,0.0,0.0,0.0,0.0,0.0,0.0,0.0,0.0,0.0,0.0,0.0,0.0,0.0,0.0,0.0,0.0,4.0,4.0,0.0
Student_122,2.0,2.5,4.0,2.5,3.0,3.5,3.0,2.5,2.5,4.0,3.0,2.0,2.5,3.5,4.0,3.0,4.0,3.0,3.0,2.5,0.0,0.0,4.0,0.0,3.0,3.0,3.0,3.0,3.5,3.5,0.0,2.5,0.0,0.0,0.0,0.0,0.0,4.0,0.0,0.0,0.0,0.0,0.0,0.0,4.0,4.0,0.0,0.0,0.0,0.0,0.0,0.0,4.0,0.0,0.0,4.0,0.0,1.0,3.0,3.0,3.0,4.0,4.0,3.5,4.0,0.0,0.0,4.0,0.0,0.0,1.5,3.0,2.0,2.0,3.5,0.0,0.0,0.0,0.0,0.0,0.0,0.0,0.0,0.0,0.0,0.0,0.0,0.0,0.0,0.0,0.0,0.0,3.0,3.5,0.0
Student_1220,2.5,3.0,0.0,0.0,0.0,0.0,0.0,0.0,0.0,0.0,0.0,0.0,0.0,0.0,0.0,0.0,0.0,0.0,0.0,0.0,0.0,0.0,0.0,0.0,0.0,0.0,0.0,0.0,0.0,0.0,0.0,0.0,0.0,0.0,0.0,0.0,0.0,0.0,0.0,0.0,0.0,0.0,0.0,0.0,0.0,0.0,0.0,0.0,0.0,0.0,0.0,0.0,0.0,0.0,0.0,0.0,0.0,0.0,0.0,0.0,0.0,0.0,0.0,0.0,0.0,0.0,0.0,0.0,0.0,0.0,0.0,4.0,2.5,0.0,0.0,0.0,0.0,0.0,0.0,0.0,0.0,0.0,0.0,0.0,0.0,0.0,0.0,0.0,0.0,0.0,0.0,0.0,2.5,3.0,0.0
Student_1221,3.0,3.0,0.0,3.0,0.0,0.0,0.0,0.0,0.0,0.0,0.0,0.0,0.0,0.0,0.0,0.0,0.0,0.0,0.0,0.0,0.0,0.0,0.0,0.0,0.0,0.0,0.0,0.0,0.0,0.0,0.0,0.0,0.0,0.0,0.0,0.0,0.0,0.0,0.0,0.0,0.0,0.0,0.0,0.0,0.0,0.0,0.0,0.0,0.0,0.0,0.0,0.0,0.0,0.0,0.0,0.0,0.0,0.0,0.0,0.0,0.0,0.0,0.0,0.0,0.0,0.0,0.0,0.0,0.0,0.0,0.0,3.0,3.5,0.0,0.0,0.0,0.0,0.0,0.0,0.0,0.0,0.0,0.0,0.0,0.0,0.0,0.0,0.0,0.0,0.0,0.0,0.0,3.0,4.0,0.0
Student_1222,0.0,4.0,3.0,1.0,2.5,3.0,2.0,4.0,2.0,2.0,2.0,3.5,3.0,1.5,2.0,1.0,2.5,1.5,1.0,1.0,0.0,0.0,0.0,0.0,2.5,1.0,0.0,3.5,1.5,3.0,0.0,2.0,0.0,0.0,0.0,0.0,0.0,2.5,0.0,0.0,3.0,0.0,0.0,0.0,0.0,2.0,1.5,0.0,0.0,2.5,2.0,0.0,0.0,0.0,0.0,3.5,0.0,2.0,1.5,2.5,2.5,3.5,4.0,3.5,4.0,0.0,0.0,3.5,0.0,0.0,4.0,2.0,4.0,0.0,0.0,0.0,0.0,0.0,0.0,0.0,0.0,0.0,0.0,0.0,0.0,0.0,0.0,0.0,0.0,0.0,0.0,0.0,3.5,0.0,0.0
Student_1223,3.5,4.0,0.0,0.0,0.0,0.0,0.0,0.0,0.0,0.0,0.0,0.0,0.0,0.0,0.0,0.0,0.0,0.0,0.0,0.0,0.0,0.0,0.0,0.0,0.0,0.0,0.0,0.0,0.0,0.0,0.0,0.0,0.0,0.0,0.0,0.0,0.0,0.0,0.0,0.0,0.0,0.0,0.0,0.0,0.0,0.0,0.0,0.0,0.0,0.0,0.0,0.0,0.0,0.0,0.0,0.0,0.0,0.0,0.0,0.0,0.0,0.0,0.0,0.0,0.0,0.0,0.0,0.0,0.0,0.0,0.0,3.5,4.0,0.0,0.0,0.0,0.0,0.0,0.0,0.0,0.0,0.0,0.0,0.0,0.0,0.0,0.0,0.0,0.0,0.0,0.0,0.0,4.0,4.0,0.0
Student_1224,4.0,4.0,3.5,2.5,3.5,4.0,3.0,0.0,2.5,2.0,2.0,2.5,3.5,1.5,2.5,3.0,2.0,1.0,3.0,2.5,0.0,0.0,0.0,0.0,3.0,2.0,3.0,3.5,2.5,3.5,0.0,0.0,0.0,0.0,4.0,2.5,0.0,0.0,0.0,0.0,0.0,0.0,0.0,0.0,0.0,0.0,0.0,0.0,0.0,0.0,2.5,2.5,3.0,0.0,0.0,3.0,0.0,2.5,3.0,4.0,3.0,4.0,4.0,4.0,4.0,0.0,0.0,3.5,0.0,2.5,3.0,3.5,3.5,3.5,2.0,0.0,0.0,0.0,0.0,0.0,4.0,0.0,0.0,0.0,0.0,0.0,0.0,0.0,0.0,0.0,0.0,0.0,3.5,4.0,0.0
Student_1225,0.0,0.0,3.5,0.0,0.0,4.0,0.0,0.0,4.0,0.0,0.0,0.0,3.5,0.0,0.0,0.0,0.0,2.0,3.0,0.0,0.0,0.0,0.0,0.0,3.0,1.0,0.0,3.5,3.0,2.5,0.0,0.0,3.0,0.0,0.0,0.0,0.0,0.0,0.0,0.0,4.0,0.0,0.0,0.0,0.0,2.5,0.0,0.0,0.0,0.0,0.0,2.5,4.0,0.0,0.0,4.0,0.0,0.0,2.5,4.0,2.0,0.0,0.0,0.0,0.0,0.0,0.0,3.5,0.0,0.0,0.0,0.0,0.0,0.0,0.0,0.0,0.0,0.0,0.0,0.0,0.0,0.0,0.0,0.0,0.0,0.0,0.0,0.0,0.0,0.0,0.0,0.0,0.0,0.0,0.0
Student_1226,2.0,2.5,3.5,4.0,3.5,4.0,4.0,0.0,3.0,4.0,4.0,3.0,2.0,3.0,3.5,3.0,3.0,3.5,4.0,4.0,0.0,0.0,4.0,0.0,4.0,3.5,0.0,3.5,2.5,3.5,2.5,4.0,0.0,3.5,0.0,0.0,0.0,0.0,0.0,0.0,2.5,3.5,3.5,0.0,0.0,0.0,0.0,0.0,0.0,0.0,0.0,0.0,0.0,0.0,0.0,4.0,0.0,4.0,3.0,2.0,4.0,4.0,4.0,4.0,4.0,0.0,0.0,4.0,0.0,0.0,3.0,4.0,3.5,4.0,4.0,0.0,0.0,0.0,0.0,0.0,0.0,0.0,0.0,0.0,0.0,0.0,0.0,0.0,0.0,0.0,0.0,0.0,2.0,3.5,0.0
Student_1227,3.0,2.5,3.5,3.0,3.0,3.0,3.0,4.0,3.5,3.5,3.0,2.5,2.0,3.5,3.5,1.0,4.0,1.5,3.0,3.0,2.5,0.0,0.0,0.0,2.5,1.0,0.0,4.0,2.5,3.0,0.0,3.0,2.5,0.0,0.0,0.0,0.0,0.0,0.0,0.0,3.5,0.0,0.0,0.0,0.0,3.5,3.0,0.0,3.5,3.0,0.0,0.0,0.0,0.0,0.0,4.0,0.0,3.5,2.5,3.0,3.5,4.0,3.5,4.0,4.0,0.0,0.0,4.0,0.0,0.0,0.0,3.0,3.0,4.0,2.5,0.0,0.0,0.0,0.0,0.0,0.0,0.0,0.0,0.0,0.0,0.0,0.0,0.0,0.0,0.0,2.5,0.0,3.5,4.0,0.0
Student_1228,3.5,0.0,4.0,4.0,2.5,4.0,4.0,3.5,2.5,2.5,2.0,3.5,4.0,3.5,3.5,3.5,3.0,2.5,3.5,2.0,0.0,0.0,0.0,2.5,4.0,3.5,0.0,3.0,2.5,0.0,0.0,0.0,2.5,0.0,0.0,0.0,0.0,0.0,0.0,0.0,0.0,0.0,0.0,0.0,2.5,4.0,0.0,3.25,4.0,0.0,0.0,0.0,0.0,0.0,4.0,4.0,0.0,4.0,4.0,2.5,4.0,4.0,4.0,4.0,4.0,0.0,4.0,4.0,0.0,0.0,3.5,3.5,4.0,2.5,4.0,0.0,0.0,0.0,0.0,0.0,0.0,0.0,0.0,0.0,0.0,0.0,0.0,0.0,0.0,0.0,0.0,0.0,4.0,0.0,0.0
Student_1229,4.0,4.0,3.5,3.0,3.0,3.0,3.0,3.5,4.0,2.5,4.0,3.0,4.0,4.0,2.5,3.0,3.5,3.0,4.0,4.0,3.5,0.0,0.0,0.0,4.0,4.0,0.0,4.0,4.0,0.0,0.0,0.0,3.5,0.0,0.0,0.0,0.0,0.0,0.0,0.0,3.0,0.0,0.0,0.0,0.0,4.0,3.0,0.0,4.0,0.0,0.0,0.0,0.0,3.5,4.0,4.0,4.0,3.0,2.5,4.0,4.0,3.5,4.0,3.5,4.0,0.0,0.0,4.0,0.0,0.0,0.0,2.5,3.0,3.5,3.0,0.0,0.0,0.0,0.0,0.0,0.0,0.0,0.0,0.0,0.0,0.0,0.0,0.0,0.0,0.0,4.0,0.0,3.0,2.5,0.0
Student_123,3.0,3.0,3.5,3.5,2.5,4.0,2.0,0.0,3.5,2.5,3.5,3.5,4.0,3.0,2.5,3.0,2.0,2.5,4.0,3.5,3.0,0.0,0.0,0.0,3.5,2.5,0.0,3.5,1.5,3.5,0.0,3.5,2.5,0.0,4.0,0.0,0.0,0.0,0.0,0.0,0.0,3.5,0.0,0.0,0.0,3.5,4.0,0.0,0.0,0.0,0.0,0.0,0.0,0.0,0.0,4.0,0.0,2.0,2.5,1.5,4.0,4.0,4.0,3.5,4.0,0.0,0.0,4.0,0.0,0.0,0.0,4.0,3.5,3.5,3.5,0.0,0.0,0.0,0.0,0.0,0.0,0.0,0.0,0.0,0.0,0.0,4.0,0.0,0.0,0.0,0.0,0.0,3.0,3.0,0.0
Student_1230,4.0,3.5,3.0,2.5,1.0,3.0,1.0,0.0,2.0,2.5,3.0,2.0,3.0,3.5,2.5,1.0,2.0,2.0,2.0,1.0,1.5,0.0,1.5,0.0,2.5,1.0,4.0,1.0,1.5,2.5,0.0,2.0,0.0,0.0,3.5,3.0,0.0,0.0,0.0,0.0,0.0,0.0,0.0,0.0,0.0,0.0,0.0,1.0,0.0,3.0,0.0,0.0,0.0,0.0,0.0,4.0,0.0,2.5,1.5,2.0,3.0,3.0,4.0,3.0,4.0,0.0,0.0,3.5,0.0,0.0,2.5,3.0,2.0,1.5,2.5,0.0,0.0,0.0,0.0,0.0,0.0,0.0,0.0,0.0,0.0,0.0,0.0,0.0,0.0,0.0,0.0,0.0,3.0,3.5,0.0
Student_1231,3.5,3.0,4.0,3.0,2.0,4.0,4.0,2.5,3.5,1.5,3.0,1.0,4.0,4.0,3.0,3.5,3.5,2.5,4.0,3.5,0.0,0.0,0.0,0.0,4.0,3.0,3.0,3.5,3.25,0.0,0.0,0.0,3.0,0.0,0.0,0.0,0.0,0.0,0.0,0.0,3.5,0.0,0.0,0.0,0.0,0.0,0.0,2.5,3.25,0.0,0.0,3.75,0.0,0.0,4.0,4.0,0.0,2.0,3.0,4.0,4.0,3.5,4.0,2.5,4.0,0.0,4.0,4.0,0.0,0.0,3.0,3.5,4.0,3.0,2.0,0.0,0.0,0.0,0.0,0.0,0.0,0.0,0.0,0.0,0.0,0.0,0.0,0.0,0.0,0.0,0.0,0.0,4.0,2.5,0.0
Student_1232,0.0,0.0,2.5,4.0,3.5,4.0,3.0,4.0,3.0,3.25,3.5,2.5,3.5,3.0,3.5,3.0,3.5,1.5,3.25,1.25,0.0,3.5,0.0,0.0,2.5,3.0,2.5,3.5,3.0,0.0,0.0,3.0,0.0,0.0,0.0,0.0,0.0,0.0,0.0,0.0,0.0,1.5,1.0,0.0,0.0,3.5,0.0,0.0,3.25,0.0,0.0,0.0,0.0,0.0,4.0,4.0,0.0,3.0,1.75,3.5,4.0,3.5,4.0,2.5,4.0,4.0,4.0,4.0,0.0,0.0,0.0,3.5,3.5,3.75,4.0,0.0,0.0,0.0,0.0,0.0,0.0,0.0,0.0,0.0,0.0,0.0,0.0,0.0,0.0,0.0,0.0,0.0,0.0,0.0,0.0
Student_1233,3.5,4.0,3.0,3.0,2.5,4.0,2.0,0.0,2.5,2.0,3.5,2.0,4.0,4.0,4.0,2.5,2.0,3.0,2.0,2.0,0.0,0.0,0.0,0.0,2.5,1.5,2.0,3.0,2.5,2.5,2.0,2.0,0.0,0.0,0.0,1.5,0.0,2.5,0.0,0.0,3.0,0.0,4.0,0.0,0.0,0.0,0.0,0.0,0.0,0.0,0.0,0.0,0.0,0.0,0.0,3.5,0.0,2.0,2.0,1.0,4.0,2.5,3.5,2.0,4.0,0.0,0.0,3.0,0.0,2.0,0.0,3.0,1.0,3.0,2.0,0.0,3.0,0.0,0.0,0.0,0.0,0.0,0.0,0.0,0.0,0.0,0.0,0.0,0.0,0.0,0.0,0.0,2.0,3.5,0.0
Student_1234,3.0,3.5,3.0,3.5,2.0,4.0,2.5,2.5,1.5,2.5,3.0,2.5,3.0,2.0,2.0,3.0,3.0,3.0,4.0,3.5,3.0,0.0,0.0,0.0,3.5,4.0,0.0,3.5,2.5,0.0,0.0,0.0,3.5,0.0,0.0,0.0,0.0,0.0,0.0,0.0,4.0,0.0,0.0,0.0,4.0,3.5,0.0,0.0,4.0,3.0,0.0,0.0,0.0,0.0,3.5,4.0,4.0,2.5,1.5,3.5,3.0,3.0,3.0,2.5,4.0,0.0,0.0,4.0,0.0,0.0,0.0,2.5,2.0,4.0,4.0,0.0,3.5,0.0,0.0,0.0,0.0,0.0,0.0,0.0,0.0,0.0,0.0,0.0,0.0,0.0,0.0,0.0,4.0,4.0,0.0
Student_1235,4.0,4.0,3.0,3.5,3.0,3.0,4.0,4.0,4.0,4.0,4.0,3.5,3.5,3.0,3.0,4.0,4.0,4.0,4.0,4.0,0.0,0.0,0.0,0.0,4.0,4.0,4.0,4.0,4.0,4.0,0.0,4.0,4.0,0.0,0.0,0.0,0.0,0.0,0.0,0.0,0.0,0.0,0.0,0.0,0.0,3.5,4.0,4.0,4.0,0.0,0.0,0.0,0.0,0.0,0.0,4.0,0.0,4.0,2.5,4.0,4.0,3.5,4.0,3.5,4.0,0.0,0.0,3.0,0.0,4.0,0.0,3.5,4.0,4.0,2.5,0.0,0.0,0.0,0.0,0.0,0.0,0.0,0.0,0.0,0.0,0.0,4.0,0.0,0.0,0.0,0.0,0.0,4.0,3.5,0.0
Student_1236,4.0,3.5,4.0,4.0,3.5,4.0,3.5,2.0,4.0,4.0,3.0,2.5,3.0,3.0,3.5,3.5,3.5,2.5,4.0,4.0,0.0,0.0,0.0,0.0,3.5,2.5,0.0,4.0,1.5,3.0,0.0,0.0,3.5,0.0,0.0,0.0,0.0,0.0,0.0,0.0,2.0,0.0,0.0,0.0,0.0,3.5,3.0,2.5,0.0,0.0,0.0,0.0,0.0,0.0,4.0,4.0,4.0,3.5,2.5,3.5,4.0,2.5,4.0,3.5,4.0,0.0,4.0,4.0,0.0,2.0,0.0,4.0,3.0,4.0,3.5,0.0,0.0,0.0,0.0,0.0,0.0,0.0,0.0,0.0,0.0,0.0,0.0,4.0,0.0,0.0,0.0,0.0,3.0,4.0,0.0
Student_1237,0.0,3.5,2.5,4.0,3.5,3.5,1.5,3.5,2.5,2.0,3.5,2.75,2.5,2.5,3.0,3.5,3.5,2.5,1.5,3.5,2.5,0.0,0.0,0.0,3.0,2.5,3.0,3.0,4.0,0.0,0.0,0.0,0.0,0.0,0.0,0.0,0.0,0.0,0.0,0.0,3.0,0.0,0.0,0.0,0.0,0.0,0.0,4.0,4.0,0.0,0.0,3.25,0.0,3.5,4.0,4.0,0.0,2.0,3.0,3.5,3.0,2.5,3.5,3.0,4.0,0.0,3.5,4.0,0.0,0.0,0.0,3.5,3.0,3.5,1.5,0.0,0.0,0.0,0.0,0.0,0.0,0.0,0.0,0.0,0.0,0.0,4.0,0.0,0.0,0.0,0.0,0.0,0.0,3.0,0.0
Student_1238,4.0,4.0,2.5,2.0,2.0,2.0,4.0,0.0,3.0,3.5,3.5,2.5,2.5,2.5,3.5,3.0,3.0,2.0,3.5,4.0,0.0,0.0,0.0,0.0,3.0,3.5,2.5,1.0,3.0,2.5,0.0,0.0,3.5,0.0,0.0,4.0,0.0,0.0,0.0,0.0,0.0,0.0,0.0,0.0,3.5,3.5,0.0,3.5,0.0,0.0,0.0,2.0,0.0,0.0,0.0,4.0,0.0,3.5,2.5,3.0,4.0,3.5,4.0,3.0,4.0,0.0,0.0,3.5,0.0,0.0,2.5,3.5,3.5,3.0,3.5,0.0,3.5,0.0,0.0,0.0,0.0,0.0,0.0,0.0,0.0,0.0,0.0,0.0,0.0,0.0,0.0,0.0,3.5,4.0,0.0
Student_1239,0.0,0.0,3.0,3.0,3.0,2.5,4.0,4.0,3.5,4.0,3.5,4.0,2.75,3.0,3.0,3.75,3.75,3.0,3.5,3.25,0.0,0.0,0.0,0.0,3.25,3.75,3.75,4.0,3.5,0.0,0.0,0.0,2.0,0.0,0.0,0.0,3.5,0.0,0.0,0.0,0.0,0.0,0.0,0.0,0.0,4.0,0.0,4.0,0.0,3.75,0.0,0.0,0.0,0.0,4.0,4.0,0.0,3.25,3.5,4.0,3.5,4.0,4.0,4.0,4.0,4.0,4.0,3.75,0.0,0.0,0.0,4.0,4.0,4.0,4.0,0.0,0.0,0.0,3.5,0.0,0.0,0.0,0.0,0.0,0.0,0.0,0.0,0.0,0.0,0.0,0.0,0.0,0.0,0.0,0.0
Student_124,0.0,0.0,3.0,3.5,4.0,4.0,4.0,4.0,3.0,3.0,3.5,4.0,4.0,4.0,3.0,3.5,4.0,3.75,4.0,3.0,0.0,0.0,0.0,0.0,3.75,4.0,4.0,3.5,3.75,0.0,0.0,0.0,4.0,0.0,0.0,0.0,0.0,0.0,0.0,0.0,4.0,0.0,0.0,0.0,3.75,4.0,0.0,0.0,4.0,0.0,0.0,0.0,0.0,0.0,4.0,4.0,0.0,4.0,4.0,4.0,4.0,4.0,4.0,4.0,4.0,0.0,4.0,4.0,0.0,0.0,0.0,4.0,4.0,4.0,4.0,0.0,0.0,0.0,4.0,0.0,0.0,0.0,0.0,0.0,0.0,0.0,0.0,0.0,0.0,0.0,0.0,0.0,0.0,0.0,4.0
Student_1240,2.5,3.0,0.0,0.0,0.0,0.0,0.0,0.0,2.5,0.0,1.5,0.0,0.0,0.0,0.0,0.0,0.0,0.0,0.0,0.0,0.0,0.0,0.0,0.0,0.0,0.0,0.0,0.0,0.0,0.0,0.0,0.0,0.0,0.0,0.0,0.0,0.0,0.0,0.0,0.0,0.0,0.0,0.0,0.0,0.0,0.0,0.0,0.0,0.0,0.0,0.0,0.0,0.0,0.0,0.0,0.0,0.0,0.0,0.0,0.0,0.0,0.0,0.0,0.0,0.0,0.0,0.0,0.0,0.0,0.0,0.0,3.5,4.0,0.0,0.0,0.0,0.0,0.0,0.0,0.0,0.0,0.0,0.0,0.0,0.0,0.0,0.0,0.0,0.0,0.0,0.0,0.0,3.5,4.0,0.0
Student_1241,3.5,4.0,3.0,3.0,4.0,3.5,3.5,4.0,3.5,3.5,4.0,3.5,4.0,3.5,3.5,3.0,4.0,3.0,3.5,2.5,0.0,0.0,0.0,0.0,4.0,3.0,4.0,3.5,3.0,3.0,0.0,2.5,0.0,0.0,0.0,0.0,0.0,0.0,0.0,0.0,2.5,0.0,0.0,0.0,0.0,0.0,0.0,0.0,0.0,0.0,0.0,0.0,2.5,4.0,4.0,4.0,0.0,3.0,4.0,4.0,4.0,4.0,4.0,4.0,4.0,0.0,4.0,4.0,0.0,0.0,2.5,4.0,2.5,2.5,2.5,0.0,0.0,0.0,0.0,0.0,0.0,0.0,0.0,0.0,0.0,0.0,0.0,0.0,0.0,0.0,2.0,0.0,4.0,4.0,0.0
Student_1242,3.5,4.0,1.5,1.5,2.0,4.0,3.0,0.0,4.0,3.5,3.5,3.0,2.5,3.5,2.5,4.0,3.5,2.5,4.0,4.0,0.0,0.0,0.0,0.0,4.0,3.5,4.0,4.0,2.5,2.5,0.0,3.0,4.0,0.0,0.0,0.0,0.0,0.0,0.0,0.0,4.0,0.0,0.0,3.5,0.0,0.0,2.5,0.0,0.0,0.0,0.0,0.0,4.0,0.0,0.0,4.0,0.0,3.0,3.0,3.0,4.0,2.5,3.5,3.0,4.0,0.0,0.0,3.5,0.0,0.0,4.0,2.0,2.5,3.5,3.0,0.0,3.0,0.0,0.0,0.0,0.0,0.0,0.0,0.0,0.0,0.0,0.0,0.0,0.0,0.0,0.0,0.0,3.5,4.0,0.0
Student_1243,2.5,3.5,0.0,0.0,0.0,0.0,0.0,0.0,0.0,0.0,0.0,0.0,0.0,0.0,0.0,0.0,0.0,0.0,0.0,0.0,0.0,0.0,0.0,0.0,0.0,0.0,0.0,0.0,0.0,0.0,0.0,0.0,0.0,0.0,0.0,0.0,0.0,0.0,0.0,0.0,0.0,0.0,0.0,0.0,0.0,0.0,0.0,0.0,0.0,0.0,0.0,0.0,0.0,0.0,0.0,0.0,0.0,0.0,0.0,0.0,0.0,0.0,0.0,0.0,0.0,0.0,0.0,0.0,0.0,0.0,0.0,3.0,2.0,0.0,0.0,0.0,0.0,0.0,0.0,0.0,0.0,0.0,0.0,0.0,0.0,0.0,0.0,0.0,0.0,0.0,0.0,0.0,3.0,2.5,0.0
Student_1244,0.0,0.0,3.0,2.0,1.5,3.5,1.5,3.0,1.5,1.5,2.5,2.0,4.0,2.5,1.5,2.5,3.5,1.0,2.25,2.25,2.25,0.0,0.0,0.0,3.75,1.75,0.0,3.5,1.0,0.0,0.0,0.0,0.0,0.0,0.0,0.0,0.0,0.0,0.0,0.0,1.5,0.0,0.0,0.0,1.75,1.5,0.0,0.0,2.0,2.25,0.0,0.0,0.0,2.5,4.0,4.0,0.0,2.5,2.0,2.75,2.5,4.0,4.0,3.5,3.0,4.0,4.0,1.5,0.0,0.0,0.0,4.0,3.0,3.0,3.0,0.0,0.0,0.0,2.0,0.0,0.0,0.0,0.0,0.0,0.0,0.0,0.0,0.0,0.0,0.0,0.0,0.0,0.0,0.0,0.0
Student_1245,4.0,4.0,4.0,3.5,4.0,3.5,4.0,4.0,4.0,4.0,4.0,4.0,4.0,4.0,3.0,3.5,4.0,4.0,4.0,4.0,4.0,0.0,0.0,0.0,4.0,4.0,0.0,4.0,4.0,0.0,0.0,4.0,0.0,0.0,0.0,0.0,0.0,0.0,0.0,0.0,3.5,0.0,0.0,0.0,4.0,4.0,0.0,4.0,0.0,0.0,3.5,0.0,0.0,0.0,4.0,4.0,4.0,4.0,4.0,4.0,0.0,4.0,4.0,4.0,4.0,0.0,4.0,4.0,0.0,0.0,0.0,4.0,4.0,4.0,3.5,4.0,0.0,0.0,0.0,0.0,0.0,0.0,0.0,0.0,0.0,0.0,0.0,0.0,0.0,0.0,0.0,0.0,4.0,4.0,0.0
Student_1246,0.0,4.0,3.5,2.0,3.0,4.0,3.5,3.5,2.0,2.5,1.5,3.5,3.0,3.0,3.0,3.5,3.5,3.0,3.0,3.0,3.0,0.0,0.0,0.0,4.0,3.5,0.0,3.5,3.5,0.0,0.0,0.0,2.75,0.0,0.0,0.0,0.0,0.0,0.0,0.0,2.5,0.0,0.0,0.0,2.0,4.0,0.0,0.0,0.0,3.0,0.0,3.75,0.0,0.0,4.0,4.0,0.0,2.5,2.5,3.5,4.0,3.5,4.0,2.5,4.0,0.0,4.0,3.5,0.0,0.0,0.0,2.0,3.5,4.0,2.5,0.0,0.0,0.0,0.0,4.0,0.0,0.0,0.0,0.0,0.0,0.0,0.0,0.0,0.0,0.0,0.0,0.0,4.0,4.0,0.0
Student_1247,0.0,0.0,0.0,3.0,1.5,2.5,2.0,2.0,3.5,2.5,3.0,2.0,1.5,2.5,3.0,1.5,2.5,3.5,2.5,1.5,0.0,0.0,0.0,0.0,2.5,1.0,4.0,3.0,4.0,2.5,0.0,0.0,2.5,0.0,0.0,0.0,4.0,0.0,0.0,0.0,2.0,0.0,0.0,0.0,0.0,0.0,3.5,2.5,0.0,2.5,2.5,0.0,0.0,0.0,0.0,4.0,0.0,1.5,1.5,4.0,0.0,3.0,3.5,4.0,3.5,0.0,0.0,3.5,0.0,0.0,0.0,0.0,2.0,1.5,2.0,0.0,0.0,0.0,0.0,0.0,0.0,0.0,0.0,0.0,0.0,0.0,0.0,0.0,0.0,0.0,4.0,0.0,0.0,0.0,0.0
Student_1248,4.0,4.0,4.0,4.0,3.5,4.0,3.5,3.5,4.0,2.5,4.0,0.0,2.25,3.5,3.5,3.5,4.0,2.5,3.5,3.0,0.0,0.0,0.0,0.0,3.0,3.0,4.0,4.0,4.0,0.0,0.0,4.0,0.0,0.0,0.0,0.0,3.0,0.0,0.0,0.0,0.0,0.0,0.0,0.0,3.0,0.0,0.0,3.5,0.0,3.5,0.0,0.0,0.0,0.0,3.75,4.0,0.0,3.0,3.0,3.5,4.0,0.0,0.0,4.0,4.0,0.0,4.0,4.0,0.0,2.5,0.0,0.0,0.0,3.5,3.5,0.0,0.0,0.0,0.0,0.0,0.0,0.0,0.0,0.0,0.0,0.0,0.0,0.0,0.0,0.0,0.0,0.0,4.0,4.0,0.0
Student_1249,1.5,3.0,2.5,2.0,2.5,3.0,1.0,0.0,2.5,1.5,3.0,1.0,1.5,2.5,2.0,2.5,1.5,1.5,3.0,3.0,0.0,0.0,2.0,0.0,2.5,1.0,2.0,3.0,3.5,2.5,0.0,2.5,1.5,0.0,0.0,0.0,0.0,3.0,0.0,0.0,3.0,0.0,0.0,0.0,0.0,0.0,0.0,0.0,2.5,0.0,0.0,0.0,0.0,2.0,0.0,3.0,0.0,2.0,2.5,3.0,2.5,3.0,4.0,3.5,4.0,0.0,0.0,2.0,0.0,1.5,0.0,1.5,2.5,1.5,2.0,0.0,0.0,0.0,0.0,0.0,0.0,0.0,0.0,0.0,0.0,0.0,0.0,0.0,0.0,0.0,0.0,0.0,2.0,2.5,0.0
Student_125,0.0,0.0,2.5,3.0,3.0,4.0,3.0,3.75,2.75,3.25,3.0,2.75,3.25,3.5,3.5,3.75,3.25,2.75,3.25,2.75,0.0,0.0,0.0,0.0,3.0,2.75,2.0,3.75,3.5,0.0,0.0,0.0,2.5,0.0,0.0,0.0,3.5,0.0,0.0,0.0,0.0,0.0,0.0,0.0,0.0,3.25,0.0,3.5,0.0,3.0,0.0,0.0,0.0,0.0,4.0,4.0,0.0,2.0,2.75,4.0,3.25,4.0,4.0,4.0,4.0,4.0,3.0,4.0,0.0,0.0,0.0,4.0,4.0,3.5,3.0,0.0,0.0,0.0,3.5,0.0,0.0,0.0,0.0,0.0,0.0,0.0,0.0,0.0,0.0,0.0,0.0,0.0,0.0,0.0,0.0
Student_1250,2.5,0.0,1.0,1.0,3.0,2.5,2.0,3.5,3.0,2.0,4.0,2.0,1.0,1.5,3.5,2.75,2.75,1.25,2.25,2.0,0.0,0.0,0.0,0.0,3.5,2.25,1.0,4.0,2.0,0.0,0.0,2.5,0.0,0.0,0.0,0.0,0.0,0.0,0.0,0.0,2.0,0.0,0.0,0.0,2.25,1.75,0.0,0.0,0.0,2.25,0.0,0.0,0.0,2.75,4.0,4.0,0.0,2.5,1.5,2.5,3.0,3.0,3.5,3.5,2.5,0.0,4.0,3.5,0.0,0.0,3.0,3.0,2.0,4.0,2.5,0.0,0.0,0.0,0.0,0.0,0.0,0.0,0.0,0.0,0.0,0.0,0.0,0.0,0.0,0.0,3.5,0.0,2.5,0.0,0.0
Student_1251,3.0,3.5,1.0,1.0,2.0,3.0,2.5,0.0,2.5,2.5,2.0,2.0,2.0,2.0,3.5,1.5,1.5,2.5,3.0,3.0,0.0,0.0,0.0,0.0,3.0,2.0,2.0,2.5,1.0,3.0,0.0,0.0,0.0,0.0,3.0,0.0,2.5,0.0,0.0,0.0,0.0,0.0,0.0,0.0,1.5,0.0,2.0,0.0,0.0,0.0,1.5,1.0,0.0,0.0,0.0,4.0,0.0,1.0,2.5,2.0,1.0,3.0,3.5,3.0,4.0,0.0,0.0,3.5,0.0,0.0,1.0,2.5,2.0,2.0,2.5,0.0,0.0,0.0,0.0,2.0,0.0,0.0,0.0,0.0,0.0,0.0,0.0,0.0,0.0,0.0,0.0,0.0,2.0,3.0,0.0
Student_1252,3.0,4.0,3.0,3.0,2.0,2.5,1.5,3.0,2.0,2.0,3.0,1.5,3.0,3.0,2.5,3.0,2.5,2.0,3.5,1.0,3.5,0.0,0.0,0.0,1.5,1.0,3.5,3.0,2.5,2.5,0.0,3.5,2.0,0.0,0.0,3.0,0.0,0.0,0.0,0.0,0.0,0.0,0.0,0.0,0.0,1.5,3.5,0.0,0.0,0.0,2.0,0.0,0.0,0.0,0.0,3.0,0.0,2.5,3.0,3.0,3.0,3.5,3.5,2.5,3.5,0.0,0.0,3.0,0.0,0.0,0.0,3.0,3.0,3.0,3.0,0.0,0.0,0.0,0.0,0.0,0.0,0.0,0.0,0.0,0.0,0.0,0.0,2.5,0.0,0.0,0.0,0.0,2.0,2.5,0.0
Student_1253,2.5,1.0,2.0,1.0,2.0,3.0,2.5,0.0,2.5,1.5,2.0,1.5,3.0,2.5,3.0,2.5,2.0,2.5,2.5,2.0,0.0,0.0,0.0,0.0,2.0,3.0,0.0,3.0,1.0,1.5,0.0,2.5,1.5,0.0,0.0,0.0,1.0,0.0,0.0,0.0,2.0,0.0,0.0,0.0,0.0,0.0,0.0,3.0,0.0,3.0,2.0,0.0,0.0,0.0,0.0,4.0,0.0,2.5,2.5,2.5,2.0,3.0,4.0,3.5,4.0,0.0,0.0,2.5,0.0,0.0,2.0,2.5,2.5,3.5,2.5,0.0,0.0,2.0,0.0,0.0,0.0,0.0,0.0,0.0,0.0,0.0,0.0,0.0,0.0,0.0,0.0,0.0,3.0,3.5,0.0
Student_1254,4.0,3.5,0.0,0.0,0.0,0.0,0.0,0.0,0.0,0.0,0.0,0.0,0.0,0.0,0.0,0.0,0.0,0.0,0.0,0.0,0.0,0.0,0.0,0.0,0.0,0.0,0.0,0.0,0.0,0.0,0.0,0.0,0.0,0.0,0.0,0.0,0.0,0.0,0.0,0.0,0.0,0.0,0.0,0.0,0.0,0.0,0.0,0.0,0.0,0.0,0.0,0.0,0.0,0.0,0.0,0.0,0.0,0.0,0.0,0.0,0.0,0.0,0.0,0.0,0.0,0.0,0.0,0.0,0.0,0.0,0.0,3.5,2.5,3.0,0.0,0.0,0.0,0.0,0.0,0.0,0.0,0.0,0.0,0.0,0.0,0.0,0.0,0.0,0.0,0.0,0.0,0.0,3.0,3.5,0.0
Student_1255,1.5,2.0,3.0,3.0,4.0,4.0,3.0,0.0,3.0,4.0,4.0,3.0,4.0,3.0,3.5,3.0,2.0,3.0,3.5,2.5,0.0,0.0,0.0,0.0,3.0,4.0,3.0,3.5,2.5,2.5,0.0,3.0,4.0,0.0,0.0,0.0,0.0,4.0,0.0,0.0,2.0,0.0,0.0,0.0,0.0,3.0,0.0,0.0,4.0,2.5,0.0,0.0,0.0,0.0,0.0,4.0,0.0,4.0,4.0,3.5,3.5,4.0,4.0,4.0,4.0,0.0,0.0,4.0,0.0,0.0,0.0,3.0,4.0,3.5,4.0,0.0,0.0,0.0,0.0,0.0,0.0,0.0,0.0,0.0,0.0,0.0,0.0,0.0,0.0,0.0,0.0,4.0,3.5,4.0,0.0
Student_1256,4.0,4.0,4.0,3.0,3.0,3.5,2.0,3.0,3.5,4.0,3.0,3.0,3.5,4.0,2.0,2.5,3.5,2.5,3.5,3.5,3.5,0.0,0.0,0.0,3.0,2.0,4.0,3.5,0.0,0.0,0.0,2.5,0.0,0.0,0.0,0.0,0.0,0.0,0.0,0.0,0.0,0.0,0.0,0.0,0.0,0.0,4.0,3.5,2.0,0.0,0.0,0.0,0.0,0.0,4.0,4.0,4.0,2.5,3.5,4.0,4.0,3.5,2.5,3.5,2.5,0.0,0.0,4.0,0.0,0.0,0.0,3.0,2.5,1.5,3.0,0.0,0.0,0.0,0.0,0.0,0.0,0.0,0.0,4.0,0.0,0.0,0.0,0.0,0.0,0.0,0.0,0.0,4.0,4.0,0.0
Student_1257,4.0,3.0,3.5,2.0,3.0,3.0,3.0,0.0,2.5,2.5,3.0,1.0,2.5,3.5,3.5,4.0,3.0,3.5,4.0,4.0,2.0,0.0,0.0,0.0,3.0,2.5,0.0,3.5,2.5,4.0,0.0,0.0,1.5,0.0,0.0,0.0,0.0,0.0,0.0,0.0,0.0,0.0,0.0,0.0,0.0,2.5,3.0,3.5,4.0,0.0,0.0,1.5,0.0,0.0,0.0,3.5,0.0,1.0,2.0,3.5,1.5,4.0,4.0,3.0,4.0,0.0,0.0,3.0,0.0,0.0,2.5,3.0,3.0,1.0,2.5,0.0,3.0,0.0,0.0,0.0,0.0,0.0,0.0,0.0,0.0,0.0,0.0,0.0,0.0,0.0,0.0,0.0,3.0,3.0,0.0
Student_1258,2.5,4.0,4.0,4.0,3.0,3.5,3.0,4.0,2.5,3.0,3.0,3.5,1.5,3.0,3.0,3.0,3.0,2.5,3.5,3.0,2.0,0.0,0.0,0.0,3.0,4.0,0.0,4.0,2.5,4.0,0.0,0.0,3.0,0.0,0.0,0.0,0.0,0.0,0.0,0.0,3.5,0.0,0.0,0.0,0.0,4.0,0.0,3.5,0.0,4.0,0.0,0.0,0.0,0.0,4.0,4.0,4.0,4.0,3.5,2.5,3.5,3.0,4.0,3.0,4.0,0.0,0.0,4.0,0.0,0.0,0.0,3.5,3.5,2.5,4.0,0.0,0.0,0.0,0.0,0.0,0.0,0.0,0.0,0.0,0.0,0.0,0.0,0.0,0.0,0.0,4.0,0.0,3.0,3.0,0.0
Student_1259,4.0,4.0,0.0,0.0,0.0,0.0,0.0,0.0,0.0,0.0,0.0,0.0,0.0,0.0,0.0,0.0,0.0,0.0,0.0,0.0,0.0,0.0,0.0,0.0,0.0,0.0,0.0,0.0,0.0,0.0,0.0,0.0,0.0,0.0,0.0,0.0,0.0,0.0,0.0,0.0,0.0,0.0,0.0,0.0,0.0,0.0,0.0,0.0,0.0,0.0,0.0,0.0,0.0,0.0,0.0,0.0,0.0,0.0,0.0,0.0,0.0,0.0,0.0,0.0,0.0,0.0,0.0,0.0,0.0,0.0,0.0,3.5,3.0,0.0,0.0,0.0,0.0,0.0,0.0,0.0,0.0,0.0,0.0,0.0,0.0,0.0,0.0,0.0,0.0,0.0,0.0,0.0,3.5,3.5,0.0
Student_126,1.0,0.0,4.0,3.0,3.0,1.0,4.0,3.5,2.5,4.0,4.0,2.5,4.0,3.0,3.5,3.5,3.5,3.5,2.5,2.5,0.0,0.0,0.0,0.0,2.0,3.0,3.0,3.5,4.0,0.0,0.0,3.5,3.0,0.0,0.0,0.0,2.5,0.0,0.0,0.0,0.0,0.0,0.0,0.0,3.5,0.0,0.0,0.0,3.5,0.0,0.0,0.0,0.0,0.0,4.0,4.0,0.0,4.0,3.0,4.0,4.0,3.0,3.5,4.0,4.0,0.0,4.0,4.0,0.0,4.0,0.0,4.0,4.0,3.5,3.5,0.0,0.0,0.0,0.0,0.0,0.0,0.0,0.0,0.0,0.0,0.0,0.0,0.0,0.0,0.0,0.0,0.0,4.0,0.0,0.0
Student_1260,3.0,4.0,3.0,4.0,4.0,3.0,4.0,0.0,4.0,3.5,4.0,3.5,2.5,4.0,4.0,4.0,3.5,3.0,4.0,4.0,4.0,0.0,0.0,0.0,3.5,4.0,4.0,4.0,3.0,4.0,0.0,0.0,4.0,0.0,0.0,0.0,0.0,0.0,0.0,0.0,0.0,0.0,0.0,0.0,4.0,0.0,4.0,4.0,0.0,3.0,0.0,0.0,0.0,0.0,0.0,4.0,0.0,4.0,3.0,3.5,3.5,4.0,4.0,4.0,4.0,0.0,0.0,3.5,0.0,0.0,4.0,4.0,4.0,4.0,3.5,4.0,0.0,0.0,0.0,0.0,0.0,0.0,0.0,0.0,0.0,0.0,0.0,0.0,0.0,0.0,0.0,0.0,3.5,3.0,0.0
Student_1261,4.0,4.0,2.5,4.0,2.5,3.5,4.0,4.0,2.5,2.5,4.0,3.5,2.5,4.0,3.0,3.5,2.0,3.0,3.5,3.5,0.0,0.0,0.0,0.0,4.0,3.0,3.0,4.0,2.0,3.0,0.0,0.0,0.0,0.0,0.0,0.0,0.0,0.0,0.0,0.0,0.0,0.0,0.0,0.0,2.5,3.5,2.0,3.5,0.0,2.5,0.0,0.0,3.0,0.0,0.0,3.5,0.0,4.0,4.0,3.5,3.0,3.0,4.0,3.5,4.0,0.0,0.0,4.0,0.0,0.0,4.0,3.0,3.0,3.0,2.5,0.0,0.0,0.0,0.0,0.0,0.0,0.0,0.0,0.0,0.0,0.0,0.0,0.0,3.5,0.0,0.0,0.0,3.5,3.0,0.0
Student_1262,3.0,2.5,4.0,3.5,2.0,4.0,3.0,0.0,3.0,3.5,3.5,3.0,1.5,4.0,2.5,1.5,1.5,2.5,2.0,1.5,0.0,0.0,0.0,0.0,4.0,1.0,0.0,3.0,2.5,1.5,0.0,3.0,0.0,0.0,0.0,0.0,2.5,0.0,0.0,0.0,0.0,1.5,0.0,0.0,0.0,2.5,3.0,1.5,0.0,0.0,0.0,0.0,1.5,0.0,0.0,3.5,0.0,1.5,1.0,2.5,3.0,3.0,3.5,2.5,4.0,0.0,0.0,4.0,0.0,0.0,3.5,2.0,4.0,2.0,1.5,0.0,0.0,0.0,0.0,0.0,0.0,0.0,0.0,0.0,0.0,0.0,0.0,1.5,0.0,0.0,0.0,0.0,3.0,3.0,0.0
Student_1263,3.5,2.5,2.5,1.5,3.5,4.0,1.5,3.5,2.0,2.0,2.0,2.5,3.0,2.0,1.0,3.0,3.0,1.5,2.5,2.0,2.5,0.0,0.0,0.0,2.5,1.5,0.0,4.0,3.5,3.0,0.0,0.0,0.0,0.0,0.0,0.0,0.0,0.0,0.0,0.0,4.0,0.0,2.0,0.0,0.0,3.5,3.5,0.0,0.0,3.5,0.0,0.0,0.0,0.0,3.5,4.0,4.0,3.0,2.5,3.0,2.0,3.5,4.0,3.5,4.0,0.0,0.0,4.0,0.0,0.0,0.0,4.0,3.5,3.0,2.5,0.0,0.0,0.0,0.0,0.0,4.0,0.0,0.0,0.0,0.0,0.0,0.0,0.0,0.0,0.0,0.0,0.0,4.0,4.0,0.0
Student_1264,0.0,0.0,3.5,2.5,2.0,3.0,3.5,3.0,2.0,3.0,3.0,2.5,2.0,4.0,3.0,4.0,3.5,3.0,3.5,2.5,0.0,0.0,0.0,0.0,2.0,4.0,3.5,4.0,3.0,3.0,0.0,0.0,2.5,0.0,3.0,0.0,0.0,0.0,0.0,2.5,3.5,0.0,0.0,0.0,0.0,0.0,0.0,0.0,0.0,0.0,4.0,3.0,0.0,0.0,0.0,4.0,0.0,3.5,3.0,3.5,3.5,2.0,4.0,4.0,4.0,0.0,0.0,3.5,0.0,0.0,3.5,3.0,3.5,4.0,2.0,0.0,0.0,0.0,0.0,0.0,0.0,0.0,0.0,0.0,0.0,0.0,0.0,0.0,0.0,0.0,0.0,0.0,0.0,0.0,0.0
Student_1265,3.0,4.0,3.5,3.5,2.0,3.0,3.5,3.5,3.0,2.5,3.0,2.5,2.5,2.5,2.0,2.5,3.5,3.0,4.0,3.0,0.0,0.0,0.0,0.0,3.0,2.0,0.0,3.0,1.5,4.0,0.0,3.0,0.0,0.0,0.0,0.0,0.0,0.0,0.0,0.0,1.5,0.0,0.0,0.0,0.0,3.0,0.0,2.5,0.0,3.0,0.0,0.0,0.0,0.0,4.0,3.5,4.0,2.0,1.5,3.5,2.0,3.5,3.5,2.5,2.5,0.0,3.0,4.0,0.0,0.0,2.5,3.5,2.5,3.5,2.5,0.0,0.0,0.0,0.0,0.0,0.0,0.0,3.5,0.0,0.0,0.0,0.0,0.0,0.0,0.0,0.0,0.0,2.5,3.5,0.0
Student_1266,2.5,0.0,2.5,1.5,3.5,3.0,1.5,3.0,2.0,1.5,1.0,1.5,2.5,1.5,3.0,1.5,1.5,1.5,2.25,2.0,1.0,0.0,0.0,0.0,3.0,3.0,0.0,2.0,2.25,0.0,0.0,0.0,0.0,0.0,0.0,0.0,0.0,0.0,0.0,0.0,2.5,0.0,0.0,0.0,1.0,1.5,0.0,1.75,0.0,0.0,0.0,3.75,0.0,0.0,4.0,4.0,0.0,2.0,3.0,4.0,2.5,3.0,3.5,3.5,3.5,0.0,4.0,4.0,0.0,0.0,0.0,2.0,3.5,2.5,2.5,0.0,0.0,0.0,0.0,0.0,0.0,0.0,0.0,0.0,0.0,0.0,0.0,0.0,0.0,0.0,0.0,0.0,4.0,0.0,1.75
Student_1267,0.0,0.0,2.5,2.0,3.0,3.5,3.0,4.0,2.75,2.5,3.0,3.5,2.5,2.0,2.5,3.0,2.0,1.75,2.5,3.5,0.0,3.5,0.0,0.0,4.0,2.75,0.0,3.75,1.75,0.0,0.0,0.0,3.0,0.0,0.0,0.0,0.0,0.0,0.0,0.0,2.5,0.0,0.0,0.0,4.0,4.0,0.0,0.0,0.0,3.5,0.0,0.0,0.0,3.0,4.0,3.75,0.0,2.0,3.0,4.0,3.5,4.0,4.0,4.0,4.0,4.0,3.5,3.75,0.0,0.0,0.0,4.0,4.0,4.0,3.0,0.0,0.0,0.0,4.0,0.0,0.0,0.0,0.0,0.0,0.0,0.0,0.0,0.0,0.0,0.0,0.0,0.0,0.0,0.0,0.0
Student_1268,3.5,3.5,3.5,3.5,4.0,3.5,4.0,3.5,4.0,4.0,4.0,4.0,4.0,4.0,4.0,4.0,4.0,4.0,4.0,4.0,0.0,0.0,0.0,0.0,4.0,4.0,0.0,4.0,3.0,4.0,0.0,0.0,2.5,0.0,0.0,4.0,2.0,0.0,0.0,0.0,0.0,0.0,0.0,0.0,4.0,4.0,4.0,0.0,0.0,4.0,0.0,0.0,0.0,0.0,0.0,4.0,0.0,4.0,4.0,3.5,4.0,4.0,4.0,4.0,4.0,0.0,0.0,4.0,0.0,3.5,0.0,4.0,4.0,4.0,4.0,0.0,0.0,0.0,0.0,0.0,0.0,0.0,4.0,0.0,0.0,0.0,0.0,0.0,0.0,0.0,0.0,0.0,3.0,3.5,0.0
Student_1269,2.0,3.5,3.5,2.0,3.0,3.5,3.0,0.0,3.5,3.0,3.5,3.5,4.0,2.5,4.0,3.0,1.5,2.0,2.0,2.0,2.0,0.0,0.0,0.0,3.0,1.5,2.5,2.5,2.5,3.5,0.0,3.0,0.0,0.0,2.0,0.0,0.0,0.0,0.0,0.0,0.0,0.0,0.0,0.0,0.0,1.0,0.0,4.0,0.0,0.0,1.5,2.5,0.0,0.0,0.0,4.0,0.0,4.0,3.0,1.5,2.0,4.0,4.0,3.0,4.0,0.0,0.0,4.0,0.0,0.0,0.0,3.0,3.5,3.0,3.0,0.0,0.0,0.0,0.0,0.0,0.0,0.0,0.0,0.0,0.0,0.0,0.0,3.0,0.0,0.0,0.0,0.0,3.5,4.0,0.0
Student_127,2.5,1.5,2.0,2.5,2.5,1.0,3.0,0.0,1.5,2.0,1.5,2.0,2.0,1.5,2.0,1.5,2.5,1.0,1.0,2.0,0.0,0.0,0.0,0.0,1.5,1.0,1.5,2.5,2.0,3.0,0.0,1.5,0.0,0.0,4.0,0.0,0.0,0.0,0.0,1.5,0.0,0.0,0.0,0.0,0.0,1.0,0.0,0.0,0.0,0.0,1.5,0.0,1.5,0.0,0.0,4.0,0.0,1.0,3.0,3.0,2.5,2.5,3.0,1.0,3.5,0.0,0.0,1.0,0.0,0.0,1.5,2.5,1.5,4.0,1.0,0.0,0.0,0.0,0.0,0.0,0.0,4.0,0.0,0.0,0.0,0.0,0.0,0.0,0.0,0.0,0.0,0.0,2.5,2.5,0.0
Student_1270,4.0,4.0,2.5,1.5,4.0,3.5,2.5,0.0,3.0,3.5,3.5,2.5,4.0,3.0,1.0,3.5,1.5,3.0,2.5,3.0,0.0,0.0,0.0,0.0,1.5,4.0,0.0,1.5,2.0,2.5,3.0,1.0,0.0,0.0,2.0,0.0,2.5,0.0,0.0,2.5,4.0,0.0,0.0,0.0,0.0,0.0,0.0,0.0,0.0,0.0,0.0,2.5,0.0,0.0,0.0,3.5,0.0,3.5,1.0,2.0,3.0,3.0,3.5,2.0,4.0,0.0,0.0,3.5,0.0,0.0,2.5,4.0,4.0,2.5,3.5,0.0,0.0,0.0,0.0,0.0,0.0,0.0,0.0,0.0,0.0,0.0,0.0,4.0,0.0,0.0,0.0,0.0,4.0,4.0,0.0
Student_1271,3.0,3.0,2.0,1.5,2.0,3.0,1.5,1.5,3.0,3.5,2.5,2.0,2.5,1.5,1.5,1.5,2.5,1.5,3.0,1.0,2.0,0.0,0.0,0.0,3.0,2.0,1.5,4.0,2.0,1.0,0.0,1.5,0.0,0.0,0.0,0.0,0.0,0.0,0.0,0.0,1.5,3.0,0.0,0.0,0.0,0.0,0.0,0.0,0.0,2.5,0.0,0.0,2.5,2.0,0.0,3.5,0.0,2.0,1.5,3.0,3.0,2.5,4.0,2.5,4.0,0.0,0.0,3.0,0.0,0.0,0.0,1.0,1.5,2.0,1.0,0.0,0.0,0.0,0.0,0.0,0.0,0.0,0.0,0.0,0.0,0.0,0.0,0.0,0.0,0.0,3.5,0.0,2.0,4.0,0.0
Student_1272,4.0,3.0,0.0,2.0,1.0,4.0,2.0,0.0,1.0,1.5,1.0,2.0,1.0,2.0,1.5,2.0,1.5,2.0,1.0,1.5,0.0,0.0,0.0,0.0,3.0,1.0,2.5,1.5,3.0,1.5,0.0,0.0,0.0,0.0,3.0,2.5,0.0,0.0,0.0,0.0,3.0,2.5,0.0,0.0,0.0,0.0,0.0,0.0,0.0,0.0,1.5,1.5,0.0,0.0,0.0,3.0,0.0,3.0,2.0,1.5,2.5,3.5,4.0,3.0,0.0,0.0,0.0,3.5,0.0,0.0,0.0,4.0,4.0,4.0,2.0,0.0,0.0,0.0,0.0,4.0,0.0,0.0,0.0,0.0,0.0,0.0,0.0,0.0,0.0,0.0,0.0,0.0,3.5,3.5,0.0
Student_1273,4.0,3.5,3.0,1.0,2.0,4.0,2.0,2.0,2.5,3.0,2.5,2.0,2.5,3.0,2.5,3.0,2.5,2.5,3.0,3.0,3.5,0.0,0.0,0.0,3.5,1.0,1.5,3.0,2.5,3.5,0.0,2.5,0.0,0.0,0.0,0.0,0.0,0.0,0.0,2.5,0.0,0.0,0.0,0.0,0.0,3.0,3.0,2.5,0.0,0.0,2.5,0.0,0.0,0.0,0.0,4.0,0.0,1.0,3.0,4.0,3.0,2.0,4.0,1.5,4.0,0.0,0.0,3.0,0.0,0.0,0.0,1.0,2.5,2.5,1.0,0.0,4.0,0.0,0.0,0.0,0.0,0.0,0.0,0.0,0.0,0.0,0.0,0.0,0.0,0.0,0.0,0.0,4.0,3.5,0.0
Student_1274,3.5,3.0,2.5,3.5,1.5,3.0,1.5,2.5,2.5,1.5,2.5,1.5,1.0,2.0,2.0,2.0,2.5,1.0,2.5,2.5,1.5,0.0,0.0,0.0,2.0,2.5,0.0,3.5,1.0,1.5,0.0,2.0,2.0,0.0,0.0,0.0,3.5,0.0,0.0,0.0,0.0,0.0,0.0,0.0,0.0,2.0,2.0,0.0,2.5,0.0,1.5,0.0,0.0,0.0,0.0,3.5,0.0,1.0,3.0,2.5,3.0,2.5,4.0,2.5,4.0,0.0,0.0,3.0,0.0,0.0,0.0,3.0,2.0,3.0,3.5,0.0,0.0,0.0,0.0,0.0,0.0,0.0,0.0,0.0,0.0,0.0,0.0,2.0,0.0,0.0,0.0,0.0,2.0,3.5,0.0
Student_1275,2.5,4.0,0.0,0.0,0.0,0.0,0.0,0.0,0.0,0.0,0.0,0.0,0.0,0.0,0.0,0.0,0.0,0.0,0.0,0.0,0.0,0.0,0.0,0.0,0.0,0.0,0.0,0.0,0.0,0.0,0.0,0.0,0.0,0.0,0.0,0.0,0.0,0.0,0.0,0.0,0.0,0.0,0.0,0.0,0.0,0.0,0.0,0.0,0.0,0.0,0.0,0.0,0.0,0.0,0.0,0.0,0.0,0.0,0.0,0.0,0.0,0.0,0.0,0.0,0.0,0.0,0.0,0.0,0.0,0.0,0.0,4.0,2.5,0.0,0.0,0.0,0.0,0.0,0.0,0.0,0.0,0.0,0.0,0.0,0.0,0.0,0.0,0.0,0.0,0.0,0.0,0.0,3.0,2.0,0.0
Student_1276,4.0,3.0,3.0,1.0,2.5,1.5,1.0,0.0,1.0,3.5,3.0,2.5,2.0,2.0,2.0,2.0,2.5,1.0,1.0,1.5,0.0,0.0,0.0,0.0,3.5,1.0,2.0,1.5,1.0,2.5,0.0,2.5,0.0,0.0,1.0,0.0,0.0,0.0,0.0,0.0,2.0,0.0,1.0,0.0,0.0,0.0,1.5,0.0,0.0,0.0,0.0,1.0,0.0,0.0,0.0,3.0,0.0,1.0,1.5,1.0,1.5,3.0,4.0,3.5,3.5,0.0,0.0,3.0,0.0,1.0,0.0,2.0,2.0,3.5,2.0,0.0,0.0,0.0,0.0,0.0,0.0,0.0,0.0,0.0,0.0,0.0,0.0,3.5,0.0,0.0,0.0,0.0,4.0,3.5,0.0
Student_1277,0.0,0.0,0.0,0.0,0.0,0.0,0.0,0.0,2.0,2.0,0.0,0.0,2.5,0.0,0.0,3.0,3.0,2.5,4.0,3.5,4.0,0.0,0.0,0.0,2.5,3.5,4.0,3.0,3.0,3.5,0.0,0.0,3.5,0.0,4.0,4.0,0.0,0.0,0.0,0.0,3.0,2.5,0.0,0.0,0.0,0.0,0.0,0.0,0.0,0.0,2.5,0.0,0.0,0.0,0.0,4.0,0.0,3.0,0.0,0.0,3.0,0.0,0.0,0.0,0.0,0.0,0.0,3.0,0.0,0.0,0.0,0.0,0.0,0.0,4.0,0.0,0.0,0.0,4.0,0.0,0.0,0.0,0.0,0.0,0.0,0.0,0.0,0.0,0.0,0.0,0.0,0.0,0.0,0.0,0.0
Student_1278,3.0,0.0,4.0,4.0,3.5,4.0,3.5,4.0,4.0,4.0,4.0,4.0,4.0,4.0,3.0,4.0,4.0,4.0,4.0,3.5,4.0,0.0,0.0,0.0,4.0,4.0,4.0,3.5,3.25,0.0,0.0,0.0,0.0,0.0,0.0,4.0,4.0,0.0,0.0,0.0,0.0,0.0,0.0,0.0,0.0,0.0,0.0,4.0,0.0,3.75,4.0,0.0,0.0,0.0,4.0,4.0,0.0,3.5,2.5,4.0,4.0,3.5,4.0,2.5,4.0,0.0,4.0,4.0,0.0,0.0,0.0,3.5,3.5,4.0,3.5,0.0,0.0,0.0,0.0,0.0,0.0,0.0,0.0,0.0,0.0,0.0,4.0,0.0,0.0,0.0,0.0,0.0,0.0,2.5,0.0
Student_1279,4.0,4.0,0.0,2.5,1.0,4.0,2.0,0.0,2.5,2.0,2.5,0.0,1.5,2.0,1.5,2.0,1.5,1.0,2.5,2.0,0.0,0.0,0.0,0.0,1.5,2.0,0.0,3.5,2.0,2.0,0.0,2.5,2.5,0.0,0.0,0.0,0.0,0.0,0.0,0.0,2.5,0.0,0.0,0.0,2.5,0.0,3.0,2.0,0.0,0.0,0.0,0.0,0.0,0.0,0.0,4.0,0.0,1.5,3.5,3.5,4.0,3.0,4.0,0.0,4.0,0.0,0.0,4.0,0.0,0.0,3.5,0.0,2.0,0.0,2.0,0.0,0.0,0.0,0.0,0.0,0.0,0.0,0.0,0.0,0.0,0.0,0.0,0.0,0.0,0.0,0.0,0.0,4.0,3.0,0.0
Student_128,4.0,4.0,0.0,3.5,3.0,3.5,3.0,0.0,3.0,2.0,3.5,0.0,3.0,2.5,2.5,3.0,2.5,1.0,3.0,3.0,0.0,0.0,0.0,0.0,4.0,4.0,4.0,4.0,2.0,0.0,0.0,3.5,4.0,0.0,0.0,0.0,0.0,0.0,0.0,0.0,3.5,0.0,0.0,0.0,0.0,0.0,3.0,4.0,0.0,0.0,0.0,0.0,0.0,0.0,3.75,4.0,0.0,3.0,3.0,2.5,4.0,0.0,0.0,0.0,0.0,0.0,0.0,0.0,0.0,0.0,0.0,0.0,0.0,0.0,0.0,0.0,0.0,0.0,4.0,0.0,0.0,0.0,0.0,0.0,0.0,0.0,0.0,0.0,0.0,0.0,0.0,0.0,0.0,4.0,0.0
Student_1280,3.5,3.0,2.0,1.5,1.0,4.0,2.5,3.5,3.0,2.0,1.5,2.0,3.5,2.0,2.0,2.5,4.0,1.0,1.0,1.5,0.0,0.0,0.0,0.0,4.0,1.0,3.0,2.5,2.5,1.5,0.0,1.0,0.0,0.0,0.0,0.0,0.0,0.0,0.0,0.0,2.0,0.0,0.0,0.0,0.0,0.0,2.0,0.0,1.5,0.0,0.0,1.0,0.0,4.0,0.0,4.0,0.0,2.5,1.5,3.0,3.5,2.5,4.0,1.5,2.5,0.0,0.0,3.5,0.0,0.0,2.5,2.5,2.0,2.5,3.0,0.0,0.0,0.0,0.0,0.0,0.0,0.0,0.0,0.0,0.0,0.0,0.0,3.5,0.0,0.0,0.0,0.0,4.0,4.0,0.0
Student_1281,2.5,2.5,1.5,1.5,2.0,2.0,2.0,0.0,1.0,3.0,3.0,2.0,4.0,3.0,2.5,2.0,1.5,2.0,2.5,1.5,0.0,0.0,0.0,0.0,1.0,3.0,4.0,2.5,2.5,3.0,0.0,2.5,2.0,0.0,0.0,0.0,0.0,1.0,0.0,0.0,2.0,1.5,0.0,0.0,3.0,0.0,0.0,0.0,0.0,0.0,0.0,0.0,0.0,0.0,0.0,2.0,0.0,1.5,3.0,1.5,2.0,3.5,4.0,4.0,3.0,0.0,0.0,3.0,0.0,0.0,3.0,2.5,4.0,1.5,2.0,0.0,0.0,0.0,0.0,0.0,0.0,0.0,0.0,0.0,0.0,3.0,0.0,2.0,0.0,0.0,0.0,0.0,3.5,4.0,0.0
Student_1282,0.0,0.0,3.0,3.0,1.5,2.0,2.5,0.0,2.0,3.5,2.5,2.0,3.0,2.0,1.5,1.5,2.5,3.0,3.0,2.5,0.0,0.0,0.0,0.0,1.5,3.5,2.5,3.5,2.5,2.0,0.0,3.0,1.0,0.0,2.5,0.0,2.0,0.0,0.0,0.0,2.0,0.0,0.0,0.0,0.0,0.0,0.0,0.0,1.5,0.0,2.5,0.0,0.0,0.0,0.0,4.0,0.0,1.0,1.5,2.0,2.5,3.5,3.5,3.0,3.0,0.0,0.0,4.0,0.0,0.0,0.0,1.0,2.0,2.0,1.0,0.0,0.0,3.5,0.0,0.0,0.0,0.0,0.0,0.0,0.0,0.0,0.0,0.0,0.0,0.0,0.0,0.0,0.0,0.0,0.0
Student_1283,4.0,4.0,0.0,0.0,0.0,0.0,0.0,0.0,0.0,0.0,0.0,0.0,0.0,0.0,0.0,0.0,0.0,0.0,0.0,0.0,0.0,0.0,0.0,0.0,0.0,0.0,0.0,0.0,0.0,0.0,0.0,0.0,0.0,0.0,0.0,0.0,0.0,0.0,0.0,0.0,0.0,0.0,0.0,0.0,0.0,0.0,0.0,0.0,0.0,0.0,0.0,0.0,0.0,0.0,0.0,0.0,0.0,0.0,0.0,0.0,0.0,0.0,0.0,0.0,0.0,0.0,0.0,0.0,0.0,0.0,0.0,3.5,3.5,0.0,0.0,0.0,0.0,0.0,0.0,0.0,0.0,0.0,0.0,0.0,0.0,0.0,0.0,0.0,0.0,0.0,0.0,0.0,3.0,3.5,0.0
Student_1284,0.0,0.0,2.5,3.5,3.5,4.0,2.0,3.5,2.5,1.0,4.0,2.5,4.0,3.0,3.0,3.0,3.75,2.5,3.5,3.0,3.75,0.0,0.0,0.0,3.25,2.25,1.25,3.5,3.25,0.0,0.0,2.5,0.0,0.0,0.0,0.0,0.0,0.0,0.0,0.0,0.0,0.0,0.0,0.0,0.0,2.75,0.0,4.0,3.0,0.0,3.5,0.0,0.0,0.0,4.0,3.75,0.0,1.0,2.0,3.75,3.5,4.0,4.0,3.0,4.0,4.0,3.0,4.0,0.0,0.0,0.0,3.5,3.5,3.5,3.5,0.0,0.0,0.0,3.5,0.0,0.0,0.0,0.0,0.0,0.0,0.0,0.0,0.0,0.0,0.0,0.0,0.0,0.0,0.0,0.0
Student_1285,3.0,1.0,1.0,2.5,1.0,4.0,2.5,0.0,1.0,1.0,3.5,2.0,1.0,2.5,2.0,3.5,1.5,3.0,2.0,1.0,0.0,0.0,0.0,0.0,3.5,2.5,2.0,1.5,2.5,3.0,0.0,0.0,2.0,0.0,2.0,2.0,0.0,0.0,0.0,3.0,2.5,0.0,0.0,0.0,0.0,0.0,0.0,0.0,0.0,0.0,0.0,1.5,0.0,0.0,0.0,4.0,0.0,1.5,1.5,1.0,3.0,2.0,4.0,2.0,3.5,0.0,0.0,4.0,0.0,0.0,3.0,4.0,2.0,1.0,2.0,4.0,0.0,0.0,0.0,0.0,0.0,0.0,0.0,0.0,0.0,0.0,0.0,0.0,0.0,0.0,0.0,0.0,2.0,3.0,0.0
Student_1286,0.0,0.0,0.0,3.0,3.0,2.0,0.0,3.5,2.5,1.5,2.5,2.5,3.5,2.0,3.0,1.5,3.5,3.0,2.0,2.5,0.0,0.0,0.0,0.0,3.75,3.5,0.0,2.5,2.5,0.0,0.0,2.5,0.0,0.0,0.0,3.75,2.5,0.0,0.0,0.0,0.0,0.0,0.0,0.0,0.0,3.25,0.0,0.0,4.0,2.5,0.0,0.0,0.0,0.0,4.0,3.25,0.0,0.0,2.5,4.0,3.5,0.0,0.0,3.0,4.0,0.0,3.5,2.5,0.0,1.5,0.0,0.0,0.0,3.5,4.0,0.0,0.0,0.0,0.0,0.0,0.0,0.0,0.0,0.0,0.0,0.0,0.0,0.0,0.0,0.0,0.0,0.0,3.5,0.0,0.0
Student_1287,4.0,4.0,3.5,3.0,2.5,4.0,3.5,3.5,3.5,3.0,2.0,2.0,3.5,2.5,2.5,2.0,1.5,2.0,1.5,1.5,3.0,0.0,0.0,0.0,3.5,3.5,4.0,4.0,2.0,0.0,0.0,0.0,0.0,0.0,0.0,0.0,0.0,0.0,0.0,0.0,3.0,0.0,0.0,0.0,2.0,0.0,0.0,2.5,0.0,2.5,0.0,3.0,0.0,0.0,4.0,4.0,4.0,3.5,2.5,4.0,4.0,2.0,3.0,2.0,3.5,0.0,4.0,4.0,0.0,0.0,0.0,3.0,3.5,3.5,2.5,0.0,0.0,0.0,4.0,0.0,0.0,0.0,0.0,0.0,0.0,0.0,0.0,0.0,0.0,0.0,0.0,0.0,4.0,4.0,0.0
Student_1288,0.0,0.0,0.0,0.0,0.0,3.5,2.0,2.5,2.5,0.0,0.0,0.0,1.5,0.0,0.0,2.5,2.5,2.5,0.0,3.0,0.0,0.0,0.0,0.0,2.0,2.5,3.5,2.5,2.0,3.0,0.0,0.0,0.0,0.0,0.0,0.0,0.0,0.0,0.0,0.0,1.0,0.0,0.0,0.0,0.0,3.5,0.0,0.0,2.0,0.0,0.0,0.0,0.0,4.0,3.5,4.0,0.0,2.5,1.5,3.0,2.0,0.0,0.0,0.0,0.0,0.0,4.0,4.0,0.0,0.0,0.0,0.0,0.0,0.0,0.0,0.0,0.0,0.0,3.5,0.0,0.0,0.0,0.0,0.0,0.0,0.0,0.0,0.0,0.0,0.0,0.0,0.0,0.0,0.0,0.0
Student_1289,4.0,4.0,4.0,1.0,2.5,4.0,2.5,2.5,2.0,3.5,3.5,2.5,3.0,3.0,2.0,3.5,3.0,3.0,3.5,3.0,2.0,0.0,0.0,0.0,3.0,4.0,0.0,3.0,3.5,3.5,0.0,3.5,2.5,0.0,0.0,0.0,0.0,0.0,0.0,0.0,4.0,0.0,0.0,0.0,0.0,3.0,0.0,4.0,3.0,0.0,4.0,0.0,0.0,0.0,0.0,4.0,0.0,1.5,3.5,3.5,4.0,4.0,4.0,1.5,4.0,0.0,0.0,3.5,0.0,0.0,0.0,2.0,3.5,3.5,3.0,0.0,0.0,0.0,0.0,0.0,0.0,0.0,0.0,0.0,0.0,0.0,0.0,3.0,0.0,0.0,0.0,0.0,4.0,3.0,0.0
Student_129,2.0,3.5,0.0,0.0,0.0,0.0,0.0,0.0,0.0,0.0,0.0,0.0,0.0,0.0,0.0,0.0,0.0,0.0,0.0,0.0,0.0,0.0,0.0,0.0,0.0,0.0,0.0,0.0,0.0,0.0,0.0,0.0,0.0,0.0,0.0,0.0,0.0,0.0,0.0,0.0,0.0,0.0,0.0,0.0,0.0,0.0,0.0,0.0,0.0,0.0,0.0,0.0,0.0,0.0,0.0,0.0,0.0,0.0,0.0,0.0,0.0,0.0,0.0,0.0,0.0,0.0,0.0,0.0,0.0,0.0,0.0,3.0,2.0,0.0,0.0,0.0,0.0,0.0,0.0,0.0,0.0,0.0,0.0,0.0,0.0,0.0,0.0,0.0,0.0,0.0,0.0,0.0,2.0,1.5,0.0
Student_1290,3.0,3.5,3.5,2.5,2.0,2.5,2.0,3.0,4.0,2.5,4.0,2.5,3.5,4.0,1.5,4.0,3.0,3.5,3.5,2.0,0.0,0.0,0.0,0.0,3.0,1.5,3.5,4.0,3.0,3.0,0.0,0.0,0.0,0.0,0.0,0.0,0.0,0.0,0.0,0.0,0.0,0.0,0.0,0.0,2.5,4.0,1.0,0.0,0.0,1.5,2.0,0.0,4.0,0.0,0.0,4.0,0.0,2.5,2.0,2.5,4.0,3.5,3.0,3.0,4.0,0.0,0.0,3.0,0.0,3.5,0.0,2.0,3.5,3.0,4.0,0.0,0.0,0.0,0.0,0.0,0.0,0.0,0.0,0.0,0.0,0.0,0.0,0.0,0.0,0.0,0.0,0.0,3.0,2.5,0.0
Student_1291,4.0,3.0,0.0,0.0,0.0,0.0,0.0,0.0,3.5,0.0,0.0,0.0,0.0,0.0,0.0,0.0,0.0,0.0,0.0,0.0,0.0,0.0,0.0,0.0,0.0,0.0,0.0,0.0,0.0,0.0,0.0,0.0,0.0,0.0,0.0,0.0,0.0,0.0,0.0,0.0,0.0,0.0,0.0,0.0,0.0,0.0,0.0,0.0,0.0,0.0,0.0,0.0,0.0,0.0,0.0,0.0,0.0,0.0,0.0,0.0,0.0,0.0,0.0,0.0,0.0,0.0,0.0,0.0,0.0,0.0,0.0,3.0,3.5,0.0,0.0,0.0,0.0,0.0,0.0,0.0,0.0,0.0,0.0,0.0,0.0,0.0,0.0,0.0,0.0,0.0,0.0,0.0,3.0,3.5,0.0
Student_1292,4.0,4.0,4.0,3.0,3.5,3.0,3.5,4.0,4.0,4.0,3.5,4.0,3.5,3.5,3.5,3.0,3.5,3.5,4.0,4.0,0.0,0.0,0.0,0.0,4.0,3.5,0.0,4.0,3.0,0.0,0.0,0.0,3.0,0.0,0.0,0.0,0.0,0.0,0.0,0.0,3.0,0.0,0.0,0.0,3.5,3.0,0.0,0.0,0.0,2.5,0.0,0.0,0.0,3.5,4.0,4.0,4.0,3.0,3.0,3.5,2.0,3.5,4.0,4.0,4.0,0.0,3.0,3.5,0.0,0.0,3.0,3.5,4.0,4.0,3.5,0.0,0.0,0.0,0.0,0.0,0.0,0.0,0.0,0.0,0.0,0.0,4.0,0.0,0.0,0.0,0.0,0.0,4.0,4.0,0.0
Student_1293,2.5,4.0,0.0,0.0,0.0,0.0,0.0,0.0,0.0,0.0,0.0,0.0,0.0,0.0,0.0,0.0,0.0,0.0,0.0,0.0,0.0,0.0,0.0,0.0,0.0,0.0,0.0,0.0,0.0,0.0,0.0,0.0,0.0,0.0,0.0,0.0,0.0,0.0,0.0,0.0,0.0,0.0,0.0,0.0,0.0,0.0,0.0,0.0,0.0,0.0,0.0,0.0,0.0,0.0,0.0,0.0,0.0,0.0,0.0,0.0,0.0,0.0,0.0,0.0,0.0,0.0,0.0,0.0,0.0,0.0,0.0,3.0,1.0,0.0,0.0,0.0,0.0,0.0,0.0,0.0,0.0,0.0,0.0,0.0,0.0,0.0,0.0,0.0,0.0,0.0,0.0,0.0,1.5,3.0,0.0
Student_1294,4.0,3.5,0.0,0.0,0.0,0.0,0.0,0.0,0.0,0.0,0.0,0.0,0.0,0.0,0.0,0.0,0.0,0.0,0.0,0.0,0.0,0.0,0.0,0.0,0.0,0.0,0.0,0.0,0.0,0.0,0.0,0.0,0.0,0.0,0.0,0.0,0.0,0.0,0.0,0.0,0.0,0.0,0.0,0.0,0.0,0.0,0.0,0.0,0.0,0.0,0.0,0.0,0.0,0.0,0.0,0.0,0.0,0.0,0.0,0.0,0.0,0.0,0.0,0.0,0.0,0.0,0.0,0.0,0.0,0.0,0.0,1.5,1.5,4.0,0.0,0.0,0.0,0.0,0.0,0.0,0.0,0.0,0.0,0.0,0.0,0.0,0.0,0.0,0.0,0.0,0.0,0.0,3.0,3.5,0.0
Student_1295,4.0,3.5,3.0,2.0,1.5,4.0,2.5,0.0,1.5,2.0,1.0,3.0,1.5,2.0,2.0,2.5,2.0,1.0,2.5,2.5,1.5,0.0,0.0,0.0,1.5,1.5,2.5,1.0,1.5,3.0,0.0,0.0,0.0,0.0,3.0,2.0,0.0,2.0,0.0,0.0,0.0,0.0,0.0,0.0,0.0,0.0,0.0,0.0,0.0,0.0,0.0,1.5,2.0,0.0,0.0,3.0,0.0,2.0,1.5,2.5,3.0,3.0,4.0,2.5,4.0,0.0,0.0,3.5,0.0,1.0,0.0,3.0,3.0,2.0,2.5,0.0,0.0,0.0,0.0,0.0,4.0,0.0,0.0,0.0,0.0,0.0,0.0,0.0,0.0,0.0,0.0,0.0,4.0,3.5,0.0
Student_1296,4.0,4.0,1.0,1.0,3.0,3.0,3.0,2.0,1.0,1.5,2.5,1.5,3.5,3.0,2.5,3.0,3.0,3.0,3.0,3.0,0.0,0.0,0.0,0.0,1.5,2.5,3.5,4.0,2.0,2.0,0.0,3.0,0.0,0.0,0.0,0.0,4.0,3.5,0.0,0.0,0.0,0.0,0.0,0.0,1.5,0.0,0.0,0.0,0.0,2.0,0.0,0.0,2.0,0.0,0.0,4.0,0.0,1.5,3.0,3.0,3.0,3.5,4.0,1.5,4.0,0.0,0.0,3.5,0.0,0.0,2.5,2.0,3.5,1.5,3.0,0.0,0.0,0.0,0.0,0.0,3.5,0.0,0.0,0.0,0.0,0.0,0.0,0.0,0.0,0.0,0.0,0.0,3.0,2.0,0.0
Student_1297,0.0,0.0,2.5,0.0,0.0,0.0,2.0,3.0,0.0,0.0,0.0,0.0,0.0,2.0,1.0,0.0,3.25,0.0,1.5,1.5,0.0,0.0,0.0,0.0,0.0,0.0,1.75,0.0,0.0,0.0,0.0,0.0,0.0,0.0,0.0,0.0,0.0,0.0,0.0,0.0,0.0,0.0,0.0,0.0,0.0,3.5,0.0,0.0,0.0,0.0,0.0,0.0,0.0,0.0,0.0,0.0,0.0,0.0,0.0,0.0,3.5,2.0,0.0,2.5,0.0,0.0,0.0,3.0,0.0,0.0,0.0,0.0,0.0,0.0,2.0,0.0,0.0,0.0,0.0,0.0,0.0,0.0,0.0,0.0,0.0,0.0,3.5,0.0,0.0,0.0,0.0,0.0,0.0,0.0,0.0
Student_1298,1.5,4.0,4.0,3.5,4.0,3.5,1.0,3.5,2.0,2.0,2.5,1.0,3.0,2.0,3.5,2.0,3.5,1.5,2.5,2.0,0.0,0.0,0.0,0.0,4.0,2.5,0.0,3.0,1.5,3.0,0.0,1.5,0.0,0.0,0.0,0.0,1.5,0.0,0.0,0.0,0.0,0.0,0.0,0.0,0.0,2.5,2.0,3.0,2.0,0.0,0.0,0.0,0.0,3.5,0.0,4.0,0.0,3.0,2.5,3.0,2.0,2.0,3.5,1.5,2.5,0.0,0.0,3.0,0.0,0.0,2.0,2.0,2.0,4.0,1.0,0.0,3.0,0.0,0.0,0.0,0.0,0.0,0.0,0.0,0.0,0.0,0.0,0.0,0.0,0.0,0.0,0.0,3.0,2.0,0.0
Student_1299,0.0,0.0,1.5,1.5,2.5,2.5,3.5,3.0,2.0,1.0,2.5,1.5,2.5,2.5,2.0,1.0,3.0,1.5,3.5,2.0,1.5,0.0,0.0,0.0,2.5,1.5,4.0,4.0,2.5,2.5,0.0,0.0,2.0,0.0,0.0,3.0,0.0,1.0,0.0,0.0,0.0,0.0,0.0,0.0,2.5,1.0,0.0,0.0,3.0,0.0,0.0,0.0,0.0,0.0,0.0,3.5,0.0,1.5,3.0,3.5,2.0,2.5,4.0,2.5,4.0,0.0,0.0,3.5,0.0,0.0,0.0,2.0,1.5,2.5,2.5,0.0,0.0,0.0,0.0,0.0,0.0,0.0,0.0,0.0,0.0,0.0,0.0,0.0,0.0,0.0,0.0,0.0,0.0,0.0,0.0
Student_13,0.0,0.0,2.5,0.0,3.0,0.0,3.0,0.0,0.0,0.0,0.0,0.0,0.0,2.0,1.25,0.0,3.25,0.0,3.25,2.75,0.0,0.0,0.0,0.0,0.0,0.0,0.0,0.0,0.0,0.0,0.0,0.0,0.0,0.0,0.0,0.0,0.0,0.0,0.0,0.0,0.0,0.0,0.0,0.0,0.0,2.5,0.0,0.0,0.0,0.0,0.0,0.0,0.0,0.0,0.0,0.0,0.0,0.0,0.0,0.0,3.25,4.0,4.0,3.5,4.0,4.0,2.5,4.0,0.0,0.0,0.0,4.0,3.5,0.0,2.5,0.0,0.0,0.0,0.0,0.0,4.0,0.0,0.0,0.0,0.0,0.0,0.0,0.0,0.0,0.0,0.0,0.0,0.0,0.0,3.75
Student_130,0.0,0.0,0.0,0.0,0.0,0.0,2.0,0.0,1.0,2.0,2.0,2.5,3.0,3.5,1.0,3.0,2.0,3.0,2.0,2.0,0.0,0.0,0.0,0.0,2.0,1.0,2.0,3.5,1.0,2.5,0.0,0.0,3.0,0.0,4.0,0.0,0.0,3.5,0.0,0.0,4.0,2.5,0.0,0.0,0.0,0.0,0.0,0.0,0.0,0.0,0.0,0.0,1.5,0.0,0.0,4.0,0.0,1.5,1.0,3.0,3.5,0.0,0.0,0.0,0.0,0.0,0.0,4.0,0.0,0.0,4.0,0.0,0.0,1.5,2.5,0.0,0.0,0.0,0.0,0.0,3.5,0.0,0.0,0.0,0.0,0.0,0.0,0.0,0.0,0.0,0.0,0.0,0.0,0.0,0.0
Student_1300,2.5,3.5,3.0,3.0,1.0,3.0,1.0,1.5,3.0,1.5,2.5,1.0,1.0,2.0,2.0,2.0,3.5,2.0,1.0,1.0,3.0,0.0,0.0,0.0,2.0,3.5,0.0,3.0,3.0,2.0,0.0,2.0,0.0,0.0,2.5,4.0,0.0,3.0,0.0,0.0,1.5,0.0,0.0,0.0,0.0,1.0,0.0,2.5,0.0,0.0,0.0,0.0,0.0,0.0,0.0,3.5,0.0,1.5,1.0,2.5,3.0,1.5,4.0,2.0,3.5,0.0,0.0,3.0,0.0,0.0,0.0,1.0,1.0,3.0,2.0,0.0,0.0,2.5,0.0,0.0,0.0,0.0,4.0,0.0,0.0,0.0,0.0,0.0,0.0,0.0,0.0,0.0,2.5,2.0,0.0
Student_1301,4.0,3.0,4.0,3.0,4.0,4.0,1.5,3.5,2.0,2.0,2.5,2.0,2.0,2.0,1.5,1.5,3.25,2.75,2.5,2.25,2.25,0.0,0.0,0.0,3.5,2.5,2.5,3.5,3.25,0.0,0.0,2.5,0.0,0.0,0.0,0.0,0.0,0.0,0.0,0.0,2.5,0.0,0.0,0.0,0.0,0.0,0.0,4.0,3.5,0.0,0.0,0.0,0.0,4.0,4.0,4.0,0.0,2.5,3.0,2.5,3.0,2.5,4.0,2.5,4.0,0.0,4.0,4.0,0.0,0.0,0.0,4.0,4.0,4.0,2.0,0.0,0.0,0.0,3.75,0.0,0.0,0.0,0.0,0.0,0.0,0.0,0.0,0.0,0.0,0.0,0.0,0.0,0.0,3.5,0.0
Student_1302,0.0,0.0,4.0,0.0,3.0,0.0,3.0,3.5,0.0,0.0,0.0,0.0,0.0,2.5,3.0,0.0,3.5,0.0,2.0,3.5,0.0,0.0,0.0,0.0,0.0,0.0,1.5,0.0,0.0,0.0,0.0,0.0,0.0,0.0,0.0,0.0,0.0,0.0,0.0,0.0,2.5,0.0,0.0,0.0,0.0,4.0,0.0,0.0,0.0,0.0,0.0,0.0,0.0,0.0,0.0,0.0,0.0,0.0,0.0,0.0,3.0,2.0,4.0,3.0,4.0,0.0,4.0,4.0,0.0,0.0,0.0,3.0,3.0,0.0,4.0,0.0,0.0,0.0,0.0,0.0,0.0,0.0,0.0,0.0,0.0,0.0,4.0,0.0,0.0,0.0,0.0,0.0,4.0,0.0,0.0
Student_1303,0.0,0.0,2.5,0.0,4.0,0.0,4.0,3.25,0.0,0.0,0.0,0.0,0.0,3.0,4.0,3.25,4.0,0.0,3.0,3.25,0.0,0.0,0.0,0.0,0.0,0.0,3.75,0.0,0.0,0.0,0.0,0.0,0.0,0.0,0.0,0.0,0.0,0.0,0.0,0.0,0.0,0.0,0.0,0.0,0.0,3.5,0.0,0.0,0.0,0.0,0.0,0.0,0.0,0.0,0.0,0.0,0.0,0.0,0.0,0.0,4.0,3.0,4.0,4.0,4.0,0.0,4.0,4.0,0.0,0.0,0.0,4.0,4.0,0.0,4.0,0.0,0.0,0.0,0.0,0.0,0.0,0.0,0.0,0.0,0.0,0.0,0.0,4.0,0.0,0.0,0.0,0.0,0.0,4.0,0.0
Student_1304,3.5,4.0,3.5,3.5,2.5,2.0,2.0,2.5,4.0,3.5,3.0,2.5,2.5,3.0,3.0,4.0,2.0,1.5,4.0,3.5,0.0,0.0,0.0,0.0,3.5,1.0,1.5,3.0,2.5,0.0,0.0,0.0,0.0,0.0,3.0,0.0,0.0,0.0,0.0,4.0,3.0,0.0,0.0,0.0,0.0,0.0,0.0,3.0,0.0,0.0,0.0,0.0,0.0,2.5,3.5,3.5,4.0,2.5,1.5,4.0,2.5,4.0,4.0,3.0,4.0,0.0,0.0,3.5,0.0,0.0,1.5,3.0,1.0,1.5,2.0,0.0,0.0,0.0,0.0,0.0,0.0,0.0,0.0,3.0,0.0,0.0,0.0,0.0,0.0,0.0,0.0,0.0,4.0,4.0,0.0
Student_1305,3.5,3.5,2.5,2.5,1.5,3.0,2.5,0.0,2.0,1.0,2.5,2.5,2.5,2.0,1.0,1.5,4.0,1.0,3.0,3.0,0.0,0.0,0.0,0.0,2.0,4.0,3.0,3.0,2.0,4.0,0.0,3.0,3.0,0.0,0.0,0.0,0.0,0.0,0.0,0.0,3.5,0.0,0.0,0.0,0.0,4.0,3.5,2.5,0.0,0.0,0.0,0.0,0.0,3.0,0.0,4.0,0.0,3.0,2.5,3.0,2.0,2.5,4.0,2.0,4.0,0.0,0.0,3.5,0.0,0.0,0.0,2.0,1.0,2.0,2.5,0.0,0.0,0.0,0.0,0.0,4.0,0.0,0.0,0.0,0.0,0.0,0.0,0.0,0.0,0.0,0.0,0.0,4.0,3.5,0.0
Student_1306,4.0,3.0,2.0,2.0,2.0,2.5,1.0,2.5,1.5,2.5,1.5,2.5,2.5,1.0,2.0,3.0,3.0,2.0,3.5,1.5,3.0,0.0,0.0,0.0,2.5,1.5,0.0,3.5,3.0,2.5,0.0,2.5,1.5,0.0,0.0,0.0,0.0,0.0,0.0,0.0,0.0,0.0,0.0,0.0,0.0,2.5,2.5,2.0,2.0,0.0,0.0,0.0,0.0,1.0,0.0,3.5,0.0,2.0,1.0,3.5,2.0,4.0,4.0,2.0,4.0,0.0,0.0,3.5,0.0,0.0,3.0,2.5,2.5,3.5,2.5,0.0,0.0,0.0,0.0,0.0,0.0,0.0,0.0,0.0,0.0,0.0,0.0,0.0,0.0,0.0,0.0,0.0,4.0,4.0,0.0
Student_1307,2.5,3.5,3.0,1.0,1.0,3.0,2.0,2.0,2.5,2.0,3.0,1.5,2.0,1.5,1.0,3.0,2.0,1.0,3.0,1.0,1.5,0.0,0.0,0.0,2.0,1.0,0.0,2.5,1.5,2.0,0.0,1.0,1.5,0.0,0.0,0.0,2.5,0.0,0.0,0.0,0.0,0.0,0.0,0.0,0.0,2.5,1.5,0.0,1.5,1.0,0.0,0.0,0.0,2.0,0.0,4.0,0.0,1.0,2.0,2.0,2.0,2.0,4.0,1.5,4.0,0.0,0.0,4.0,0.0,0.0,0.0,1.5,1.5,2.0,1.5,0.0,0.0,0.0,1.0,0.0,0.0,0.0,0.0,0.0,0.0,0.0,0.0,0.0,0.0,0.0,0.0,0.0,3.0,3.0,0.0
Student_1308,4.0,4.0,0.0,0.0,0.0,0.0,0.0,0.0,0.0,0.0,0.0,0.0,0.0,0.0,0.0,0.0,0.0,0.0,0.0,0.0,0.0,0.0,0.0,0.0,0.0,0.0,0.0,0.0,0.0,0.0,0.0,0.0,0.0,0.0,0.0,0.0,0.0,0.0,0.0,0.0,0.0,0.0,0.0,0.0,0.0,0.0,0.0,0.0,0.0,0.0,0.0,0.0,0.0,0.0,0.0,0.0,0.0,0.0,0.0,0.0,0.0,0.0,0.0,0.0,0.0,0.0,0.0,0.0,0.0,0.0,0.0,2.0,1.5,0.0,0.0,0.0,0.0,0.0,0.0,0.0,0.0,0.0,0.0,0.0,0.0,0.0,0.0,0.0,0.0,0.0,0.0,0.0,4.0,3.5,0.0
Student_1309,3.5,2.5,0.0,0.0,0.0,0.0,0.0,0.0,2.0,0.0,0.0,0.0,0.0,0.0,0.0,0.0,0.0,0.0,0.0,0.0,0.0,0.0,0.0,0.0,0.0,0.0,0.0,0.0,0.0,0.0,0.0,0.0,0.0,0.0,0.0,0.0,0.0,0.0,0.0,0.0,0.0,0.0,0.0,0.0,0.0,0.0,0.0,0.0,0.0,0.0,0.0,0.0,0.0,0.0,0.0,0.0,0.0,0.0,0.0,0.0,0.0,0.0,4.0,0.0,0.0,0.0,0.0,0.0,0.0,0.0,0.0,1.0,1.0,3.5,0.0,0.0,0.0,0.0,0.0,0.0,0.0,0.0,0.0,0.0,0.0,0.0,0.0,0.0,0.0,0.0,0.0,0.0,3.0,2.5,0.0
Student_131,4.0,4.0,2.5,2.0,1.5,2.0,1.5,0.0,4.0,3.0,4.0,3.0,2.5,3.5,2.5,4.0,4.0,4.0,4.0,3.5,0.0,0.0,0.0,0.0,3.5,3.0,0.0,2.0,2.5,4.0,0.0,4.0,0.0,0.0,0.0,3.5,3.0,0.0,0.0,3.0,3.0,0.0,0.0,0.0,4.0,0.0,3.5,0.0,0.0,0.0,0.0,0.0,0.0,0.0,0.0,4.0,0.0,3.0,1.0,2.5,2.5,2.5,4.0,3.0,4.0,0.0,0.0,4.0,0.0,0.0,3.5,4.0,1.0,4.0,2.0,0.0,0.0,0.0,0.0,0.0,0.0,4.0,0.0,0.0,0.0,0.0,0.0,0.0,0.0,0.0,0.0,0.0,3.0,2.5,0.0
Student_1310,4.0,3.0,4.0,2.5,1.5,3.5,2.0,0.0,2.0,2.0,4.0,2.0,3.0,2.5,2.0,1.0,3.0,2.5,3.0,2.0,0.0,0.0,4.0,0.0,3.0,3.5,0.0,4.0,2.5,3.5,0.0,2.5,0.0,0.0,0.0,4.0,0.0,0.0,0.0,0.0,3.5,0.0,0.0,0.0,0.0,1.5,2.5,0.0,0.0,3.5,0.0,4.0,0.0,0.0,0.0,4.0,0.0,1.0,2.0,3.5,3.0,3.0,4.0,2.0,4.0,0.0,0.0,4.0,0.0,1.0,0.0,2.5,1.5,2.5,2.5,0.0,0.0,0.0,0.0,0.0,0.0,0.0,0.0,0.0,0.0,0.0,0.0,0.0,0.0,0.0,0.0,0.0,4.0,2.5,0.0
Student_1311,3.0,3.5,3.0,3.0,2.5,2.5,3.5,3.0,3.0,2.5,3.5,2.0,1.5,3.0,2.0,1.5,1.5,2.5,3.5,3.5,2.0,0.0,0.0,0.0,3.0,1.0,0.0,4.0,2.0,2.0,0.0,0.0,3.5,0.0,0.0,0.0,3.5,0.0,0.0,0.0,0.0,0.0,0.0,0.0,2.5,3.5,3.0,3.5,0.0,2.5,0.0,0.0,0.0,0.0,0.0,4.0,0.0,2.5,3.0,3.0,3.5,3.5,3.5,3.5,4.0,0.0,0.0,2.5,0.0,0.0,0.0,2.0,3.0,3.0,3.0,0.0,0.0,0.0,0.0,0.0,0.0,0.0,3.5,0.0,0.0,0.0,0.0,0.0,0.0,0.0,1.0,0.0,2.5,2.5,0.0
Student_1312,0.0,0.0,3.5,0.0,2.5,2.5,0.0,0.0,2.75,2.0,0.0,3.5,3.5,0.0,1.25,3.5,3.0,2.75,2.75,2.25,0.0,0.0,0.0,0.0,3.5,2.5,2.75,3.5,0.0,0.0,0.0,3.75,0.0,0.0,0.0,0.0,0.0,0.0,0.0,0.0,2.25,0.0,0.0,0.0,0.0,3.75,0.0,3.75,0.0,0.0,3.0,0.0,0.0,3.25,4.0,4.0,0.0,3.25,1.0,3.25,4.0,0.0,0.0,0.0,0.0,4.0,4.0,4.0,0.0,0.0,0.0,0.0,0.0,0.0,2.5,0.0,0.0,0.0,4.0,0.0,0.0,0.0,0.0,0.0,0.0,0.0,0.0,0.0,0.0,0.0,0.0,0.0,0.0,0.0,0.0
Student_1313,2.5,3.0,2.5,1.5,1.5,2.5,1.0,1.5,2.5,1.0,2.0,2.5,3.0,1.0,1.5,2.5,3.0,1.0,4.0,3.0,0.0,0.0,0.0,0.0,1.0,1.5,2.5,3.0,3.5,2.25,0.0,1.0,0.0,0.0,0.0,0.0,0.0,0.0,0.0,0.0,0.0,0.0,0.0,0.0,0.0,1.0,0.0,0.0,2.5,0.0,1.0,1.5,0.0,2.0,0.0,4.0,0.0,1.5,1.0,2.0,2.5,3.0,4.0,1.5,4.0,0.0,0.0,2.5,0.0,1.5,0.0,2.0,2.0,4.0,2.0,0.0,0.0,0.0,0.0,0.0,0.0,0.0,0.0,0.0,0.0,0.0,0.0,3.0,0.0,0.0,0.0,0.0,2.0,3.0,0.0
Student_1314,3.5,2.5,0.0,0.0,0.0,0.0,0.0,0.0,0.0,0.0,0.0,0.0,0.0,0.0,0.0,0.0,0.0,0.0,0.0,0.0,0.0,0.0,0.0,0.0,0.0,0.0,0.0,0.0,0.0,0.0,0.0,0.0,0.0,0.0,0.0,0.0,0.0,0.0,0.0,0.0,0.0,0.0,0.0,0.0,0.0,0.0,0.0,0.0,0.0,0.0,0.0,0.0,0.0,0.0,0.0,0.0,0.0,0.0,0.0,0.0,0.0,0.0,0.0,0.0,0.0,0.0,0.0,0.0,0.0,0.0,0.0,2.5,1.5,0.0,0.0,0.0,0.0,0.0,0.0,0.0,0.0,0.0,0.0,0.0,0.0,0.0,0.0,0.0,0.0,0.0,0.0,0.0,2.5,3.0,0.0
Student_1315,3.0,3.0,2.0,1.5,1.0,2.0,2.0,3.0,3.5,3.5,1.0,1.0,3.0,1.0,1.5,3.0,3.5,1.0,4.0,2.5,0.0,0.0,0.0,0.0,3.0,3.0,0.0,1.0,2.0,0.0,0.0,0.0,0.0,0.0,0.0,0.0,0.0,0.0,0.0,4.0,1.5,0.0,0.0,0.0,0.0,3.0,0.0,0.0,2.5,2.5,0.0,0.0,0.0,2.5,3.5,3.5,4.0,2.5,2.0,2.5,2.5,2.5,4.0,2.0,2.5,0.0,0.0,3.0,0.0,0.0,3.5,2.5,3.0,2.5,3.0,0.0,0.0,0.0,0.0,0.0,3.0,0.0,0.0,0.0,0.0,0.0,0.0,0.0,0.0,0.0,0.0,0.0,3.5,3.0,0.0
Student_1316,0.0,0.0,3.5,4.0,4.0,4.0,4.0,4.0,4.0,2.5,4.0,3.5,3.0,3.5,3.5,3.0,2.0,3.25,3.5,3.0,3.25,0.0,0.0,0.0,3.75,2.0,4.0,3.0,2.75,0.0,0.0,3.5,0.0,0.0,0.0,0.0,3.5,0.0,0.0,0.0,0.0,0.0,0.0,0.0,0.0,0.0,0.0,0.0,4.0,4.0,0.0,0.0,3.0,0.0,4.0,4.0,0.0,2.5,3.5,2.5,3.5,4.0,4.0,3.5,4.0,0.0,4.0,4.0,0.0,0.0,0.0,4.0,4.0,4.0,4.0,0.0,0.0,0.0,0.0,0.0,0.0,0.0,0.0,0.0,0.0,0.0,3.5,0.0,0.0,0.0,0.0,0.0,0.0,0.0,0.0
Student_1317,3.0,3.5,3.5,2.0,1.0,3.5,1.5,2.5,2.0,2.5,2.0,1.5,4.0,1.0,2.0,2.5,3.0,1.0,2.5,1.5,0.0,0.0,0.0,0.0,4.0,2.5,1.5,4.0,2.0,3.0,0.0,2.0,0.0,0.0,0.0,0.0,0.0,0.0,0.0,0.0,0.0,0.0,0.0,0.0,2.0,3.5,3.5,4.0,0.0,0.0,1.5,0.0,0.0,0.0,0.0,3.0,0.0,2.5,2.5,3.0,3.0,2.5,4.0,2.5,4.0,0.0,0.0,3.5,0.0,2.5,0.0,2.5,2.5,2.0,2.5,0.0,0.0,0.0,4.0,0.0,0.0,0.0,0.0,0.0,0.0,0.0,0.0,0.0,0.0,0.0,0.0,0.0,3.0,3.5,0.0
Student_1318,3.0,2.0,3.5,4.0,3.5,3.5,2.0,3.0,1.5,2.5,3.5,3.0,3.0,2.0,3.0,0.0,3.5,2.5,3.5,2.5,2.0,0.0,0.0,0.0,4.0,3.5,3.5,3.0,2.0,2.0,0.0,3.0,0.0,0.0,0.0,0.0,0.0,0.0,0.0,3.0,2.5,0.0,2.5,0.0,0.0,2.5,3.0,0.0,0.0,2.0,0.0,0.0,0.0,0.0,0.0,3.0,0.0,1.0,1.5,3.0,3.5,2.5,3.0,3.5,4.0,0.0,0.0,3.5,0.0,0.0,0.0,3.5,2.5,3.5,2.5,0.0,0.0,0.0,0.0,0.0,0.0,0.0,0.0,0.0,0.0,0.0,0.0,0.0,0.0,0.0,0.0,3.0,2.0,2.5,0.0
Student_1319,0.0,0.0,0.0,0.0,2.5,4.0,4.0,0.0,1.5,1.0,4.0,2.5,3.0,0.0,2.0,2.5,2.5,2.0,1.5,2.5,0.0,0.0,0.0,0.0,2.5,4.0,3.5,0.0,3.5,2.5,0.0,0.0,2.5,0.0,0.0,0.0,0.0,3.0,0.0,0.0,3.0,2.0,0.0,0.0,0.0,0.0,0.0,0.0,0.0,0.0,1.5,4.0,0.0,0.0,0.0,3.5,0.0,2.0,1.5,3.5,3.0,0.0,0.0,0.0,4.0,0.0,0.0,4.0,0.0,2.0,0.0,0.0,0.0,4.0,0.0,0.0,0.0,0.0,0.0,0.0,0.0,0.0,4.0,0.0,0.0,0.0,0.0,0.0,0.0,0.0,0.0,0.0,0.0,0.0,0.0
Student_132,3.5,4.0,2.0,3.5,2.5,1.5,3.0,0.0,1.5,1.5,3.5,2.5,3.0,2.5,1.5,3.0,3.5,3.5,3.5,2.5,0.0,0.0,0.0,0.0,3.0,2.5,3.0,2.5,2.0,3.0,0.0,3.0,0.0,0.0,0.0,0.0,0.0,0.0,0.0,2.0,0.0,0.0,0.0,0.0,0.0,2.5,2.0,3.5,0.0,0.0,2.5,0.0,0.0,0.0,0.0,4.0,0.0,2.0,3.0,3.0,3.0,4.0,4.0,2.5,4.0,0.0,0.0,3.0,0.0,0.0,1.0,2.5,2.0,3.0,1.5,4.0,0.0,0.0,0.0,0.0,0.0,0.0,0.0,0.0,0.0,0.0,0.0,0.0,0.0,0.0,0.0,0.0,3.0,3.0,0.0
Student_1320,0.0,0.0,0.0,2.5,2.5,4.0,0.0,4.0,3.5,2.5,3.0,2.5,3.5,3.0,3.0,3.5,2.5,1.75,3.25,0.0,3.0,0.0,0.0,0.0,3.75,3.5,2.5,4.0,0.0,0.0,0.0,0.0,1.5,0.0,0.0,0.0,0.0,0.0,0.0,0.0,0.0,0.0,0.0,0.0,3.5,0.0,0.0,0.0,3.25,0.0,3.0,0.0,0.0,0.0,4.0,4.0,0.0,0.0,4.0,4.0,2.75,0.0,0.0,3.5,4.0,0.0,4.0,4.0,0.0,0.0,0.0,0.0,0.0,4.0,3.0,0.0,4.0,0.0,4.0,0.0,0.0,0.0,0.0,0.0,0.0,0.0,4.0,0.0,0.0,0.0,0.0,0.0,0.0,0.0,0.0
Student_1321,4.0,4.0,2.5,2.5,3.0,2.5,3.0,0.0,2.0,2.5,4.0,1.0,4.0,1.5,3.0,3.0,1.5,2.5,2.5,4.0,0.0,0.0,0.0,0.0,1.5,1.5,3.0,2.5,3.0,3.5,0.0,0.0,0.0,4.0,0.0,3.5,4.0,0.0,0.0,0.0,0.0,0.0,2.5,0.0,4.0,0.0,0.0,2.5,0.0,0.0,0.0,0.0,0.0,0.0,0.0,3.0,0.0,1.0,2.0,4.0,4.0,4.0,4.0,3.5,4.0,0.0,0.0,4.0,0.0,1.5,0.0,2.5,1.5,2.5,2.0,0.0,0.0,0.0,0.0,0.0,0.0,0.0,0.0,0.0,0.0,0.0,0.0,3.0,0.0,0.0,0.0,0.0,3.5,3.5,0.0
Student_1322,3.5,3.0,3.0,1.5,1.0,3.0,2.5,0.0,3.5,2.5,2.5,2.0,2.0,3.0,3.0,2.5,3.5,3.0,4.0,4.0,4.0,0.0,0.0,0.0,3.0,3.5,0.0,4.0,4.0,4.0,0.0,4.0,4.0,0.0,0.0,0.0,0.0,0.0,0.0,0.0,4.0,0.0,0.0,0.0,3.5,3.5,0.0,4.0,4.0,0.0,0.0,0.0,0.0,0.0,0.0,4.0,0.0,1.0,2.5,3.5,4.0,4.0,4.0,3.0,4.0,0.0,0.0,4.0,0.0,0.0,0.0,2.0,2.0,3.5,2.0,0.0,0.0,0.0,0.0,0.0,0.0,0.0,0.0,0.0,0.0,0.0,0.0,4.0,0.0,0.0,0.0,0.0,3.0,3.5,0.0
Student_1323,2.5,4.0,3.0,2.5,3.5,2.5,2.0,0.0,2.5,2.5,2.5,2.0,3.0,2.0,3.5,2.0,1.0,2.0,1.0,2.0,0.0,0.0,0.0,0.0,2.5,1.0,2.0,3.5,3.0,4.0,0.0,3.0,2.0,0.0,0.0,0.0,3.0,0.0,0.0,0.0,0.0,0.0,0.0,0.0,0.0,0.0,3.5,2.0,0.0,3.5,0.0,0.0,0.0,0.0,0.0,3.0,0.0,2.5,2.5,2.5,2.5,3.0,4.0,3.0,4.0,0.0,0.0,4.0,0.0,0.0,2.0,2.0,2.0,3.5,3.0,4.0,0.0,0.0,0.0,0.0,0.0,0.0,0.0,0.0,0.0,0.0,0.0,0.0,0.0,0.0,0.0,0.0,3.0,2.5,0.0
Student_1324,0.0,0.0,2.5,3.5,3.0,3.0,2.5,2.5,1.0,1.5,1.5,2.0,4.0,2.0,2.0,2.5,3.0,1.5,2.5,2.0,0.0,0.0,0.0,0.0,2.0,1.0,1.0,3.0,2.0,0.0,0.0,0.0,0.0,0.0,0.0,0.0,0.0,0.0,0.0,0.0,2.5,0.0,0.0,0.0,0.0,0.0,0.0,0.0,2.0,0.0,0.0,2.75,0.0,3.0,3.0,3.5,0.0,1.5,1.0,3.0,1.5,3.5,4.0,3.5,4.0,0.0,4.0,4.0,0.0,0.0,2.0,2.5,3.0,4.0,2.5,0.0,3.0,0.0,0.0,0.0,0.0,0.0,0.0,0.0,0.0,0.0,0.0,0.0,0.0,0.0,0.0,0.0,3.5,0.0,2.25
Student_1325,1.5,3.0,3.5,2.0,2.5,4.0,2.5,0.0,3.0,2.5,3.5,3.5,4.0,1.5,2.0,1.5,1.5,1.0,2.0,2.0,0.0,0.0,0.0,0.0,2.5,2.0,3.0,3.0,2.0,3.0,0.0,1.0,0.0,0.0,3.5,0.0,0.0,0.0,0.0,0.0,2.0,0.0,0.0,0.0,2.0,2.5,0.0,2.5,0.0,0.0,0.0,2.5,0.0,0.0,0.0,2.5,0.0,3.0,4.0,3.5,2.0,4.0,4.0,2.0,4.0,0.0,0.0,3.0,0.0,0.0,0.0,2.5,2.0,3.0,2.5,0.0,3.0,0.0,0.0,0.0,0.0,0.0,0.0,0.0,0.0,0.0,0.0,0.0,0.0,0.0,0.0,0.0,3.0,2.0,0.0
Student_1326,2.0,3.5,0.0,4.0,4.0,3.5,3.5,0.0,2.5,2.5,3.5,3.5,3.0,2.5,2.5,2.0,3.5,2.0,4.0,3.5,0.0,0.0,0.0,0.0,2.5,1.5,0.0,4.0,2.5,4.0,0.0,2.5,0.0,0.0,0.0,0.0,3.5,0.0,0.0,0.0,0.0,0.0,0.0,0.0,2.0,4.0,3.5,4.0,0.0,0.0,3.0,0.0,0.0,0.0,0.0,4.0,0.0,2.5,3.5,3.0,3.5,4.0,4.0,4.0,0.0,0.0,0.0,4.0,0.0,0.0,2.5,4.0,4.0,3.5,4.0,0.0,0.0,0.0,4.0,0.0,0.0,0.0,0.0,0.0,0.0,0.0,0.0,0.0,0.0,0.0,0.0,0.0,4.0,3.5,0.0
Student_1327,4.0,4.0,3.0,4.0,3.0,3.5,3.5,4.0,1.5,1.5,2.0,3.0,4.0,2.5,2.5,1.5,2.5,1.5,2.0,1.0,0.0,0.0,0.0,0.0,1.0,1.5,3.0,3.5,1.0,0.0,0.0,2.5,1.25,0.0,0.0,0.0,0.0,0.0,0.0,0.0,3.0,0.0,0.0,0.0,0.0,0.0,0.0,0.0,1.5,0.0,1.5,0.0,0.0,1.75,3.5,3.5,0.0,2.5,2.5,4.0,3.5,3.0,4.0,2.0,4.0,0.0,3.5,3.5,0.0,0.0,2.0,3.5,3.0,3.5,3.0,0.0,0.0,0.0,0.0,0.0,0.0,0.0,0.0,0.0,0.0,0.0,0.0,0.0,0.0,0.0,3.0,0.0,4.0,4.0,0.0
Student_1328,4.0,3.5,2.5,3.0,1.0,3.5,3.0,0.0,2.0,2.5,3.5,3.0,3.0,2.5,3.0,3.0,3.0,1.5,3.5,2.5,0.0,0.0,0.0,0.0,4.0,3.0,2.0,1.5,2.5,1.0,0.0,2.0,0.0,0.0,0.0,0.0,0.0,0.0,0.0,2.5,2.5,2.5,1.5,0.0,0.0,0.0,0.0,0.0,0.0,0.0,3.5,0.0,0.0,0.0,0.0,4.0,0.0,1.5,1.5,2.0,3.0,2.5,4.0,2.5,4.0,0.0,0.0,3.5,0.0,0.0,1.0,2.0,2.0,1.5,2.0,0.0,0.0,0.0,0.0,0.0,3.5,0.0,0.0,0.0,0.0,0.0,0.0,0.0,0.0,0.0,0.0,0.0,3.5,4.0,0.0
Student_1329,0.0,0.0,0.0,0.0,0.0,3.5,0.0,0.0,3.5,3.0,0.0,0.0,3.0,0.0,3.5,3.5,3.0,2.5,0.0,2.0,0.0,0.0,0.0,0.0,4.0,3.0,0.0,2.0,1.5,0.0,0.0,0.0,0.0,0.0,3.5,3.0,0.0,0.0,0.0,0.0,2.0,0.0,4.0,0.0,0.0,3.0,0.0,0.0,0.0,0.0,0.0,0.0,0.0,0.0,4.0,4.0,0.0,3.0,2.5,4.0,0.0,0.0,0.0,0.0,0.0,0.0,4.0,4.0,0.0,2.5,0.0,0.0,0.0,0.0,1.5,0.0,3.5,0.0,0.0,0.0,0.0,0.0,0.0,0.0,0.0,0.0,0.0,0.0,0.0,0.0,0.0,0.0,0.0,0.0,0.0
Student_133,3.5,4.0,3.5,3.0,3.5,3.0,3.5,0.0,4.0,2.5,3.5,3.0,2.5,2.5,4.0,3.5,4.0,3.5,4.0,3.0,3.0,0.0,0.0,0.0,4.0,4.0,0.0,4.0,3.0,2.0,0.0,2.0,0.0,0.0,0.0,0.0,0.0,0.0,0.0,0.0,4.0,4.0,0.0,0.0,0.0,4.0,0.0,0.0,2.0,0.0,0.0,2.5,0.0,0.0,0.0,3.5,0.0,3.5,4.0,3.5,4.0,4.0,4.0,0.0,0.0,0.0,0.0,4.0,0.0,0.0,0.0,0.0,4.0,3.5,3.5,0.0,0.0,0.0,3.0,0.0,0.0,0.0,0.0,0.0,0.0,0.0,0.0,0.0,0.0,0.0,0.0,0.0,4.0,3.5,0.0
Student_1330,3.0,2.5,2.5,1.0,1.0,3.0,2.5,0.0,2.5,3.0,3.0,1.5,2.5,2.0,2.5,1.5,1.5,3.0,3.0,2.5,0.0,0.0,0.0,0.0,2.5,3.5,4.0,2.5,1.5,1.5,0.0,3.0,0.0,0.0,0.0,0.0,0.0,0.0,0.0,0.0,2.0,0.0,0.0,0.0,0.0,0.0,1.0,3.0,4.0,0.0,0.0,1.5,0.0,0.0,0.0,2.5,0.0,2.0,2.5,3.5,2.5,4.0,4.0,3.0,4.0,0.0,0.0,4.0,0.0,0.0,2.5,2.5,1.5,4.0,1.5,0.0,0.0,0.0,3.5,0.0,0.0,0.0,0.0,0.0,0.0,0.0,0.0,0.0,0.0,0.0,0.0,0.0,2.5,2.5,0.0
Student_1331,0.0,0.0,1.5,4.0,3.0,3.0,3.0,3.5,3.5,3.0,3.5,2.5,3.5,3.5,3.5,2.5,3.5,3.0,3.0,3.0,1.5,0.0,0.0,0.0,3.5,4.0,2.5,3.0,2.5,0.0,0.0,3.75,0.0,0.0,0.0,0.0,0.0,0.0,0.0,0.0,0.0,0.0,0.0,0.0,0.0,2.75,0.0,3.25,4.0,2.5,0.0,0.0,0.0,0.0,4.0,4.0,0.0,3.5,2.5,4.0,2.5,3.0,4.0,2.5,4.0,0.0,4.0,3.5,0.0,0.0,0.0,3.0,3.5,4.0,3.0,0.0,0.0,0.0,0.0,0.0,0.0,0.0,0.0,0.0,0.0,0.0,0.0,0.0,0.0,0.0,0.0,0.0,0.0,3.5,0.0
Student_1332,3.0,0.0,3.5,4.0,3.5,3.5,4.0,4.0,3.5,4.0,2.5,3.5,4.0,4.0,3.5,2.5,2.5,2.0,3.5,2.0,0.0,0.0,0.0,0.0,2.5,2.5,0.0,3.5,2.5,0.0,0.0,3.0,2.5,0.0,0.0,0.0,0.0,0.0,0.0,0.0,1.5,0.0,0.0,0.0,0.0,3.0,0.0,3.0,0.0,0.0,3.0,0.0,0.0,0.0,4.0,4.0,0.0,2.5,2.5,3.5,2.75,3.5,4.0,4.0,4.0,0.0,4.0,4.0,0.0,0.0,4.0,3.5,4.0,4.0,3.0,0.0,0.0,0.0,0.0,0.0,0.0,0.0,0.0,0.0,0.0,0.0,4.0,0.0,0.0,0.0,0.0,0.0,4.0,0.0,0.0
Student_1333,2.0,3.0,0.0,0.0,0.0,0.0,0.0,0.0,0.0,0.0,0.0,0.0,0.0,0.0,0.0,0.0,0.0,0.0,0.0,0.0,0.0,0.0,0.0,0.0,0.0,0.0,0.0,0.0,0.0,0.0,0.0,0.0,0.0,0.0,0.0,0.0,0.0,0.0,0.0,0.0,0.0,0.0,0.0,0.0,0.0,0.0,0.0,0.0,0.0,0.0,0.0,0.0,0.0,0.0,0.0,0.0,0.0,0.0,0.0,0.0,0.0,0.0,0.0,0.0,0.0,0.0,0.0,0.0,0.0,0.0,0.0,1.0,2.0,0.0,0.0,0.0,0.0,0.0,0.0,0.0,0.0,0.0,0.0,0.0,0.0,0.0,0.0,0.0,0.0,0.0,0.0,0.0,3.5,4.0,0.0
Student_1334,3.5,3.0,4.0,3.0,4.0,3.5,3.5,3.0,3.0,3.5,4.0,4.0,3.0,3.0,3.5,3.0,3.0,3.0,3.5,3.5,0.0,0.0,0.0,0.0,2.5,2.0,0.0,3.5,3.5,3.5,0.0,2.0,0.0,0.0,4.0,0.0,0.0,0.0,0.0,0.0,4.0,0.0,0.0,0.0,0.0,3.5,3.5,0.0,3.5,0.0,3.0,0.0,0.0,0.0,0.0,4.0,0.0,1.5,3.0,2.5,4.0,3.5,4.0,3.0,3.5,0.0,0.0,3.5,0.0,2.0,0.0,3.5,2.0,2.5,3.5,0.0,0.0,0.0,0.0,0.0,0.0,0.0,0.0,0.0,0.0,0.0,0.0,0.0,0.0,0.0,3.5,0.0,3.0,4.0,0.0
Student_1335,4.0,4.0,0.0,0.0,0.0,0.0,0.0,0.0,0.0,0.0,0.0,0.0,0.0,0.0,0.0,0.0,0.0,0.0,0.0,0.0,0.0,0.0,0.0,0.0,0.0,0.0,0.0,0.0,0.0,0.0,0.0,0.0,0.0,0.0,0.0,0.0,0.0,0.0,0.0,0.0,0.0,0.0,0.0,0.0,0.0,0.0,0.0,0.0,0.0,0.0,0.0,0.0,0.0,0.0,0.0,0.0,0.0,0.0,0.0,0.0,0.0,0.0,0.0,0.0,0.0,0.0,0.0,0.0,0.0,0.0,0.0,4.0,4.0,0.0,0.0,0.0,0.0,0.0,0.0,0.0,0.0,0.0,0.0,0.0,0.0,0.0,0.0,0.0,0.0,0.0,0.0,0.0,2.0,3.5,0.0
Student_1336,3.5,3.5,4.0,4.0,3.5,3.0,2.5,3.0,4.0,3.5,3.5,3.0,2.5,4.0,3.0,2.5,4.0,3.5,4.0,3.0,0.0,0.0,0.0,0.0,3.0,1.0,4.0,4.0,3.5,0.0,0.0,0.0,2.5,0.0,4.0,0.0,0.0,0.0,0.0,0.0,3.0,0.0,0.0,0.0,1.0,0.0,0.0,0.0,0.0,0.0,0.0,3.0,0.0,0.0,4.0,4.0,4.0,2.0,2.5,4.0,3.0,3.5,4.0,3.5,4.0,0.0,4.0,4.0,0.0,0.0,3.0,3.0,4.0,3.0,2.5,0.0,0.0,0.0,0.0,0.0,0.0,3.5,0.0,0.0,0.0,0.0,0.0,0.0,0.0,0.0,0.0,0.0,4.0,3.0,0.0
Student_1337,3.0,3.0,4.0,4.0,0.0,0.0,3.5,0.0,2.5,2.5,4.0,0.0,4.0,4.0,3.0,4.0,2.0,4.0,3.5,4.0,2.5,0.0,0.0,0.0,3.5,3.5,0.0,4.0,2.5,3.0,0.0,0.0,0.0,0.0,4.0,0.0,0.0,0.0,0.0,0.0,3.0,0.0,0.0,0.0,3.5,0.0,3.5,4.0,0.0,0.0,2.5,0.0,0.0,0.0,0.0,3.5,0.0,0.0,3.5,4.0,2.0,0.0,0.0,0.0,0.0,0.0,0.0,4.0,0.0,3.5,0.0,0.0,4.0,0.0,0.0,0.0,0.0,0.0,0.0,0.0,0.0,0.0,0.0,0.0,0.0,0.0,4.0,0.0,0.0,0.0,0.0,0.0,0.0,0.0,0.0
Student_1338,3.5,4.0,0.0,2.0,2.5,4.0,3.5,0.0,4.0,2.5,3.5,2.0,3.5,4.0,3.0,3.5,3.0,2.5,4.0,3.5,4.0,0.0,4.0,0.0,3.5,3.0,0.0,2.0,2.5,4.0,0.0,0.0,0.0,0.0,4.0,3.0,3.0,0.0,0.0,0.0,4.0,0.0,0.0,0.0,0.0,0.0,0.0,4.0,0.0,0.0,4.0,3.5,0.0,0.0,0.0,4.0,0.0,1.0,3.0,3.0,2.5,3.5,4.0,3.5,4.0,0.0,0.0,4.0,0.0,0.0,0.0,3.5,4.0,4.0,3.5,0.0,0.0,0.0,0.0,0.0,0.0,0.0,0.0,0.0,0.0,0.0,0.0,0.0,0.0,0.0,0.0,0.0,3.5,4.0,0.0
Student_1339,4.0,4.0,3.5,2.5,3.0,3.5,3.0,2.5,2.5,2.5,1.5,2.5,3.0,1.5,2.5,1.0,2.5,2.5,2.0,2.25,2.5,0.0,0.0,0.0,4.0,4.0,3.0,3.0,2.25,0.0,0.0,3.25,0.0,0.0,0.0,0.0,0.0,2.0,0.0,0.0,3.0,0.0,0.0,0.0,2.5,0.0,0.0,0.0,0.0,0.0,0.0,0.0,0.0,3.0,4.0,4.0,0.0,1.0,3.0,3.5,2.5,2.5,4.0,3.0,4.0,0.0,3.0,3.5,0.0,0.0,0.0,4.0,3.0,4.0,2.5,0.0,0.0,0.0,0.0,0.0,0.0,0.0,0.0,0.0,0.0,0.0,3.75,0.0,0.0,0.0,0.0,0.0,4.0,0.0,0.0
Student_134,4.0,4.0,3.5,2.0,2.0,3.5,3.5,4.0,3.0,3.5,4.0,3.0,3.5,4.0,3.5,3.0,2.0,1.5,3.0,3.5,0.0,0.0,0.0,0.0,2.0,2.5,0.0,4.0,1.5,2.5,0.0,2.5,0.0,0.0,0.0,0.0,0.0,0.0,0.0,0.0,3.5,0.0,0.0,0.0,2.5,3.5,0.0,0.0,0.0,3.0,0.0,0.0,0.0,0.0,4.0,3.5,4.0,4.0,3.5,2.0,3.5,2.5,4.0,3.5,4.0,0.0,0.0,4.0,0.0,0.0,2.0,2.5,3.0,2.5,3.0,0.0,0.0,0.0,4.0,0.0,0.0,0.0,0.0,0.0,0.0,0.0,0.0,0.0,0.0,0.0,0.0,0.0,4.0,3.5,0.0
Student_1340,4.0,4.0,4.0,4.0,4.0,4.0,4.0,0.0,4.0,4.0,4.0,4.0,4.0,4.0,4.0,4.0,4.0,4.0,4.0,4.0,0.0,0.0,0.0,0.0,4.0,4.0,4.0,4.0,4.0,4.0,0.0,0.0,0.0,0.0,4.0,4.0,4.0,4.0,0.0,4.0,0.0,0.0,0.0,4.0,0.0,0.0,0.0,0.0,0.0,0.0,0.0,0.0,0.0,0.0,0.0,4.0,0.0,4.0,4.0,4.0,4.0,4.0,4.0,4.0,4.0,0.0,0.0,4.0,0.0,0.0,4.0,4.0,4.0,4.0,4.0,0.0,0.0,0.0,0.0,0.0,0.0,0.0,0.0,0.0,0.0,0.0,0.0,0.0,0.0,0.0,0.0,0.0,4.0,4.0,0.0
Student_1341,3.0,4.0,0.0,0.0,2.0,2.5,2.5,0.0,3.0,2.5,2.5,2.5,4.0,3.5,1.0,3.0,2.5,2.0,1.5,1.0,0.0,0.0,0.0,0.0,3.0,1.5,3.0,1.0,2.5,1.0,3.0,0.0,0.0,0.0,2.0,0.0,0.0,0.0,0.0,0.0,1.5,1.5,0.0,0.0,0.0,0.0,1.0,0.0,0.0,0.0,0.0,1.5,0.0,0.0,0.0,4.0,0.0,1.5,2.0,2.0,2.5,4.0,3.5,3.5,4.0,0.0,0.0,4.0,0.0,0.0,0.0,3.5,3.5,1.5,3.5,0.0,0.0,0.0,0.0,3.0,0.0,0.0,0.0,0.0,0.0,0.0,0.0,0.0,0.0,0.0,0.0,0.0,3.0,3.5,0.0
Student_1342,3.5,3.5,3.0,2.5,3.5,4.0,4.0,0.0,2.0,2.5,2.0,2.0,3.5,3.0,3.0,3.5,3.0,2.0,1.5,3.0,3.0,0.0,0.0,0.0,2.0,3.0,4.0,3.5,4.0,3.5,3.0,3.0,0.0,0.0,0.0,3.0,0.0,3.5,0.0,0.0,0.0,0.0,0.0,0.0,0.0,0.0,0.0,0.0,0.0,0.0,0.0,3.5,0.0,0.0,0.0,4.0,0.0,3.5,2.5,2.5,3.5,3.0,4.0,3.5,4.0,0.0,0.0,4.0,0.0,0.0,3.5,3.0,2.5,2.5,3.0,0.0,0.0,0.0,0.0,4.0,0.0,0.0,0.0,0.0,0.0,0.0,0.0,0.0,0.0,0.0,0.0,0.0,3.5,4.0,0.0
Student_1343,2.5,3.5,3.0,1.0,1.5,3.0,2.0,3.0,3.0,2.5,3.0,2.5,3.0,3.0,2.5,2.5,3.5,2.0,3.5,3.5,3.5,0.0,0.0,0.0,3.0,2.0,0.0,4.0,2.5,3.0,0.0,2.5,0.0,0.0,0.0,0.0,2.5,0.0,0.0,0.0,0.0,0.0,0.0,0.0,4.0,3.5,3.0,0.0,3.5,3.0,0.0,0.0,0.0,0.0,0.0,4.0,0.0,1.0,2.0,3.0,4.0,2.0,4.0,1.0,3.0,0.0,0.0,4.0,0.0,0.0,0.0,2.5,2.5,2.5,2.0,0.0,0.0,0.0,0.0,0.0,0.0,0.0,0.0,3.5,0.0,0.0,0.0,0.0,0.0,0.0,0.0,0.0,3.0,2.5,0.0
Student_1344,0.0,0.0,2.5,3.5,4.0,3.5,4.0,4.0,2.25,1.5,2.5,3.0,3.5,3.0,3.5,2.75,3.0,1.75,3.0,2.5,2.75,0.0,0.0,0.0,4.0,2.0,1.75,3.75,3.25,0.0,0.0,3.0,0.0,0.0,0.0,0.0,0.0,0.0,0.0,0.0,3.0,0.0,0.0,0.0,0.0,0.0,0.0,0.0,3.0,0.0,3.0,0.0,0.0,3.25,4.0,4.0,0.0,2.0,2.5,2.5,3.0,4.0,4.0,3.0,4.0,4.0,4.0,4.0,0.0,0.0,0.0,4.0,4.0,2.5,3.5,0.0,0.0,0.0,0.0,0.0,3.25,0.0,0.0,0.0,0.0,0.0,0.0,0.0,0.0,0.0,0.0,0.0,0.0,0.0,0.0
Student_1345,3.0,3.5,4.0,2.5,3.5,4.0,3.0,0.0,2.5,3.0,2.5,2.0,3.5,2.5,4.0,0.0,3.5,2.5,3.0,3.5,3.0,0.0,0.0,0.0,3.0,3.0,0.0,4.0,3.5,4.0,0.0,4.0,3.0,0.0,0.0,0.0,0.0,4.0,0.0,0.0,0.0,0.0,0.0,0.0,0.0,0.0,0.0,3.0,0.0,0.0,3.5,0.0,0.0,0.0,0.0,4.0,0.0,1.5,3.5,4.0,4.0,4.0,4.0,4.0,3.5,0.0,0.0,3.5,0.0,0.0,4.0,3.5,4.0,4.0,3.5,0.0,0.0,0.0,0.0,0.0,0.0,0.0,0.0,0.0,0.0,0.0,0.0,0.0,0.0,0.0,4.0,0.0,4.0,3.0,0.0
Student_1346,4.0,4.0,0.0,2.0,1.0,1.5,1.0,0.0,2.5,1.5,1.5,2.5,1.0,2.5,3.0,1.5,2.0,2.5,3.0,1.0,0.0,0.0,0.0,0.0,2.0,1.5,0.0,1.0,1.5,3.5,0.0,1.0,0.0,2.5,0.0,0.0,0.0,0.0,0.0,0.0,2.5,0.0,0.0,0.0,1.0,0.0,0.0,1.0,0.0,0.0,1.0,0.0,1.5,0.0,0.0,3.5,0.0,1.0,2.0,3.5,2.0,3.5,3.5,4.0,4.0,0.0,0.0,3.5,0.0,1.0,2.0,3.0,4.0,3.5,2.5,0.0,0.0,0.0,0.0,0.0,0.0,0.0,0.0,0.0,0.0,0.0,0.0,0.0,0.0,4.0,0.0,0.0,4.0,4.0,0.0
Student_1347,2.5,3.0,2.0,4.0,1.0,4.0,2.0,0.0,1.5,2.5,3.0,2.5,2.0,1.5,2.5,3.0,1.0,1.5,2.0,2.0,0.0,0.0,0.0,0.0,3.0,1.0,0.0,3.5,2.0,3.0,0.0,0.0,1.5,0.0,0.0,0.0,0.0,2.0,0.0,0.0,2.5,0.0,1.0,0.0,0.0,2.0,4.0,0.0,4.0,0.0,0.0,0.0,0.0,0.0,0.0,3.0,0.0,1.5,1.0,3.0,2.5,2.5,3.0,1.0,3.5,0.0,0.0,3.5,0.0,0.0,2.5,1.0,3.5,2.0,1.0,3.0,0.0,0.0,0.0,0.0,0.0,0.0,0.0,0.0,0.0,0.0,0.0,0.0,0.0,0.0,0.0,0.0,3.5,2.0,0.0
Student_1348,3.0,4.0,3.5,3.5,1.5,2.5,4.0,0.0,2.5,2.5,3.5,3.0,3.0,3.0,2.5,0.0,2.5,0.0,3.5,3.0,0.0,0.0,0.0,0.0,2.0,0.0,0.0,0.0,2.5,3.5,0.0,0.0,0.0,4.0,0.0,0.0,0.0,0.0,0.0,0.0,4.0,0.0,0.0,0.0,3.0,0.0,3.5,0.0,0.0,0.0,0.0,3.0,0.0,0.0,0.0,4.0,0.0,3.0,4.0,3.0,2.0,4.0,4.0,3.5,4.0,0.0,0.0,4.0,0.0,0.0,3.5,3.5,3.5,3.0,3.5,0.0,0.0,0.0,4.0,0.0,0.0,0.0,0.0,0.0,0.0,0.0,0.0,0.0,0.0,0.0,0.0,0.0,4.0,3.5,0.0
Student_1349,1.5,2.0,2.5,2.5,2.5,2.5,1.0,0.0,2.0,3.0,2.5,2.0,4.0,3.0,2.0,2.5,2.5,2.5,3.0,3.0,1.5,0.0,4.0,0.0,2.5,1.0,0.0,3.5,3.0,2.5,0.0,2.0,0.0,0.0,1.5,0.0,2.5,0.0,0.0,0.0,3.5,0.0,1.5,0.0,0.0,0.0,0.0,0.0,0.0,4.0,0.0,2.0,0.0,0.0,0.0,4.0,0.0,2.0,2.0,3.5,1.0,3.5,4.0,3.0,3.5,0.0,0.0,3.0,0.0,0.0,0.0,2.0,3.0,1.5,3.0,0.0,0.0,0.0,0.0,0.0,0.0,0.0,0.0,0.0,0.0,0.0,0.0,0.0,0.0,0.0,0.0,0.0,3.0,2.5,0.0
Student_135,4.0,4.0,3.0,4.0,4.0,3.5,2.5,2.5,3.0,2.5,1.0,2.0,4.0,2.5,2.5,2.5,3.0,2.5,2.5,3.0,0.0,0.0,0.0,0.0,3.0,3.0,3.5,3.5,2.5,0.0,0.0,0.0,3.0,0.0,0.0,0.0,2.5,0.0,0.0,0.0,0.0,0.0,0.0,0.0,2.5,0.0,0.0,3.5,0.0,0.0,1.5,0.0,0.0,0.0,4.0,4.0,0.0,3.0,3.0,4.0,4.0,3.5,3.5,2.0,4.0,0.0,2.5,3.0,0.0,0.0,2.0,4.0,2.0,4.0,3.0,0.0,0.0,0.0,3.5,0.0,0.0,0.0,0.0,0.0,0.0,0.0,0.0,0.0,0.0,0.0,0.0,0.0,4.0,4.0,0.0
Student_1350,4.0,4.0,2.0,2.5,1.5,3.5,2.0,3.0,3.0,3.0,1.0,2.5,3.5,2.5,2.0,2.0,1.5,2.0,1.5,1.0,2.5,0.0,0.0,0.0,2.5,3.0,1.0,4.0,2.0,0.0,0.0,0.0,0.0,0.0,0.0,0.0,0.0,0.0,0.0,0.0,3.0,0.0,0.0,0.0,2.0,0.0,0.0,1.0,0.0,1.5,0.0,1.5,0.0,0.0,3.5,3.5,4.0,3.0,2.0,4.0,3.0,2.5,4.0,3.0,4.0,0.0,4.0,4.0,0.0,0.0,0.0,3.0,2.5,3.5,2.5,0.0,3.5,0.0,0.0,0.0,0.0,0.0,0.0,0.0,0.0,0.0,0.0,0.0,0.0,0.0,0.0,0.0,4.0,3.5,0.0
Student_1351,2.0,2.0,3.0,2.5,1.5,3.5,2.0,0.0,1.0,2.0,2.5,2.0,3.5,2.5,1.0,2.5,2.0,2.5,1.5,1.0,1.5,0.0,0.0,0.0,2.5,1.0,0.0,2.5,1.5,2.5,0.0,2.0,0.0,0.0,0.0,0.0,0.0,0.0,0.0,0.0,2.0,4.0,0.0,0.0,1.0,1.0,2.5,0.0,0.0,1.5,1.5,0.0,0.0,0.0,0.0,4.0,0.0,1.5,2.0,3.0,2.0,2.5,4.0,2.0,3.5,0.0,0.0,3.0,0.0,0.0,0.0,3.0,2.5,3.0,2.0,0.0,0.0,0.0,0.0,0.0,0.0,0.0,0.0,0.0,0.0,0.0,0.0,0.0,0.0,0.0,0.0,0.0,2.5,2.5,0.0
Student_1352,3.5,3.0,2.5,2.0,2.0,4.0,2.5,3.5,3.0,2.0,3.5,2.0,3.0,3.0,2.0,3.0,2.5,3.0,3.5,4.0,2.5,0.0,0.0,0.0,3.0,4.0,0.0,3.5,2.5,0.0,0.0,3.5,0.0,0.0,0.0,0.0,3.0,0.0,0.0,0.0,0.0,0.0,0.0,0.0,4.0,4.0,0.0,3.0,0.0,0.0,3.5,0.0,0.0,0.0,3.5,3.5,4.0,1.5,3.5,3.5,1.5,3.0,4.0,3.5,4.0,0.0,0.0,4.0,0.0,0.0,0.0,2.0,2.0,2.5,3.0,0.0,0.0,0.0,0.0,0.0,0.0,0.0,0.0,0.0,0.0,0.0,0.0,0.0,0.0,0.0,3.5,0.0,3.0,3.0,0.0
Student_1353,3.5,4.0,3.5,2.0,3.0,4.0,2.5,0.0,2.5,3.5,2.5,2.5,4.0,3.0,3.0,4.0,2.5,2.0,2.5,3.0,3.0,0.0,0.0,0.0,3.5,3.0,3.0,3.5,3.5,3.5,2.5,3.0,1.5,0.0,0.0,0.0,0.0,0.0,0.0,1.5,2.0,0.0,0.0,0.0,0.0,0.0,0.0,2.5,0.0,0.0,0.0,0.0,0.0,0.0,0.0,4.0,0.0,2.0,2.5,3.0,4.0,4.0,4.0,3.0,4.0,0.0,0.0,4.0,0.0,0.0,0.0,4.0,2.5,3.5,4.0,4.0,0.0,0.0,0.0,0.0,0.0,0.0,0.0,0.0,0.0,0.0,0.0,0.0,0.0,0.0,0.0,0.0,3.5,2.5,0.0
Student_1354,4.0,3.5,4.0,1.0,2.0,3.5,2.0,2.5,3.5,1.5,3.5,2.5,2.5,3.5,2.5,3.0,3.5,2.5,1.5,3.0,0.0,0.0,0.0,0.0,3.5,2.0,0.0,4.0,3.5,0.0,0.0,2.0,0.0,0.0,0.0,0.0,3.5,0.0,0.0,0.0,0.0,0.0,0.0,0.0,2.0,3.5,3.5,0.0,0.0,3.5,0.0,0.0,0.0,0.0,4.0,4.0,4.0,2.0,2.5,4.0,4.0,3.0,4.0,3.0,4.0,0.0,4.0,4.0,0.0,2.0,0.0,2.0,1.5,2.0,2.5,0.0,0.0,0.0,4.0,0.0,0.0,0.0,0.0,0.0,0.0,0.0,0.0,0.0,0.0,0.0,0.0,0.0,4.0,4.0,0.0
Student_1355,4.0,3.5,3.5,3.0,4.0,4.0,4.0,4.0,3.0,3.5,4.0,3.0,4.0,2.0,3.5,3.5,3.5,3.5,4.0,4.0,2.5,0.0,0.0,0.0,4.0,4.0,0.0,3.5,2.0,3.5,0.0,3.5,3.0,0.0,0.0,4.0,2.0,0.0,0.0,0.0,0.0,0.0,0.0,0.0,0.0,4.0,0.0,0.0,2.5,3.0,0.0,0.0,0.0,0.0,0.0,4.0,0.0,2.5,4.0,4.0,3.5,3.5,3.5,4.0,4.0,0.0,0.0,4.0,0.0,0.0,0.0,4.0,3.5,2.5,3.0,0.0,0.0,0.0,4.0,0.0,0.0,0.0,0.0,0.0,0.0,0.0,0.0,0.0,0.0,0.0,0.0,0.0,4.0,3.5,0.0
Student_1356,0.0,0.0,3.0,3.5,4.0,4.0,4.0,4.0,4.0,3.5,3.5,3.5,3.5,4.0,4.0,4.0,4.0,4.0,4.0,3.75,3.0,0.0,0.0,0.0,3.75,4.0,4.0,4.0,3.0,0.0,0.0,3.75,3.5,0.0,0.0,0.0,0.0,0.0,0.0,0.0,0.0,0.0,0.0,0.0,0.0,3.75,0.0,0.0,0.0,0.0,0.0,3.5,0.0,4.0,4.0,4.0,0.0,4.0,4.0,3.5,3.5,4.0,4.0,4.0,4.0,4.0,4.0,4.0,0.0,0.0,0.0,4.0,4.0,3.5,4.0,0.0,0.0,0.0,0.0,0.0,0.0,0.0,0.0,0.0,0.0,0.0,0.0,0.0,0.0,0.0,0.0,0.0,0.0,0.0,0.0
Student_1357,3.0,3.5,3.0,3.0,2.0,4.0,2.5,0.0,2.0,0.0,2.5,2.5,2.0,0.0,1.0,0.0,2.0,1.0,2.5,2.0,0.0,0.0,0.0,0.0,3.0,2.0,2.0,2.5,3.5,1.5,2.0,0.0,0.0,0.0,0.0,3.5,0.0,0.0,3.5,0.0,2.0,1.0,0.0,0.0,0.0,0.0,0.0,0.0,0.0,0.0,1.0,0.0,0.0,0.0,0.0,3.5,0.0,2.0,1.0,1.0,3.0,3.5,3.5,2.5,4.0,0.0,0.0,3.5,0.0,0.0,2.0,3.5,2.5,3.5,1.0,0.0,0.0,0.0,0.0,0.0,0.0,0.0,0.0,0.0,0.0,0.0,0.0,3.5,0.0,0.0,0.0,0.0,3.5,3.0,0.0
Student_1358,4.0,4.0,3.5,2.0,3.5,3.0,2.5,3.5,3.0,3.0,4.0,2.5,3.5,4.0,2.0,2.5,2.5,2.0,3.0,3.5,1.5,0.0,0.0,0.0,3.5,2.5,3.5,3.5,2.5,0.0,0.0,0.0,3.0,0.0,0.0,0.0,3.0,0.0,0.0,0.0,0.0,0.0,0.0,0.0,4.0,0.0,0.0,3.0,0.0,0.0,3.5,0.0,0.0,0.0,3.5,4.0,4.0,2.0,3.0,3.0,3.0,2.0,3.5,2.5,3.5,0.0,0.0,4.0,0.0,0.0,0.0,2.5,2.5,3.0,3.0,0.0,0.0,0.0,4.0,0.0,0.0,0.0,0.0,0.0,0.0,0.0,0.0,0.0,0.0,0.0,0.0,0.0,3.0,4.0,0.0
Student_1359,2.0,0.0,3.5,0.0,3.0,0.0,3.5,2.75,0.0,0.0,0.0,0.0,0.0,3.5,3.5,0.0,3.75,0.0,2.75,2.5,0.0,0.0,0.0,0.0,0.0,0.0,2.75,0.0,0.0,0.0,0.0,0.0,0.0,0.0,0.0,0.0,0.0,0.0,0.0,0.0,0.0,0.0,0.0,0.0,0.0,4.0,0.0,0.0,0.0,0.0,0.0,0.0,0.0,0.0,0.0,0.0,0.0,0.0,0.0,0.0,3.5,3.5,4.0,3.0,4.0,0.0,4.0,4.0,0.0,0.0,0.0,4.0,3.0,0.0,3.0,0.0,0.0,0.0,0.0,0.0,0.0,0.0,0.0,0.0,0.0,0.0,0.0,1.5,0.0,0.0,0.0,0.0,3.5,4.0,3.5
Student_136,2.5,3.5,3.5,2.5,2.0,3.0,3.5,3.5,1.0,3.5,2.0,2.0,4.0,3.0,3.0,3.0,2.5,2.0,2.0,3.0,3.0,0.0,0.0,0.0,4.0,2.5,0.0,3.5,3.0,0.0,0.0,2.5,2.5,0.0,0.0,0.0,0.0,0.0,0.0,0.0,2.0,0.0,0.0,0.0,0.0,4.0,3.5,3.5,0.0,0.0,0.0,0.0,0.0,0.0,4.0,4.0,0.0,2.0,2.0,4.0,2.5,3.5,4.0,2.5,4.0,0.0,4.0,4.0,0.0,0.0,0.0,3.0,2.0,3.0,2.5,0.0,0.0,0.0,0.0,0.0,0.0,0.0,0.0,0.0,0.0,0.0,0.0,0.0,0.0,0.0,4.0,0.0,3.0,4.0,0.0
Student_1360,0.0,0.0,2.0,0.0,2.5,0.0,2.0,0.0,0.0,0.0,0.0,0.0,0.0,2.5,3.0,2.5,3.25,0.0,2.75,2.0,0.0,0.0,0.0,0.0,0.0,0.0,0.0,0.0,0.0,0.0,0.0,0.0,0.0,0.0,0.0,0.0,0.0,0.0,0.0,0.0,0.0,0.0,0.0,0.0,0.0,2.0,0.0,0.0,0.0,0.0,0.0,0.0,0.0,0.0,0.0,0.0,0.0,0.0,0.0,0.0,2.75,3.5,4.0,3.0,4.0,4.0,3.0,3.5,0.0,0.0,0.0,4.0,4.0,0.0,4.0,0.0,0.0,0.0,0.0,0.0,0.0,0.0,0.0,0.0,0.0,0.0,0.0,4.0,0.0,0.0,0.0,0.0,0.0,0.0,2.5
Student_1361,3.0,2.5,2.0,1.0,2.5,2.0,2.5,2.5,2.0,1.0,2.5,1.0,3.0,1.5,1.5,2.5,2.0,2.0,2.0,2.5,1.5,0.0,0.0,0.0,2.0,2.5,2.5,4.0,3.0,1.5,0.0,0.0,0.0,0.0,0.0,0.0,0.0,0.0,0.0,0.0,0.0,0.0,2.0,0.0,0.0,3.0,3.0,2.0,0.0,2.5,2.0,0.0,0.0,0.0,0.0,3.5,0.0,1.5,2.0,2.0,2.5,3.0,4.0,1.5,3.5,0.0,0.0,3.5,0.0,0.0,0.0,2.0,2.5,2.0,3.0,0.0,0.0,0.0,0.0,0.0,0.0,0.0,0.0,0.0,0.0,0.0,0.0,4.0,0.0,0.0,0.0,0.0,3.0,2.5,0.0
Student_1362,3.5,3.5,0.0,3.5,0.0,0.0,0.0,0.0,0.0,0.0,0.0,0.0,0.0,0.0,0.0,0.0,0.0,0.0,0.0,0.0,0.0,0.0,0.0,0.0,0.0,0.0,0.0,0.0,0.0,0.0,0.0,0.0,0.0,0.0,0.0,0.0,0.0,0.0,0.0,0.0,0.0,0.0,0.0,0.0,0.0,0.0,0.0,0.0,0.0,0.0,0.0,0.0,0.0,0.0,0.0,0.0,0.0,0.0,0.0,0.0,0.0,0.0,0.0,0.0,0.0,0.0,0.0,0.0,0.0,0.0,0.0,3.5,2.0,0.0,0.0,0.0,0.0,0.0,0.0,0.0,0.0,0.0,0.0,0.0,0.0,0.0,0.0,0.0,0.0,0.0,0.0,0.0,3.0,3.0,0.0
Student_1363,0.0,0.0,0.0,0.0,0.0,0.0,0.0,0.0,0.0,0.0,0.0,0.0,2.0,0.0,1.0,0.0,0.0,2.5,1.5,1.5,0.0,0.0,0.0,0.0,0.0,4.0,0.0,3.5,2.0,2.0,0.0,2.0,2.5,0.0,2.0,0.0,0.0,0.0,0.0,0.0,0.0,0.0,0.0,0.0,1.0,0.0,2.0,0.0,2.5,0.0,0.0,0.0,0.0,0.0,0.0,2.5,0.0,0.0,0.0,0.0,0.0,0.0,0.0,0.0,0.0,0.0,0.0,0.0,0.0,0.0,0.0,0.0,0.0,0.0,0.0,0.0,0.0,0.0,0.0,0.0,0.0,0.0,0.0,0.0,0.0,0.0,0.0,0.0,0.0,0.0,0.0,0.0,0.0,3.0,0.0
Student_1364,2.0,2.5,0.0,0.0,0.0,0.0,0.0,0.0,0.0,0.0,0.0,0.0,0.0,0.0,0.0,0.0,0.0,0.0,0.0,0.0,0.0,0.0,0.0,0.0,0.0,0.0,0.0,0.0,0.0,0.0,0.0,0.0,0.0,0.0,0.0,0.0,0.0,0.0,0.0,0.0,0.0,0.0,0.0,0.0,0.0,0.0,0.0,0.0,0.0,0.0,0.0,0.0,0.0,0.0,0.0,0.0,0.0,0.0,0.0,0.0,0.0,3.0,3.0,0.0,0.0,0.0,0.0,0.0,0.0,0.0,0.0,1.0,1.5,0.0,2.0,0.0,0.0,0.0,0.0,0.0,0.0,0.0,0.0,0.0,0.0,0.0,0.0,0.0,0.0,0.0,0.0,0.0,2.0,3.0,0.0
Student_1365,0.0,0.0,0.0,0.0,0.0,2.5,4.0,0.0,3.0,3.5,0.0,0.0,0.0,0.0,4.0,3.0,4.0,3.5,4.0,3.5,0.0,4.0,0.0,0.0,4.0,4.0,3.0,3.5,3.25,0.0,0.0,3.5,0.0,0.0,0.0,0.0,0.0,0.0,0.0,0.0,0.0,0.0,0.0,0.0,0.0,0.0,0.0,0.0,4.0,4.0,0.0,0.0,0.0,0.0,4.0,4.0,0.0,0.0,4.0,2.5,4.0,0.0,0.0,0.0,0.0,4.0,0.0,4.0,0.0,4.0,0.0,0.0,0.0,4.0,3.75,0.0,0.0,0.0,0.0,0.0,0.0,0.0,0.0,0.0,0.0,0.0,0.0,0.0,0.0,0.0,0.0,0.0,0.0,0.0,4.0
Student_1366,0.0,0.0,0.0,0.0,1.0,3.0,3.5,3.0,2.0,2.0,2.5,2.5,3.5,2.5,1.5,1.0,2.0,1.0,2.5,2.0,3.5,0.0,0.0,0.0,2.5,1.0,2.0,3.5,2.5,3.5,0.0,3.0,0.0,0.0,1.5,0.0,0.0,0.0,0.0,0.0,1.0,0.0,4.0,0.0,0.0,0.0,0.0,0.0,0.0,2.5,2.5,0.0,0.0,0.0,0.0,4.0,0.0,2.0,3.5,3.5,2.5,0.0,4.0,0.0,0.0,0.0,0.0,3.5,0.0,0.0,0.0,0.0,3.0,2.0,0.0,0.0,0.0,0.0,0.0,0.0,0.0,0.0,0.0,0.0,0.0,0.0,0.0,3.0,0.0,0.0,0.0,0.0,0.0,0.0,0.0
Student_1367,3.5,2.0,0.0,0.0,0.0,0.0,0.0,0.0,0.0,0.0,0.0,0.0,0.0,0.0,0.0,0.0,0.0,0.0,0.0,0.0,0.0,0.0,0.0,0.0,0.0,0.0,0.0,0.0,0.0,0.0,0.0,0.0,0.0,0.0,0.0,0.0,0.0,0.0,0.0,0.0,0.0,0.0,0.0,0.0,0.0,0.0,0.0,0.0,0.0,0.0,0.0,0.0,0.0,0.0,0.0,0.0,0.0,0.0,0.0,0.0,0.0,0.0,0.0,0.0,0.0,0.0,0.0,0.0,0.0,0.0,0.0,4.0,3.0,0.0,0.0,0.0,0.0,0.0,0.0,0.0,0.0,0.0,0.0,0.0,0.0,0.0,0.0,0.0,0.0,0.0,0.0,0.0,3.5,3.5,0.0
Student_1368,1.5,2.5,2.5,2.0,1.5,4.0,3.0,0.0,2.5,3.0,2.0,1.5,4.0,3.5,2.5,4.0,2.0,2.0,3.5,2.5,0.0,0.0,0.0,0.0,3.0,3.0,4.0,3.5,1.0,3.0,2.0,0.0,1.5,0.0,4.0,3.5,0.0,0.0,0.0,0.0,2.5,0.0,0.0,0.0,0.0,0.0,0.0,0.0,0.0,0.0,1.0,0.0,0.0,0.0,0.0,4.0,0.0,2.5,1.5,1.0,1.5,2.5,3.5,2.5,4.0,0.0,0.0,3.5,0.0,0.0,3.5,3.0,2.0,4.0,2.0,0.0,3.5,0.0,0.0,0.0,0.0,0.0,0.0,0.0,0.0,0.0,0.0,0.0,0.0,0.0,0.0,0.0,2.5,3.0,0.0
Student_1369,4.0,2.0,3.5,1.5,1.5,4.0,1.5,3.0,3.5,2.5,2.5,1.5,3.5,2.0,3.5,2.5,3.0,2.0,3.5,3.0,0.0,0.0,0.0,0.0,3.0,1.0,0.0,3.5,3.5,2.5,0.0,3.0,0.0,0.0,0.0,0.0,4.0,0.0,0.0,4.0,0.0,0.0,0.0,0.0,0.0,1.0,2.5,3.5,0.0,0.0,3.5,0.0,0.0,0.0,0.0,3.5,0.0,3.0,2.5,4.0,3.0,2.5,4.0,1.5,4.0,0.0,0.0,3.0,0.0,0.0,3.0,2.0,3.0,1.0,3.0,0.0,0.0,0.0,0.0,0.0,0.0,0.0,0.0,0.0,0.0,0.0,0.0,0.0,0.0,0.0,0.0,0.0,3.5,2.5,0.0
Student_137,2.5,2.0,3.0,2.0,2.0,1.0,2.0,1.5,2.0,1.5,2.5,1.5,4.0,2.0,1.0,2.0,1.0,2.5,2.0,2.0,0.0,0.0,0.0,0.0,1.0,1.0,0.0,1.5,1.5,2.5,0.0,1.5,1.0,0.0,0.0,0.0,0.0,2.0,0.0,0.0,2.5,0.0,0.0,0.0,0.0,1.0,0.0,0.0,0.0,1.5,2.5,0.0,0.0,0.0,0.0,4.0,0.0,1.0,2.5,1.0,2.0,3.5,4.0,2.5,4.0,0.0,0.0,3.0,0.0,0.0,1.0,2.5,3.0,2.5,1.5,0.0,0.0,0.0,0.0,0.0,0.0,0.0,0.0,0.0,0.0,0.0,0.0,1.5,0.0,0.0,0.0,0.0,2.0,2.5,0.0
Student_1370,0.0,4.0,0.0,0.0,3.0,4.0,4.0,0.0,2.5,2.5,2.5,4.0,2.5,0.0,2.5,3.5,3.0,3.0,3.5,3.0,0.0,0.0,0.0,0.0,2.5,2.5,4.0,0.0,3.5,3.5,0.0,0.0,3.5,0.0,4.0,0.0,0.0,0.0,0.0,4.0,2.5,4.0,0.0,0.0,0.0,0.0,0.0,2.5,0.0,0.0,0.0,0.0,0.0,0.0,0.0,4.0,0.0,2.5,3.0,3.5,3.5,0.0,0.0,0.0,4.0,0.0,0.0,3.5,0.0,2.0,2.0,0.0,0.0,3.0,0.0,0.0,0.0,0.0,3.5,0.0,0.0,0.0,0.0,0.0,0.0,0.0,0.0,0.0,0.0,0.0,0.0,0.0,0.0,0.0,0.0
Student_1371,0.0,0.0,3.5,1.5,1.5,3.5,2.5,0.0,3.0,2.0,3.0,2.5,2.0,2.5,3.0,2.5,1.5,2.5,3.0,2.0,0.0,0.0,0.0,0.0,1.5,1.5,3.0,4.0,2.5,2.0,0.0,2.0,0.0,0.0,0.0,0.0,0.0,1.0,0.0,3.0,3.0,0.0,0.0,0.0,0.0,2.5,0.0,0.0,0.0,0.0,0.0,2.0,1.5,0.0,0.0,4.0,0.0,1.0,1.0,4.0,1.5,2.5,4.0,2.0,4.0,0.0,0.0,4.0,0.0,0.0,0.0,1.0,3.0,3.0,2.5,0.0,0.0,0.0,0.0,0.0,0.0,0.0,0.0,0.0,0.0,0.0,0.0,0.0,0.0,0.0,0.0,0.0,0.0,0.0,0.0
Student_1372,3.5,3.5,3.5,3.0,1.5,3.5,2.0,2.0,1.5,3.25,2.0,1.0,2.25,2.0,3.75,1.0,2.5,1.75,1.75,1.75,0.0,0.0,0.0,1.0,3.0,2.0,1.0,3.5,2.75,0.0,0.0,2.25,0.0,0.0,0.0,0.0,0.0,0.0,0.0,0.0,0.0,0.0,0.0,0.0,2.5,0.0,0.0,4.0,2.25,0.0,0.0,0.0,0.0,0.0,4.0,4.0,0.0,2.5,1.75,3.0,3.5,2.5,4.0,3.0,4.0,0.0,4.0,3.0,0.0,0.0,0.0,4.0,3.5,3.5,2.0,0.0,0.0,0.0,0.0,0.0,0.0,0.0,0.0,0.0,0.0,0.0,0.0,0.0,0.0,0.0,0.0,0.0,3.0,3.0,0.0
Student_1373,0.0,0.0,4.0,3.5,4.0,4.0,4.0,4.0,3.25,3.0,4.0,3.0,4.0,4.0,3.5,4.0,3.75,2.5,3.75,2.75,3.5,0.0,0.0,0.0,3.75,3.0,3.75,4.0,3.75,0.0,0.0,0.0,2.75,0.0,0.0,0.0,0.0,0.0,0.0,0.0,0.0,0.0,0.0,0.0,4.0,3.5,0.0,0.0,0.0,3.5,3.75,0.0,0.0,0.0,4.0,4.0,0.0,3.0,4.0,3.75,3.75,3.5,4.0,4.0,4.0,4.0,4.0,4.0,0.0,0.0,0.0,3.5,3.5,4.0,4.0,3.5,0.0,0.0,0.0,0.0,0.0,0.0,0.0,0.0,0.0,0.0,0.0,0.0,0.0,0.0,0.0,0.0,0.0,0.0,0.0
Student_1374,1.0,2.0,0.0,0.0,0.0,0.0,0.0,0.0,0.0,0.0,0.0,0.0,0.0,0.0,0.0,0.0,0.0,0.0,0.0,0.0,0.0,0.0,0.0,0.0,0.0,0.0,0.0,0.0,0.0,0.0,0.0,0.0,0.0,0.0,0.0,0.0,0.0,0.0,0.0,0.0,0.0,0.0,0.0,0.0,0.0,0.0,0.0,0.0,0.0,0.0,0.0,0.0,0.0,0.0,0.0,0.0,0.0,0.0,0.0,0.0,0.0,0.0,0.0,0.0,0.0,0.0,0.0,0.0,0.0,0.0,0.0,1.0,1.0,0.0,0.0,0.0,0.0,0.0,0.0,0.0,0.0,0.0,0.0,0.0,0.0,0.0,0.0,0.0,0.0,0.0,0.0,0.0,1.5,4.0,0.0
Student_1375,4.0,4.0,3.5,3.5,3.5,3.0,3.5,4.0,2.5,3.0,3.5,3.5,3.5,3.5,3.5,3.5,2.5,2.5,3.5,2.5,3.5,0.0,0.0,0.0,2.5,3.0,0.0,3.0,2.5,0.0,0.0,0.0,2.5,0.0,0.0,0.0,0.0,0.0,0.0,0.0,3.5,0.0,0.0,0.0,3.0,4.0,0.0,0.0,0.0,0.0,2.5,0.0,0.0,4.0,4.0,4.0,0.0,4.0,4.0,3.5,4.0,4.0,4.0,4.0,4.0,0.0,4.0,4.0,0.0,0.0,0.0,4.0,4.0,4.0,4.0,0.0,0.0,0.0,4.0,0.0,0.0,0.0,0.0,0.0,0.0,0.0,0.0,0.0,0.0,0.0,0.0,0.0,4.0,4.0,0.0
Student_1376,0.0,0.0,3.5,3.0,2.5,2.5,1.5,2.5,2.25,2.5,2.0,1.5,2.0,2.0,2.0,2.5,3.5,1.5,1.0,2.0,0.0,0.0,0.0,0.0,3.0,2.5,2.5,4.0,3.0,1.0,0.0,1.0,0.0,0.0,0.0,3.5,0.0,0.0,0.0,0.0,1.0,0.0,0.0,0.0,0.0,0.0,0.0,2.0,0.0,2.5,1.5,0.0,0.0,0.0,0.0,4.0,0.0,2.0,1.0,3.5,3.5,1.0,4.0,2.0,4.0,0.0,0.0,3.0,0.0,0.0,1.5,1.5,1.5,2.5,2.5,0.0,0.0,0.0,0.0,0.0,0.0,0.0,0.0,0.0,0.0,0.0,0.0,4.0,0.0,0.0,0.0,0.0,0.0,0.0,0.0
Student_1377,3.5,3.0,3.0,3.5,1.5,3.0,2.5,0.0,1.0,2.5,2.5,1.0,2.5,2.5,1.5,3.0,3.0,2.5,3.0,3.0,1.5,0.0,0.0,0.0,1.0,3.0,2.5,3.5,2.0,2.5,0.0,0.0,2.5,0.0,0.0,0.0,0.0,3.0,0.0,0.0,2.5,0.0,0.0,0.0,2.5,0.0,0.0,0.0,3.0,0.0,3.0,0.0,0.0,0.0,0.0,4.0,0.0,1.5,2.0,2.0,3.5,3.0,4.0,3.5,4.0,0.0,0.0,3.5,0.0,0.0,0.0,2.5,2.5,3.0,3.0,0.0,0.0,0.0,0.0,0.0,0.0,4.0,0.0,0.0,0.0,0.0,0.0,0.0,0.0,0.0,0.0,0.0,3.5,4.0,0.0
Student_1378,4.0,4.0,0.0,0.0,0.0,0.0,0.0,0.0,0.0,0.0,0.0,0.0,0.0,0.0,0.0,0.0,0.0,0.0,0.0,0.0,0.0,0.0,0.0,0.0,0.0,0.0,0.0,0.0,0.0,0.0,0.0,0.0,0.0,0.0,0.0,0.0,0.0,0.0,0.0,0.0,0.0,0.0,0.0,0.0,0.0,0.0,0.0,0.0,0.0,0.0,0.0,0.0,0.0,0.0,0.0,0.0,0.0,0.0,0.0,0.0,0.0,0.0,0.0,0.0,0.0,0.0,0.0,0.0,0.0,0.0,0.0,4.0,1.0,3.5,0.0,0.0,0.0,0.0,0.0,0.0,0.0,0.0,0.0,0.0,0.0,0.0,0.0,0.0,0.0,0.0,0.0,0.0,4.0,4.0,0.0
Student_1379,4.0,4.0,3.5,2.0,3.0,4.0,3.5,3.5,3.0,2.5,2.5,3.5,2.0,3.0,1.5,3.5,3.0,2.5,3.5,3.5,2.5,0.0,0.0,0.0,3.0,3.5,3.0,2.5,3.0,0.0,0.0,0.0,3.5,0.0,0.0,0.0,0.0,0.0,0.0,0.0,3.5,0.0,0.0,0.0,0.0,0.0,0.0,2.75,0.0,0.0,0.0,0.0,2.0,3.75,4.0,4.0,0.0,3.0,2.5,4.0,3.5,2.0,4.0,2.5,4.0,0.0,4.0,3.5,0.0,0.0,0.0,3.5,4.0,4.0,3.5,0.0,0.0,0.0,4.0,0.0,0.0,0.0,0.0,0.0,0.0,0.0,0.0,0.0,0.0,0.0,0.0,0.0,4.0,4.0,0.0
Student_138,4.0,4.0,3.5,3.0,2.5,4.0,4.0,4.0,3.5,4.0,3.5,2.5,3.0,3.5,3.5,0.0,3.5,3.0,4.0,2.5,0.0,0.0,0.0,0.0,3.0,0.0,0.0,2.5,2.5,0.0,0.0,0.0,0.0,0.0,4.0,0.0,0.0,0.0,0.0,0.0,2.0,0.0,0.0,0.0,0.0,3.0,3.5,0.0,0.0,2.5,2.5,0.0,0.0,0.0,4.0,4.0,0.0,4.0,3.5,4.0,4.0,3.5,4.0,4.0,3.5,0.0,4.0,4.0,0.0,0.0,0.0,4.0,3.5,4.0,3.0,0.0,0.0,0.0,0.0,0.0,0.0,0.0,0.0,0.0,0.0,0.0,0.0,0.0,0.0,0.0,0.0,0.0,3.5,3.5,0.0
Student_1380,0.0,0.0,0.0,3.0,2.0,4.0,3.0,3.5,3.5,2.5,3.0,2.0,4.0,2.5,3.0,3.5,4.0,3.0,3.0,3.5,2.5,0.0,0.0,0.0,4.0,2.5,0.0,3.5,3.5,0.0,0.0,3.5,3.0,0.0,0.0,0.0,4.0,0.0,0.0,0.0,0.0,0.0,0.0,0.0,0.0,3.5,0.0,4.0,0.0,0.0,3.5,0.0,0.0,0.0,4.0,4.0,0.0,2.5,3.5,3.5,3.0,1.0,4.0,2.5,4.0,0.0,4.0,4.0,0.0,0.0,0.0,2.0,2.5,3.5,2.5,0.0,0.0,0.0,3.5,0.0,0.0,0.0,0.0,0.0,0.0,0.0,0.0,0.0,0.0,0.0,0.0,0.0,3.5,3.0,0.0
Student_1381,4.0,3.5,0.0,3.5,2.5,3.0,2.0,0.0,2.5,2.0,4.0,3.0,4.0,3.5,1.5,3.5,2.5,2.5,3.5,2.5,0.0,0.0,0.0,0.0,4.0,3.5,2.5,2.0,4.0,3.0,0.0,3.0,0.0,0.0,4.0,0.0,0.0,0.0,0.0,0.0,2.0,0.0,0.0,0.0,0.0,0.0,4.0,3.5,0.0,0.0,0.0,2.5,0.0,0.0,0.0,4.0,0.0,1.0,1.5,2.5,0.0,4.0,4.0,4.0,0.0,0.0,0.0,4.0,0.0,0.0,4.0,3.5,4.0,2.5,3.0,0.0,0.0,0.0,4.0,0.0,0.0,0.0,0.0,0.0,0.0,0.0,0.0,0.0,0.0,0.0,0.0,0.0,4.0,4.0,0.0
Student_1382,3.5,4.0,4.0,3.0,3.5,4.0,4.0,4.0,3.5,4.0,4.0,3.5,3.5,4.0,2.0,4.0,4.0,3.0,4.0,4.0,0.0,0.0,0.0,0.0,3.5,4.0,4.0,4.0,3.0,4.0,0.0,0.0,4.0,0.0,0.0,0.0,0.0,0.0,0.0,0.0,3.5,0.0,0.0,0.0,3.5,0.0,0.0,0.0,0.0,0.0,4.0,0.0,0.0,0.0,4.0,4.0,4.0,3.0,3.5,4.0,4.0,4.0,4.0,4.0,4.0,0.0,0.0,4.0,0.0,3.0,0.0,4.0,4.0,4.0,3.5,0.0,0.0,0.0,0.0,0.0,0.0,0.0,0.0,0.0,0.0,0.0,0.0,4.0,0.0,0.0,0.0,0.0,3.0,4.0,0.0
Student_1383,4.0,4.0,3.0,2.0,2.5,3.5,3.5,0.0,2.5,3.0,2.5,2.5,2.0,3.5,1.5,4.0,3.5,4.0,3.5,3.5,0.0,0.0,0.0,0.0,3.0,4.0,2.5,3.5,2.5,3.5,0.0,0.0,0.0,0.0,0.0,3.5,3.5,3.5,0.0,0.0,0.0,2.0,0.0,0.0,0.0,0.0,3.0,0.0,0.0,0.0,3.0,0.0,0.0,0.0,0.0,4.0,0.0,2.0,1.0,3.0,4.0,3.5,3.5,4.0,4.0,0.0,0.0,4.0,0.0,3.0,0.0,3.0,1.0,4.0,2.0,0.0,0.0,0.0,0.0,0.0,0.0,0.0,0.0,0.0,0.0,0.0,0.0,0.0,0.0,0.0,4.0,0.0,3.5,3.5,0.0
Student_1384,4.0,3.5,3.5,2.5,3.5,4.0,3.5,3.5,2.5,4.0,4.0,3.0,3.5,4.0,2.0,4.0,3.5,3.0,4.0,4.0,0.0,0.0,0.0,0.0,4.0,4.0,3.5,4.0,3.0,0.0,0.0,4.0,0.0,0.0,0.0,0.0,4.0,0.0,0.0,0.0,0.0,0.0,0.0,0.0,4.0,4.0,4.0,3.0,0.0,0.0,0.0,0.0,0.0,0.0,4.0,4.0,4.0,2.0,2.5,4.0,3.5,4.0,4.0,4.0,4.0,0.0,0.0,4.0,0.0,0.0,0.0,4.0,4.0,3.5,3.0,0.0,0.0,0.0,0.0,0.0,0.0,0.0,0.0,0.0,0.0,0.0,0.0,0.0,0.0,0.0,4.0,0.0,3.5,4.0,0.0
Student_1385,3.0,4.0,4.0,1.5,3.0,4.0,3.5,0.0,2.5,1.5,4.0,2.0,3.5,2.5,2.5,3.0,2.0,2.5,2.5,3.5,0.0,0.0,0.0,0.0,2.5,4.0,4.0,3.5,3.0,2.5,0.0,0.0,3.5,4.0,0.0,0.0,0.0,0.0,0.0,0.0,0.0,0.0,0.0,0.0,0.0,3.0,3.5,0.0,4.0,0.0,0.0,3.5,0.0,0.0,0.0,3.5,0.0,3.5,3.5,4.0,3.0,4.0,4.0,3.5,4.0,0.0,0.0,4.0,0.0,0.0,3.5,3.0,3.0,4.0,2.5,0.0,0.0,0.0,0.0,0.0,0.0,0.0,0.0,0.0,0.0,0.0,0.0,0.0,0.0,0.0,4.0,0.0,3.0,3.5,0.0
Student_1386,2.0,3.5,3.5,1.0,2.0,2.5,1.5,3.5,3.0,2.5,1.0,2.5,4.0,2.5,2.5,1.0,3.5,2.0,2.0,2.5,0.0,0.0,0.0,0.0,3.0,1.5,0.0,2.5,1.5,1.0,0.0,2.0,0.0,0.0,1.0,0.0,3.5,1.0,0.0,0.0,0.0,0.0,0.0,0.0,1.0,1.5,0.0,2.0,0.0,0.0,0.0,0.0,0.0,0.0,0.0,3.5,0.0,1.5,1.5,4.0,1.5,3.5,4.0,3.0,3.0,0.0,0.0,3.0,0.0,0.0,3.5,2.5,4.0,3.5,2.0,0.0,0.0,0.0,0.0,0.0,0.0,0.0,0.0,0.0,0.0,0.0,0.0,0.0,0.0,0.0,0.0,0.0,3.0,4.0,0.0
Student_1387,2.0,3.5,3.5,4.0,3.5,4.0,3.0,0.0,3.5,2.5,4.0,3.5,4.0,4.0,2.5,2.0,3.5,2.5,3.5,2.5,3.5,0.0,0.0,0.0,4.0,3.0,3.5,3.5,3.5,3.5,0.0,2.5,4.0,0.0,0.0,3.0,0.0,0.0,0.0,0.0,3.5,0.0,0.0,0.0,0.0,0.0,3.0,0.0,0.0,0.0,0.0,4.0,0.0,0.0,0.0,4.0,0.0,2.0,2.5,2.5,2.0,3.0,4.0,4.0,4.0,0.0,0.0,3.5,0.0,0.0,0.0,3.5,3.0,3.5,3.5,0.0,0.0,0.0,3.0,0.0,0.0,0.0,0.0,0.0,0.0,0.0,0.0,0.0,0.0,0.0,0.0,0.0,4.0,4.0,0.0
Student_1388,3.5,4.0,3.0,1.0,3.5,3.5,2.0,2.0,2.75,1.0,4.0,2.0,1.5,2.5,2.5,2.0,3.5,2.75,4.0,3.5,2.5,0.0,0.0,0.0,2.75,2.5,1.5,3.5,3.0,0.0,0.0,0.0,0.0,0.0,0.0,0.0,0.0,0.0,0.0,0.0,0.0,0.0,0.0,0.0,0.0,2.5,0.0,3.0,2.5,0.0,2.0,0.0,0.0,1.5,3.5,4.0,4.0,3.0,3.0,3.0,3.0,3.5,4.0,1.5,4.0,0.0,3.5,3.5,0.0,0.0,0.0,3.5,2.0,4.0,1.5,0.0,0.0,0.0,4.0,0.0,0.0,0.0,0.0,0.0,0.0,0.0,0.0,0.0,0.0,0.0,0.0,0.0,3.5,3.5,0.0
Student_1389,2.5,2.5,2.0,3.5,2.0,3.0,2.0,3.0,2.5,2.5,3.0,1.5,2.0,2.5,2.0,3.0,3.5,3.0,3.5,2.5,1.0,0.0,0.0,0.0,3.0,4.0,2.5,3.0,3.5,4.0,0.0,3.5,0.0,0.0,2.5,0.0,0.0,0.0,0.0,0.0,0.0,0.0,1.5,0.0,3.5,3.5,3.0,0.0,0.0,0.0,0.0,0.0,0.0,0.0,0.0,3.5,0.0,1.0,3.0,2.0,3.0,3.5,4.0,1.5,3.5,0.0,0.0,3.5,0.0,0.0,0.0,2.5,3.5,3.0,2.0,0.0,0.0,0.0,0.0,0.0,0.0,0.0,0.0,0.0,0.0,0.0,0.0,0.0,0.0,0.0,0.0,0.0,3.0,4.0,0.0
Student_139,4.0,2.5,3.5,2.5,1.0,4.0,2.0,2.5,1.5,1.0,1.0,1.5,2.5,1.5,2.5,2.0,2.5,1.25,1.0,1.5,3.0,0.0,0.0,0.0,3.0,1.5,2.5,4.0,2.0,0.0,0.0,0.0,0.0,0.0,0.0,0.0,2.5,0.0,0.0,0.0,0.0,0.0,0.0,0.0,0.0,0.0,0.0,0.0,1.5,3.0,1.25,0.0,0.0,1.75,4.0,3.0,4.0,2.0,2.5,4.0,4.0,3.0,4.0,2.5,4.0,0.0,4.0,3.5,0.0,0.0,0.0,2.5,2.0,3.0,2.0,0.0,0.0,0.0,0.0,0.0,0.0,0.0,0.0,0.0,0.0,0.0,0.0,0.0,0.0,0.0,0.0,2.5,2.0,2.5,0.0
Student_1390,4.0,4.0,0.0,4.0,0.0,0.0,3.0,4.0,3.5,3.0,3.0,3.0,2.0,3.5,3.0,3.0,1.0,3.0,3.5,4.0,3.0,0.0,0.0,0.0,3.5,4.0,0.0,4.0,2.0,2.0,0.0,2.5,3.0,0.0,0.0,4.0,0.0,0.0,0.0,0.0,4.0,0.0,0.0,0.0,4.0,3.5,0.0,0.0,0.0,0.0,0.0,4.0,0.0,0.0,0.0,4.0,0.0,3.0,2.5,3.5,2.5,0.0,0.0,0.0,0.0,0.0,0.0,3.5,0.0,0.0,0.0,0.0,4.0,3.0,3.5,0.0,0.0,0.0,3.5,0.0,0.0,0.0,0.0,0.0,0.0,0.0,0.0,0.0,0.0,0.0,0.0,0.0,0.0,0.0,0.0
Student_1391,3.5,3.5,3.5,3.0,2.0,4.0,3.5,0.0,2.0,3.0,4.0,3.5,3.5,3.5,3.5,4.0,3.0,0.0,3.0,4.0,0.0,0.0,0.0,0.0,2.5,0.0,0.0,4.0,2.5,4.0,0.0,0.0,4.0,0.0,0.0,0.0,0.0,0.0,0.0,0.0,2.0,0.0,0.0,0.0,3.5,4.0,4.0,0.0,0.0,0.0,0.0,0.0,0.0,0.0,0.0,4.0,0.0,2.0,2.5,1.5,4.0,3.5,4.0,3.0,4.0,0.0,0.0,3.5,0.0,2.0,0.0,4.0,3.5,3.5,2.5,0.0,0.0,0.0,0.0,0.0,4.0,0.0,0.0,0.0,0.0,0.0,0.0,0.0,0.0,0.0,0.0,0.0,2.5,3.0,0.0
Student_1392,3.0,3.5,3.5,2.5,3.0,3.5,2.0,3.5,3.0,3.5,2.5,1.5,3.5,3.0,1.5,2.5,3.5,1.5,4.0,3.5,0.0,0.0,0.0,0.0,3.5,2.0,2.5,4.0,3.0,0.0,0.0,0.0,3.0,0.0,0.0,0.0,0.0,0.0,0.0,0.0,2.0,0.0,0.0,0.0,1.5,0.0,3.5,3.0,0.0,0.0,0.0,0.0,0.0,0.0,4.0,4.0,4.0,2.5,2.0,4.0,3.0,3.5,4.0,3.5,4.0,0.0,3.5,4.0,0.0,1.0,0.0,4.0,2.0,2.5,3.0,0.0,0.0,0.0,0.0,0.0,0.0,0.0,0.0,0.0,0.0,0.0,0.0,3.0,0.0,0.0,0.0,0.0,3.5,3.5,0.0
Student_1393,0.0,0.0,2.0,2.0,2.5,2.5,1.5,0.0,2.0,3.5,3.0,2.5,1.5,3.0,1.0,2.0,3.0,2.5,3.0,2.5,2.5,0.0,0.0,0.0,2.0,2.5,3.5,2.5,2.0,2.5,0.0,3.0,0.0,0.0,2.5,0.0,0.0,0.0,0.0,0.0,0.0,2.5,0.0,0.0,3.0,2.5,2.5,0.0,0.0,0.0,0.0,0.0,0.0,0.0,0.0,3.5,0.0,1.0,1.5,2.5,2.5,3.0,4.0,3.0,4.0,0.0,0.0,4.0,0.0,0.0,0.0,2.5,2.5,3.0,1.5,0.0,0.0,0.0,0.0,0.0,0.0,0.0,0.0,0.0,0.0,0.0,0.0,0.0,0.0,0.0,0.0,0.0,0.0,0.0,0.0
Student_1394,0.0,0.0,4.0,0.0,0.0,0.0,0.0,0.0,3.0,0.0,0.0,0.0,2.0,0.0,2.5,3.5,2.5,2.0,3.5,1.5,3.0,0.0,0.0,0.0,2.0,1.5,1.5,2.5,1.5,1.0,0.0,2.0,0.0,2.5,0.0,3.0,0.0,0.0,0.0,0.0,2.0,1.0,0.0,0.0,0.0,0.0,0.0,2.5,0.0,0.0,0.0,0.0,0.0,0.0,0.0,2.5,0.0,1.5,2.0,1.0,4.0,0.0,0.0,0.0,0.0,0.0,0.0,4.0,0.0,0.0,0.0,0.0,3.5,0.0,0.0,0.0,0.0,0.0,0.0,0.0,0.0,0.0,0.0,0.0,0.0,0.0,0.0,3.0,0.0,0.0,0.0,0.0,0.0,0.0,0.0
Student_1395,0.0,0.0,0.0,0.0,0.0,3.0,2.0,3.5,1.5,2.5,2.5,3.5,3.5,2.5,3.0,1.5,2.5,2.5,2.5,1.0,0.0,0.0,0.0,0.0,3.5,2.5,3.0,2.5,1.5,0.0,0.0,0.0,1.0,0.0,0.0,0.0,0.0,0.0,0.0,0.0,1.0,0.0,0.0,0.0,3.0,2.5,0.0,0.0,0.0,0.0,0.0,2.5,0.0,2.5,4.0,4.0,0.0,2.0,2.0,4.0,2.5,0.0,3.5,0.0,4.0,0.0,4.0,3.5,0.0,0.0,0.0,0.0,0.0,3.0,0.0,0.0,0.0,0.0,0.0,0.0,0.0,0.0,0.0,0.0,0.0,0.0,0.0,0.0,0.0,0.0,0.0,0.0,2.5,4.0,0.0
Student_1396,4.0,2.5,2.5,2.0,3.0,4.0,2.5,3.0,2.0,3.0,3.0,1.5,2.5,3.0,2.0,1.5,2.0,3.0,2.5,2.5,3.0,0.0,0.0,0.0,3.5,3.5,3.5,4.0,2.0,3.0,0.0,3.0,0.0,0.0,0.0,3.0,0.0,0.0,0.0,0.0,4.0,0.0,0.0,0.0,3.0,0.0,2.5,0.0,0.0,0.0,0.0,0.0,0.0,4.0,0.0,3.5,0.0,1.5,1.5,3.5,1.5,3.5,4.0,3.0,4.0,0.0,0.0,3.5,0.0,0.0,0.0,2.0,3.5,4.0,3.5,0.0,0.0,0.0,0.0,0.0,0.0,4.0,0.0,0.0,0.0,0.0,0.0,0.0,0.0,0.0,0.0,0.0,3.0,3.5,0.0
Student_1397,0.0,0.0,0.0,0.0,0.0,0.0,0.0,0.0,2.5,0.0,0.0,0.0,0.0,0.0,0.0,1.0,2.5,1.0,2.5,3.0,0.0,0.0,0.0,0.0,1.5,2.5,0.0,2.5,2.0,2.5,0.0,2.0,0.0,0.0,0.0,0.0,0.0,0.0,0.0,0.0,4.0,0.0,0.0,0.0,0.0,1.5,1.5,0.0,0.0,0.0,3.0,0.0,1.0,0.0,0.0,3.0,0.0,0.0,0.0,1.5,4.0,3.0,0.0,0.0,0.0,0.0,0.0,0.0,0.0,0.0,3.0,1.5,0.0,0.0,0.0,0.0,0.0,0.0,0.0,0.0,0.0,0.0,0.0,0.0,0.0,0.0,0.0,0.0,0.0,0.0,0.0,0.0,0.0,0.0,0.0
Student_1398,3.5,0.0,3.5,3.5,3.5,3.5,3.0,4.0,3.5,3.0,3.5,2.5,3.5,3.5,4.0,2.5,2.0,1.5,4.0,2.0,3.5,0.0,0.0,0.0,4.0,1.5,3.0,4.0,3.0,0.0,0.0,0.0,0.0,0.0,0.0,0.0,0.0,0.0,0.0,0.0,0.0,0.0,0.0,0.0,2.0,0.0,0.0,0.0,0.0,0.0,0.0,0.0,0.0,0.0,4.0,4.0,0.0,1.0,1.0,4.0,3.0,4.0,4.0,2.0,3.5,0.0,4.0,4.0,0.0,0.0,0.0,3.5,3.0,3.0,3.0,0.0,0.0,0.0,0.0,3.0,0.0,0.0,0.0,0.0,0.0,0.0,0.0,0.0,0.0,0.0,0.0,0.0,4.0,4.0,0.0
Student_1399,3.0,3.0,1.0,2.5,3.0,3.0,3.5,0.0,3.0,1.5,3.0,2.5,2.5,4.0,2.5,1.0,2.5,1.5,4.0,2.0,0.0,0.0,0.0,0.0,2.0,1.5,3.0,3.5,1.5,1.0,0.0,3.0,1.0,0.0,0.0,0.0,0.0,0.0,0.0,0.0,2.5,0.0,0.0,0.0,0.0,0.0,2.0,2.5,2.5,0.0,0.0,0.0,0.0,0.0,0.0,3.5,0.0,4.0,4.0,3.0,2.0,4.0,4.0,4.0,4.0,0.0,0.0,4.0,0.0,1.0,0.0,4.0,3.0,3.5,4.0,0.0,0.0,0.0,0.0,0.0,0.0,0.0,0.0,0.0,0.0,0.0,4.0,0.0,0.0,0.0,0.0,0.0,3.0,3.5,0.0
Student_14,2.5,3.0,2.5,1.5,1.5,4.0,2.5,0.0,1.0,2.5,1.0,1.0,1.5,1.0,2.5,2.0,3.0,1.0,1.0,1.5,2.5,0.0,0.0,0.0,1.0,2.0,1.0,3.5,3.0,2.0,0.0,0.0,1.0,0.0,1.5,0.0,0.0,0.0,0.0,0.0,3.0,0.0,2.0,0.0,0.0,0.0,1.5,0.0,0.0,0.0,0.0,2.5,0.0,0.0,0.0,4.0,0.0,2.0,1.0,1.0,2.5,2.5,2.5,3.0,3.5,0.0,0.0,2.5,0.0,0.0,0.0,1.5,1.5,2.5,1.5,0.0,0.0,0.0,4.0,0.0,0.0,0.0,0.0,0.0,0.0,0.0,0.0,0.0,0.0,0.0,0.0,0.0,1.5,3.0,0.0
Student_140,2.5,1.0,2.5,2.5,2.0,3.0,2.5,0.0,3.0,1.0,2.5,2.0,2.5,3.0,3.0,1.0,2.0,1.0,1.0,2.0,0.0,0.0,0.0,0.0,2.0,3.0,2.0,1.0,2.0,2.0,0.0,2.5,0.0,0.0,0.0,0.0,4.0,0.0,0.0,2.5,2.5,0.0,0.0,0.0,0.0,0.0,2.0,0.0,0.0,0.0,2.5,2.0,0.0,0.0,0.0,4.0,0.0,2.0,2.0,1.0,2.0,4.0,3.5,2.0,3.5,0.0,0.0,3.5,0.0,0.0,3.0,1.5,2.0,1.0,1.0,0.0,0.0,0.0,0.0,0.0,0.0,0.0,0.0,0.0,4.0,0.0,0.0,0.0,0.0,0.0,0.0,0.0,3.5,3.0,0.0
Student_1400,3.0,1.0,0.0,0.0,0.0,0.0,0.0,0.0,0.0,0.0,0.0,0.0,0.0,0.0,0.0,0.0,0.0,0.0,0.0,0.0,0.0,0.0,0.0,0.0,0.0,0.0,0.0,0.0,0.0,0.0,0.0,0.0,0.0,0.0,0.0,0.0,0.0,0.0,0.0,0.0,0.0,0.0,0.0,0.0,0.0,0.0,0.0,0.0,0.0,0.0,0.0,0.0,0.0,0.0,0.0,0.0,0.0,0.0,0.0,0.0,0.0,0.0,0.0,0.0,0.0,0.0,0.0,0.0,0.0,0.0,0.0,4.0,2.0,0.0,0.0,0.0,0.0,0.0,0.0,0.0,0.0,0.0,0.0,0.0,0.0,0.0,0.0,0.0,0.0,0.0,0.0,0.0,3.5,4.0,0.0
Student_1401,2.5,2.5,0.0,0.0,0.0,0.0,0.0,0.0,0.0,0.0,0.0,0.0,0.0,0.0,0.0,0.0,0.0,0.0,0.0,0.0,0.0,0.0,0.0,0.0,0.0,0.0,0.0,0.0,0.0,0.0,0.0,0.0,0.0,0.0,0.0,0.0,0.0,0.0,0.0,0.0,0.0,0.0,0.0,0.0,0.0,0.0,0.0,0.0,0.0,0.0,0.0,0.0,0.0,0.0,0.0,0.0,0.0,0.0,0.0,0.0,0.0,0.0,0.0,0.0,0.0,0.0,0.0,0.0,0.0,0.0,0.0,3.0,1.5,0.0,0.0,0.0,0.0,0.0,0.0,0.0,0.0,0.0,0.0,0.0,0.0,0.0,0.0,0.0,0.0,0.0,0.0,0.0,3.0,2.0,0.0
Student_1402,3.0,3.0,3.5,1.0,3.5,4.0,2.5,0.0,2.0,2.0,2.0,2.5,3.0,2.5,1.5,1.5,2.5,2.5,3.0,1.5,2.0,0.0,0.0,0.0,1.5,1.5,1.5,3.5,2.0,2.0,0.0,2.5,2.0,0.0,0.0,0.0,3.5,0.0,0.0,0.0,0.0,0.0,3.5,0.0,0.0,0.0,0.0,2.0,1.5,0.0,0.0,0.0,0.0,0.0,0.0,3.5,0.0,1.5,1.5,3.0,3.0,2.5,4.0,3.5,4.0,0.0,0.0,3.0,0.0,0.0,0.0,3.0,2.0,3.0,3.0,0.0,0.0,0.0,0.0,0.0,0.0,0.0,2.5,0.0,0.0,0.0,0.0,0.0,0.0,0.0,0.0,0.0,4.0,3.5,0.0
Student_1403,0.0,4.0,2.5,4.0,2.5,4.0,2.5,4.0,1.5,1.0,2.5,2.0,3.5,2.5,3.5,2.0,3.5,1.5,2.0,1.5,0.0,0.0,0.0,0.0,2.5,2.5,1.5,2.0,2.5,0.0,0.0,0.0,1.0,0.0,0.0,0.0,0.0,0.0,0.0,0.0,3.5,0.0,0.0,0.0,2.5,0.0,0.0,0.0,2.5,0.0,0.0,0.0,0.0,4.0,4.0,4.0,0.0,3.0,3.5,4.0,3.5,3.5,4.0,4.0,4.0,0.0,4.0,4.0,0.0,0.0,1.5,3.0,2.0,3.5,3.5,0.0,0.0,0.0,0.0,0.0,0.0,0.0,0.0,0.0,0.0,0.0,3.5,0.0,0.0,0.0,0.0,0.0,2.5,4.0,0.0
Student_1404,0.0,0.0,0.0,0.0,3.0,4.0,2.5,0.0,3.5,2.0,2.5,2.5,2.5,3.0,2.5,4.0,4.0,4.0,3.5,2.5,0.0,0.0,0.0,0.0,2.5,3.5,4.0,3.5,3.5,4.0,0.0,4.0,3.5,0.0,0.0,0.0,0.0,0.0,0.0,0.0,4.0,0.0,0.0,0.0,0.0,0.0,0.0,4.0,4.0,0.0,0.0,3.5,0.0,0.0,0.0,4.0,0.0,3.0,3.0,4.0,0.0,0.0,0.0,0.0,0.0,0.0,0.0,0.0,0.0,3.5,0.0,0.0,0.0,4.0,0.0,0.0,0.0,0.0,0.0,0.0,0.0,0.0,0.0,0.0,0.0,0.0,0.0,0.0,0.0,0.0,0.0,0.0,0.0,0.0,0.0
Student_1405,3.5,3.0,0.0,0.0,0.0,0.0,0.0,0.0,0.0,0.0,0.0,0.0,0.0,0.0,0.0,0.0,0.0,0.0,0.0,0.0,0.0,0.0,0.0,0.0,0.0,0.0,0.0,0.0,0.0,0.0,0.0,0.0,0.0,0.0,0.0,0.0,0.0,0.0,0.0,0.0,0.0,0.0,0.0,0.0,0.0,0.0,0.0,0.0,0.0,0.0,0.0,0.0,0.0,0.0,0.0,0.0,0.0,0.0,0.0,0.0,0.0,0.0,0.0,0.0,0.0,0.0,0.0,0.0,0.0,0.0,0.0,2.0,2.0,0.0,0.0,0.0,0.0,0.0,0.0,0.0,0.0,0.0,0.0,0.0,0.0,0.0,0.0,0.0,0.0,0.0,0.0,0.0,3.5,3.5,0.0
Student_1406,4.0,3.0,3.5,3.0,4.0,3.0,3.0,3.0,3.0,3.0,2.0,3.0,3.5,3.0,3.5,4.0,3.5,4.0,3.5,4.0,3.5,0.0,0.0,0.0,2.5,3.5,3.5,4.0,3.0,1.0,0.0,3.0,0.0,0.0,0.0,0.0,0.0,2.0,0.0,0.0,0.0,0.0,0.0,0.0,0.0,3.5,0.0,0.0,0.0,3.5,2.0,0.0,3.5,0.0,0.0,3.5,0.0,2.0,2.0,2.5,4.0,3.5,4.0,3.0,3.5,0.0,0.0,4.0,0.0,0.0,0.0,3.5,3.0,3.0,3.5,0.0,3.0,0.0,0.0,0.0,0.0,0.0,0.0,0.0,0.0,0.0,0.0,0.0,0.0,0.0,0.0,0.0,3.5,3.5,0.0
Student_1407,2.5,3.5,4.0,0.0,3.5,0.0,3.5,4.0,4.0,4.0,4.0,4.0,4.0,4.0,2.5,4.0,3.5,3.5,4.0,4.0,0.0,0.0,0.0,0.0,4.0,4.0,0.0,4.0,4.0,0.0,0.0,4.0,0.0,0.0,0.0,0.0,4.0,0.0,0.0,0.0,0.0,0.0,0.0,0.0,4.0,4.0,0.0,4.0,0.0,0.0,4.0,0.0,0.0,0.0,4.0,3.75,4.0,0.0,3.0,3.0,4.0,0.0,0.0,4.0,4.0,0.0,0.0,4.0,0.0,2.5,0.0,0.0,0.0,0.0,4.0,0.0,0.0,0.0,0.0,0.0,0.0,0.0,0.0,0.0,0.0,0.0,3.5,0.0,0.0,0.0,0.0,0.0,2.5,4.0,0.0
Student_1408,2.0,2.5,3.5,1.0,2.5,3.0,2.5,0.0,1.5,0.0,2.0,1.0,1.5,2.0,2.0,1.5,3.0,1.5,2.5,2.0,2.5,0.0,0.0,0.0,2.0,2.5,0.0,3.0,1.0,1.5,0.0,2.5,3.0,0.0,0.0,0.0,3.5,0.0,0.0,0.0,0.0,0.0,1.0,0.0,0.0,3.0,0.0,0.0,0.0,1.0,0.0,1.5,0.0,0.0,0.0,3.0,0.0,1.5,1.0,3.5,2.0,3.5,3.5,1.5,4.0,0.0,0.0,3.5,0.0,0.0,0.0,2.0,3.5,1.0,2.5,0.0,0.0,0.0,4.0,0.0,0.0,0.0,0.0,0.0,0.0,0.0,0.0,0.0,0.0,0.0,0.0,0.0,3.0,3.0,0.0
Student_1409,3.5,4.0,3.0,2.0,3.0,4.0,3.0,3.5,1.0,1.5,2.0,2.5,4.0,2.0,2.0,2.0,3.0,3.0,3.0,3.0,2.0,0.0,0.0,0.0,4.0,3.0,0.0,3.0,2.5,0.0,0.0,3.5,1.0,0.0,0.0,0.0,0.0,0.0,0.0,0.0,3.0,0.0,0.0,0.0,0.0,3.5,0.0,0.0,0.0,0.0,2.5,0.0,0.0,2.5,3.75,4.0,0.0,1.5,2.5,4.0,3.5,0.0,0.0,0.0,0.0,0.0,0.0,4.0,0.0,0.0,0.0,0.0,0.0,4.0,2.0,0.0,0.0,0.0,0.0,0.0,0.0,0.0,0.0,0.0,0.0,0.0,0.0,0.0,0.0,0.0,0.0,0.0,4.0,4.0,0.0
Student_141,3.0,2.5,3.0,4.0,1.5,3.0,3.0,3.0,1.0,1.5,2.5,2.5,3.0,3.0,2.5,2.0,2.0,2.0,1.5,1.5,0.0,0.0,0.0,0.0,3.0,2.5,0.0,4.0,1.5,2.5,0.0,3.5,1.0,0.0,0.0,0.0,0.0,0.0,0.0,0.0,4.0,0.0,0.0,0.0,4.0,2.5,0.0,0.0,3.5,3.0,0.0,0.0,0.0,0.0,0.0,4.0,0.0,1.5,3.0,3.0,3.5,2.5,4.0,2.5,4.0,0.0,0.0,3.0,0.0,0.0,2.5,3.0,2.0,3.0,2.0,0.0,0.0,0.0,0.0,0.0,0.0,0.0,0.0,0.0,0.0,0.0,0.0,3.5,0.0,0.0,0.0,0.0,2.5,3.0,0.0
Student_1410,0.0,0.0,4.0,4.0,3.5,3.0,2.0,3.0,1.0,1.0,2.5,2.0,2.5,2.0,1.0,2.5,2.0,1.75,1.0,2.5,0.0,0.0,0.0,0.0,2.5,3.5,4.0,2.0,1.5,0.0,0.0,0.0,0.0,0.0,0.0,4.0,0.0,0.0,0.0,0.0,2.5,0.0,0.0,0.0,0.0,0.0,0.0,1.25,2.75,3.0,0.0,0.0,0.0,0.0,3.0,3.5,0.0,1.5,3.0,3.5,0.0,3.0,4.0,3.5,4.0,0.0,4.0,4.0,0.0,0.0,2.5,3.0,3.0,3.0,2.0,0.0,0.0,0.0,0.0,0.0,0.0,0.0,0.0,0.0,0.0,0.0,0.0,0.0,0.0,0.0,0.0,0.0,0.0,0.0,0.0
Student_1411,4.0,4.0,2.5,4.0,3.0,3.0,2.0,3.0,1.5,2.5,1.5,2.0,1.5,1.5,2.5,2.0,2.0,1.5,1.5,1.5,0.0,3.25,0.0,0.0,4.0,2.0,1.5,3.0,1.0,0.0,0.0,0.0,1.25,0.0,0.0,0.0,0.0,0.0,0.0,0.0,0.0,3.5,2.75,0.0,2.0,3.5,0.0,0.0,0.0,0.0,0.0,0.0,0.0,0.0,4.0,4.0,0.0,2.25,3.0,3.0,4.0,2.5,4.0,3.0,4.0,0.0,3.0,4.0,0.0,0.0,0.0,2.0,3.0,2.0,2.0,0.0,0.0,0.0,3.0,0.0,0.0,0.0,0.0,0.0,0.0,0.0,0.0,0.0,0.0,0.0,0.0,0.0,3.5,4.0,0.0
Student_1412,4.0,4.0,3.5,3.0,3.5,4.0,4.0,4.0,4.0,3.5,4.0,3.5,3.5,4.0,4.0,4.0,3.0,4.0,4.0,4.0,0.0,0.0,0.0,0.0,3.5,4.0,0.0,4.0,3.0,4.0,0.0,0.0,0.0,0.0,4.0,3.5,4.0,0.0,0.0,0.0,0.0,0.0,0.0,0.0,3.5,4.0,3.5,0.0,0.0,3.5,0.0,0.0,0.0,0.0,0.0,4.0,0.0,3.5,4.0,4.0,3.5,4.0,4.0,4.0,4.0,0.0,0.0,4.0,0.0,3.5,0.0,3.5,4.0,4.0,3.5,0.0,0.0,0.0,0.0,0.0,0.0,0.0,4.0,0.0,0.0,0.0,0.0,0.0,0.0,0.0,0.0,0.0,4.0,4.0,0.0
Student_142,4.0,3.0,0.0,0.0,0.0,0.0,0.0,0.0,0.0,0.0,0.0,0.0,0.0,0.0,0.0,0.0,0.0,0.0,0.0,0.0,0.0,0.0,0.0,0.0,0.0,0.0,0.0,0.0,0.0,0.0,0.0,0.0,0.0,0.0,0.0,0.0,0.0,0.0,0.0,0.0,0.0,0.0,0.0,0.0,0.0,0.0,0.0,0.0,0.0,0.0,0.0,0.0,0.0,0.0,0.0,0.0,0.0,0.0,0.0,0.0,0.0,0.0,0.0,0.0,0.0,0.0,0.0,0.0,0.0,0.0,0.0,3.5,4.0,0.0,0.0,0.0,0.0,0.0,0.0,0.0,0.0,0.0,0.0,0.0,0.0,0.0,0.0,0.0,0.0,0.0,0.0,0.0,2.0,2.5,0.0
Student_143,4.0,3.5,2.5,4.0,3.5,3.5,2.5,3.0,1.5,1.5,1.0,2.0,3.5,1.5,3.0,1.5,3.0,2.0,1.5,1.5,0.0,0.0,0.0,0.0,2.0,1.0,0.0,2.5,1.0,0.0,0.0,1.5,0.0,0.0,0.0,0.0,0.0,0.0,0.0,0.0,2.0,0.0,0.0,0.0,0.0,1.0,0.0,1.75,2.5,3.0,0.0,0.0,0.0,0.0,4.0,4.0,0.0,2.0,3.0,2.5,3.0,4.0,4.0,3.0,4.0,0.0,3.5,4.0,0.0,0.0,3.5,4.0,2.0,3.0,3.0,0.0,0.0,0.0,0.0,0.0,0.0,0.0,0.0,0.0,0.0,0.0,0.0,3.5,0.0,0.0,0.0,0.0,4.0,3.5,0.0
Student_144,3.0,3.5,4.0,3.5,3.0,3.5,2.0,0.0,2.0,2.0,2.0,1.5,3.0,2.5,2.5,2.5,2.5,2.5,1.0,3.0,2.5,0.0,0.0,0.0,4.0,2.5,2.0,3.5,3.5,3.5,0.0,2.5,0.0,0.0,2.5,3.0,0.0,3.5,0.0,0.0,0.0,0.0,0.0,0.0,0.0,0.0,0.0,0.0,0.0,0.0,0.0,3.5,0.0,0.0,0.0,4.0,0.0,2.0,1.5,2.0,3.0,3.5,4.0,2.0,4.0,0.0,0.0,4.0,0.0,0.0,2.5,2.0,1.0,1.5,3.0,0.0,0.0,0.0,0.0,0.0,0.0,0.0,0.0,0.0,0.0,0.0,0.0,0.0,0.0,0.0,0.0,0.0,3.0,2.5,0.0
Student_145,0.0,0.0,2.5,0.0,0.0,0.0,2.0,0.0,0.0,2.0,0.0,0.0,2.0,0.0,0.0,1.5,0.0,1.5,1.5,0.0,0.0,0.0,0.0,0.0,1.0,1.0,1.5,1.0,1.5,2.0,0.0,2.0,0.0,0.0,2.0,0.0,0.0,0.0,0.0,0.0,2.5,0.0,0.0,0.0,1.0,0.0,0.0,1.0,0.0,0.0,0.0,0.0,0.0,0.0,0.0,4.0,0.0,2.0,0.0,3.0,1.0,0.0,0.0,0.0,0.0,0.0,0.0,2.5,0.0,0.0,1.5,0.0,0.0,0.0,0.0,0.0,0.0,0.0,0.0,0.0,0.0,0.0,0.0,0.0,0.0,0.0,3.5,0.0,0.0,0.0,0.0,0.0,0.0,0.0,0.0
Student_146,4.0,1.5,0.0,4.0,0.0,0.0,0.0,0.0,0.0,0.0,0.0,0.0,0.0,0.0,0.0,0.0,0.0,0.0,0.0,0.0,0.0,0.0,0.0,0.0,0.0,0.0,0.0,0.0,0.0,0.0,0.0,0.0,0.0,0.0,0.0,0.0,0.0,0.0,0.0,0.0,0.0,0.0,0.0,0.0,0.0,0.0,0.0,0.0,0.0,0.0,0.0,0.0,0.0,0.0,0.0,0.0,0.0,0.0,0.0,0.0,0.0,0.0,0.0,0.0,0.0,0.0,0.0,0.0,0.0,0.0,0.0,3.5,1.0,2.0,0.0,0.0,0.0,0.0,0.0,0.0,0.0,0.0,0.0,0.0,0.0,0.0,0.0,0.0,0.0,0.0,0.0,0.0,3.0,2.0,0.0
Student_147,3.5,3.0,3.0,0.0,0.0,1.0,1.0,0.0,1.0,1.5,0.0,2.5,2.0,0.0,2.5,2.0,3.0,1.0,1.5,1.5,2.0,0.0,0.0,0.0,2.5,2.0,1.5,1.0,2.0,2.5,0.0,1.0,0.0,0.0,3.0,0.0,0.0,2.5,0.0,0.0,3.0,2.5,0.0,0.0,0.0,0.0,0.0,0.0,0.0,0.0,0.0,3.0,0.0,0.0,0.0,3.5,0.0,2.0,0.0,2.0,2.5,0.0,0.0,0.0,0.0,0.0,0.0,0.0,0.0,0.0,0.0,0.0,0.0,0.0,0.0,0.0,0.0,0.0,0.0,0.0,0.0,2.5,0.0,0.0,0.0,0.0,0.0,0.0,0.0,0.0,0.0,0.0,0.0,2.0,0.0
Student_148,0.0,0.0,0.0,0.0,0.0,0.0,2.0,0.0,2.5,0.0,0.0,0.0,0.0,0.0,2.5,2.5,2.0,1.5,3.0,1.0,1.5,0.0,0.0,0.0,2.0,1.0,0.0,2.0,2.5,3.0,0.0,0.0,0.0,0.0,4.0,0.0,0.0,0.0,0.0,0.0,3.0,0.0,3.0,0.0,0.0,2.0,4.0,3.0,0.0,0.0,0.0,2.5,0.0,0.0,0.0,4.0,0.0,0.0,0.0,2.0,3.0,0.0,0.0,0.0,0.0,0.0,0.0,0.0,0.0,0.0,0.0,0.0,1.5,3.5,0.0,0.0,0.0,0.0,0.0,0.0,0.0,0.0,0.0,0.0,0.0,0.0,0.0,0.0,0.0,0.0,0.0,0.0,0.0,0.0,0.0
Student_149,4.0,0.0,0.0,1.0,1.0,3.5,2.0,1.0,1.5,2.0,3.0,2.0,3.0,2.0,2.0,2.0,3.0,2.0,1.5,2.0,1.5,0.0,0.0,0.0,3.0,2.5,1.5,3.0,2.5,2.0,0.0,2.5,1.0,0.0,1.5,0.0,3.5,0.0,0.0,0.0,0.0,0.0,0.0,0.0,0.0,0.0,0.0,0.0,2.0,0.0,0.0,3.5,0.0,0.0,0.0,4.0,0.0,1.5,1.5,3.0,2.5,3.0,3.5,3.5,4.0,0.0,0.0,3.0,0.0,0.0,0.0,0.0,1.5,1.5,2.0,0.0,0.0,0.0,0.0,0.0,0.0,0.0,0.0,0.0,0.0,0.0,0.0,0.0,0.0,0.0,0.0,0.0,0.0,0.0,0.0
Student_15,2.0,2.5,3.0,2.0,1.0,2.5,2.0,3.5,2.0,2.0,1.5,2.0,1.5,1.5,3.0,2.5,1.0,1.5,1.0,1.0,0.0,0.0,0.0,0.0,2.5,2.0,1.5,3.0,1.0,0.0,0.0,0.0,1.75,0.0,0.0,0.0,0.0,0.0,0.0,0.0,2.0,0.0,4.0,0.0,0.0,4.0,0.0,0.0,1.5,0.0,0.0,0.0,0.0,0.0,4.0,4.0,0.0,2.0,1.5,4.0,3.0,3.5,4.0,1.5,4.0,0.0,2.5,3.5,0.0,0.0,0.0,2.0,3.0,2.5,2.0,0.0,0.0,0.0,3.5,0.0,0.0,0.0,0.0,0.0,0.0,0.0,0.0,0.0,0.0,0.0,0.0,0.0,3.0,3.0,3.0
Student_150,2.5,3.0,4.0,3.5,2.5,3.0,3.5,2.5,2.0,2.5,3.0,2.0,3.5,2.0,2.0,2.0,3.0,2.0,3.5,3.5,2.0,0.0,0.0,0.0,2.5,1.0,0.0,3.5,3.0,2.0,0.0,3.0,0.0,0.0,0.0,0.0,4.0,0.0,0.0,0.0,0.0,0.0,0.0,0.0,0.0,3.0,2.5,3.5,0.0,0.0,3.5,3.0,0.0,0.0,0.0,3.5,0.0,2.0,2.0,2.0,3.0,4.0,4.0,1.0,4.0,0.0,0.0,4.0,0.0,0.0,0.0,2.0,1.5,2.5,3.0,0.0,0.0,0.0,0.0,0.0,0.0,0.0,0.0,4.0,0.0,0.0,0.0,0.0,0.0,0.0,0.0,0.0,4.0,4.0,0.0
Student_151,3.5,3.5,4.0,3.0,2.5,1.0,2.5,3.0,2.0,3.0,3.5,2.0,2.0,3.0,2.0,2.5,2.0,2.0,3.5,2.0,0.0,0.0,0.0,0.0,3.0,2.0,2.5,2.0,2.0,2.0,0.0,0.0,0.0,3.5,0.0,0.0,0.0,3.5,0.0,0.0,2.5,0.0,0.0,0.0,0.0,0.0,2.0,1.5,0.0,0.0,0.0,0.0,2.0,0.0,0.0,4.0,0.0,2.0,4.0,2.0,3.0,2.5,3.5,3.0,3.5,0.0,0.0,4.0,0.0,3.0,0.0,1.0,2.5,3.0,2.5,0.0,0.0,0.0,0.0,0.0,2.5,0.0,0.0,0.0,0.0,0.0,0.0,0.0,0.0,0.0,0.0,0.0,3.0,3.0,0.0
Student_152,4.0,4.0,3.5,1.5,2.5,3.0,0.0,0.0,3.5,3.5,4.0,3.0,3.0,3.0,3.5,4.0,0.0,0.0,4.0,3.5,0.0,0.0,0.0,0.0,3.5,4.0,0.0,4.0,3.0,3.5,0.0,0.0,0.0,0.0,0.0,0.0,0.0,0.0,0.0,0.0,0.0,0.0,0.0,0.0,0.0,0.0,3.0,0.0,0.0,0.0,0.0,0.0,0.0,0.0,0.0,4.0,0.0,2.5,2.5,3.5,4.0,3.5,3.5,4.0,4.0,0.0,0.0,4.0,0.0,0.0,0.0,4.0,3.5,2.0,4.0,0.0,0.0,0.0,0.0,0.0,0.0,0.0,0.0,0.0,3.0,0.0,0.0,0.0,0.0,0.0,0.0,0.0,3.0,4.0,0.0
Student_153,3.0,4.0,3.5,2.0,3.0,3.0,2.0,1.5,3.5,2.5,3.5,1.0,2.0,3.0,2.5,3.0,3.5,1.5,3.5,3.0,2.5,0.0,0.0,0.0,3.0,1.5,3.0,4.0,3.0,3.0,0.0,3.0,2.0,0.0,0.0,0.0,0.0,0.0,0.0,3.0,0.0,0.0,0.0,0.0,0.0,3.0,0.0,0.0,2.0,0.0,1.5,0.0,0.0,0.0,0.0,4.0,0.0,2.5,1.5,2.0,1.5,2.0,3.5,2.5,4.0,0.0,0.0,3.5,0.0,0.0,0.0,2.0,3.0,3.0,2.5,0.0,0.0,4.0,0.0,0.0,0.0,0.0,0.0,0.0,0.0,0.0,0.0,0.0,0.0,0.0,0.0,0.0,2.5,3.5,0.0
Student_154,3.5,4.0,2.5,2.0,3.5,2.5,1.0,2.5,3.5,1.5,3.5,2.5,2.5,2.5,3.0,2.0,2.5,3.0,3.5,1.5,2.0,0.0,0.0,0.0,2.0,4.0,4.0,4.0,2.0,2.0,0.0,4.0,3.5,0.0,0.0,0.0,0.0,0.0,0.0,0.0,0.0,0.0,0.0,0.0,0.0,2.0,3.5,0.0,3.5,0.0,2.5,0.0,0.0,0.0,0.0,3.5,0.0,3.0,2.5,3.0,3.5,3.5,4.0,3.5,4.0,0.0,0.0,3.5,0.0,0.0,0.0,3.5,4.0,3.0,1.5,0.0,0.0,0.0,0.0,0.0,0.0,0.0,0.0,0.0,0.0,0.0,0.0,0.0,0.0,0.0,0.0,0.0,4.0,3.5,0.0
Student_155,0.0,0.0,4.0,4.0,4.0,4.0,4.0,3.5,3.5,2.5,4.0,3.5,3.5,3.5,4.0,4.0,4.0,3.5,4.0,4.0,4.0,0.0,0.0,0.0,4.0,4.0,3.0,3.5,2.5,0.0,0.0,0.0,4.0,0.0,0.0,0.0,0.0,0.0,0.0,0.0,0.0,0.0,0.0,0.0,0.0,4.0,0.0,0.0,0.0,0.0,3.0,0.0,0.0,0.0,4.0,4.0,0.0,3.0,3.5,4.0,3.5,3.0,4.0,4.0,4.0,0.0,4.0,4.0,0.0,0.0,0.0,3.0,4.0,4.0,4.0,0.0,0.0,0.0,0.0,0.0,0.0,0.0,0.0,0.0,0.0,0.0,0.0,0.0,0.0,0.0,0.0,0.0,3.0,0.0,4.0
Student_156,3.5,3.5,3.5,4.0,2.5,4.0,3.5,3.0,2.0,3.5,3.0,2.0,2.5,3.5,2.5,4.0,4.0,3.0,3.5,3.5,0.0,0.0,0.0,0.0,2.0,3.5,0.0,4.0,4.0,4.0,0.0,4.0,3.0,0.0,0.0,3.5,0.0,0.0,0.0,0.0,3.0,0.0,0.0,0.0,4.0,3.5,0.0,0.0,0.0,3.0,0.0,0.0,0.0,0.0,0.0,3.5,0.0,3.0,2.0,2.5,0.0,4.0,4.0,4.0,4.0,0.0,0.0,3.5,0.0,3.5,0.0,3.5,3.5,3.0,2.5,0.0,0.0,0.0,4.0,0.0,0.0,0.0,0.0,0.0,0.0,0.0,0.0,0.0,0.0,0.0,0.0,0.0,3.5,3.5,0.0
Student_157,4.0,3.5,3.0,3.5,2.5,3.5,3.5,4.0,4.0,4.0,2.5,3.0,3.0,3.0,3.0,3.0,3.5,4.0,4.0,4.0,3.0,0.0,0.0,0.0,4.0,4.0,2.5,4.0,3.5,0.0,0.0,0.0,3.5,0.0,0.0,0.0,0.0,0.0,0.0,0.0,0.0,0.0,0.0,0.0,0.0,3.5,3.5,0.0,0.0,0.0,3.5,0.0,0.0,3.0,4.0,4.0,4.0,4.0,3.5,4.0,4.0,3.0,4.0,3.0,4.0,0.0,4.0,4.0,0.0,0.0,0.0,3.5,3.5,3.5,3.0,0.0,0.0,0.0,4.0,0.0,0.0,0.0,0.0,0.0,0.0,0.0,0.0,0.0,0.0,0.0,0.0,0.0,3.0,0.0,0.0
Student_158,4.0,4.0,2.5,2.5,3.5,2.5,3.5,3.5,3.5,4.0,2.0,2.0,2.5,3.0,3.0,4.0,3.5,2.5,3.5,2.5,0.0,0.0,0.0,0.0,3.5,1.5,0.0,3.5,1.5,2.5,0.0,2.5,0.0,0.0,0.0,0.0,0.0,0.0,0.0,0.0,2.0,0.0,0.0,0.0,0.0,4.0,3.5,3.0,0.0,0.0,0.0,0.0,0.0,0.0,4.0,4.0,4.0,3.5,3.0,3.5,3.0,3.0,3.5,1.0,4.0,0.0,2.5,4.0,0.0,2.0,0.0,3.0,2.5,3.5,3.0,0.0,0.0,0.0,0.0,0.0,0.0,0.0,0.0,0.0,0.0,0.0,0.0,0.0,0.0,0.0,0.0,0.0,2.0,3.0,0.0
Student_159,4.0,4.0,0.0,3.0,2.5,3.0,4.0,0.0,4.0,2.5,4.0,2.5,3.0,4.0,4.0,4.0,3.0,4.0,3.5,3.5,0.0,0.0,0.0,0.0,3.0,3.0,3.5,4.0,2.5,3.5,0.0,0.0,0.0,4.0,0.0,0.0,0.0,4.0,0.0,0.0,0.0,0.0,0.0,0.0,3.5,4.0,0.0,0.0,0.0,0.0,3.5,0.0,0.0,0.0,0.0,4.0,0.0,3.5,3.5,3.0,4.0,0.0,0.0,4.0,0.0,0.0,0.0,4.0,0.0,0.0,0.0,0.0,3.0,0.0,0.0,0.0,0.0,0.0,0.0,0.0,0.0,0.0,0.0,0.0,0.0,0.0,0.0,0.0,0.0,0.0,4.0,0.0,0.0,0.0,0.0
Student_16,4.0,4.0,3.5,2.5,2.5,2.0,1.0,0.0,2.0,3.0,3.0,2.5,4.0,2.5,1.5,2.0,1.5,2.0,1.5,1.5,0.0,0.0,0.0,0.0,2.5,3.5,1.5,3.0,1.5,2.5,0.0,2.0,1.0,0.0,0.0,0.0,0.0,0.0,0.0,0.0,0.0,0.0,0.0,0.0,0.0,1.0,2.5,0.0,2.5,0.0,0.0,1.0,0.0,0.0,0.0,4.0,0.0,1.0,2.5,3.5,3.0,3.0,4.0,3.5,4.0,0.0,0.0,4.0,0.0,0.0,2.5,2.0,2.5,2.0,2.5,0.0,0.0,0.0,4.0,0.0,0.0,0.0,0.0,0.0,0.0,0.0,0.0,0.0,0.0,0.0,0.0,0.0,2.5,3.5,0.0
Student_160,3.5,2.5,2.5,3.5,4.0,3.0,3.0,4.0,2.5,1.5,1.5,3.0,3.0,2.0,3.0,1.5,1.5,1.5,1.5,1.25,2.75,0.0,0.0,0.0,4.0,1.5,0.0,3.5,1.0,0.0,0.0,0.0,0.0,0.0,0.0,0.0,0.0,0.0,0.0,0.0,2.0,0.0,0.0,0.0,0.0,2.0,0.0,3.75,3.0,0.0,1.0,2.25,0.0,0.0,4.0,4.0,0.0,3.5,3.0,3.0,3.0,3.5,4.0,3.5,4.0,0.0,4.0,4.0,0.0,0.0,0.0,4.0,4.0,3.5,3.5,0.0,0.0,0.0,0.0,0.0,0.0,0.0,0.0,3.5,0.0,0.0,0.0,0.0,0.0,0.0,0.0,0.0,4.0,4.0,2.0
Student_161,4.0,4.0,3.5,1.5,1.0,4.0,3.0,2.5,4.0,2.5,2.0,2.5,3.5,1.5,2.5,3.5,3.5,3.5,4.0,4.0,0.0,0.0,0.0,0.0,4.0,2.5,2.0,4.0,2.0,0.0,0.0,2.5,0.0,0.0,0.0,0.0,0.0,0.0,0.0,0.0,2.0,0.0,0.0,0.0,1.5,0.0,0.0,2.5,3.0,0.0,0.0,0.0,0.0,0.0,4.0,4.0,0.0,3.5,3.5,3.5,4.0,2.5,4.0,1.0,2.5,0.0,4.0,3.5,0.0,0.0,4.0,2.0,3.0,3.5,2.5,0.0,0.0,0.0,0.0,0.0,0.0,0.0,0.0,0.0,0.0,0.0,0.0,3.5,0.0,0.0,0.0,0.0,4.0,4.0,0.0
Student_162,2.5,4.0,3.0,2.5,3.0,3.5,2.5,3.5,2.5,3.0,3.0,1.5,4.0,3.0,2.0,2.0,1.5,2.5,4.0,4.0,2.0,0.0,0.0,0.0,3.5,3.0,1.5,3.5,2.5,0.0,0.0,1.0,1.0,0.0,0.0,0.0,0.0,0.0,0.0,0.0,0.0,0.0,0.0,0.0,0.0,3.5,0.0,0.0,2.5,0.0,2.5,0.0,0.0,0.0,4.0,3.75,0.0,2.0,2.5,4.0,3.0,3.5,4.0,3.5,3.5,0.0,3.5,3.5,0.0,0.0,0.0,3.5,3.5,4.0,3.0,0.0,0.0,0.0,0.0,0.0,0.0,0.0,0.0,0.0,0.0,0.0,0.0,0.0,0.0,0.0,3.0,0.0,3.5,3.5,0.0
Student_163,0.0,0.0,2.0,0.0,1.0,0.0,3.0,0.0,0.0,0.0,0.0,0.0,0.0,1.5,3.0,0.0,3.75,0.0,2.5,2.25,0.0,0.0,0.0,0.0,0.0,0.0,3.0,0.0,0.0,0.0,0.0,0.0,0.0,0.0,0.0,0.0,0.0,0.0,0.0,0.0,0.0,0.0,0.0,0.0,0.0,3.5,0.0,0.0,0.0,0.0,0.0,0.0,0.0,0.0,0.0,0.0,0.0,0.0,0.0,0.0,3.0,2.5,4.0,3.0,4.0,2.5,3.5,4.0,0.0,0.0,0.0,2.5,3.5,0.0,2.0,0.0,0.0,0.0,0.0,0.0,0.0,0.0,0.0,0.0,0.0,0.0,0.0,0.0,0.0,0.0,0.0,0.0,0.0,0.0,3.25
Student_164,0.0,0.0,2.5,3.5,2.5,4.0,2.0,1.5,3.0,2.5,2.5,2.5,2.5,2.5,2.5,3.0,3.0,1.5,3.0,2.5,0.0,0.0,0.0,0.0,2.0,3.0,1.5,3.0,2.0,0.0,0.0,3.5,0.0,0.0,0.0,0.0,0.0,0.0,0.0,0.0,0.0,0.0,0.0,0.0,0.0,3.0,3.0,0.0,0.0,2.5,1.5,0.0,0.0,0.0,4.0,3.5,4.0,2.0,2.0,3.0,4.0,2.5,4.0,2.0,4.0,0.0,0.0,2.5,0.0,2.5,0.0,1.5,1.0,1.5,1.0,0.0,0.0,0.0,0.0,0.0,0.0,0.0,0.0,0.0,0.0,0.0,0.0,3.5,0.0,0.0,0.0,0.0,0.0,0.0,0.0
Student_165,4.0,4.0,3.5,4.0,4.0,4.0,3.5,4.0,3.5,3.0,3.0,2.0,4.0,2.5,3.5,3.5,3.0,2.75,3.5,4.0,2.5,0.0,0.0,0.0,3.0,4.0,0.0,4.0,3.25,0.0,0.0,0.0,3.25,0.0,0.0,3.75,0.0,0.0,0.0,0.0,3.0,0.0,0.0,0.0,4.0,3.5,0.0,4.0,0.0,0.0,0.0,0.0,0.0,0.0,4.0,4.0,0.0,2.5,2.5,4.0,3.5,3.0,4.0,2.5,4.0,0.0,4.0,4.0,0.0,0.0,0.0,4.0,3.5,4.0,4.0,0.0,0.0,0.0,4.0,0.0,0.0,0.0,0.0,0.0,0.0,0.0,0.0,0.0,0.0,0.0,0.0,0.0,4.0,4.0,0.0
Student_166,0.0,0.0,2.5,2.0,2.5,3.5,3.5,4.0,2.75,1.5,1.5,2.5,1.0,2.0,2.5,3.0,3.25,2.75,3.5,3.25,0.0,0.0,0.0,0.0,3.0,1.0,0.0,4.0,2.0,0.0,0.0,3.25,0.0,0.0,0.0,0.0,0.0,0.0,0.0,0.0,3.0,0.0,0.0,0.0,2.75,2.75,0.0,3.5,0.0,0.0,0.0,0.0,2.0,0.0,4.0,4.0,0.0,0.0,1.5,4.0,0.0,0.0,0.0,0.0,0.0,0.0,0.0,4.0,0.0,0.0,0.0,0.0,0.0,4.0,4.0,0.0,0.0,0.0,0.0,0.0,0.0,0.0,0.0,0.0,0.0,0.0,0.0,4.0,0.0,0.0,0.0,0.0,0.0,0.0,0.0
Student_167,4.0,4.0,3.5,3.5,4.0,4.0,4.0,3.5,4.0,4.0,4.0,4.0,3.5,4.0,4.0,3.5,4.0,4.0,4.0,4.0,4.0,0.0,0.0,0.0,4.0,4.0,4.0,4.0,3.5,4.0,0.0,4.0,4.0,0.0,0.0,0.0,0.0,0.0,0.0,0.0,0.0,0.0,0.0,0.0,4.0,4.0,0.0,4.0,0.0,0.0,0.0,0.0,0.0,4.0,0.0,4.0,0.0,4.0,3.5,4.0,4.0,4.0,4.0,4.0,4.0,0.0,0.0,4.0,0.0,0.0,0.0,4.0,3.5,4.0,3.5,0.0,3.5,0.0,0.0,0.0,0.0,0.0,0.0,0.0,0.0,0.0,0.0,0.0,0.0,0.0,0.0,0.0,3.5,3.5,0.0
Student_168,3.0,4.0,4.0,3.0,4.0,3.5,1.0,3.0,3.5,2.0,3.5,2.0,3.5,4.0,2.0,2.5,3.0,1.0,1.5,1.0,2.25,0.0,0.0,0.0,3.25,2.0,1.0,3.5,2.5,0.0,0.0,0.0,3.0,0.0,0.0,0.0,4.0,0.0,0.0,0.0,0.0,0.0,0.0,0.0,0.0,0.0,3.0,3.75,3.75,0.0,0.0,0.0,0.0,0.0,4.0,4.0,0.0,1.5,1.5,4.0,4.0,2.5,4.0,2.5,4.0,0.0,4.0,3.5,0.0,0.0,0.0,3.5,4.0,2.25,3.5,0.0,0.0,0.0,4.0,0.0,0.0,0.0,0.0,0.0,0.0,0.0,0.0,0.0,0.0,0.0,0.0,0.0,0.0,4.0,0.0
Student_169,3.0,2.0,1.0,3.5,2.0,3.0,2.0,0.0,1.5,1.5,2.0,1.0,2.5,3.0,1.5,3.0,2.0,1.0,1.5,2.5,0.0,0.0,0.0,0.0,2.5,2.0,2.5,1.0,1.5,2.5,0.0,2.0,1.5,0.0,2.0,0.0,3.0,0.0,0.0,0.0,0.0,0.0,0.0,0.0,3.0,0.0,0.0,0.0,0.0,0.0,1.5,0.0,0.0,0.0,0.0,4.0,0.0,2.0,1.0,2.0,1.0,3.5,4.0,3.0,3.0,0.0,0.0,3.0,0.0,0.0,2.5,3.0,2.0,1.5,2.0,0.0,0.0,0.0,0.0,0.0,0.0,0.0,3.0,0.0,0.0,0.0,0.0,0.0,0.0,0.0,0.0,0.0,4.0,3.0,0.0
Student_17,3.5,4.0,3.5,2.5,2.0,3.0,4.0,0.0,3.0,3.5,4.0,3.0,3.5,3.5,3.5,2.5,3.0,2.0,2.0,2.5,1.5,0.0,0.0,0.0,4.0,1.5,2.5,3.0,2.5,2.5,0.0,0.0,2.0,0.0,4.0,4.0,0.0,0.0,0.0,0.0,2.0,0.0,0.0,0.0,0.0,0.0,3.5,0.0,0.0,0.0,0.0,2.0,0.0,0.0,0.0,2.5,0.0,2.5,2.5,3.0,2.5,4.0,4.0,4.0,4.0,0.0,0.0,4.0,0.0,0.0,0.0,2.5,2.5,4.0,2.5,0.0,0.0,0.0,0.0,4.0,0.0,0.0,0.0,0.0,0.0,0.0,0.0,0.0,0.0,0.0,0.0,0.0,4.0,4.0,0.0
Student_170,3.0,4.0,1.5,1.0,2.5,3.5,1.0,0.0,1.0,2.5,2.0,1.0,3.0,3.0,2.0,3.5,1.0,1.5,2.5,2.5,3.0,0.0,0.0,0.0,2.0,3.0,0.0,3.5,1.5,2.0,0.0,1.5,0.0,0.0,0.0,0.0,0.0,3.5,0.0,0.0,3.0,0.0,0.0,0.0,0.0,0.0,0.0,2.0,0.0,0.0,2.5,2.0,0.0,0.0,0.0,3.5,0.0,2.0,4.0,2.5,2.0,4.0,3.5,3.5,4.0,0.0,0.0,4.0,0.0,0.0,3.0,3.0,3.0,3.0,2.0,0.0,0.0,0.0,0.0,0.0,3.0,0.0,0.0,0.0,0.0,0.0,0.0,0.0,0.0,0.0,0.0,0.0,3.5,3.5,0.0
Student_171,2.0,1.0,2.0,2.5,1.0,3.5,2.0,0.0,2.0,3.0,1.5,1.0,1.5,1.5,3.0,1.5,2.0,2.0,1.0,1.5,0.0,0.0,0.0,0.0,2.0,2.0,2.0,1.0,2.0,1.5,0.0,2.0,0.0,0.0,0.0,2.5,0.0,0.0,0.0,0.0,2.0,0.0,0.0,0.0,0.0,0.0,0.0,0.0,3.5,0.0,2.5,1.5,0.0,0.0,0.0,2.5,0.0,1.0,3.0,1.5,3.0,3.0,3.0,3.0,4.0,0.0,0.0,3.0,0.0,0.0,1.0,1.5,2.0,3.0,1.0,0.0,0.0,0.0,0.0,0.0,0.0,3.0,0.0,0.0,0.0,0.0,0.0,0.0,0.0,0.0,0.0,0.0,4.0,2.0,0.0
Student_172,2.5,2.0,4.0,0.0,2.0,0.0,3.0,3.0,2.5,3.0,3.5,2.5,3.0,2.5,2.5,3.0,3.0,2.0,4.0,4.0,0.0,0.0,0.0,0.0,3.5,4.0,0.0,4.0,2.5,0.0,0.0,4.0,0.0,0.0,0.0,0.0,0.0,0.0,0.0,0.0,4.0,0.0,0.0,0.0,4.0,4.0,0.0,3.5,0.0,3.5,0.0,0.0,0.0,0.0,4.0,3.5,4.0,0.0,3.0,4.0,4.0,0.0,0.0,3.0,4.0,0.0,0.0,4.0,0.0,0.0,3.0,0.0,0.0,0.0,3.5,0.0,0.0,0.0,0.0,0.0,0.0,0.0,0.0,0.0,0.0,0.0,0.0,0.0,0.0,0.0,3.5,0.0,3.0,2.5,0.0
Student_173,0.0,0.0,3.0,3.5,2.5,4.0,3.0,2.5,3.5,3.0,3.5,2.5,2.5,3.0,2.5,3.5,2.0,1.0,3.5,3.0,0.0,0.0,0.0,0.0,2.5,2.0,0.0,2.5,1.0,2.0,0.0,2.0,2.5,0.0,0.0,0.0,0.0,3.5,0.0,0.0,2.0,0.0,0.0,0.0,0.0,3.0,4.0,0.0,0.0,0.0,3.0,0.0,0.0,0.0,0.0,4.0,0.0,2.5,2.0,3.5,1.0,0.0,0.0,0.0,0.0,0.0,0.0,4.0,0.0,2.0,0.0,0.0,3.0,3.0,2.5,0.0,3.0,0.0,0.0,0.0,0.0,0.0,0.0,0.0,0.0,0.0,0.0,0.0,0.0,0.0,0.0,0.0,3.0,2.5,0.0
Student_174,3.5,4.0,3.5,4.0,3.5,4.0,3.5,0.0,4.0,4.0,3.5,4.0,3.5,0.0,3.0,4.0,3.5,2.5,4.0,4.0,0.0,0.0,0.0,0.0,4.0,3.5,3.5,4.0,4.0,4.0,0.0,4.0,0.0,0.0,0.0,4.0,0.0,0.0,0.0,0.0,0.0,0.0,0.0,0.0,0.0,0.0,0.0,0.0,0.0,0.0,3.5,0.0,0.0,0.0,4.0,4.0,4.0,3.0,3.5,4.0,4.0,3.5,4.0,3.5,4.0,0.0,0.0,4.0,0.0,0.0,3.0,4.0,2.5,0.0,3.5,0.0,0.0,0.0,0.0,0.0,0.0,0.0,0.0,0.0,0.0,0.0,0.0,3.5,0.0,0.0,0.0,0.0,4.0,3.5,0.0
Student_175,2.5,3.0,3.5,2.5,2.5,2.5,3.5,2.0,4.0,4.0,4.0,3.0,3.0,3.5,2.5,2.5,3.0,3.0,2.5,2.5,3.0,0.0,0.0,0.0,3.0,2.0,0.0,3.5,2.5,3.0,0.0,3.0,0.0,0.0,0.0,0.0,3.5,0.0,0.0,2.0,0.0,0.0,0.0,0.0,0.0,3.0,2.5,0.0,0.0,0.0,2.5,2.5,0.0,0.0,0.0,3.5,0.0,1.5,3.0,2.0,3.0,3.0,4.0,2.0,3.5,0.0,0.0,4.0,0.0,0.0,0.0,1.5,1.5,2.0,3.5,0.0,0.0,0.0,4.0,0.0,0.0,0.0,0.0,0.0,0.0,0.0,0.0,0.0,0.0,0.0,0.0,0.0,1.5,3.0,0.0
Student_176,4.0,4.0,3.5,2.5,2.5,4.0,3.5,3.0,3.0,3.0,3.5,3.5,3.5,3.0,3.0,2.0,0.0,3.0,0.0,1.5,0.0,0.0,0.0,0.0,3.0,2.5,0.0,4.0,0.0,2.5,0.0,0.0,0.0,0.0,0.0,0.0,0.0,0.0,0.0,0.0,3.0,0.0,0.0,0.0,0.0,1.0,0.0,0.0,0.0,0.0,0.0,0.0,0.0,0.0,0.0,4.0,0.0,2.0,3.5,4.0,3.5,3.0,4.0,3.5,4.0,0.0,0.0,4.0,0.0,2.0,0.0,3.5,3.5,4.0,3.5,0.0,0.0,0.0,0.0,0.0,0.0,4.0,0.0,0.0,0.0,0.0,0.0,0.0,0.0,0.0,0.0,0.0,4.0,3.5,0.0
Student_177,3.0,2.5,2.5,1.0,2.5,2.5,1.5,4.0,2.0,2.0,3.0,3.5,2.5,2.5,1.5,1.75,3.5,2.0,3.5,3.0,0.0,0.0,0.0,0.0,3.5,3.5,0.0,3.0,2.5,0.0,0.0,0.0,2.0,0.0,4.0,0.0,2.0,0.0,0.0,0.0,0.0,0.0,0.0,0.0,1.5,3.5,4.0,0.0,0.0,0.0,0.0,0.0,0.0,0.0,4.0,3.0,4.0,2.0,3.0,3.0,3.0,3.5,4.0,3.0,4.0,0.0,0.0,2.0,0.0,2.0,0.0,2.0,2.5,3.0,3.5,0.0,0.0,0.0,0.0,0.0,0.0,0.0,0.0,0.0,0.0,0.0,3.0,0.0,0.0,0.0,0.0,0.0,3.0,3.5,0.0
Student_178,4.0,3.5,3.5,3.0,3.0,3.5,3.5,0.0,3.0,2.5,3.0,2.0,3.0,3.5,2.5,3.5,1.5,3.5,3.0,3.0,0.0,0.0,0.0,0.0,3.5,3.5,4.0,2.5,1.0,2.5,0.0,1.0,2.5,0.0,3.0,4.0,0.0,0.0,0.0,0.0,2.5,0.0,0.0,0.0,0.0,0.0,0.0,0.0,0.0,0.0,2.5,0.0,0.0,0.0,0.0,4.0,0.0,3.0,1.5,1.0,3.5,4.0,3.5,4.0,4.0,0.0,0.0,3.5,0.0,0.0,3.5,3.5,1.5,4.0,2.0,0.0,0.0,0.0,0.0,0.0,0.0,0.0,0.0,1.5,0.0,0.0,0.0,0.0,0.0,0.0,0.0,0.0,4.0,4.0,0.0
Student_179,4.0,4.0,3.5,4.0,4.0,4.0,4.0,4.0,4.0,4.0,3.5,3.5,4.0,3.5,2.25,4.0,4.0,3.0,3.25,2.0,0.0,0.0,0.0,0.0,4.0,2.75,4.0,4.0,3.0,0.0,0.0,0.0,0.0,0.0,0.0,4.0,0.0,0.0,0.0,0.0,0.0,0.0,0.0,0.0,4.0,3.0,0.0,0.0,0.0,0.0,0.0,4.0,0.0,0.0,4.0,4.0,0.0,3.5,1.0,4.0,4.0,3.5,4.0,3.5,4.0,0.0,4.0,4.0,0.0,0.0,3.0,4.0,3.5,4.0,4.0,0.0,0.0,0.0,0.0,0.0,0.0,0.0,0.0,4.0,0.0,0.0,0.0,0.0,0.0,0.0,0.0,0.0,4.0,4.0,4.0
Student_18,3.0,4.0,2.0,0.0,2.0,0.0,2.0,3.0,3.5,2.0,3.5,2.5,2.0,3.0,2.5,3.5,3.0,2.0,3.0,3.5,2.5,0.0,0.0,0.0,2.5,3.5,3.5,4.0,4.0,4.0,0.0,0.0,4.0,0.0,0.0,0.0,0.0,0.0,0.0,0.0,0.0,0.0,0.0,0.0,0.0,3.0,0.0,0.0,4.0,2.0,2.0,0.0,0.0,4.0,0.0,4.0,0.0,1.5,2.0,3.0,3.5,0.0,4.0,0.0,4.0,0.0,0.0,3.0,0.0,0.0,0.0,0.0,3.5,3.5,3.5,0.0,0.0,0.0,0.0,0.0,0.0,0.0,0.0,0.0,0.0,0.0,0.0,0.0,0.0,0.0,0.0,0.0,4.0,0.0,0.0
Student_180,4.0,1.0,3.0,3.5,3.5,4.0,3.5,4.0,1.5,1.0,3.0,3.5,3.0,2.5,4.0,2.0,3.0,1.75,3.5,2.5,2.25,0.0,0.0,0.0,3.25,3.0,2.5,3.5,3.5,0.0,0.0,0.0,0.0,0.0,0.0,0.0,0.0,0.0,0.0,0.0,0.0,1.0,0.0,0.0,0.0,3.5,0.0,3.5,3.5,2.75,0.0,0.0,0.0,0.0,4.0,4.0,0.0,2.5,2.75,4.0,2.5,2.0,4.0,3.5,4.0,0.0,4.0,3.0,0.0,0.0,0.0,3.5,4.0,2.5,3.5,0.0,0.0,0.0,0.0,0.0,0.0,0.0,0.0,0.0,0.0,0.0,0.0,0.0,0.0,0.0,0.0,0.0,3.5,0.0,0.0
Student_181,2.5,3.0,3.0,3.5,2.5,2.5,3.5,0.0,4.0,2.5,3.5,3.0,3.0,4.0,4.0,4.0,3.0,2.5,3.0,2.5,0.0,0.0,0.0,0.0,2.5,3.5,3.0,3.5,2.5,3.5,0.0,0.0,0.0,0.0,4.0,0.0,0.0,0.0,0.0,0.0,3.0,0.0,3.0,0.0,0.0,3.5,0.0,3.0,0.0,0.0,3.0,3.0,0.0,0.0,0.0,3.5,0.0,1.5,3.5,3.0,4.0,0.0,4.0,4.0,4.0,0.0,0.0,4.0,0.0,0.0,0.0,0.0,3.0,3.5,2.5,0.0,0.0,0.0,0.0,0.0,0.0,3.0,0.0,0.0,0.0,0.0,0.0,0.0,0.0,0.0,0.0,0.0,3.5,3.0,0.0
Student_182,0.0,0.0,3.0,4.0,3.5,3.0,3.5,3.0,3.25,2.5,1.0,3.0,4.0,3.5,4.0,3.0,4.0,2.25,3.25,2.0,3.25,0.0,0.0,0.0,3.75,2.75,0.0,4.0,3.0,0.0,0.0,0.0,3.0,0.0,0.0,0.0,4.0,0.0,0.0,0.0,0.0,0.0,0.0,0.0,0.0,3.25,0.0,0.0,0.0,0.0,0.0,0.0,0.0,0.0,4.0,4.0,0.0,3.0,1.5,3.25,3.5,2.0,4.0,3.0,4.0,4.0,4.0,4.0,0.0,0.0,0.0,2.5,2.0,4.0,2.0,0.0,0.0,0.0,3.75,0.0,0.0,0.0,0.0,0.0,0.0,0.0,0.0,0.0,0.0,0.0,0.0,0.0,0.0,0.0,3.5
Student_183,2.5,3.5,3.5,3.5,2.0,3.0,3.5,1.5,3.0,3.0,2.0,1.5,4.0,4.0,2.0,2.5,3.5,3.0,4.0,3.5,0.0,0.0,0.0,0.0,4.0,3.0,0.0,4.0,2.5,0.0,0.0,0.0,3.5,0.0,0.0,0.0,0.0,0.0,0.0,0.0,3.0,0.0,0.0,0.0,3.5,3.5,0.0,0.0,4.0,0.0,2.5,0.0,0.0,0.0,4.0,4.0,4.0,1.0,2.0,4.0,3.5,3.5,4.0,3.5,4.0,0.0,0.0,4.0,0.0,0.0,3.0,2.5,2.0,2.5,2.0,0.0,0.0,0.0,0.0,0.0,0.0,0.0,0.0,0.0,0.0,0.0,0.0,0.0,0.0,0.0,4.0,0.0,1.0,3.5,0.0
Student_184,3.5,4.0,3.0,3.0,2.5,3.5,1.0,0.0,1.0,1.0,2.5,2.0,2.5,3.5,1.0,3.0,3.5,3.0,3.0,1.0,0.0,0.0,0.0,0.0,3.0,2.0,1.5,1.5,2.0,3.0,2.0,0.0,0.0,0.0,3.5,4.0,0.0,2.0,0.0,0.0,3.0,0.0,0.0,0.0,0.0,0.0,0.0,0.0,0.0,0.0,3.0,0.0,0.0,0.0,0.0,4.0,0.0,1.0,1.5,1.5,2.5,4.0,4.0,3.0,4.0,0.0,0.0,3.5,0.0,0.0,2.0,3.5,3.0,3.5,2.0,0.0,0.0,0.0,0.0,0.0,0.0,0.0,0.0,0.0,0.0,0.0,0.0,2.0,0.0,0.0,0.0,0.0,3.0,2.0,0.0
Student_185,3.5,2.5,3.5,2.5,4.0,3.5,2.0,3.0,2.5,2.5,3.5,2.5,3.0,2.0,2.0,3.0,2.5,1.5,3.5,4.0,0.0,0.0,0.0,0.0,2.0,1.0,0.0,4.0,1.5,3.0,0.0,0.0,0.0,0.0,0.0,0.0,0.0,0.0,0.0,0.0,3.5,0.0,4.0,0.0,2.5,3.5,0.0,0.0,0.0,3.0,0.0,0.0,0.0,0.0,4.0,4.0,4.0,2.5,3.0,2.0,3.5,3.5,4.0,3.5,4.0,0.0,0.0,3.5,0.0,3.0,0.0,3.0,4.0,3.0,3.0,0.0,0.0,0.0,0.0,0.0,0.0,0.0,0.0,0.0,0.0,0.0,0.0,4.0,0.0,0.0,0.0,0.0,4.0,4.0,0.0
Student_186,3.0,3.5,0.0,0.0,0.0,0.0,0.0,0.0,0.0,0.0,0.0,0.0,0.0,0.0,0.0,0.0,0.0,0.0,0.0,0.0,0.0,0.0,0.0,0.0,0.0,0.0,0.0,0.0,0.0,0.0,0.0,0.0,0.0,0.0,0.0,0.0,0.0,0.0,0.0,0.0,0.0,0.0,0.0,0.0,0.0,0.0,0.0,0.0,0.0,0.0,0.0,0.0,0.0,0.0,0.0,0.0,0.0,0.0,0.0,0.0,0.0,0.0,0.0,0.0,0.0,0.0,0.0,0.0,0.0,0.0,0.0,2.5,3.0,0.0,0.0,0.0,0.0,0.0,0.0,0.0,0.0,0.0,0.0,0.0,0.0,0.0,0.0,0.0,0.0,0.0,0.0,0.0,4.0,3.5,0.0
Student_187,1.0,2.0,3.0,2.0,1.0,2.5,3.0,0.0,2.5,2.0,2.0,3.5,1.0,3.0,2.0,2.5,2.5,1.5,3.0,2.0,0.0,0.0,0.0,0.0,1.0,3.0,0.0,2.0,3.0,1.5,0.0,0.0,0.0,0.0,0.0,0.0,1.5,0.0,0.0,0.0,2.0,0.0,0.0,0.0,0.0,1.0,0.0,3.0,0.0,3.0,2.5,2.0,2.5,0.0,0.0,3.5,0.0,2.0,1.5,2.0,1.0,3.0,4.0,2.5,4.0,0.0,0.0,3.5,0.0,0.0,0.0,2.5,1.5,2.5,4.0,0.0,0.0,0.0,0.0,0.0,0.0,0.0,0.0,0.0,0.0,0.0,0.0,1.5,0.0,0.0,0.0,0.0,2.5,2.5,0.0
Student_188,0.0,0.0,0.0,0.0,2.5,4.0,1.0,0.0,2.0,1.5,4.0,1.0,1.5,3.0,2.0,3.0,3.0,3.0,2.5,3.5,0.0,0.0,3.5,0.0,3.5,3.5,3.0,3.5,3.0,3.0,4.0,3.0,2.5,0.0,4.0,0.0,3.5,0.0,0.0,0.0,0.0,3.5,0.0,0.0,0.0,0.0,0.0,0.0,0.0,0.0,0.0,0.0,0.0,0.0,0.0,4.0,0.0,2.5,3.0,2.0,2.5,0.0,3.5,0.0,0.0,0.0,0.0,3.5,0.0,0.0,1.5,0.0,0.0,3.0,0.0,0.0,0.0,0.0,0.0,0.0,0.0,0.0,0.0,0.0,0.0,0.0,0.0,0.0,0.0,0.0,0.0,0.0,0.0,0.0,0.0
Student_189,2.5,3.5,1.5,2.5,1.5,3.0,1.5,2.0,3.0,2.5,2.5,2.5,3.0,3.5,3.0,2.0,3.5,3.0,3.0,3.5,3.0,0.0,0.0,0.0,3.0,2.5,0.0,3.5,2.0,4.0,0.0,3.0,0.0,0.0,0.0,0.0,0.0,0.0,0.0,0.0,2.5,0.0,0.0,0.0,0.0,3.5,2.5,3.0,2.5,0.0,2.5,0.0,0.0,0.0,0.0,3.5,0.0,2.0,1.0,2.5,1.0,3.5,4.0,2.0,4.0,0.0,0.0,2.5,0.0,0.0,0.0,2.5,2.0,1.0,2.5,0.0,0.0,0.0,0.0,0.0,0.0,3.5,0.0,0.0,0.0,0.0,0.0,0.0,0.0,0.0,0.0,0.0,1.5,4.0,0.0
Student_19,0.0,0.0,0.0,0.0,0.0,2.5,4.0,0.0,2.75,3.0,0.0,0.0,0.0,0.0,3.0,3.0,3.75,3.5,4.0,3.25,0.0,3.75,0.0,0.0,4.0,4.0,3.5,3.5,3.0,0.0,0.0,3.5,0.0,0.0,0.0,0.0,0.0,0.0,0.0,0.0,0.0,0.0,0.0,0.0,0.0,0.0,0.0,0.0,4.0,3.75,0.0,0.0,0.0,0.0,4.0,4.0,0.0,0.0,4.0,2.5,4.0,0.0,0.0,0.0,0.0,4.0,0.0,4.0,0.0,4.0,0.0,0.0,0.0,4.0,4.0,0.0,0.0,0.0,0.0,0.0,0.0,0.0,0.0,0.0,0.0,0.0,0.0,0.0,0.0,0.0,0.0,0.0,0.0,0.0,4.0
Student_190,0.0,0.0,0.0,4.0,0.0,4.0,1.5,3.5,1.5,0.0,0.0,0.0,0.0,0.0,3.0,4.0,3.5,2.0,1.5,3.0,2.0,0.0,0.0,0.0,3.5,2.5,0.0,3.5,3.5,3.5,0.0,2.5,0.0,0.0,0.0,0.0,0.0,0.0,0.0,0.0,3.0,0.0,0.0,0.0,0.0,3.0,0.0,4.0,0.0,0.0,1.0,0.0,0.0,0.0,4.0,4.0,4.0,2.5,2.5,2.5,2.0,0.0,4.0,0.0,4.0,0.0,4.0,3.5,0.0,0.0,0.0,0.0,0.0,0.0,0.0,0.0,0.0,0.0,0.0,0.0,0.0,0.0,0.0,0.0,0.0,0.0,0.0,0.0,0.0,0.0,2.5,0.0,0.0,0.0,0.0
Student_191,3.5,3.5,3.0,2.5,2.0,2.0,2.0,3.5,3.0,3.0,2.5,2.0,3.0,3.0,2.5,3.0,2.5,3.5,2.5,4.0,1.5,0.0,0.0,0.0,2.5,3.5,0.0,3.5,3.5,0.0,0.0,0.0,2.5,0.0,0.0,0.0,1.5,0.0,0.0,0.0,0.0,0.0,0.0,0.0,0.0,4.0,0.0,2.5,3.0,0.0,4.0,0.0,0.0,0.0,4.0,4.0,4.0,2.5,2.5,3.0,1.5,2.5,4.0,3.5,4.0,0.0,0.0,3.5,0.0,0.0,0.0,3.0,2.5,3.0,2.5,0.0,0.0,0.0,0.0,0.0,0.0,3.5,0.0,0.0,0.0,0.0,0.0,0.0,0.0,0.0,0.0,0.0,4.0,4.0,0.0
Student_192,2.5,2.0,1.0,0.0,1.0,2.5,2.5,2.5,2.5,2.0,2.5,2.0,2.0,2.0,2.0,2.0,2.5,2.0,2.5,3.0,0.0,0.0,0.0,0.0,3.0,1.0,2.5,2.0,1.0,2.0,0.0,0.0,0.0,0.0,0.0,3.0,0.0,0.0,0.0,0.0,3.0,0.0,0.0,0.0,0.0,0.0,3.0,1.5,0.0,2.5,1.0,0.0,0.0,0.0,0.0,4.0,0.0,1.5,1.0,3.0,3.0,0.0,0.0,0.0,0.0,0.0,0.0,3.0,0.0,0.0,1.5,0.0,0.0,2.0,2.5,0.0,0.0,0.0,0.0,0.0,0.0,0.0,0.0,0.0,0.0,0.0,0.0,0.0,0.0,0.0,0.0,0.0,0.0,2.5,0.0
Student_193,3.0,3.0,3.0,3.0,3.0,3.0,2.0,0.0,2.5,3.0,4.0,2.0,4.0,2.5,2.0,4.0,3.0,3.0,4.0,2.0,0.0,0.0,0.0,0.0,1.5,1.5,2.0,2.5,2.5,4.0,0.0,0.0,0.0,0.0,0.0,3.5,0.0,0.0,0.0,0.0,3.0,4.0,0.0,0.0,3.0,0.0,0.0,0.0,0.0,2.5,3.5,0.0,0.0,0.0,0.0,3.5,0.0,2.0,1.0,2.5,3.5,2.5,4.0,3.0,4.0,0.0,0.0,4.0,0.0,0.0,2.5,3.0,4.0,3.5,3.0,0.0,4.0,0.0,0.0,0.0,0.0,0.0,0.0,0.0,0.0,0.0,0.0,0.0,0.0,0.0,0.0,0.0,4.0,3.5,0.0
Student_194,0.0,4.0,4.0,0.0,2.0,0.0,0.0,0.0,3.5,3.5,0.0,3.0,3.0,0.0,3.5,4.0,3.5,3.5,4.0,3.5,0.0,0.0,0.0,0.0,3.5,3.5,4.0,4.0,4.0,3.0,0.0,0.0,0.0,0.0,4.0,0.0,0.0,0.0,0.0,4.0,4.0,0.0,0.0,0.0,0.0,0.0,3.0,0.0,0.0,0.0,3.5,3.0,0.0,0.0,0.0,4.0,0.0,0.0,0.0,4.0,0.0,0.0,4.0,0.0,4.0,0.0,0.0,0.0,0.0,3.0,0.0,0.0,0.0,0.0,0.0,0.0,0.0,0.0,0.0,0.0,0.0,0.0,4.0,0.0,0.0,0.0,0.0,0.0,0.0,0.0,0.0,0.0,0.0,0.0,0.0
Student_195,3.0,3.5,1.5,2.5,1.5,3.5,2.0,0.0,3.5,1.0,1.5,1.5,1.5,2.5,2.5,3.0,3.0,2.5,2.5,2.5,2.0,0.0,0.0,0.0,2.0,1.0,2.0,1.5,2.0,2.0,0.0,2.0,0.0,0.0,0.0,0.0,0.0,0.0,0.0,0.0,0.0,0.0,0.0,0.0,0.0,0.0,0.0,2.5,0.0,2.5,0.0,2.0,2.0,0.0,0.0,3.0,0.0,2.0,1.0,1.5,2.5,3.5,4.0,3.0,4.0,0.0,0.0,2.0,0.0,0.0,3.5,2.0,1.0,4.0,1.0,0.0,0.0,4.0,4.0,0.0,0.0,4.0,0.0,0.0,0.0,0.0,0.0,0.0,0.0,0.0,0.0,0.0,2.5,2.5,0.0
Student_196,3.0,3.5,2.0,2.0,2.0,1.0,2.0,0.0,3.0,1.5,2.0,2.0,1.5,3.0,2.0,1.5,2.5,1.5,1.0,1.5,0.0,0.0,0.0,0.0,1.5,2.5,2.0,1.5,2.0,1.0,0.0,1.0,0.0,1.5,0.0,0.0,0.0,0.0,0.0,0.0,2.0,0.0,0.0,0.0,0.0,0.0,0.0,0.0,0.0,1.5,2.5,1.5,0.0,0.0,0.0,4.0,0.0,1.5,1.5,4.0,2.0,3.0,3.5,3.0,3.5,0.0,0.0,3.5,0.0,0.0,2.0,2.0,1.5,2.0,2.0,0.0,0.0,0.0,0.0,0.0,2.0,0.0,0.0,0.0,0.0,0.0,0.0,0.0,0.0,0.0,0.0,0.0,3.0,3.0,0.0
Student_197,4.0,4.0,4.0,3.5,3.5,4.0,4.0,4.0,4.0,3.5,3.0,3.5,4.0,3.5,4.0,3.5,3.0,3.0,4.0,4.0,0.0,0.0,0.0,0.0,4.0,4.0,4.0,4.0,2.5,0.0,0.0,3.5,3.5,0.0,0.0,0.0,0.0,0.0,0.0,0.0,4.0,0.0,0.0,0.0,0.0,0.0,0.0,4.0,0.0,0.0,0.0,0.0,0.0,4.0,4.0,4.0,0.0,4.0,4.0,4.0,3.5,3.0,4.0,3.0,4.0,0.0,4.0,4.0,0.0,0.0,4.0,4.0,3.0,4.0,4.0,0.0,0.0,0.0,0.0,0.0,0.0,0.0,0.0,0.0,0.0,0.0,4.0,0.0,0.0,0.0,0.0,0.0,3.5,4.0,0.0
Student_198,3.5,3.5,4.0,1.5,4.0,3.0,2.5,3.5,3.0,3.0,4.0,3.5,2.0,3.0,4.0,3.5,3.5,2.5,4.0,3.0,0.0,0.0,4.0,0.0,2.5,3.0,0.0,3.5,1.0,2.0,0.0,1.0,2.5,0.0,3.0,0.0,0.0,0.0,0.0,0.0,4.0,0.0,0.0,0.0,2.0,2.5,0.0,0.0,1.0,0.0,0.0,0.0,0.0,0.0,0.0,3.5,0.0,1.5,3.5,2.5,3.5,3.0,3.5,3.5,4.0,0.0,0.0,3.5,0.0,3.0,0.0,2.0,3.0,4.0,2.5,0.0,0.0,0.0,0.0,0.0,0.0,0.0,0.0,0.0,0.0,0.0,0.0,0.0,0.0,0.0,0.0,0.0,2.5,2.5,0.0
Student_199,0.0,0.0,0.0,0.0,0.0,0.0,0.0,0.0,1.5,0.0,0.0,0.0,0.0,0.0,0.0,2.0,2.0,1.5,2.0,2.0,0.0,0.0,0.0,0.0,1.0,3.0,0.0,3.0,2.0,1.5,0.0,2.5,0.0,0.0,0.0,0.0,0.0,0.0,0.0,0.0,2.5,0.0,0.0,0.0,0.0,2.0,2.0,1.0,0.0,0.0,2.0,1.5,0.0,0.0,0.0,4.0,0.0,0.0,0.0,3.5,2.0,1.5,0.0,0.0,0.0,0.0,0.0,0.0,0.0,0.0,2.5,0.0,0.0,0.0,0.0,0.0,4.0,0.0,0.0,0.0,0.0,0.0,0.0,0.0,0.0,0.0,4.0,0.0,0.0,0.0,0.0,0.0,0.0,0.0,0.0
Student_2,3.5,3.5,2.5,1.0,2.5,3.0,2.0,4.0,3.0,2.0,2.0,1.5,3.5,2.5,3.5,2.5,1.0,2.5,1.0,1.0,0.0,0.0,0.0,0.0,1.0,3.0,1.0,2.5,2.0,0.0,0.0,2.0,0.0,0.0,0.0,0.0,4.0,0.0,0.0,0.0,0.0,0.0,0.0,0.0,2.0,0.0,0.0,0.0,3.0,0.0,0.0,0.0,0.0,4.0,4.0,3.5,0.0,2.0,2.5,3.5,1.5,3.5,2.5,4.0,4.0,0.0,4.0,4.0,0.0,0.0,2.0,1.5,3.5,2.5,3.0,0.0,0.0,0.0,0.0,0.0,0.0,0.0,0.0,0.0,0.0,0.0,0.0,4.0,0.0,0.0,0.0,0.0,2.5,1.5,0.0
Student_20,3.0,3.0,3.5,1.0,2.5,2.5,2.5,0.0,3.0,2.0,2.0,2.0,2.0,2.5,3.0,2.0,2.0,2.0,3.5,3.0,0.0,0.0,0.0,0.0,2.5,2.0,2.5,2.5,1.5,2.5,0.0,1.5,1.5,0.0,0.0,0.0,0.0,0.0,0.0,0.0,3.5,0.0,0.0,0.0,1.0,0.0,0.0,3.0,2.0,0.0,0.0,0.0,0.0,0.0,0.0,4.0,0.0,1.5,2.0,3.0,2.5,3.5,4.0,3.5,4.0,0.0,0.0,4.0,0.0,0.0,2.0,4.0,4.0,3.5,3.5,0.0,0.0,0.0,0.0,0.0,0.0,0.0,2.0,0.0,0.0,0.0,0.0,0.0,0.0,0.0,0.0,0.0,4.0,3.0,0.0
Student_200,4.0,4.0,4.0,3.0,3.5,4.0,3.0,3.0,3.5,4.0,2.5,3.0,3.0,2.5,3.0,3.0,3.5,2.5,4.0,4.0,0.0,0.0,0.0,0.0,4.0,3.0,0.0,4.0,3.0,0.0,0.0,0.0,3.0,0.0,0.0,0.0,3.5,0.0,0.0,0.0,0.0,0.0,0.0,0.0,0.0,4.0,0.0,0.0,4.0,0.0,0.0,4.0,0.0,4.0,4.0,4.0,4.0,1.5,3.0,3.0,3.5,4.0,4.0,4.0,4.0,0.0,4.0,4.0,0.0,2.5,0.0,4.0,3.5,3.5,3.0,0.0,0.0,0.0,0.0,0.0,0.0,0.0,0.0,0.0,0.0,0.0,0.0,4.0,0.0,0.0,0.0,0.0,3.5,3.0,0.0
Student_201,3.0,4.0,3.5,4.0,1.0,3.5,2.5,3.5,3.0,3.0,3.0,2.5,3.5,4.0,2.5,2.5,1.0,2.0,4.0,3.5,3.0,0.0,0.0,0.0,3.0,3.5,2.0,2.0,2.0,0.0,0.0,0.0,3.0,0.0,0.0,3.5,0.0,0.0,0.0,0.0,0.0,0.0,0.0,0.0,3.0,4.0,0.0,0.0,0.0,0.0,3.0,0.0,0.0,0.0,3.5,3.5,4.0,2.0,3.0,2.5,1.5,3.0,4.0,3.5,4.0,0.0,0.0,4.0,0.0,0.0,0.0,3.5,3.5,3.0,2.0,0.0,0.0,0.0,4.0,0.0,0.0,0.0,0.0,0.0,0.0,0.0,0.0,0.0,0.0,0.0,0.0,0.0,3.5,4.0,0.0
Student_202,4.0,3.5,0.0,1.0,1.0,2.0,2.5,0.0,1.5,2.0,1.0,1.5,1.0,1.5,2.0,1.5,1.0,3.0,2.5,1.0,0.0,0.0,0.0,0.0,2.0,1.5,3.5,0.0,2.0,2.5,0.0,0.0,0.0,3.0,4.0,3.5,0.0,0.0,0.0,0.0,4.0,0.0,4.0,0.0,0.0,0.0,0.0,0.0,0.0,0.0,0.0,4.0,0.0,0.0,0.0,3.5,0.0,2.0,2.0,2.5,2.5,4.0,4.0,4.0,4.0,0.0,0.0,3.5,0.0,2.0,0.0,4.0,2.5,2.0,4.0,0.0,0.0,0.0,0.0,0.0,0.0,4.0,0.0,0.0,0.0,0.0,0.0,0.0,0.0,0.0,0.0,0.0,4.0,2.0,0.0
Student_203,3.0,3.0,4.0,1.5,1.0,3.0,2.5,0.0,2.5,2.0,3.5,2.0,4.0,3.5,1.0,3.5,3.0,2.0,3.0,2.0,0.0,0.0,0.0,0.0,2.5,1.5,2.0,2.0,2.0,3.5,0.0,2.0,2.0,0.0,3.5,0.0,0.0,0.0,0.0,0.0,3.0,0.0,0.0,0.0,0.0,2.5,0.0,0.0,4.0,0.0,3.0,0.0,0.0,0.0,0.0,3.5,0.0,2.0,3.0,3.5,0.0,2.5,4.0,2.5,4.0,0.0,0.0,3.0,0.0,0.0,0.0,2.5,2.5,2.0,3.5,0.0,0.0,0.0,0.0,0.0,0.0,0.0,0.0,0.0,0.0,0.0,0.0,2.5,0.0,0.0,0.0,0.0,2.0,2.5,0.0
Student_204,3.5,4.0,3.0,3.0,1.5,4.0,2.0,3.0,3.0,2.5,3.0,3.0,4.0,3.0,3.5,3.0,1.5,3.0,3.5,4.0,2.0,0.0,0.0,0.0,3.0,1.5,0.0,4.0,4.0,0.0,0.0,3.0,3.5,0.0,0.0,4.0,0.0,0.0,0.0,0.0,4.0,0.0,0.0,0.0,0.0,3.5,3.5,0.0,0.0,0.0,0.0,0.0,0.0,0.0,4.0,4.0,4.0,2.0,1.0,3.0,4.0,1.5,4.0,2.5,4.0,0.0,0.0,4.0,0.0,0.0,0.0,2.5,3.0,4.0,3.0,0.0,0.0,0.0,4.0,0.0,0.0,0.0,0.0,0.0,0.0,0.0,0.0,0.0,0.0,0.0,0.0,0.0,4.0,4.0,0.0
Student_205,0.0,0.0,2.5,0.0,1.0,0.0,2.5,0.0,0.0,0.0,0.0,0.0,0.0,2.0,2.5,0.0,3.5,0.0,1.0,3.25,0.0,0.0,0.0,0.0,0.0,0.0,2.5,0.0,0.0,0.0,0.0,0.0,0.0,0.0,0.0,0.0,0.0,0.0,0.0,0.0,2.5,0.0,0.0,0.0,0.0,3.0,0.0,0.0,0.0,0.0,0.0,0.0,0.0,0.0,0.0,0.0,0.0,0.0,0.0,0.0,2.0,3.0,3.5,1.0,4.0,4.0,3.0,4.0,0.0,0.0,0.0,3.0,2.5,0.0,2.0,0.0,0.0,0.0,3.5,0.0,0.0,0.0,0.0,0.0,0.0,0.0,0.0,0.0,0.0,0.0,0.0,0.0,0.0,0.0,1.75
Student_206,3.5,4.0,3.0,3.0,1.5,3.5,3.5,0.0,3.5,2.5,2.5,3.5,4.0,3.0,2.5,1.5,1.0,2.5,3.0,2.0,0.0,0.0,0.0,0.0,4.0,1.0,3.5,1.0,3.0,2.0,0.0,3.0,3.0,0.0,0.0,3.0,0.0,0.0,0.0,0.0,3.5,0.0,2.0,0.0,0.0,0.0,0.0,0.0,0.0,0.0,2.0,2.0,0.0,0.0,0.0,3.5,0.0,3.5,3.5,1.5,3.0,4.0,4.0,4.0,4.0,0.0,0.0,3.5,0.0,0.0,3.5,3.0,4.0,2.5,3.0,0.0,0.0,0.0,0.0,0.0,0.0,0.0,0.0,0.0,0.0,0.0,0.0,1.5,0.0,0.0,0.0,0.0,4.0,3.5,0.0
Student_207,0.0,0.0,3.5,4.0,3.5,3.0,4.0,4.0,4.0,3.0,4.0,4.0,4.0,3.5,4.0,4.0,3.75,3.25,0.0,4.0,0.0,0.0,0.0,0.0,3.5,4.0,4.0,3.5,0.0,0.0,0.0,0.0,0.0,0.0,0.0,0.0,0.0,0.0,0.0,0.0,0.0,3.75,0.0,0.0,0.0,0.0,0.0,0.0,0.0,0.0,0.0,0.0,0.0,4.0,4.0,4.0,0.0,4.0,4.0,4.0,4.0,4.0,4.0,4.0,4.0,4.0,4.0,4.0,0.0,0.0,0.0,4.0,4.0,4.0,3.5,0.0,0.0,0.0,0.0,0.0,0.0,0.0,0.0,0.0,0.0,0.0,0.0,0.0,0.0,0.0,0.0,0.0,0.0,0.0,0.0
Student_208,3.0,3.5,3.5,1.5,2.0,3.5,2.5,0.0,2.5,2.5,3.5,1.5,2.5,3.5,2.0,1.0,1.5,2.0,1.5,1.0,0.0,0.0,0.0,0.0,2.0,2.0,0.0,3.5,2.5,2.5,0.0,0.0,0.0,0.0,0.0,0.0,0.0,0.0,0.0,0.0,3.5,1.5,3.0,0.0,3.0,1.0,3.0,0.0,0.0,2.5,0.0,0.0,0.0,0.0,0.0,3.0,0.0,1.0,2.0,3.0,2.5,3.5,4.0,4.0,4.0,0.0,0.0,4.0,0.0,3.0,0.0,4.0,3.5,2.5,2.5,0.0,0.0,0.0,0.0,0.0,0.0,4.0,0.0,0.0,0.0,0.0,0.0,0.0,0.0,0.0,0.0,0.0,3.0,3.0,0.0
Student_209,4.0,4.0,0.0,0.0,0.0,0.0,0.0,0.0,0.0,0.0,0.0,0.0,0.0,0.0,0.0,0.0,0.0,0.0,0.0,0.0,0.0,0.0,0.0,0.0,0.0,0.0,0.0,0.0,0.0,0.0,0.0,0.0,0.0,0.0,0.0,0.0,0.0,0.0,0.0,0.0,0.0,0.0,0.0,0.0,0.0,0.0,0.0,0.0,0.0,0.0,0.0,0.0,0.0,0.0,0.0,0.0,0.0,0.0,0.0,0.0,0.0,0.0,0.0,0.0,0.0,0.0,0.0,0.0,0.0,0.0,0.0,2.0,2.0,0.0,0.0,0.0,0.0,0.0,0.0,0.0,0.0,0.0,0.0,0.0,0.0,0.0,0.0,0.0,0.0,0.0,0.0,0.0,4.0,3.5,0.0
Student_21,4.0,2.5,2.5,3.0,2.5,4.0,3.0,0.0,2.0,2.0,1.5,2.5,1.5,2.5,1.5,1.5,3.0,2.0,3.5,2.5,0.0,0.0,0.0,0.0,1.0,2.5,0.0,2.5,2.0,3.0,0.0,0.0,2.5,0.0,0.0,0.0,0.0,0.0,0.0,0.0,1.0,0.0,0.0,0.0,0.0,1.0,0.0,2.5,3.0,2.0,0.0,0.0,3.0,0.0,0.0,3.0,0.0,2.5,1.0,2.5,2.5,3.5,4.0,1.0,4.0,0.0,0.0,4.0,0.0,0.0,2.5,2.0,1.0,3.5,2.5,0.0,0.0,0.0,0.0,0.0,0.0,0.0,0.0,4.0,0.0,0.0,0.0,0.0,0.0,0.0,0.0,0.0,3.0,2.5,0.0
Student_210,3.5,3.5,2.5,2.0,2.0,2.5,3.0,0.0,3.0,1.5,2.5,1.5,2.5,3.5,1.0,3.5,2.5,3.0,3.5,3.5,0.0,0.0,0.0,0.0,2.5,2.5,2.5,2.5,2.0,2.5,0.0,0.0,0.0,4.0,2.0,0.0,0.0,0.0,0.0,0.0,2.0,0.0,0.0,0.0,0.0,0.0,0.0,0.0,0.0,0.0,3.0,2.0,1.0,0.0,0.0,2.0,0.0,3.0,1.0,2.5,2.5,4.0,4.0,3.5,4.0,0.0,0.0,4.0,0.0,0.0,3.0,3.0,3.5,2.5,2.0,0.0,0.0,0.0,0.0,0.0,0.0,4.0,0.0,0.0,0.0,0.0,0.0,0.0,0.0,0.0,0.0,0.0,4.0,4.0,0.0
Student_211,4.0,3.5,4.0,2.0,3.0,4.0,2.5,0.0,2.5,2.5,3.5,3.0,3.5,2.5,2.0,2.5,3.0,0.0,2.5,1.5,0.0,0.0,0.0,0.0,3.0,0.0,0.0,3.5,2.5,3.0,0.0,0.0,2.0,0.0,0.0,0.0,0.0,0.0,0.0,0.0,0.0,0.0,0.0,0.0,0.0,2.0,2.0,3.0,3.5,0.0,0.0,0.0,0.0,0.0,0.0,4.0,0.0,1.0,0.0,3.5,3.0,2.5,4.0,3.0,4.0,0.0,0.0,4.0,0.0,2.0,0.0,3.5,3.5,3.0,3.0,0.0,0.0,0.0,4.0,0.0,0.0,0.0,0.0,0.0,0.0,0.0,0.0,0.0,0.0,0.0,0.0,0.0,4.0,4.0,0.0
Student_212,0.0,4.0,4.0,4.0,4.0,4.0,4.0,4.0,4.0,4.0,3.5,4.0,4.0,4.0,4.0,4.0,4.0,4.0,4.0,4.0,3.5,0.0,0.0,0.0,4.0,4.0,0.0,3.5,3.25,0.0,0.0,0.0,3.0,0.0,0.0,0.0,0.0,0.0,0.0,0.0,3.5,0.0,0.0,0.0,0.0,4.0,0.0,4.0,0.0,0.0,3.5,3.75,0.0,0.0,4.0,3.75,0.0,4.0,4.0,4.0,3.0,3.5,4.0,3.0,4.0,0.0,4.0,3.5,0.0,0.0,0.0,4.0,4.0,3.5,3.5,0.0,0.0,0.0,0.0,0.0,0.0,0.0,0.0,0.0,0.0,0.0,4.0,0.0,0.0,0.0,0.0,0.0,4.0,4.0,0.0
Student_213,3.0,3.5,2.5,2.5,2.0,3.0,3.0,2.5,2.5,1.0,2.0,2.0,4.0,2.0,2.0,2.5,1.5,1.5,1.5,2.0,1.5,0.0,0.0,0.0,3.5,1.5,0.0,2.5,2.25,0.0,0.0,1.25,0.0,0.0,0.0,2.75,0.0,0.0,0.0,0.0,2.0,0.0,0.0,0.0,0.0,0.0,0.0,0.0,1.5,0.0,1.5,0.0,0.0,0.0,4.0,4.0,0.0,2.0,2.5,4.0,4.0,3.0,4.0,2.5,4.0,0.0,3.5,4.0,0.0,0.0,2.0,2.5,2.0,3.0,3.0,0.0,0.0,0.0,0.0,0.0,0.0,0.0,0.0,0.0,0.0,0.0,0.0,4.0,0.0,0.0,0.0,0.0,3.5,4.0,0.0
Student_214,4.0,4.0,3.5,2.5,3.0,3.5,3.5,4.0,2.5,3.5,2.5,3.5,1.5,2.5,3.0,3.0,3.0,1.5,2.0,2.5,0.0,0.0,0.0,0.0,2.5,1.5,3.5,3.0,2.5,0.0,0.0,2.5,0.0,0.0,0.0,0.0,0.0,0.0,0.0,0.0,2.5,0.0,0.0,0.0,0.0,0.0,0.0,0.0,3.5,2.0,0.0,0.0,0.0,4.0,4.0,4.0,0.0,3.5,1.0,3.5,4.0,2.5,4.0,3.0,4.0,0.0,3.5,4.0,0.0,0.0,2.0,3.5,3.0,3.5,3.5,0.0,0.0,0.0,4.0,0.0,0.0,0.0,0.0,0.0,0.0,0.0,0.0,0.0,0.0,0.0,0.0,0.0,4.0,4.0,0.0
Student_215,2.0,3.0,2.0,3.5,1.0,2.0,2.5,0.0,2.0,2.0,1.5,1.0,2.5,1.5,1.5,2.5,2.0,2.0,2.0,1.0,0.0,0.0,4.0,0.0,1.5,1.5,2.0,2.5,1.5,3.0,0.0,0.0,0.0,0.0,1.0,0.0,3.0,0.0,0.0,0.0,3.5,0.0,0.0,0.0,0.0,0.0,0.0,0.0,3.0,2.0,0.0,2.0,3.5,0.0,0.0,4.0,0.0,1.0,1.5,1.5,3.0,3.5,4.0,3.0,4.0,0.0,0.0,4.0,0.0,0.0,0.0,2.0,1.5,3.0,2.0,0.0,0.0,0.0,0.0,0.0,0.0,0.0,0.0,0.0,0.0,0.0,0.0,0.0,0.0,0.0,0.0,0.0,3.5,2.0,0.0
Student_216,0.0,0.0,3.0,0.0,4.0,3.0,0.0,0.0,0.0,2.5,4.0,0.0,4.0,0.0,2.75,3.0,3.5,2.5,3.0,3.5,0.0,0.0,0.0,0.0,4.0,3.5,3.0,3.5,3.5,0.0,0.0,0.0,0.0,0.0,0.0,0.0,0.0,0.0,0.0,0.0,0.0,0.0,0.0,0.0,2.5,0.0,0.0,4.0,0.0,0.0,0.0,0.0,3.0,0.0,4.0,4.0,0.0,0.0,0.0,0.0,0.0,0.0,0.0,0.0,0.0,4.0,0.0,0.0,0.0,0.0,0.0,0.0,0.0,0.0,0.0,0.0,0.0,0.0,0.0,0.0,0.0,0.0,0.0,0.0,0.0,0.0,0.0,0.0,0.0,0.0,0.0,0.0,0.0,0.0,4.0
Student_217,0.0,3.5,4.0,2.0,2.5,3.0,3.0,0.0,2.5,2.5,3.0,3.5,2.5,2.0,2.5,1.5,3.0,2.5,3.5,3.0,0.0,0.0,0.0,0.0,3.0,3.5,0.0,3.0,2.0,3.5,0.0,2.5,1.5,0.0,0.0,0.0,0.0,0.0,0.0,0.0,3.5,0.0,0.0,0.0,0.0,1.5,3.0,3.0,2.0,0.0,0.0,0.0,0.0,0.0,0.0,3.0,0.0,2.0,1.5,3.0,3.5,3.0,4.0,3.0,3.0,0.0,0.0,4.0,0.0,0.0,2.5,1.5,3.0,2.5,1.0,0.0,0.0,0.0,3.5,0.0,0.0,0.0,0.0,0.0,0.0,0.0,0.0,0.0,0.0,0.0,0.0,0.0,0.0,3.0,0.0
Student_218,1.5,3.5,1.0,3.5,1.5,2.5,1.0,0.0,2.0,3.0,3.0,2.5,4.0,2.0,1.0,2.0,1.5,2.5,2.0,1.5,0.0,0.0,0.0,0.0,1.0,2.0,2.5,2.0,2.5,2.0,0.0,0.0,2.5,0.0,1.5,0.0,0.0,2.0,0.0,0.0,3.0,0.0,0.0,0.0,0.0,0.0,3.5,0.0,0.0,0.0,0.0,2.5,0.0,0.0,0.0,3.5,0.0,2.0,1.5,2.5,2.5,4.0,4.0,2.5,3.5,0.0,0.0,3.0,0.0,0.0,1.0,3.0,2.5,3.5,1.5,0.0,4.0,0.0,0.0,0.0,0.0,0.0,0.0,0.0,0.0,0.0,0.0,0.0,0.0,0.0,0.0,0.0,3.0,2.5,0.0
Student_219,2.0,3.0,2.0,4.0,1.5,3.5,2.0,3.5,1.5,1.0,1.0,1.0,1.5,2.5,1.5,1.5,3.0,2.0,2.0,1.25,0.0,0.0,0.0,0.0,3.75,1.75,1.5,4.0,3.0,1.0,0.0,0.0,0.0,0.0,0.0,0.0,3.0,0.0,0.0,0.0,2.0,0.0,0.0,0.0,3.5,0.0,0.0,0.0,2.75,2.25,0.0,0.0,0.0,0.0,4.0,4.0,0.0,2.5,2.5,4.0,4.0,2.5,4.0,2.5,4.0,0.0,4.0,4.0,0.0,0.0,0.0,2.0,3.0,3.0,2.5,0.0,0.0,0.0,0.0,0.0,0.0,0.0,0.0,0.0,0.0,0.0,0.0,0.0,0.0,0.0,0.0,0.0,3.0,2.5,0.0
Student_22,4.0,3.5,2.5,2.0,2.5,2.0,3.0,0.0,3.0,2.5,2.0,1.5,1.5,1.5,3.5,2.0,2.0,2.5,3.5,3.0,0.0,0.0,0.0,0.0,2.5,2.5,0.0,3.5,1.5,1.5,0.0,1.5,1.5,0.0,0.0,4.0,3.0,0.0,0.0,0.0,0.0,0.0,0.0,0.0,0.0,3.0,0.0,0.0,2.0,3.5,0.0,0.0,0.0,0.0,0.0,3.5,0.0,2.5,1.5,3.0,4.0,2.5,3.5,2.0,3.5,0.0,0.0,3.0,0.0,0.0,2.5,2.0,3.5,4.0,2.0,0.0,0.0,0.0,4.0,0.0,0.0,0.0,0.0,0.0,0.0,0.0,0.0,0.0,0.0,0.0,0.0,0.0,2.5,2.0,0.0
Student_220,4.0,4.0,0.0,2.0,3.0,4.0,3.5,0.0,4.0,2.0,3.5,2.0,3.5,2.5,1.5,1.5,4.0,2.5,3.5,1.5,0.0,0.0,0.0,0.0,2.5,4.0,3.0,2.0,3.0,3.0,0.0,4.0,0.0,0.0,4.0,0.0,3.0,3.5,0.0,0.0,3.0,0.0,0.0,0.0,0.0,0.0,0.0,3.5,0.0,0.0,0.0,2.5,0.0,0.0,0.0,4.0,0.0,2.0,2.0,3.0,1.5,3.5,4.0,3.5,0.0,0.0,0.0,4.0,0.0,0.0,0.0,0.0,0.0,2.0,0.0,0.0,0.0,0.0,0.0,0.0,4.0,0.0,0.0,0.0,0.0,0.0,0.0,0.0,0.0,0.0,0.0,0.0,4.0,4.0,0.0
Student_221,3.5,3.5,3.5,2.5,4.0,3.5,3.5,4.0,2.0,1.5,3.0,3.0,3.5,2.5,3.0,3.5,3.5,3.0,2.5,3.0,0.0,0.0,0.0,3.5,3.25,2.5,3.5,4.0,2.75,0.0,0.0,0.0,2.5,0.0,2.75,0.0,0.0,0.0,0.0,0.0,0.0,0.0,4.0,0.0,0.0,2.5,0.0,0.0,0.0,0.0,0.0,0.0,3.0,0.0,4.0,4.0,0.0,2.0,1.0,3.0,4.0,2.5,4.0,3.0,4.0,0.0,4.0,4.0,0.0,0.0,0.0,4.0,4.0,3.5,3.0,0.0,0.0,0.0,0.0,0.0,0.0,0.0,0.0,0.0,0.0,0.0,0.0,0.0,0.0,0.0,0.0,0.0,4.0,0.0,0.0
Student_222,0.0,0.0,3.0,3.5,3.0,3.0,4.0,4.0,3.25,2.5,3.0,3.5,4.0,3.5,4.0,3.0,3.5,3.0,3.75,2.75,3.5,0.0,0.0,0.0,3.75,3.75,0.0,4.0,2.75,0.0,0.0,3.75,0.0,0.0,0.0,0.0,0.0,0.0,0.0,0.0,3.0,0.0,0.0,0.0,0.0,4.0,0.0,4.0,3.5,0.0,0.0,2.25,0.0,0.0,4.0,4.0,0.0,3.0,2.5,3.5,4.0,4.0,3.5,4.0,4.0,4.0,4.0,4.0,0.0,0.0,0.0,4.0,4.0,3.75,3.5,0.0,0.0,0.0,0.0,0.0,0.0,0.0,0.0,0.0,0.0,0.0,0.0,0.0,0.0,0.0,3.5,0.0,0.0,0.0,0.0
Student_223,0.0,0.0,3.0,0.0,2.5,0.0,4.0,0.0,0.0,0.0,0.0,0.0,0.0,3.0,3.5,2.75,3.75,0.0,3.75,2.5,0.0,0.0,0.0,0.0,0.0,0.0,3.75,0.0,0.0,0.0,0.0,0.0,0.0,0.0,0.0,0.0,0.0,0.0,0.0,0.0,0.0,0.0,0.0,0.0,0.0,3.5,0.0,0.0,0.0,0.0,0.0,0.0,0.0,0.0,0.0,0.0,0.0,0.0,0.0,0.0,3.5,3.5,4.0,3.5,4.0,4.0,3.5,4.0,0.0,0.0,0.0,3.0,4.0,0.0,3.0,0.0,0.0,0.0,0.0,0.0,3.25,0.0,0.0,0.0,0.0,0.0,0.0,0.0,0.0,0.0,0.0,0.0,0.0,0.0,3.0
Student_224,2.5,4.0,4.0,4.0,3.5,3.0,3.0,3.5,4.0,2.5,3.5,3.0,1.0,3.5,4.0,3.0,3.5,3.5,4.0,4.0,3.5,0.0,0.0,0.0,4.0,4.0,4.0,4.0,3.5,0.0,0.0,0.0,2.5,0.0,0.0,0.0,0.0,0.0,0.0,0.0,3.5,0.0,0.0,0.0,4.0,0.0,0.0,3.5,0.0,0.0,0.0,0.0,4.0,0.0,4.0,4.0,4.0,2.0,3.5,4.0,3.0,4.0,4.0,4.0,4.0,0.0,4.0,4.0,0.0,0.0,0.0,4.0,4.0,4.0,3.5,0.0,0.0,0.0,0.0,0.0,0.0,0.0,0.0,0.0,0.0,0.0,0.0,4.0,0.0,0.0,0.0,0.0,4.0,4.0,0.0
Student_225,4.0,3.5,3.0,2.5,1.5,2.0,2.0,0.0,3.5,2.5,2.5,1.0,1.5,2.0,1.0,1.5,1.5,1.0,3.0,2.0,0.0,0.0,0.0,0.0,2.5,1.0,0.0,4.0,2.0,2.0,0.0,4.0,0.0,0.0,0.0,0.0,1.5,0.0,0.0,3.5,0.0,0.0,0.0,0.0,0.0,3.0,0.0,0.0,2.5,2.5,2.5,0.0,0.0,0.0,0.0,3.5,0.0,1.5,3.0,2.0,1.5,2.5,4.0,1.0,4.0,0.0,0.0,2.5,0.0,0.0,2.5,2.0,2.0,2.5,2.0,0.0,0.0,0.0,0.0,0.0,0.0,3.5,0.0,0.0,0.0,0.0,0.0,0.0,0.0,0.0,0.0,0.0,3.5,3.5,0.0
Student_226,3.5,4.0,2.5,0.0,2.0,1.5,1.0,1.5,1.5,2.5,1.0,1.0,1.5,2.5,2.0,2.5,1.5,3.0,2.5,2.0,2.0,0.0,0.0,0.0,1.5,3.5,2.5,3.0,2.0,2.0,0.0,0.0,0.0,0.0,3.0,0.0,0.0,2.5,0.0,0.0,0.0,0.0,0.0,0.0,1.5,0.0,2.0,0.0,0.0,1.5,0.0,0.0,0.0,0.0,0.0,3.5,0.0,1.5,2.5,2.5,1.0,0.0,0.0,0.0,0.0,0.0,0.0,3.0,0.0,0.0,1.0,0.0,0.0,1.5,1.5,0.0,0.0,0.0,0.0,0.0,0.0,0.0,0.0,0.0,0.0,0.0,0.0,0.0,0.0,0.0,0.0,4.0,0.0,3.0,0.0
Student_227,3.5,3.5,3.5,3.5,2.5,4.0,1.0,0.0,1.0,3.5,3.0,3.0,4.0,3.0,2.0,3.0,3.0,3.0,3.0,1.0,2.5,0.0,0.0,0.0,2.5,2.0,4.0,3.5,2.0,2.5,0.0,3.5,2.5,0.0,0.0,0.0,0.0,0.0,0.0,0.0,4.0,0.0,0.0,0.0,0.0,0.0,4.0,0.0,3.0,0.0,2.0,0.0,0.0,0.0,0.0,4.0,0.0,3.0,2.0,3.0,2.5,3.5,4.0,2.5,4.0,0.0,0.0,4.0,0.0,0.0,0.0,4.0,2.0,4.0,3.5,0.0,0.0,0.0,0.0,0.0,0.0,0.0,0.0,0.0,0.0,0.0,0.0,0.0,0.0,0.0,4.0,0.0,3.5,4.0,0.0
Student_228,0.0,0.0,4.0,4.0,3.5,2.5,4.0,4.0,4.0,2.5,3.5,2.5,3.5,3.0,3.5,3.25,3.5,2.25,4.0,3.5,2.5,0.0,0.0,0.0,3.5,4.0,3.0,3.25,2.75,0.0,0.0,0.0,3.0,0.0,0.0,0.0,0.0,0.0,0.0,0.0,0.0,0.0,0.0,0.0,0.0,3.5,0.0,3.25,3.75,3.25,0.0,0.0,0.0,0.0,4.0,4.0,0.0,4.0,3.0,3.5,2.75,3.5,3.5,4.0,4.0,0.0,4.0,3.5,0.0,0.0,0.0,3.5,3.5,3.0,3.0,0.0,0.0,0.0,0.0,0.0,0.0,0.0,0.0,0.0,0.0,0.0,0.0,0.0,0.0,0.0,0.0,0.0,0.0,3.5,0.0
Student_229,2.5,1.5,3.5,3.5,3.5,3.5,3.5,0.0,3.0,4.0,3.5,3.0,3.5,3.0,3.5,4.0,3.0,2.5,4.0,3.5,3.0,0.0,0.0,0.0,2.5,2.5,2.5,3.0,2.5,4.0,0.0,0.0,3.5,0.0,0.0,0.0,0.0,0.0,0.0,0.0,0.0,0.0,0.0,0.0,4.0,3.5,4.0,4.0,0.0,0.0,2.5,0.0,0.0,0.0,0.0,3.5,0.0,2.0,3.0,3.0,3.0,4.0,4.0,3.0,4.0,0.0,0.0,4.0,0.0,0.0,0.0,2.0,3.0,4.0,3.0,0.0,0.0,0.0,4.0,0.0,0.0,0.0,0.0,0.0,0.0,0.0,0.0,0.0,0.0,0.0,0.0,0.0,3.0,3.0,0.0
Student_23,2.5,3.5,3.5,4.0,2.5,4.0,2.0,4.0,3.0,3.0,4.0,3.5,4.0,4.0,4.0,1.0,4.0,2.5,4.0,4.0,1.0,0.0,0.0,0.0,4.0,4.0,0.0,4.0,3.5,4.0,0.0,0.0,0.0,0.0,0.0,0.0,0.0,0.0,0.0,0.0,3.5,0.0,0.0,0.0,4.0,3.0,0.0,0.0,4.0,3.0,0.0,0.0,0.0,0.0,4.0,4.0,4.0,1.0,1.5,2.5,3.0,4.0,4.0,3.5,4.0,0.0,0.0,4.0,0.0,0.0,0.0,3.5,3.5,3.5,3.5,0.0,0.0,0.0,0.0,0.0,0.0,3.5,0.0,0.0,0.0,0.0,0.0,0.0,0.0,0.0,0.0,0.0,3.0,3.5,0.0
Student_230,0.0,0.0,2.5,0.0,0.0,3.5,0.0,0.0,2.0,0.0,0.0,0.0,1.5,0.0,0.0,0.0,0.0,2.5,2.0,0.0,0.0,0.0,0.0,0.0,1.0,1.0,0.0,3.0,1.0,2.0,0.0,3.0,0.0,0.0,0.0,4.0,1.5,0.0,0.0,0.0,3.5,0.0,0.0,0.0,0.0,0.0,0.0,0.0,0.0,0.0,1.5,0.0,0.0,0.0,0.0,3.5,0.0,0.0,2.5,3.5,1.5,0.0,0.0,0.0,0.0,0.0,0.0,4.0,0.0,0.0,0.0,0.0,0.0,0.0,0.0,0.0,0.0,0.0,0.0,0.0,0.0,0.0,0.0,0.0,0.0,0.0,0.0,0.0,0.0,0.0,0.0,0.0,0.0,0.0,0.0
Student_231,3.0,1.5,1.5,3.0,3.0,3.0,1.5,3.0,3.0,3.0,3.5,2.5,2.5,3.5,2.0,2.5,4.0,2.5,3.0,3.5,0.0,0.0,0.0,0.0,3.5,3.0,2.5,4.0,1.5,0.0,0.0,3.0,0.0,0.0,0.0,0.0,0.0,0.0,0.0,0.0,3.0,0.0,0.0,0.0,0.0,0.0,0.0,4.0,3.0,0.0,0.0,0.0,0.0,4.0,4.0,4.0,4.0,1.0,2.5,4.0,2.5,3.0,4.0,2.5,4.0,0.0,0.0,3.5,0.0,1.0,0.0,4.0,4.0,1.0,2.0,0.0,0.0,0.0,0.0,0.0,0.0,0.0,0.0,0.0,0.0,0.0,0.0,0.0,0.0,0.0,0.0,0.0,2.5,2.5,0.0
Student_232,2.5,3.0,3.0,2.5,2.0,3.0,3.0,0.0,4.0,2.0,4.0,1.5,4.0,3.0,1.0,1.0,1.0,1.5,1.0,1.0,0.0,0.0,0.0,0.0,2.0,2.5,2.5,2.0,1.0,1.5,0.0,0.0,2.5,3.5,0.0,0.0,0.0,0.0,0.0,3.5,1.0,0.0,0.0,0.0,0.0,0.0,0.0,0.0,0.0,0.0,0.0,1.0,2.5,0.0,0.0,3.5,0.0,1.5,1.0,2.0,4.0,3.5,3.5,4.0,4.0,0.0,0.0,3.5,0.0,0.0,2.5,4.0,3.5,2.0,1.5,0.0,0.0,4.0,0.0,0.0,0.0,0.0,0.0,0.0,0.0,0.0,0.0,0.0,0.0,0.0,0.0,0.0,2.5,3.0,0.0
Student_233,3.5,4.0,4.0,2.5,3.0,3.5,4.0,3.5,3.5,4.0,4.0,4.0,3.5,3.5,3.5,4.0,4.0,3.5,4.0,3.5,3.5,0.0,0.0,0.0,3.5,4.0,3.5,4.0,4.0,4.0,0.0,4.0,4.0,0.0,0.0,0.0,0.0,0.0,0.0,0.0,0.0,0.0,0.0,0.0,0.0,4.0,4.0,4.0,0.0,0.0,0.0,0.0,0.0,0.0,0.0,4.0,0.0,2.5,4.0,3.0,4.0,4.0,4.0,4.0,4.0,0.0,0.0,4.0,0.0,0.0,0.0,4.0,4.0,2.5,4.0,0.0,0.0,0.0,4.0,0.0,0.0,0.0,0.0,0.0,0.0,0.0,0.0,0.0,0.0,0.0,0.0,0.0,4.0,4.0,0.0
Student_234,4.0,4.0,3.5,4.0,3.5,4.0,4.0,4.0,3.0,4.0,3.0,4.0,4.0,3.5,3.5,3.0,3.5,2.5,3.5,2.5,3.5,0.0,0.0,0.0,3.5,3.75,3.0,3.5,1.75,0.0,0.0,0.0,2.75,0.0,0.0,0.0,0.0,0.0,0.0,0.0,0.0,0.0,0.0,0.0,0.0,2.5,0.0,1.25,4.0,0.0,0.0,0.0,2.75,0.0,4.0,4.0,0.0,4.0,2.5,4.0,4.0,4.0,4.0,3.0,4.0,0.0,4.0,4.0,0.0,0.0,0.0,4.0,4.0,4.0,3.5,0.0,0.0,0.0,3.5,0.0,0.0,0.0,0.0,0.0,0.0,0.0,0.0,0.0,0.0,0.0,0.0,0.0,3.5,0.0,0.0
Student_235,3.5,4.0,3.5,3.0,3.5,4.0,4.0,4.0,3.0,2.5,3.5,2.5,3.5,3.0,3.0,3.5,3.0,1.5,3.0,2.5,2.5,0.0,0.0,0.0,3.0,2.5,3.0,2.5,3.0,0.0,0.0,0.0,2.75,0.0,0.0,0.0,0.0,0.0,0.0,0.0,4.0,0.0,0.0,0.0,0.0,0.0,0.0,2.75,0.0,0.0,0.0,0.0,2.5,3.25,4.0,4.0,0.0,3.5,3.5,4.0,3.0,3.0,4.0,3.0,4.0,0.0,4.0,4.0,0.0,0.0,0.0,4.0,4.0,3.5,3.0,0.0,0.0,0.0,3.75,0.0,0.0,0.0,0.0,0.0,0.0,0.0,0.0,0.0,0.0,0.0,0.0,0.0,4.0,4.0,0.0
Student_236,3.5,4.0,1.5,4.0,1.0,4.0,3.0,4.0,3.0,2.0,3.5,2.5,3.5,4.0,2.0,4.0,3.5,4.0,3.5,4.0,0.0,0.0,0.0,0.0,3.0,3.5,0.0,4.0,3.0,4.0,0.0,3.5,0.0,0.0,0.0,4.0,0.0,0.0,0.0,0.0,4.0,0.0,0.0,0.0,4.0,3.5,0.0,0.0,3.5,0.0,0.0,0.0,0.0,4.0,0.0,4.0,0.0,2.0,3.0,3.0,3.0,4.0,3.5,1.0,4.0,0.0,0.0,4.0,0.0,0.0,3.0,2.0,2.5,3.5,1.5,0.0,0.0,0.0,0.0,0.0,0.0,0.0,0.0,4.0,0.0,0.0,0.0,0.0,0.0,0.0,0.0,0.0,4.0,3.5,0.0
Student_237,4.0,4.0,3.5,2.0,3.5,4.0,4.0,0.0,4.0,4.0,4.0,3.5,4.0,3.0,4.0,4.0,4.0,0.0,4.0,4.0,4.0,0.0,0.0,0.0,4.0,3.5,0.0,3.5,4.0,4.0,0.0,0.0,0.0,0.0,4.0,0.0,0.0,0.0,0.0,0.0,0.0,0.0,0.0,0.0,0.0,0.0,4.0,0.0,0.0,0.0,0.0,0.0,0.0,0.0,0.0,4.0,0.0,3.5,4.0,3.5,4.0,4.0,4.0,4.0,4.0,0.0,0.0,4.0,0.0,0.0,4.0,4.0,4.0,0.0,4.0,0.0,0.0,0.0,0.0,0.0,0.0,3.5,0.0,0.0,0.0,0.0,0.0,0.0,0.0,0.0,0.0,0.0,4.0,3.5,0.0
Student_238,2.5,3.0,3.5,3.0,3.0,2.5,2.0,0.0,2.0,1.0,3.0,3.0,3.0,3.0,2.5,1.5,3.0,1.0,3.0,3.5,0.0,0.0,0.0,0.0,2.0,2.0,0.0,3.0,1.5,2.0,0.0,3.0,1.5,2.5,0.0,0.0,2.0,0.0,0.0,0.0,0.0,0.0,0.0,0.0,0.0,1.5,0.0,0.0,0.0,0.0,2.0,2.5,0.0,0.0,0.0,3.5,0.0,1.5,2.0,2.5,2.0,3.0,4.0,3.5,4.0,0.0,0.0,3.0,0.0,0.0,2.5,3.0,3.0,2.0,2.5,3.5,0.0,0.0,0.0,0.0,0.0,0.0,0.0,0.0,0.0,0.0,0.0,0.0,0.0,0.0,0.0,0.0,2.0,2.5,0.0
Student_239,0.0,0.0,2.5,0.0,2.5,4.0,4.0,0.0,2.5,3.5,3.0,2.5,3.0,3.0,2.0,4.0,0.0,3.5,3.5,3.5,0.0,0.0,0.0,0.0,4.0,3.5,3.5,3.0,3.0,2.5,3.5,0.0,0.0,0.0,0.0,3.0,0.0,0.0,0.0,3.5,3.5,0.0,0.0,0.0,0.0,0.0,0.0,0.0,0.0,0.0,0.0,3.5,0.0,0.0,0.0,4.0,0.0,2.5,1.5,2.5,3.5,2.5,3.5,4.0,4.0,0.0,0.0,4.0,0.0,2.0,0.0,3.5,4.0,2.5,2.5,0.0,0.0,0.0,4.0,0.0,0.0,0.0,0.0,0.0,0.0,0.0,0.0,0.0,0.0,0.0,0.0,0.0,0.0,0.0,0.0
Student_24,3.5,0.0,4.0,4.0,3.0,4.0,4.0,4.0,4.0,4.0,3.5,3.5,3.5,4.0,2.5,3.5,3.5,3.5,4.0,4.0,2.75,0.0,0.0,0.0,4.0,4.0,0.0,3.5,3.5,0.0,0.0,0.0,3.75,0.0,0.0,0.0,0.0,0.0,0.0,0.0,3.5,0.0,0.0,0.0,0.0,4.0,0.0,4.0,0.0,0.0,3.5,3.75,0.0,0.0,4.0,3.75,0.0,3.25,2.0,4.0,4.0,1.5,4.0,4.0,4.0,0.0,4.0,4.0,0.0,0.0,0.0,2.0,3.0,4.0,3.0,0.0,0.0,0.0,0.0,0.0,0.0,0.0,0.0,0.0,0.0,0.0,4.0,0.0,0.0,0.0,0.0,0.0,4.0,0.0,0.0
Student_240,3.5,4.0,3.0,3.0,2.5,3.0,2.5,4.0,2.5,2.5,2.0,2.0,3.0,3.0,4.0,2.0,2.5,2.0,3.5,2.5,0.0,0.0,0.0,0.0,2.0,2.5,0.0,3.0,3.0,0.0,0.0,2.0,0.0,0.0,0.0,0.0,0.0,0.0,0.0,0.0,2.5,0.0,0.0,0.0,1.5,3.0,3.5,3.5,0.0,0.0,0.0,0.0,0.0,0.0,4.0,4.0,0.0,4.0,4.0,3.5,4.0,3.5,4.0,4.0,4.0,0.0,4.0,3.5,0.0,0.0,2.0,4.0,4.0,3.5,3.0,0.0,0.0,0.0,0.0,3.5,0.0,0.0,0.0,0.0,0.0,0.0,0.0,0.0,0.0,0.0,0.0,0.0,3.0,4.0,0.0
Student_241,0.0,0.0,3.5,4.0,3.0,3.5,3.5,3.5,3.75,4.0,3.5,4.0,4.0,3.0,3.5,3.5,3.75,2.5,3.5,3.75,2.75,0.0,0.0,0.0,3.75,3.25,0.0,3.75,3.0,0.0,0.0,0.0,3.5,0.0,4.0,0.0,0.0,0.0,0.0,0.0,3.0,2.75,3.75,0.0,0.0,3.25,0.0,0.0,0.0,0.0,0.0,0.0,0.0,0.0,4.0,4.0,0.0,2.5,3.0,3.25,4.0,3.5,4.0,4.0,4.0,4.0,4.0,4.0,0.0,0.0,0.0,4.0,3.5,1.5,4.0,0.0,3.75,0.0,0.0,0.0,0.0,0.0,0.0,0.0,0.0,0.0,0.0,0.0,0.0,0.0,0.0,0.0,0.0,0.0,0.0
Student_242,4.0,4.0,4.0,4.0,4.0,3.0,4.0,4.0,4.0,4.0,4.0,3.5,4.0,4.0,3.5,3.5,4.0,4.0,4.0,4.0,4.0,0.0,0.0,0.0,4.0,4.0,0.0,4.0,3.5,0.0,0.0,0.0,4.0,0.0,4.0,0.0,0.0,0.0,0.0,0.0,3.5,0.0,0.0,0.0,4.0,4.0,0.0,4.0,0.0,0.0,0.0,0.0,0.0,0.0,4.0,4.0,4.0,4.0,4.0,4.0,4.0,4.0,4.0,4.0,4.0,0.0,4.0,4.0,0.0,0.0,0.0,4.0,4.0,4.0,4.0,0.0,0.0,0.0,0.0,0.0,0.0,0.0,0.0,0.0,0.0,0.0,4.0,0.0,0.0,0.0,4.0,4.0,4.0,4.0,0.0
Student_243,3.0,3.5,2.5,2.5,2.5,3.5,2.5,0.0,4.0,1.0,3.0,3.5,2.5,2.0,2.0,2.0,2.5,1.5,3.0,2.0,0.0,0.0,0.0,0.0,2.0,1.0,0.0,2.5,1.0,1.0,0.0,0.0,0.0,0.0,0.0,0.0,0.0,0.0,0.0,1.0,3.5,0.0,0.0,0.0,0.0,3.0,2.0,2.0,0.0,0.0,2.5,2.0,0.0,0.0,0.0,3.5,0.0,1.5,1.5,3.0,1.5,3.5,4.0,2.5,4.0,0.0,0.0,4.0,0.0,0.0,1.5,2.5,2.5,4.0,1.5,0.0,0.0,0.0,4.0,0.0,0.0,0.0,0.0,0.0,0.0,0.0,0.0,0.0,0.0,0.0,0.0,0.0,3.5,3.0,0.0
Student_244,3.5,3.0,3.5,4.0,0.0,0.0,2.5,0.0,3.0,4.0,4.0,0.0,3.0,3.0,3.0,3.0,3.0,2.0,3.5,4.0,4.0,0.0,0.0,0.0,3.5,2.5,0.0,3.5,2.5,4.0,0.0,3.0,0.0,0.0,0.0,0.0,0.0,0.0,0.0,0.0,3.0,0.0,0.0,0.0,3.0,3.5,0.0,3.0,0.0,4.0,0.0,4.0,0.0,0.0,0.0,4.0,0.0,0.0,2.0,3.5,3.5,0.0,0.0,0.0,0.0,0.0,0.0,3.5,0.0,0.0,0.0,0.0,3.0,0.0,0.0,0.0,4.0,0.0,0.0,0.0,0.0,0.0,0.0,0.0,0.0,0.0,0.0,0.0,0.0,0.0,0.0,0.0,0.0,3.5,0.0
Student_245,3.5,4.0,3.0,1.0,4.0,4.0,4.0,3.0,4.0,4.0,4.0,4.0,4.0,3.0,4.0,4.0,4.0,4.0,4.0,4.0,3.5,0.0,0.0,0.0,4.0,3.5,0.0,3.5,3.5,0.0,0.0,3.5,3.5,0.0,0.0,0.0,0.0,0.0,0.0,0.0,3.5,0.0,0.0,0.0,4.0,4.0,0.0,0.0,0.0,0.0,3.5,0.0,0.0,0.0,4.0,4.0,0.0,3.0,3.0,4.0,4.0,3.0,4.0,3.5,4.0,0.0,4.0,4.0,0.0,0.0,0.0,3.0,4.0,4.0,3.0,0.0,0.0,0.0,0.0,0.0,0.0,0.0,0.0,0.0,0.0,0.0,0.0,4.0,0.0,0.0,0.0,0.0,4.0,4.0,0.0
Student_246,3.0,2.5,4.0,4.0,2.0,3.0,1.0,2.5,2.5,1.5,3.5,2.5,3.0,2.5,2.5,3.0,2.0,2.0,2.5,1.5,0.0,0.0,0.0,0.0,3.5,2.5,2.5,3.0,3.5,4.0,0.0,1.5,0.0,0.0,0.0,0.0,0.0,0.0,0.0,0.0,0.0,0.0,0.0,0.0,2.5,3.0,1.5,1.5,2.5,0.0,0.0,0.0,0.0,0.0,0.0,3.5,0.0,1.5,1.5,2.0,1.5,3.0,4.0,2.5,4.0,0.0,0.0,3.0,0.0,0.0,2.5,2.0,2.5,2.5,2.0,0.0,0.0,0.0,0.0,0.0,0.0,0.0,0.0,0.0,0.0,0.0,0.0,3.5,0.0,0.0,0.0,0.0,2.5,3.5,0.0
Student_247,4.0,4.0,3.0,2.0,4.0,3.5,3.0,0.0,2.5,3.5,4.0,2.5,4.0,3.0,3.0,3.5,2.5,3.0,3.5,4.0,0.0,0.0,0.0,0.0,3.5,4.0,3.5,4.0,2.5,4.0,0.0,0.0,3.5,4.0,0.0,0.0,0.0,0.0,0.0,0.0,0.0,0.0,0.0,0.0,4.0,4.0,0.0,4.0,4.0,0.0,0.0,0.0,0.0,0.0,0.0,4.0,0.0,3.5,4.0,4.0,3.5,4.0,4.0,3.5,4.0,0.0,0.0,4.0,0.0,0.0,4.0,3.5,4.0,4.0,4.0,0.0,0.0,0.0,0.0,0.0,4.0,0.0,0.0,0.0,0.0,0.0,0.0,0.0,0.0,0.0,0.0,0.0,4.0,4.0,0.0
Student_248,4.0,4.0,3.0,4.0,3.0,4.0,3.0,0.0,4.0,3.0,4.0,4.0,4.0,4.0,3.5,4.0,3.5,2.5,0.0,4.0,4.0,0.0,0.0,0.0,4.0,4.0,3.5,3.5,0.0,3.0,4.0,3.5,0.0,0.0,4.0,0.0,0.0,0.0,0.0,0.0,4.0,0.0,0.0,0.0,0.0,0.0,4.0,0.0,0.0,0.0,0.0,3.5,0.0,0.0,0.0,4.0,0.0,3.5,2.0,3.0,4.0,4.0,4.0,4.0,3.5,0.0,0.0,4.0,0.0,0.0,0.0,3.5,4.0,4.0,2.0,0.0,0.0,0.0,0.0,0.0,4.0,0.0,0.0,0.0,0.0,0.0,0.0,0.0,0.0,0.0,0.0,0.0,4.0,4.0,0.0
Student_249,3.5,3.0,2.5,3.0,3.0,4.0,1.0,0.0,1.0,2.0,3.5,1.5,4.0,2.0,1.5,1.5,3.5,2.0,2.5,2.5,0.0,0.0,0.0,0.0,2.5,1.0,2.5,2.0,3.0,2.5,0.0,0.0,0.0,0.0,3.0,0.0,0.0,3.0,0.0,0.0,3.0,0.0,0.0,0.0,0.0,0.0,3.5,0.0,4.0,0.0,0.0,0.0,1.0,0.0,0.0,4.0,0.0,2.0,1.5,2.0,1.0,2.5,3.5,1.5,3.5,0.0,0.0,3.5,0.0,0.0,3.0,2.0,3.0,2.5,2.0,0.0,0.0,0.0,0.0,0.0,0.0,0.0,0.0,0.0,0.0,0.0,0.0,0.0,0.0,0.0,0.0,4.0,3.0,3.5,0.0
Student_25,4.0,4.0,4.0,3.0,3.5,4.0,4.0,2.5,2.5,3.5,4.0,3.5,3.0,4.0,3.0,4.0,4.0,4.0,4.0,3.5,4.0,0.0,0.0,0.0,2.5,4.0,3.5,4.0,3.0,4.0,0.0,4.0,3.5,0.0,0.0,0.0,0.0,0.0,0.0,0.0,0.0,0.0,0.0,0.0,0.0,4.0,4.0,4.0,0.0,0.0,0.0,0.0,0.0,0.0,0.0,4.0,0.0,2.5,3.0,3.5,3.5,3.5,4.0,4.0,4.0,0.0,0.0,4.0,0.0,0.0,0.0,4.0,4.0,3.5,3.5,0.0,4.0,0.0,0.0,0.0,0.0,0.0,0.0,0.0,0.0,0.0,0.0,0.0,0.0,0.0,0.0,0.0,4.0,3.5,0.0
Student_250,4.0,4.0,3.5,3.0,2.5,4.0,3.5,4.0,3.5,3.5,4.0,4.0,4.0,3.0,3.0,3.0,2.5,3.0,4.0,4.0,3.0,0.0,0.0,0.0,3.0,4.0,0.0,3.5,4.0,0.0,0.0,4.0,0.0,0.0,0.0,0.0,0.0,0.0,0.0,0.0,3.0,0.0,0.0,0.0,0.0,3.5,3.5,3.5,4.0,0.0,0.0,0.0,0.0,0.0,4.0,4.0,4.0,4.0,3.5,3.0,3.5,3.5,4.0,3.5,4.0,0.0,0.0,4.0,0.0,0.0,0.0,4.0,4.0,3.5,4.0,0.0,0.0,0.0,0.0,0.0,3.5,0.0,0.0,0.0,0.0,0.0,0.0,0.0,0.0,0.0,0.0,0.0,3.0,4.0,0.0
Student_251,3.0,3.5,3.5,3.5,4.0,4.0,4.0,0.0,4.0,3.0,3.0,3.5,3.0,3.5,4.0,4.0,3.5,4.0,4.0,0.0,3.5,0.0,0.0,0.0,4.0,4.0,3.5,3.0,3.0,3.0,0.0,3.5,4.0,0.0,0.0,0.0,0.0,0.0,0.0,0.0,0.0,0.0,0.0,0.0,0.0,3.0,4.0,0.0,0.0,0.0,0.0,2.5,3.0,0.0,0.0,4.0,0.0,3.0,3.5,3.5,4.0,4.0,4.0,3.5,4.0,0.0,0.0,4.0,0.0,0.0,0.0,3.5,3.5,3.0,4.0,0.0,3.0,0.0,0.0,0.0,0.0,0.0,0.0,0.0,0.0,0.0,0.0,0.0,0.0,0.0,0.0,0.0,3.5,3.0,0.0
Student_252,0.0,0.0,3.5,0.0,0.0,0.0,2.5,3.5,1.5,2.5,2.5,2.0,3.0,3.0,1.0,2.5,2.0,2.5,3.0,2.5,3.0,0.0,0.0,0.0,2.0,1.5,2.5,4.0,1.5,2.5,0.0,2.0,2.0,0.0,0.0,0.0,0.0,0.0,0.0,0.0,2.5,0.0,0.0,0.0,2.0,0.0,0.0,0.0,4.0,0.0,1.0,0.0,0.0,0.0,0.0,4.0,0.0,1.0,3.0,3.5,2.5,0.0,0.0,0.0,0.0,0.0,0.0,4.0,0.0,0.0,0.0,0.0,3.0,3.0,0.0,0.0,0.0,0.0,0.0,0.0,0.0,3.5,0.0,0.0,0.0,0.0,0.0,0.0,0.0,0.0,0.0,0.0,0.0,0.0,0.0
Student_253,0.0,0.0,3.0,2.5,2.5,3.5,2.5,4.0,3.0,1.0,2.0,2.5,3.5,2.0,3.5,4.0,3.5,3.5,2.75,2.25,2.25,0.0,0.0,0.0,3.75,3.25,3.5,4.0,3.0,0.0,0.0,3.5,3.0,0.0,0.0,0.0,0.0,0.0,0.0,0.0,0.0,0.0,0.0,0.0,0.0,3.5,0.0,0.0,0.0,0.0,0.0,3.25,0.0,4.0,4.0,4.0,0.0,2.0,3.0,3.75,3.25,4.0,4.0,4.0,4.0,4.0,4.0,4.0,0.0,0.0,0.0,4.0,3.5,4.0,3.0,0.0,0.0,0.0,0.0,0.0,0.0,0.0,0.0,0.0,0.0,0.0,0.0,0.0,0.0,0.0,0.0,0.0,0.0,0.0,0.0
Student_254,4.0,4.0,3.5,4.0,4.0,4.0,4.0,4.0,4.0,4.0,4.0,4.0,4.0,4.0,3.5,3.5,4.0,4.0,4.0,0.0,4.0,0.0,0.0,0.0,4.0,4.0,0.0,4.0,4.0,0.0,0.0,4.0,4.0,0.0,0.0,0.0,0.0,0.0,0.0,0.0,0.0,0.0,0.0,0.0,4.0,0.0,0.0,0.0,0.0,0.0,0.0,0.0,0.0,0.0,4.0,4.0,0.0,4.0,3.5,4.0,4.0,3.0,4.0,4.0,4.0,0.0,4.0,3.5,0.0,0.0,0.0,4.0,4.0,4.0,3.5,0.0,0.0,0.0,4.0,0.0,0.0,0.0,0.0,0.0,0.0,0.0,0.0,0.0,0.0,0.0,0.0,0.0,4.0,4.0,0.0
Student_255,0.0,0.0,4.0,0.0,2.0,2.5,1.5,0.0,2.5,2.5,2.5,2.5,3.0,2.5,2.0,2.5,3.0,2.0,2.0,2.0,0.0,0.0,0.0,0.0,3.0,2.0,0.0,3.5,3.0,3.5,0.0,2.0,2.0,0.0,0.0,0.0,0.0,0.0,0.0,0.0,2.0,1.5,0.0,0.0,0.0,3.5,3.0,0.0,3.0,0.0,0.0,0.0,0.0,0.0,0.0,4.0,0.0,1.5,2.0,4.0,1.5,3.0,3.0,3.5,4.0,0.0,0.0,3.0,0.0,2.0,0.0,0.0,3.0,2.0,3.0,0.0,4.0,0.0,0.0,0.0,0.0,0.0,0.0,0.0,0.0,0.0,0.0,0.0,0.0,0.0,0.0,0.0,0.0,0.0,0.0
Student_256,4.0,4.0,4.0,1.5,2.5,3.5,3.0,0.0,1.5,2.5,4.0,2.5,3.5,2.0,2.5,2.5,2.5,2.0,3.5,3.0,4.0,0.0,0.0,0.0,3.0,2.0,3.5,3.0,3.5,3.5,0.0,3.0,3.5,0.0,4.0,3.0,3.0,0.0,0.0,0.0,0.0,0.0,0.0,0.0,0.0,0.0,0.0,0.0,0.0,0.0,0.0,2.5,0.0,0.0,0.0,4.0,0.0,3.5,2.5,3.0,3.5,3.0,4.0,3.0,4.0,0.0,0.0,3.5,0.0,0.0,0.0,2.0,3.5,3.0,3.0,0.0,0.0,0.0,0.0,0.0,0.0,0.0,0.0,0.0,0.0,0.0,4.0,0.0,0.0,0.0,0.0,0.0,4.0,4.0,0.0
Student_257,3.0,4.0,4.0,4.0,4.0,4.0,4.0,0.0,4.0,4.0,4.0,4.0,4.0,4.0,4.0,4.0,3.5,4.0,4.0,4.0,0.0,0.0,0.0,0.0,4.0,4.0,3.5,4.0,4.0,3.5,3.5,4.0,4.0,0.0,0.0,0.0,0.0,0.0,0.0,0.0,3.0,0.0,4.0,0.0,0.0,0.0,0.0,4.0,0.0,0.0,0.0,0.0,0.0,0.0,0.0,4.0,0.0,3.5,3.0,2.5,4.0,4.0,4.0,4.0,4.0,0.0,0.0,4.0,0.0,0.0,4.0,4.0,4.0,3.5,3.0,0.0,0.0,0.0,0.0,0.0,0.0,0.0,4.0,0.0,0.0,0.0,0.0,0.0,0.0,0.0,0.0,0.0,4.0,3.5,0.0
Student_258,3.5,4.0,2.5,4.0,3.0,2.5,2.0,3.0,4.0,1.5,2.0,1.5,1.5,2.0,1.0,4.0,3.5,3.0,3.0,2.5,0.0,0.0,0.0,0.0,3.0,2.0,2.5,2.5,2.0,3.5,0.0,4.0,0.0,0.0,0.0,0.0,0.0,0.0,0.0,0.0,2.0,0.0,0.0,0.0,0.0,0.0,3.5,2.0,0.0,3.5,0.0,0.0,0.0,4.0,0.0,3.0,0.0,1.0,3.0,3.5,2.0,4.0,4.0,3.0,4.0,0.0,0.0,4.0,0.0,0.0,4.0,3.0,3.5,3.5,3.0,0.0,0.0,0.0,0.0,0.0,0.0,0.0,0.0,0.0,0.0,0.0,0.0,0.0,3.0,0.0,0.0,0.0,4.0,4.0,0.0
Student_259,4.0,4.0,3.5,3.0,2.5,4.0,4.0,3.5,3.5,3.5,4.0,3.0,3.5,3.5,3.0,3.0,4.0,4.0,3.5,3.5,3.0,0.0,0.0,0.0,3.0,4.0,3.5,4.0,2.5,2.0,0.0,4.0,3.5,0.0,4.0,0.0,0.0,0.0,0.0,0.0,0.0,0.0,0.0,0.0,0.0,4.0,3.0,0.0,0.0,0.0,3.0,0.0,0.0,0.0,0.0,4.0,0.0,3.0,4.0,3.5,3.0,4.0,4.0,3.0,4.0,0.0,0.0,4.0,0.0,0.0,0.0,3.5,3.5,3.5,4.0,0.0,0.0,0.0,0.0,0.0,0.0,0.0,0.0,0.0,0.0,0.0,4.0,0.0,0.0,0.0,0.0,0.0,4.0,4.0,0.0
Student_26,2.5,3.0,3.0,3.0,2.0,3.0,2.0,2.0,2.5,2.5,2.5,2.0,3.5,2.5,2.0,2.5,1.0,1.0,2.0,2.0,2.0,0.0,0.0,0.0,2.5,2.5,4.0,2.5,2.0,2.5,0.0,1.5,0.0,0.0,0.0,0.0,0.0,3.0,0.0,0.0,1.5,0.0,0.0,0.0,0.0,0.0,3.0,0.0,1.5,0.0,0.0,3.0,0.0,0.0,0.0,3.5,0.0,3.0,1.5,2.0,2.5,3.5,4.0,3.0,4.0,0.0,0.0,4.0,0.0,0.0,0.0,2.5,3.0,1.0,2.5,0.0,0.0,0.0,0.0,0.0,0.0,0.0,0.0,4.0,0.0,0.0,0.0,0.0,0.0,0.0,0.0,0.0,2.0,3.0,0.0
Student_260,0.0,0.0,1.5,1.5,1.0,3.0,2.0,2.5,2.0,2.0,2.5,2.0,3.0,4.0,2.5,3.0,3.0,3.0,3.0,3.0,0.0,0.0,0.0,0.0,3.0,3.0,3.0,4.0,3.0,1.5,0.0,0.0,0.0,0.0,4.0,0.0,0.0,0.0,0.0,0.0,0.0,0.0,0.0,0.0,0.0,3.5,0.0,3.5,0.0,3.0,0.0,3.0,0.0,0.0,0.0,2.0,0.0,3.5,3.0,3.5,2.5,0.0,0.0,0.0,0.0,0.0,0.0,3.5,0.0,0.0,3.0,0.0,0.0,3.5,3.5,0.0,0.0,0.0,0.0,0.0,0.0,0.0,0.0,0.0,0.0,0.0,0.0,0.0,0.0,0.0,2.0,0.0,0.0,0.0,0.0
Student_261,0.0,0.0,4.0,2.5,4.0,3.5,3.5,2.5,1.0,3.0,1.5,1.5,2.0,2.0,2.0,2.5,3.0,2.75,2.5,3.0,2.75,0.0,0.0,0.0,4.0,4.0,3.0,3.0,2.75,0.0,0.0,4.0,2.75,0.0,0.0,0.0,0.0,0.0,0.0,0.0,3.0,0.0,0.0,0.0,0.0,0.0,0.0,3.25,0.0,0.0,2.75,0.0,0.0,0.0,4.0,4.0,0.0,2.5,1.5,4.0,2.5,3.5,4.0,2.5,4.0,0.0,3.5,3.5,0.0,0.0,0.0,4.0,3.5,2.5,3.5,0.0,0.0,0.0,0.0,0.0,0.0,0.0,0.0,0.0,0.0,0.0,0.0,0.0,0.0,0.0,0.0,0.0,0.0,0.0,0.0
Student_262,4.0,4.0,3.5,3.5,3.5,4.0,4.0,0.0,2.5,2.5,3.5,4.0,4.0,3.0,3.0,3.5,4.0,2.0,3.0,3.0,3.5,0.0,0.0,0.0,1.5,3.0,3.0,3.5,4.0,3.0,0.0,2.0,4.0,0.0,4.0,3.0,0.0,3.0,0.0,0.0,3.5,0.0,0.0,0.0,0.0,0.0,0.0,0.0,0.0,0.0,0.0,0.0,0.0,0.0,0.0,4.0,0.0,2.5,3.5,2.0,0.0,4.0,4.0,4.0,4.0,0.0,0.0,2.5,0.0,0.0,0.0,3.5,3.0,0.0,4.0,0.0,0.0,0.0,0.0,0.0,0.0,0.0,0.0,0.0,0.0,0.0,4.0,0.0,0.0,0.0,0.0,0.0,2.5,2.5,0.0
Student_263,3.5,3.0,2.5,1.0,1.0,2.5,3.0,3.0,3.5,3.0,2.5,1.0,2.0,2.5,2.5,3.5,3.5,3.5,2.0,1.5,0.0,0.0,0.0,0.0,4.0,3.5,3.0,3.5,1.0,0.0,0.0,1.0,0.0,0.0,0.0,0.0,3.0,0.0,0.0,0.0,0.0,0.0,0.0,0.0,0.0,0.0,3.0,0.0,0.0,3.0,0.0,0.0,0.0,3.0,3.5,3.0,4.0,3.0,3.0,3.0,3.0,2.5,4.0,2.5,4.0,0.0,4.0,3.0,0.0,0.0,3.0,2.5,2.5,4.0,3.0,0.0,0.0,0.0,0.0,0.0,0.0,0.0,0.0,3.0,0.0,0.0,0.0,0.0,0.0,0.0,0.0,0.0,3.0,3.0,0.0
Student_264,4.0,4.0,1.0,2.5,3.0,4.0,0.0,0.0,4.0,1.5,1.5,1.5,1.0,2.5,1.5,3.0,2.5,2.5,2.5,3.0,0.0,0.0,0.0,0.0,2.0,3.0,3.5,0.0,3.0,2.5,0.0,0.0,0.0,2.0,3.0,4.0,0.0,0.0,0.0,0.0,3.0,0.0,0.0,0.0,0.0,0.0,0.0,0.0,2.5,0.0,0.0,3.0,0.0,0.0,0.0,2.0,0.0,2.5,2.5,2.0,3.5,3.5,4.0,4.0,4.0,0.0,0.0,3.5,0.0,3.5,2.0,4.0,4.0,1.5,2.5,0.0,0.0,0.0,4.0,0.0,0.0,0.0,0.0,0.0,0.0,0.0,0.0,0.0,0.0,0.0,0.0,0.0,4.0,4.0,0.0
Student_265,3.5,4.0,3.5,2.5,2.5,3.0,3.5,0.0,3.0,2.0,3.5,3.0,3.5,3.5,3.0,3.5,3.5,3.5,3.5,3.5,2.0,0.0,0.0,0.0,2.5,3.5,0.0,4.0,3.5,3.0,0.0,0.0,3.5,0.0,0.0,0.0,0.0,0.0,0.0,0.0,0.0,0.0,0.0,0.0,3.0,3.0,0.0,4.0,3.5,0.0,2.0,0.0,0.0,0.0,0.0,4.0,0.0,1.0,2.5,3.0,2.5,4.0,4.0,2.0,4.0,0.0,0.0,3.0,0.0,1.0,0.0,3.0,2.5,3.0,4.0,0.0,0.0,0.0,0.0,0.0,0.0,0.0,4.0,0.0,0.0,0.0,0.0,0.0,0.0,0.0,0.0,0.0,2.5,4.0,0.0
Student_266,2.5,3.0,4.0,4.0,3.0,3.5,2.0,3.0,2.0,3.5,4.0,3.0,2.0,4.0,2.5,3.5,4.0,1.5,4.0,3.5,3.5,0.0,0.0,0.0,3.0,1.0,0.0,3.5,2.0,4.0,0.0,1.5,2.0,0.0,0.0,0.0,0.0,0.0,0.0,0.0,3.0,0.0,0.0,0.0,0.0,4.0,0.0,3.5,0.0,0.0,0.0,0.0,0.0,0.0,4.0,3.0,4.0,3.0,1.5,2.5,3.5,3.0,4.0,3.0,4.0,0.0,0.0,3.5,0.0,0.0,0.0,3.5,2.5,1.5,1.5,0.0,0.0,0.0,0.0,0.0,0.0,0.0,0.0,0.0,0.0,0.0,0.0,4.0,0.0,0.0,0.0,0.0,2.5,4.0,0.0
Student_267,3.0,3.5,3.5,1.5,2.5,4.0,4.0,4.0,2.5,2.5,3.0,2.0,4.0,0.0,3.0,4.0,3.0,3.0,4.0,4.0,2.5,0.0,0.0,0.0,4.0,0.0,3.5,4.0,4.0,3.5,0.0,0.0,0.0,0.0,0.0,4.0,0.0,0.0,0.0,0.0,0.0,0.0,0.0,0.0,4.0,4.0,0.0,3.5,0.0,0.0,3.5,0.0,0.0,0.0,0.0,4.0,0.0,2.0,0.0,3.5,3.0,3.5,4.0,2.0,4.0,0.0,0.0,4.0,0.0,0.0,0.0,3.5,2.5,0.0,3.0,0.0,0.0,0.0,3.0,0.0,0.0,0.0,0.0,0.0,0.0,0.0,0.0,0.0,0.0,0.0,0.0,0.0,3.5,4.0,0.0
Student_268,2.5,4.0,4.0,3.0,4.0,3.0,4.0,3.5,3.0,3.0,3.0,3.5,3.5,3.5,2.5,4.0,4.0,3.5,4.0,4.0,3.5,0.0,0.0,0.0,3.5,3.0,0.0,4.0,4.0,4.0,0.0,3.5,4.0,0.0,3.5,0.0,0.0,0.0,0.0,0.0,4.0,0.0,0.0,0.0,0.0,4.0,0.0,0.0,4.0,3.5,0.0,0.0,0.0,0.0,0.0,4.0,0.0,2.5,3.0,4.0,4.0,3.0,4.0,4.0,4.0,0.0,0.0,4.0,0.0,0.0,0.0,3.5,4.0,3.5,2.5,0.0,0.0,0.0,4.0,0.0,0.0,0.0,0.0,0.0,0.0,0.0,0.0,0.0,0.0,0.0,0.0,0.0,3.5,3.0,0.0
Student_269,0.0,0.0,2.5,3.5,4.0,3.5,2.0,4.0,3.25,3.0,2.5,4.0,3.0,3.0,4.0,3.0,4.0,2.75,3.25,2.0,2.75,0.0,0.0,0.0,3.75,3.25,4.0,3.5,3.25,0.0,0.0,3.25,2.75,0.0,0.0,0.0,0.0,0.0,0.0,0.0,0.0,0.0,0.0,0.0,0.0,2.75,0.0,0.0,0.0,3.0,0.0,0.0,2.75,0.0,4.0,4.0,0.0,3.5,4.0,3.75,4.0,4.0,3.5,3.5,3.5,4.0,4.0,3.5,0.0,0.0,0.0,4.0,3.5,3.0,3.0,0.0,0.0,0.0,0.0,0.0,0.0,0.0,0.0,0.0,0.0,0.0,0.0,0.0,0.0,0.0,4.0,0.0,0.0,0.0,0.0
Student_27,4.0,3.5,4.0,4.0,3.5,3.5,4.0,3.5,4.0,2.5,3.5,3.5,4.0,4.0,4.0,4.0,3.5,4.0,4.0,4.0,4.0,0.0,0.0,0.0,4.0,4.0,4.0,4.0,3.5,4.0,0.0,0.0,0.0,0.0,0.0,0.0,0.0,0.0,0.0,0.0,3.5,0.0,0.0,0.0,4.0,0.0,0.0,4.0,0.0,0.0,0.0,0.0,4.0,0.0,4.0,3.5,4.0,4.0,4.0,4.0,4.0,4.0,4.0,4.0,4.0,0.0,4.0,4.0,0.0,0.0,0.0,3.0,4.0,4.0,4.0,0.0,0.0,0.0,0.0,0.0,0.0,0.0,0.0,0.0,0.0,0.0,0.0,4.0,0.0,0.0,0.0,0.0,4.0,4.0,0.0
Student_270,3.5,4.0,3.5,3.5,3.0,3.5,4.0,0.0,3.5,4.0,4.0,3.0,2.5,3.5,3.5,3.5,3.5,2.5,3.5,2.5,3.0,0.0,0.0,0.0,2.5,3.5,0.0,4.0,3.5,4.0,0.0,0.0,3.0,0.0,3.5,0.0,3.5,0.0,0.0,3.5,0.0,4.0,0.0,0.0,0.0,3.5,0.0,0.0,0.0,0.0,0.0,2.5,0.0,0.0,0.0,4.0,0.0,3.0,1.5,3.0,4.0,3.0,4.0,3.0,4.0,0.0,0.0,4.0,0.0,0.0,0.0,2.0,3.5,3.5,3.0,0.0,0.0,0.0,0.0,0.0,0.0,0.0,0.0,0.0,0.0,0.0,0.0,0.0,0.0,0.0,0.0,0.0,3.0,3.0,0.0
Student_271,0.0,0.0,0.0,0.0,0.0,0.0,0.0,0.0,0.0,0.0,0.0,0.0,1.0,0.0,2.0,0.0,0.0,2.0,2.0,1.0,0.0,0.0,0.0,0.0,0.0,1.5,0.0,2.5,1.0,2.0,0.0,1.5,0.0,1.5,2.5,0.0,0.0,0.0,0.0,0.0,1.0,0.0,0.0,0.0,0.0,0.0,0.0,0.0,0.0,0.0,0.0,3.5,1.0,0.0,0.0,4.0,0.0,0.0,0.0,0.0,0.0,0.0,0.0,0.0,0.0,0.0,0.0,3.0,0.0,0.0,0.0,0.0,0.0,0.0,0.0,0.0,0.0,0.0,0.0,0.0,0.0,0.0,0.0,0.0,3.5,0.0,0.0,0.0,0.0,0.0,0.0,0.0,0.0,3.5,0.0
Student_272,0.0,0.0,3.0,2.0,2.5,3.5,4.0,4.0,3.5,3.5,2.0,2.5,3.5,2.0,3.0,4.0,2.0,2.5,3.5,4.0,3.0,0.0,0.0,0.0,4.0,1.5,0.0,4.0,2.5,0.0,0.0,0.0,3.0,0.0,0.0,0.0,0.0,0.0,0.0,0.0,3.5,0.0,0.0,0.0,0.0,4.0,4.0,3.5,0.0,0.0,2.5,0.0,0.0,0.0,4.0,3.0,4.0,2.0,3.0,4.0,3.5,3.5,4.0,3.0,4.0,0.0,3.0,3.5,0.0,0.0,0.0,4.0,3.0,4.0,3.5,0.0,0.0,0.0,0.0,0.0,0.0,0.0,0.0,0.0,0.0,0.0,0.0,0.0,0.0,0.0,0.0,0.0,0.0,0.0,0.0
Student_273,4.0,0.0,3.5,4.0,3.0,3.5,0.0,0.0,1.5,2.5,2.0,2.0,3.5,2.5,3.0,1.5,3.0,1.0,2.0,1.5,0.0,0.0,0.0,0.0,3.5,1.5,0.0,4.0,1.0,0.0,0.0,0.0,0.0,0.0,0.0,0.0,3.0,0.0,0.0,0.0,0.0,0.0,0.0,0.0,1.0,2.5,3.5,2.0,0.0,1.5,0.0,0.0,0.0,0.0,3.5,4.0,4.0,0.0,2.0,2.5,4.0,0.0,0.0,0.0,0.0,0.0,0.0,4.0,0.0,0.0,3.0,0.0,0.0,0.0,0.0,0.0,0.0,0.0,0.0,0.0,0.0,0.0,0.0,0.0,0.0,0.0,0.0,0.0,0.0,0.0,0.0,0.0,0.0,0.0,0.0
Student_274,4.0,3.0,3.0,2.0,3.0,4.0,3.5,4.0,2.5,3.0,2.5,3.0,3.5,3.0,1.5,2.0,3.0,3.0,3.0,2.5,3.5,0.0,0.0,0.0,2.0,0.0,3.5,4.0,2.5,0.0,0.0,0.0,0.0,0.0,0.0,0.0,0.0,0.0,0.0,0.0,0.0,0.0,0.0,0.0,3.0,0.0,1.5,0.0,0.0,0.0,0.0,0.0,0.0,0.0,0.0,4.0,0.0,3.0,4.0,3.0,3.0,3.5,4.0,3.5,4.0,0.0,0.0,4.0,0.0,0.0,0.0,4.0,4.0,0.0,4.0,0.0,0.0,0.0,0.0,0.0,0.0,0.0,0.0,0.0,0.0,0.0,0.0,0.0,0.0,0.0,0.0,0.0,4.0,3.0,0.0
Student_275,2.0,3.0,2.0,2.0,2.5,3.5,3.5,0.0,2.0,4.0,3.0,3.5,3.0,3.0,3.0,3.5,3.0,2.5,3.0,3.0,0.0,0.0,2.5,0.0,2.5,3.5,0.0,3.5,3.0,2.5,0.0,0.0,2.5,0.0,0.0,0.0,3.0,0.0,0.0,0.0,0.0,0.0,2.5,0.0,3.0,2.5,3.0,0.0,0.0,0.0,0.0,0.0,3.5,0.0,0.0,3.5,0.0,4.0,2.5,3.0,1.5,3.5,4.0,4.0,4.0,0.0,0.0,3.5,0.0,2.0,0.0,3.0,3.0,2.5,3.0,0.0,0.0,0.0,0.0,0.0,0.0,0.0,0.0,0.0,0.0,0.0,0.0,0.0,0.0,0.0,0.0,0.0,2.5,2.0,0.0
Student_276,3.5,3.5,3.5,2.5,3.5,3.5,4.0,0.0,2.5,2.0,4.0,3.0,2.5,3.0,3.5,1.0,2.5,1.0,3.0,2.5,3.5,0.0,0.0,0.0,4.0,2.0,3.5,2.0,2.5,3.0,2.5,0.0,0.0,3.5,3.5,3.0,0.0,0.0,0.0,0.0,3.0,0.0,2.5,0.0,0.0,0.0,0.0,0.0,0.0,0.0,0.0,0.0,0.0,0.0,0.0,3.0,0.0,2.0,2.0,1.5,2.5,3.5,4.0,4.0,4.0,0.0,0.0,3.0,0.0,0.0,0.0,3.5,3.5,4.0,4.0,0.0,0.0,0.0,0.0,0.0,0.0,0.0,3.5,0.0,0.0,0.0,0.0,0.0,0.0,0.0,0.0,0.0,4.0,4.0,0.0
Student_277,4.0,4.0,3.0,3.0,1.5,2.5,2.5,3.0,3.5,3.0,3.0,2.5,3.5,4.0,3.0,2.0,4.0,2.5,4.0,2.5,0.0,0.0,0.0,0.0,3.5,1.0,1.0,4.0,1.0,0.0,0.0,2.0,0.0,0.0,0.0,0.0,0.0,0.0,0.0,0.0,1.5,0.0,0.0,0.0,0.0,0.0,0.0,2.5,1.5,0.0,0.0,0.0,0.0,3.5,4.0,3.0,4.0,3.0,3.5,4.0,1.5,2.5,4.0,1.5,3.5,0.0,3.0,4.0,0.0,0.0,3.5,3.5,2.0,4.0,2.0,0.0,0.0,0.0,3.0,0.0,0.0,0.0,0.0,0.0,0.0,0.0,0.0,0.0,0.0,0.0,0.0,0.0,3.5,4.0,0.0
Student_278,3.0,2.0,2.0,1.0,1.0,3.5,1.0,0.0,2.5,1.5,2.0,1.5,3.0,2.0,1.0,1.0,1.0,1.5,2.0,2.0,2.5,0.0,0.0,0.0,2.5,1.0,2.0,2.0,2.0,1.5,0.0,0.0,0.0,3.5,0.0,2.0,0.0,2.0,0.0,0.0,3.0,0.0,0.0,0.0,0.0,0.0,0.0,0.0,2.5,0.0,2.0,0.0,0.0,0.0,0.0,2.5,0.0,2.0,2.0,3.5,2.0,3.0,3.5,3.5,4.0,0.0,0.0,3.5,0.0,0.0,0.0,3.0,1.5,4.0,2.0,0.0,0.0,0.0,0.0,0.0,0.0,0.0,0.0,0.0,0.0,0.0,0.0,3.0,0.0,0.0,0.0,0.0,3.5,3.0,0.0
Student_279,2.5,3.5,2.5,2.0,1.5,4.0,3.0,0.0,2.5,2.5,3.0,3.0,2.5,3.0,3.0,3.0,2.5,3.0,3.0,2.0,0.0,0.0,4.0,0.0,2.5,1.0,0.0,3.0,3.0,4.0,0.0,2.5,0.0,0.0,4.0,0.0,4.0,3.5,0.0,0.0,0.0,0.0,0.0,0.0,0.0,2.5,0.0,0.0,4.0,0.0,0.0,2.0,0.0,0.0,0.0,4.0,0.0,2.5,1.0,3.0,4.0,4.0,4.0,3.0,4.0,0.0,0.0,4.0,0.0,0.0,3.0,2.5,2.0,4.0,2.5,0.0,0.0,0.0,0.0,0.0,0.0,0.0,0.0,0.0,0.0,0.0,0.0,0.0,0.0,0.0,0.0,0.0,3.0,3.0,0.0
Student_28,3.0,2.0,3.0,1.0,2.0,4.0,3.0,0.0,2.0,3.0,4.0,3.0,4.0,3.5,3.0,2.5,1.5,2.5,3.0,3.5,0.0,0.0,0.0,0.0,3.0,2.0,4.0,3.0,2.5,3.0,0.0,0.0,4.0,0.0,4.0,0.0,2.5,4.0,0.0,0.0,0.0,0.0,3.0,0.0,0.0,0.0,4.0,0.0,0.0,0.0,0.0,0.0,0.0,0.0,0.0,4.0,0.0,3.5,3.0,2.5,2.5,2.5,3.0,3.5,4.0,0.0,0.0,4.0,0.0,3.0,0.0,2.0,2.5,2.0,1.0,0.0,0.0,0.0,0.0,0.0,0.0,0.0,0.0,0.0,0.0,0.0,0.0,0.0,0.0,0.0,3.5,0.0,2.5,3.5,0.0
Student_280,2.0,3.0,2.0,2.5,3.0,2.5,1.5,0.0,2.0,2.0,2.0,2.5,2.0,3.0,1.5,2.5,4.0,2.5,2.5,2.0,0.0,0.0,0.0,0.0,2.0,3.5,3.0,3.0,2.5,2.5,0.0,3.5,0.0,0.0,0.0,4.0,2.0,0.0,0.0,0.0,0.0,0.0,0.0,0.0,0.0,0.0,3.0,2.5,0.0,0.0,2.0,0.0,0.0,0.0,0.0,3.5,0.0,3.0,2.5,2.5,2.5,3.5,4.0,3.5,4.0,0.0,0.0,2.5,0.0,0.0,1.5,2.5,2.5,3.5,1.0,0.0,0.0,0.0,0.0,0.0,0.0,0.0,0.0,0.0,0.0,0.0,0.0,0.0,0.0,0.0,0.0,0.0,2.5,2.0,0.0
Student_281,4.0,4.0,4.0,0.0,3.0,0.0,4.0,4.0,4.0,4.0,4.0,3.5,3.5,4.0,3.5,4.0,3.5,3.0,4.0,4.0,0.0,0.0,0.0,0.0,4.0,4.0,0.0,4.0,4.0,0.0,0.0,0.0,0.0,0.0,0.0,0.0,4.0,0.0,0.0,0.0,0.0,0.0,0.0,0.0,4.0,4.0,0.0,4.0,0.0,0.0,4.0,0.0,0.0,0.0,4.0,4.0,4.0,0.0,4.0,3.5,3.5,0.0,0.0,4.0,4.0,0.0,0.0,3.5,0.0,4.0,0.0,0.0,0.0,0.0,4.0,0.0,0.0,0.0,0.0,0.0,0.0,0.0,0.0,0.0,0.0,0.0,0.0,0.0,0.0,0.0,0.0,0.0,4.0,4.0,0.0
Student_282,3.5,2.0,3.0,2.5,2.5,4.0,1.0,0.0,3.0,2.5,3.0,2.5,3.0,3.0,4.0,2.5,3.0,3.0,3.5,2.0,0.0,0.0,0.0,0.0,1.5,2.5,2.0,3.5,2.0,2.5,0.0,3.5,0.0,0.0,2.5,0.0,0.0,0.0,0.0,0.0,0.0,0.0,2.5,0.0,0.0,2.5,0.0,2.0,0.0,0.0,0.0,3.0,0.0,0.0,0.0,3.5,0.0,2.0,1.5,3.0,3.5,4.0,4.0,4.0,4.0,0.0,0.0,4.0,0.0,0.0,3.0,3.0,2.0,2.5,1.5,0.0,0.0,0.0,0.0,0.0,0.0,0.0,0.0,0.0,0.0,0.0,0.0,0.0,0.0,0.0,0.0,0.0,2.5,3.0,0.0
Student_283,3.0,4.0,2.5,3.5,3.0,2.0,4.0,3.0,3.0,4.0,3.5,2.0,3.0,3.5,2.5,3.0,3.5,2.5,4.0,4.0,2.5,0.0,0.0,0.0,4.0,3.5,3.0,4.0,2.0,3.5,0.0,0.0,3.0,0.0,0.0,0.0,0.0,0.0,0.0,0.0,2.5,0.0,0.0,0.0,0.0,0.0,3.0,0.0,0.0,0.0,0.0,0.0,0.0,3.0,4.0,4.0,4.0,2.5,2.0,4.0,2.5,4.0,4.0,3.0,4.0,0.0,0.0,3.5,0.0,0.0,0.0,4.0,4.0,4.0,3.5,0.0,0.0,0.0,0.0,0.0,0.0,0.0,0.0,0.0,0.0,0.0,0.0,0.0,0.0,0.0,0.0,0.0,2.5,3.5,0.0
Student_284,4.0,4.0,4.0,3.5,4.0,3.5,4.0,4.0,4.0,3.0,4.0,4.0,4.0,4.0,4.0,4.0,4.0,4.0,4.0,4.0,4.0,0.0,0.0,0.0,4.0,4.0,0.0,4.0,4.0,4.0,0.0,0.0,0.0,0.0,0.0,0.0,0.0,0.0,0.0,0.0,4.0,0.0,0.0,0.0,0.0,4.0,0.0,0.0,4.0,4.0,4.0,0.0,0.0,0.0,4.0,4.0,4.0,4.0,4.0,4.0,4.0,3.5,4.0,4.0,4.0,0.0,4.0,4.0,0.0,0.0,0.0,4.0,4.0,3.5,4.0,0.0,0.0,0.0,0.0,0.0,0.0,0.0,0.0,0.0,0.0,0.0,0.0,0.0,0.0,0.0,4.0,0.0,4.0,4.0,0.0
Student_285,4.0,4.0,4.0,2.5,3.0,3.0,3.5,2.5,4.0,3.5,3.5,2.5,3.0,4.0,4.0,4.0,4.0,3.0,3.5,4.0,4.0,0.0,0.0,0.0,3.5,4.0,0.0,4.0,3.0,4.0,0.0,3.0,0.0,0.0,0.0,2.5,0.0,0.0,0.0,0.0,2.5,0.0,0.0,0.0,4.0,4.0,0.0,0.0,0.0,0.0,3.5,0.0,0.0,4.0,0.0,4.0,0.0,2.0,3.5,3.5,3.0,3.5,4.0,3.5,4.0,0.0,0.0,4.0,0.0,0.0,0.0,2.0,2.5,2.5,4.0,0.0,0.0,0.0,0.0,0.0,0.0,4.0,0.0,0.0,0.0,0.0,0.0,0.0,0.0,0.0,0.0,0.0,4.0,4.0,0.0
Student_286,0.0,0.0,0.0,0.0,0.0,4.0,0.0,0.0,3.5,3.0,0.0,3.5,4.0,4.0,2.0,2.0,2.5,1.5,3.5,0.0,0.0,0.0,0.0,0.0,3.5,3.5,4.0,0.0,3.5,3.5,0.0,0.0,0.0,3.0,0.0,0.0,0.0,3.0,0.0,0.0,3.0,4.0,0.0,0.0,0.0,0.0,0.0,0.0,0.0,0.0,2.0,3.5,0.0,0.0,0.0,4.0,0.0,0.0,0.0,3.5,0.0,0.0,4.0,0.0,0.0,0.0,0.0,4.0,0.0,2.0,0.0,0.0,0.0,0.0,0.0,0.0,0.0,0.0,0.0,0.0,0.0,0.0,0.0,0.0,0.0,0.0,0.0,4.0,0.0,0.0,0.0,0.0,0.0,0.0,0.0
Student_287,3.5,3.0,2.5,0.0,0.0,3.0,1.0,0.0,1.0,1.0,0.0,2.0,2.5,0.0,2.5,2.0,1.5,2.5,1.5,1.0,0.0,0.0,0.0,0.0,3.0,2.0,0.0,3.5,1.5,1.5,0.0,3.0,0.0,0.0,0.0,0.0,2.5,0.0,0.0,0.0,0.0,0.0,0.0,0.0,0.0,1.0,0.0,0.0,1.0,2.0,2.0,0.0,0.0,4.0,0.0,3.5,0.0,0.0,0.0,2.5,1.5,0.0,0.0,0.0,0.0,0.0,0.0,3.0,0.0,0.0,1.0,0.0,0.0,0.0,0.0,0.0,4.0,0.0,0.0,0.0,0.0,0.0,0.0,0.0,0.0,0.0,0.0,0.0,0.0,0.0,0.0,0.0,0.0,2.5,0.0
Student_288,3.5,3.0,3.5,3.0,4.0,3.0,3.5,4.0,4.0,4.0,3.5,3.0,2.5,3.0,4.0,2.5,2.5,3.0,3.5,4.0,0.0,0.0,0.0,0.0,4.0,3.5,0.0,4.0,3.0,0.0,0.0,0.0,0.0,0.0,4.0,0.0,0.0,0.0,0.0,0.0,2.5,0.0,0.0,0.0,2.0,4.0,0.0,0.0,0.0,3.5,2.5,0.0,0.0,0.0,4.0,4.0,4.0,3.5,3.5,4.0,3.5,3.5,4.0,4.0,2.5,0.0,0.0,4.0,0.0,3.0,0.0,4.0,4.0,3.5,3.0,0.0,0.0,0.0,0.0,0.0,0.0,0.0,0.0,0.0,0.0,0.0,0.0,0.0,0.0,0.0,4.0,0.0,4.0,4.0,0.0
Student_289,4.0,3.5,2.0,3.0,1.5,2.0,3.0,0.0,4.0,3.0,3.5,2.0,3.0,3.0,2.0,4.0,3.5,3.5,4.0,4.0,4.0,0.0,0.0,0.0,3.5,3.5,4.0,3.0,3.5,3.5,0.0,0.0,0.0,4.0,4.0,0.0,0.0,0.0,0.0,0.0,2.5,0.0,0.0,0.0,4.0,0.0,0.0,0.0,0.0,0.0,0.0,4.0,3.0,0.0,0.0,4.0,0.0,2.5,2.0,4.0,4.0,3.5,4.0,3.5,4.0,0.0,0.0,3.0,0.0,0.0,0.0,3.0,2.0,4.0,2.5,0.0,0.0,0.0,0.0,0.0,0.0,0.0,0.0,4.0,0.0,0.0,0.0,0.0,0.0,0.0,0.0,0.0,3.5,4.0,0.0
Student_29,3.5,3.5,4.0,0.0,4.0,3.5,0.0,4.0,4.0,2.0,4.0,2.5,3.5,4.0,3.5,3.5,4.0,3.5,4.0,4.0,0.0,0.0,0.0,0.0,4.0,4.0,3.5,4.0,3.5,0.0,0.0,0.0,3.5,0.0,0.0,0.0,0.0,0.0,0.0,0.0,3.0,0.0,0.0,0.0,0.0,0.0,0.0,0.0,4.0,0.0,3.0,0.0,0.0,4.0,4.0,4.0,4.0,0.0,3.5,4.0,3.5,0.0,0.0,3.0,4.0,0.0,4.0,4.0,0.0,0.0,3.5,0.0,0.0,3.0,3.5,0.0,0.0,0.0,0.0,0.0,0.0,0.0,0.0,0.0,0.0,0.0,0.0,0.0,0.0,0.0,0.0,0.0,3.0,4.0,0.0
Student_290,4.0,0.0,3.5,0.0,2.5,3.0,0.0,1.5,2.0,2.0,2.5,2.0,3.0,3.0,2.5,2.5,3.5,2.0,4.0,2.5,3.0,0.0,0.0,0.0,3.5,2.0,3.0,4.0,4.0,0.0,0.0,0.0,2.0,0.0,4.0,0.0,0.0,0.0,0.0,0.0,1.5,0.0,0.0,0.0,0.0,0.0,0.0,0.0,0.0,2.0,0.0,0.0,0.0,2.0,3.5,4.0,4.0,0.0,2.5,4.0,3.5,0.0,0.0,2.5,4.0,0.0,0.0,3.5,0.0,0.0,0.0,0.0,0.0,3.5,3.5,0.0,0.0,0.0,0.0,0.0,0.0,0.0,0.0,0.0,0.0,0.0,0.0,0.0,0.0,0.0,0.0,0.0,3.5,2.0,0.0
Student_291,3.5,4.0,4.0,0.0,3.5,0.0,3.5,4.0,0.0,0.0,0.0,0.0,0.0,2.0,2.5,0.0,2.5,0.0,1.0,3.0,0.0,0.0,0.0,0.0,0.0,0.0,0.0,0.0,0.0,0.0,0.0,0.0,0.0,0.0,0.0,0.0,0.0,0.0,0.0,0.0,3.0,0.0,0.0,0.0,0.0,3.5,0.0,0.0,0.0,0.0,0.0,0.0,0.0,0.0,0.0,0.0,0.0,0.0,0.0,0.0,3.75,2.5,4.0,3.0,4.0,0.0,4.0,4.0,0.0,0.0,0.0,3.0,3.5,0.0,2.0,0.0,0.0,0.0,0.0,3.75,0.0,0.0,0.0,0.0,0.0,0.0,0.0,0.0,0.0,0.0,0.0,0.0,0.0,0.0,3.25
Student_292,0.0,0.0,3.0,3.5,3.5,4.0,4.0,4.0,2.75,2.5,3.0,3.0,3.5,3.0,4.0,3.0,3.5,3.25,3.25,3.25,0.0,0.0,0.0,3.75,3.5,4.0,3.0,4.0,4.0,0.0,0.0,3.5,2.5,0.0,0.0,0.0,0.0,0.0,0.0,0.0,0.0,0.0,0.0,0.0,4.0,3.75,0.0,0.0,0.0,0.0,2.75,0.0,0.0,0.0,4.0,4.0,0.0,3.5,4.0,3.5,3.75,4.0,4.0,4.0,4.0,4.0,4.0,4.0,0.0,0.0,0.0,4.0,4.0,3.5,4.0,0.0,0.0,0.0,3.75,0.0,0.0,0.0,0.0,0.0,0.0,0.0,0.0,0.0,0.0,0.0,0.0,0.0,0.0,0.0,0.0
Student_293,2.5,3.5,2.5,3.0,2.0,2.0,3.0,0.0,3.0,3.5,4.0,2.0,3.5,3.0,3.0,3.5,3.5,3.0,3.5,3.0,3.0,0.0,0.0,0.0,3.5,2.0,3.5,3.0,2.0,4.0,0.0,2.5,3.0,0.0,0.0,0.0,2.5,0.0,0.0,0.0,0.0,0.0,0.0,0.0,0.0,0.0,3.0,3.5,0.0,0.0,2.5,0.0,0.0,0.0,0.0,4.0,0.0,1.5,2.0,3.0,3.0,3.5,3.5,3.5,4.0,0.0,0.0,4.0,0.0,0.0,0.0,2.0,2.0,3.0,2.5,0.0,0.0,0.0,0.0,0.0,3.0,0.0,0.0,0.0,0.0,0.0,0.0,0.0,0.0,0.0,0.0,0.0,1.5,2.0,0.0
Student_294,0.0,4.0,3.0,1.5,2.5,4.0,2.5,3.5,3.0,2.5,1.5,2.0,1.5,2.0,2.5,2.0,4.0,1.0,4.0,2.0,3.0,0.0,0.0,0.0,2.0,2.0,2.5,3.5,2.0,0.0,0.0,2.0,0.0,0.0,0.0,0.0,0.0,0.0,0.0,0.0,0.0,0.0,0.0,0.0,0.0,0.0,0.0,0.0,2.0,0.0,0.0,0.0,0.0,4.0,4.0,3.0,4.0,2.5,1.0,4.0,3.5,3.5,4.0,2.0,4.0,0.0,2.5,4.0,0.0,0.0,0.0,3.5,2.5,3.5,2.5,0.0,0.0,0.0,0.0,0.0,0.0,3.0,0.0,0.0,0.0,0.0,0.0,0.0,0.0,0.0,0.0,0.0,4.0,3.5,0.0
Student_295,4.0,4.0,1.5,3.0,2.5,3.5,4.0,4.0,1.5,1.0,3.0,2.0,2.5,2.5,3.5,2.0,3.0,1.5,3.0,2.5,3.0,0.0,0.0,0.0,3.0,3.0,0.0,4.0,2.0,0.0,0.0,0.0,0.0,0.0,0.0,0.0,0.0,0.0,0.0,0.0,2.0,0.0,0.0,0.0,2.5,4.0,0.0,3.0,0.0,3.5,2.5,0.0,0.0,0.0,3.5,3.0,0.0,2.0,1.0,4.0,2.5,3.0,4.0,2.5,4.0,0.0,3.5,4.0,0.0,0.0,0.0,3.5,3.0,3.0,3.5,0.0,0.0,0.0,0.0,0.0,0.0,0.0,0.0,0.0,0.0,0.0,0.0,0.0,0.0,0.0,0.0,0.0,3.5,3.5,0.0
Student_296,3.0,4.0,4.0,3.0,3.5,1.5,3.5,0.0,2.5,3.5,2.5,2.5,3.0,4.0,3.5,3.5,3.0,3.0,3.0,1.5,2.5,0.0,0.0,0.0,2.0,3.5,0.0,3.5,2.5,3.5,0.0,0.0,1.0,0.0,3.5,0.0,0.0,0.0,0.0,0.0,2.5,2.5,1.0,0.0,0.0,3.0,0.0,0.0,0.0,0.0,0.0,1.5,0.0,0.0,0.0,4.0,0.0,2.0,3.0,2.0,4.0,4.0,4.0,4.0,3.5,0.0,0.0,4.0,0.0,0.0,0.0,3.0,2.0,2.5,4.0,0.0,0.0,0.0,0.0,0.0,0.0,0.0,0.0,0.0,0.0,0.0,0.0,3.0,0.0,0.0,0.0,0.0,2.5,4.0,0.0
Student_297,2.5,2.0,1.0,2.0,1.0,4.0,1.5,0.0,1.5,2.0,1.0,1.0,4.0,3.5,2.0,3.0,2.0,2.5,3.5,3.5,0.0,0.0,0.0,0.0,3.0,3.0,3.5,4.0,1.5,1.0,0.0,0.0,0.0,0.0,3.5,4.0,0.0,0.0,0.0,0.0,3.5,0.0,0.0,0.0,0.0,0.0,0.0,0.0,0.0,0.0,3.0,3.0,3.5,0.0,0.0,4.0,0.0,1.5,1.5,1.5,2.5,2.0,4.0,2.0,4.0,0.0,0.0,4.0,0.0,0.0,2.5,4.0,2.5,1.5,2.5,0.0,0.0,0.0,0.0,0.0,0.0,0.0,0.0,0.0,0.0,0.0,4.0,0.0,0.0,0.0,0.0,0.0,3.5,2.0,0.0
Student_298,4.0,3.5,3.5,4.0,3.5,3.5,4.0,3.0,4.0,3.0,4.0,4.0,4.0,3.5,3.5,4.0,4.0,3.0,4.0,4.0,0.0,0.0,0.0,0.0,4.0,3.0,3.5,4.0,4.0,0.0,0.0,0.0,0.0,0.0,0.0,0.0,0.0,0.0,0.0,0.0,0.0,0.0,0.0,0.0,3.75,4.0,0.0,0.0,0.0,0.0,3.0,0.0,4.0,4.0,4.0,4.0,0.0,3.0,4.0,4.0,3.5,4.0,4.0,4.0,4.0,0.0,4.0,4.0,0.0,0.0,4.0,4.0,4.0,4.0,4.0,0.0,0.0,0.0,4.0,0.0,0.0,0.0,0.0,0.0,0.0,0.0,0.0,0.0,0.0,0.0,0.0,0.0,4.0,3.0,0.0
Student_299,4.0,3.0,3.5,1.5,2.5,2.5,3.0,0.0,2.0,2.0,3.0,3.0,2.0,2.5,2.0,2.0,1.0,2.0,2.0,1.0,1.5,0.0,0.0,0.0,1.5,2.0,0.0,4.0,1.5,1.5,0.0,2.0,0.0,0.0,0.0,0.0,0.0,0.0,0.0,0.0,2.5,0.0,0.0,0.0,0.0,0.0,2.5,0.0,1.0,1.0,1.0,0.0,0.0,0.0,0.0,4.0,0.0,1.5,2.0,3.5,1.0,2.0,4.0,3.5,3.5,0.0,0.0,2.0,0.0,0.0,2.0,2.0,2.5,1.0,2.0,0.0,3.5,0.0,0.0,0.0,0.0,0.0,0.0,0.0,0.0,0.0,0.0,0.0,0.0,0.0,0.0,0.0,4.0,4.0,0.0
Student_3,4.0,3.5,0.0,0.0,0.0,0.0,0.0,0.0,0.0,0.0,0.0,0.0,0.0,0.0,0.0,0.0,0.0,0.0,0.0,0.0,0.0,0.0,0.0,0.0,0.0,0.0,0.0,0.0,0.0,0.0,0.0,0.0,0.0,0.0,0.0,0.0,0.0,0.0,0.0,0.0,0.0,0.0,0.0,0.0,0.0,0.0,0.0,0.0,0.0,0.0,0.0,0.0,0.0,0.0,0.0,0.0,0.0,0.0,0.0,0.0,0.0,0.0,0.0,0.0,0.0,0.0,0.0,0.0,0.0,0.0,0.0,4.0,3.5,0.0,0.0,0.0,0.0,0.0,0.0,0.0,0.0,0.0,0.0,0.0,0.0,0.0,0.0,0.0,0.0,0.0,0.0,0.0,2.5,3.0,0.0
Student_30,3.5,3.5,4.0,2.0,2.0,3.0,2.0,0.0,1.5,1.0,2.0,2.0,2.0,3.5,2.0,1.0,1.0,1.5,1.5,1.5,2.0,0.0,0.0,0.0,3.0,1.0,2.0,2.5,1.0,3.0,0.0,3.0,0.0,0.0,0.0,2.0,0.0,0.0,0.0,2.0,2.5,1.0,0.0,0.0,0.0,0.0,0.0,0.0,0.0,0.0,0.0,0.0,2.0,0.0,0.0,3.0,0.0,1.0,1.0,1.0,3.0,2.5,3.0,2.5,4.0,0.0,0.0,3.5,0.0,0.0,0.0,2.0,1.0,1.0,1.5,0.0,0.0,0.0,0.0,0.0,0.0,3.5,0.0,0.0,0.0,0.0,0.0,0.0,0.0,0.0,0.0,0.0,3.5,3.0,0.0
Student_300,4.0,3.5,3.0,2.5,3.5,3.5,2.5,4.0,2.5,3.0,3.0,3.5,4.0,3.0,2.0,2.0,2.0,2.0,3.5,1.0,3.0,0.0,0.0,0.0,2.5,1.0,0.0,4.0,4.0,2.0,0.0,0.0,2.5,0.0,0.0,0.0,0.0,0.0,0.0,0.0,3.5,0.0,0.0,0.0,0.0,3.0,0.0,2.0,0.0,0.0,1.0,0.0,0.0,0.0,4.0,4.0,4.0,3.0,3.0,4.0,2.5,3.0,4.0,3.5,4.0,0.0,0.0,4.0,0.0,0.0,0.0,4.0,3.5,4.0,4.0,3.5,0.0,0.0,0.0,0.0,0.0,0.0,0.0,0.0,0.0,0.0,0.0,0.0,0.0,0.0,0.0,0.0,4.0,4.0,0.0
Student_301,3.5,3.5,3.0,3.0,2.0,4.0,2.5,3.5,3.5,3.5,3.0,3.5,3.0,3.5,3.0,3.0,3.0,2.5,4.0,3.0,2.5,0.0,0.0,0.0,4.0,4.0,0.0,3.5,2.5,0.0,0.0,0.0,3.0,0.0,0.0,0.0,0.0,0.0,0.0,0.0,3.0,0.0,0.0,0.0,4.0,4.0,0.0,3.5,0.0,0.0,3.0,0.0,0.0,0.0,4.0,4.0,4.0,2.5,3.5,3.5,3.0,3.5,4.0,3.0,4.0,0.0,0.0,4.0,0.0,0.0,0.0,3.5,3.5,2.5,4.0,0.0,0.0,0.0,0.0,0.0,0.0,0.0,0.0,0.0,0.0,0.0,0.0,4.0,0.0,0.0,0.0,0.0,3.5,4.0,0.0
Student_302,4.0,4.0,4.0,3.0,4.0,2.5,2.5,0.0,3.5,3.0,3.5,2.5,3.5,3.5,2.0,3.0,3.5,3.0,4.0,3.5,0.0,0.0,0.0,0.0,1.5,3.0,0.0,1.5,2.5,4.0,0.0,2.5,3.0,0.0,0.0,0.0,3.5,0.0,0.0,0.0,4.0,0.0,0.0,0.0,3.5,3.5,0.0,3.5,0.0,1.5,0.0,0.0,0.0,0.0,0.0,4.0,0.0,2.0,3.5,2.0,3.0,4.0,4.0,3.5,4.0,0.0,0.0,3.5,0.0,0.0,0.0,4.0,3.5,4.0,3.0,0.0,0.0,0.0,0.0,0.0,0.0,0.0,4.0,0.0,0.0,0.0,0.0,0.0,0.0,0.0,0.0,0.0,3.0,2.5,0.0
Student_303,0.0,0.0,2.5,0.0,2.0,0.0,4.0,0.0,0.0,0.0,0.0,0.0,0.0,2.5,3.0,2.5,3.5,0.0,2.25,2.5,0.0,0.0,0.0,0.0,0.0,0.0,0.0,0.0,0.0,0.0,0.0,0.0,0.0,0.0,0.0,0.0,0.0,0.0,0.0,0.0,0.0,0.0,0.0,0.0,0.0,3.0,0.0,0.0,0.0,0.0,0.0,0.0,0.0,0.0,0.0,0.0,0.0,0.0,0.0,0.0,3.5,3.0,4.0,2.5,4.0,4.0,3.0,4.0,0.0,0.0,0.0,2.5,3.0,0.0,3.0,0.0,0.0,0.0,0.0,0.0,0.0,0.0,0.0,0.0,0.0,0.0,0.0,0.0,0.0,0.0,3.0,0.0,0.0,0.0,3.5
Student_304,2.5,2.5,3.0,2.5,1.0,3.0,2.5,1.5,2.5,3.0,3.5,2.5,2.5,3.0,3.0,2.5,2.5,3.5,2.5,3.0,2.5,0.0,0.0,0.0,2.5,1.5,4.0,3.0,2.5,2.0,0.0,3.0,0.0,0.0,2.0,0.0,0.0,3.5,0.0,0.0,2.5,0.0,0.0,0.0,1.0,0.0,0.0,0.0,0.0,0.0,3.0,0.0,0.0,0.0,0.0,4.0,0.0,2.0,3.5,4.0,3.0,4.0,4.0,3.0,4.0,0.0,0.0,4.0,0.0,0.0,0.0,1.0,3.5,3.5,3.0,0.0,0.0,0.0,4.0,0.0,0.0,0.0,0.0,0.0,0.0,0.0,0.0,0.0,0.0,0.0,0.0,0.0,3.5,4.0,0.0
Student_305,0.0,0.0,3.0,0.0,0.0,0.0,3.5,0.0,3.0,3.5,4.0,3.0,3.0,3.5,4.0,3.5,4.0,4.0,3.5,2.5,0.0,0.0,0.0,0.0,2.5,3.5,2.0,1.5,0.0,2.5,4.0,3.5,0.0,0.0,0.0,0.0,0.0,0.0,0.0,0.0,0.0,0.0,0.0,0.0,0.0,0.0,0.0,0.0,0.0,0.0,0.0,0.0,0.0,0.0,0.0,4.0,0.0,2.0,1.0,2.0,0.0,0.0,0.0,0.0,0.0,0.0,0.0,4.0,0.0,0.0,3.0,0.0,4.0,0.0,0.0,3.5,0.0,0.0,0.0,0.0,0.0,0.0,0.0,0.0,0.0,0.0,0.0,0.0,0.0,0.0,0.0,0.0,0.0,0.0,0.0
Student_306,3.5,2.0,3.0,1.5,2.0,4.0,2.5,0.0,1.5,1.5,2.0,2.5,3.0,3.5,2.5,3.0,3.0,2.5,3.0,3.5,0.0,0.0,3.5,0.0,2.5,4.0,3.5,1.5,2.0,1.0,0.0,0.0,0.0,0.0,2.5,2.0,0.0,0.0,0.0,0.0,0.0,0.0,3.5,0.0,3.5,0.0,0.0,0.0,0.0,0.0,0.0,0.0,3.0,0.0,0.0,4.0,0.0,2.0,3.0,2.5,4.0,4.0,3.5,4.0,4.0,0.0,0.0,4.0,0.0,2.0,3.5,3.0,3.0,2.0,3.0,0.0,0.0,0.0,0.0,0.0,0.0,0.0,0.0,0.0,0.0,0.0,0.0,0.0,0.0,0.0,0.0,0.0,2.0,3.0,0.0
Student_307,4.0,4.0,3.0,3.0,3.0,4.0,4.0,4.0,3.5,2.5,3.5,3.0,3.0,3.5,2.5,3.0,3.5,3.5,3.5,3.0,3.5,0.0,0.0,0.0,4.0,3.5,3.75,3.5,3.5,0.0,0.0,0.0,0.0,0.0,0.0,0.0,0.0,0.0,0.0,0.0,0.0,0.0,0.0,0.0,2.75,3.5,0.0,3.25,0.0,0.0,2.75,0.0,0.0,4.0,4.0,4.0,0.0,3.5,3.0,4.0,3.25,3.0,4.0,3.0,4.0,0.0,4.0,4.0,0.0,0.0,0.0,4.0,3.5,4.0,3.5,0.0,0.0,0.0,0.0,0.0,0.0,0.0,0.0,0.0,0.0,0.0,0.0,3.5,0.0,0.0,0.0,0.0,4.0,4.0,0.0
Student_308,3.0,3.0,2.5,3.5,3.5,2.0,1.5,2.5,3.5,3.5,2.5,3.0,3.5,2.0,1.0,3.5,1.5,3.0,4.0,3.5,2.5,0.0,0.0,0.0,3.5,2.5,2.5,2.0,3.0,4.0,0.0,3.0,2.5,0.0,0.0,0.0,0.0,0.0,0.0,0.0,0.0,0.0,0.0,0.0,2.0,2.0,0.0,0.0,0.0,3.5,3.5,0.0,0.0,0.0,0.0,4.0,0.0,3.5,2.0,3.5,2.5,3.5,4.0,2.0,4.0,0.0,0.0,3.0,0.0,0.0,0.0,2.5,2.0,4.0,2.0,0.0,0.0,0.0,4.0,0.0,0.0,0.0,0.0,0.0,0.0,0.0,0.0,0.0,0.0,0.0,0.0,0.0,4.0,3.0,0.0
Student_309,3.0,3.0,2.0,1.0,1.0,3.5,1.5,0.0,3.0,1.5,2.5,2.5,1.5,2.0,2.0,3.0,1.5,1.0,2.5,2.5,0.0,0.0,0.0,0.0,2.0,2.5,2.5,3.5,1.5,2.0,0.0,0.0,1.5,0.0,0.0,0.0,1.5,0.0,0.0,0.0,0.0,0.0,0.0,0.0,1.0,0.0,3.0,0.0,0.0,0.0,2.0,2.5,0.0,0.0,0.0,4.0,0.0,3.0,2.0,3.5,2.0,3.5,3.5,3.5,4.0,0.0,0.0,3.0,0.0,0.0,2.5,2.5,2.0,4.0,2.5,0.0,0.0,0.0,0.0,0.0,0.0,0.0,0.0,0.0,0.0,0.0,0.0,3.5,0.0,0.0,0.0,0.0,4.0,4.0,0.0
Student_31,4.0,3.5,1.5,4.0,1.5,2.0,1.0,0.0,2.5,1.5,3.0,3.0,3.0,2.5,2.5,3.0,1.5,2.0,2.0,1.5,0.0,0.0,0.0,0.0,2.0,1.0,0.0,3.0,2.0,2.5,0.0,3.0,3.0,0.0,0.0,0.0,4.0,0.0,0.0,0.0,0.0,0.0,0.0,0.0,0.0,3.0,3.5,2.5,0.0,3.0,0.0,0.0,0.0,0.0,0.0,4.0,0.0,2.0,3.0,3.5,3.5,2.0,3.5,2.5,3.0,0.0,0.0,4.0,0.0,0.0,2.5,3.0,3.0,3.5,2.0,0.0,0.0,0.0,0.0,0.0,0.0,3.0,0.0,0.0,0.0,0.0,0.0,0.0,0.0,0.0,0.0,0.0,4.0,2.5,0.0
Student_310,4.0,3.0,2.5,2.0,2.5,2.5,1.0,0.0,1.5,2.0,2.0,2.0,4.0,2.5,3.0,3.0,2.5,3.0,2.5,2.5,0.0,0.0,0.0,0.0,1.0,2.5,3.0,3.5,1.5,3.0,2.0,0.0,0.0,0.0,0.0,3.0,0.0,0.0,0.0,2.5,1.5,0.0,1.0,0.0,0.0,0.0,0.0,3.5,0.0,0.0,0.0,0.0,0.0,0.0,0.0,4.0,0.0,1.5,1.0,1.0,2.5,3.5,3.0,2.0,3.5,0.0,0.0,3.5,0.0,0.0,4.0,3.0,3.0,3.5,2.0,0.0,0.0,0.0,4.0,0.0,0.0,0.0,0.0,0.0,0.0,0.0,0.0,0.0,0.0,0.0,0.0,0.0,3.5,4.0,0.0
Student_311,3.5,2.5,4.0,2.5,3.0,3.5,1.5,0.0,2.0,1.5,3.0,2.5,2.0,2.0,2.0,2.0,4.0,2.0,2.0,1.0,1.0,0.0,0.0,0.0,2.5,1.5,2.5,3.5,2.5,3.5,0.0,0.0,3.0,0.0,3.0,0.0,0.0,0.0,0.0,0.0,3.0,0.0,0.0,0.0,2.0,0.0,0.0,0.0,0.0,0.0,2.5,4.0,0.0,0.0,0.0,4.0,0.0,2.5,1.5,3.0,2.0,3.0,4.0,3.0,4.0,0.0,0.0,3.5,0.0,0.0,0.0,2.0,3.0,2.5,2.5,0.0,3.0,0.0,0.0,0.0,0.0,0.0,0.0,0.0,0.0,0.0,0.0,0.0,0.0,0.0,0.0,0.0,3.5,3.5,0.0
Student_312,3.0,2.0,1.5,2.5,2.0,2.5,1.5,0.0,2.0,2.5,2.5,2.5,2.0,3.0,2.0,2.5,2.5,2.5,2.5,2.5,0.0,0.0,0.0,0.0,1.5,1.0,2.0,4.0,2.5,1.5,0.0,1.5,1.0,0.0,0.0,0.0,0.0,0.0,0.0,0.0,1.5,0.0,0.0,0.0,0.0,2.5,0.0,0.0,2.0,0.0,2.0,0.0,2.0,0.0,0.0,3.5,0.0,1.5,2.5,2.0,3.0,3.0,3.0,3.0,4.0,0.0,0.0,2.5,0.0,0.0,0.0,2.0,2.0,1.5,2.0,0.0,0.0,0.0,0.0,0.0,0.0,0.0,0.0,0.0,0.0,0.0,0.0,3.0,0.0,0.0,0.0,0.0,2.5,3.0,0.0
Student_313,0.0,0.0,2.5,0.0,3.0,0.0,4.0,0.0,0.0,0.0,0.0,0.0,0.0,2.75,2.5,0.0,3.0,0.0,2.75,2.75,0.0,0.0,0.0,0.0,0.0,0.0,0.0,0.0,0.0,0.0,0.0,0.0,0.0,0.0,0.0,0.0,0.0,0.0,0.0,0.0,0.0,0.0,0.0,0.0,0.0,3.75,0.0,0.0,0.0,0.0,0.0,0.0,0.0,0.0,0.0,0.0,0.0,0.0,0.0,0.0,3.5,0.0,0.0,0.0,0.0,0.0,0.0,4.0,0.0,0.0,0.0,0.0,0.0,0.0,0.0,0.0,0.0,0.0,0.0,0.0,0.0,0.0,0.0,0.0,0.0,0.0,0.0,4.0,0.0,0.0,0.0,0.0,0.0,0.0,3.5
Student_314,2.5,4.0,3.5,4.0,2.5,4.0,2.0,0.0,2.5,2.0,3.5,2.0,3.0,2.0,1.5,2.5,1.0,2.5,2.0,2.0,0.0,0.0,0.0,0.0,2.0,2.0,0.0,2.5,2.5,3.0,0.0,3.5,0.0,0.0,0.0,0.0,0.0,0.0,0.0,0.0,2.0,0.0,0.0,0.0,0.0,0.0,3.5,0.0,4.0,0.0,3.0,2.0,0.0,0.0,0.0,4.0,0.0,2.0,3.5,3.5,0.0,4.0,4.0,4.0,4.0,0.0,0.0,3.0,0.0,2.0,0.0,3.0,2.5,0.0,2.0,0.0,0.0,0.0,0.0,0.0,0.0,0.0,0.0,0.0,0.0,0.0,0.0,0.0,0.0,0.0,0.0,0.0,2.5,3.0,0.0
Student_315,4.0,4.0,3.5,1.5,1.5,4.0,3.0,2.5,2.5,2.0,2.5,2.0,3.0,2.5,1.0,2.5,2.5,1.5,3.0,2.5,0.0,0.0,0.0,0.0,3.5,2.5,3.0,4.0,2.0,2.5,0.0,3.0,2.5,0.0,0.0,0.0,0.0,0.0,0.0,0.0,0.0,0.0,0.0,0.0,0.0,3.0,0.0,3.0,3.5,0.0,0.0,0.0,0.0,4.0,0.0,4.0,0.0,1.0,1.5,3.0,3.5,2.5,4.0,2.5,4.0,0.0,0.0,4.0,0.0,3.0,0.0,3.0,3.0,3.5,2.5,0.0,0.0,0.0,4.0,0.0,0.0,0.0,0.0,0.0,0.0,0.0,0.0,0.0,0.0,0.0,0.0,0.0,4.0,4.0,0.0
Student_316,3.5,3.5,2.5,3.0,3.0,4.0,3.0,2.5,0.0,1.5,2.0,1.5,1.5,2.5,2.5,3.5,2.0,2.25,3.5,2.25,0.0,0.0,0.0,0.0,2.5,2.5,3.5,3.75,1.5,0.0,0.0,1.5,0.0,0.0,0.0,0.0,0.0,0.0,0.0,0.0,0.0,0.0,0.0,0.0,0.0,2.75,2.5,1.75,0.0,0.0,0.0,0.0,2.25,0.0,4.0,4.0,0.0,2.5,1.5,3.0,3.5,3.5,4.0,4.0,4.0,0.0,2.0,4.0,0.0,0.0,0.0,3.5,1.5,2.0,2.0,0.0,0.0,0.0,0.0,0.0,0.0,4.0,0.0,0.0,0.0,0.0,0.0,0.0,0.0,0.0,0.0,0.0,4.0,4.0,0.0
Student_317,2.5,3.0,0.0,2.5,2.5,2.5,2.5,4.0,2.0,2.5,3.5,2.5,2.5,3.0,3.0,4.0,2.0,2.5,4.0,4.0,3.5,0.0,0.0,0.0,3.0,1.5,0.0,4.0,3.5,4.0,0.0,2.5,2.0,0.0,0.0,3.0,0.0,0.0,0.0,0.0,4.0,0.0,0.0,0.0,0.0,2.5,0.0,0.0,2.0,0.0,2.5,0.0,0.0,0.0,0.0,4.0,0.0,2.0,2.5,3.5,3.5,0.0,0.0,2.5,4.0,0.0,0.0,4.0,0.0,0.0,0.0,0.0,3.5,1.0,0.0,0.0,0.0,0.0,0.0,0.0,0.0,0.0,0.0,0.0,0.0,0.0,0.0,4.0,0.0,0.0,0.0,0.0,3.5,3.5,0.0
Student_318,0.0,0.0,2.5,0.0,2.0,0.0,2.5,0.0,0.0,0.0,0.0,0.0,0.0,2.0,2.5,0.0,3.25,0.0,2.0,1.5,0.0,0.0,0.0,0.0,0.0,0.0,2.75,0.0,0.0,0.0,0.0,0.0,0.0,0.0,0.0,0.0,0.0,0.0,0.0,0.0,0.0,0.0,0.0,0.0,0.0,3.25,0.0,0.0,0.0,0.0,0.0,0.0,0.0,0.0,0.0,0.0,0.0,0.0,0.0,0.0,3.5,2.5,3.0,3.5,4.0,4.0,3.5,4.0,0.0,0.0,0.0,2.5,3.5,0.0,2.0,0.0,0.0,0.0,0.0,0.0,0.0,0.0,0.0,0.0,0.0,0.0,0.0,0.0,0.0,0.0,0.0,0.0,0.0,0.0,1.75
Student_319,3.0,0.0,3.5,4.0,3.0,3.0,2.5,3.0,3.0,2.0,3.0,2.5,3.5,4.0,3.0,3.0,2.0,3.5,2.5,2.0,2.5,0.0,0.0,0.0,3.0,3.5,0.0,2.0,1.0,0.0,0.0,0.0,0.0,0.0,0.0,0.0,3.0,0.0,0.0,0.0,0.0,3.0,0.0,0.0,3.5,4.0,0.0,3.0,0.0,0.0,0.0,0.0,0.0,0.0,4.0,4.0,0.0,2.5,3.0,4.0,3.0,3.0,4.0,2.0,4.0,0.0,4.0,2.5,0.0,0.0,0.0,3.5,3.0,3.0,2.0,0.0,3.0,0.0,0.0,0.0,0.0,0.0,0.0,0.0,0.0,0.0,0.0,0.0,0.0,0.0,0.0,0.0,2.0,0.0,2.5
Student_32,0.0,0.0,3.5,1.0,2.0,3.5,3.5,2.5,3.5,2.5,2.0,1.0,4.0,2.0,2.0,3.0,3.5,2.5,4.0,4.0,0.0,0.0,0.0,0.0,3.0,3.5,3.0,4.0,2.5,3.5,0.0,2.5,0.0,0.0,4.0,0.0,0.0,0.0,0.0,0.0,2.5,0.0,0.0,0.0,0.0,0.0,0.0,0.0,2.5,2.5,0.0,0.0,0.0,2.5,0.0,4.0,0.0,1.5,1.5,4.0,3.0,1.0,4.0,1.0,4.0,0.0,0.0,4.0,0.0,0.0,2.5,2.0,1.0,4.0,2.5,0.0,0.0,0.0,4.0,0.0,0.0,0.0,0.0,0.0,0.0,0.0,0.0,0.0,0.0,0.0,0.0,0.0,0.0,0.0,0.0
Student_320,0.0,0.0,0.0,0.0,0.0,3.5,3.0,0.0,1.5,2.5,0.0,0.0,1.5,0.0,3.0,3.0,2.5,2.5,2.5,4.0,0.0,0.0,0.0,0.0,2.5,3.0,3.5,0.0,3.5,2.0,0.0,0.0,2.0,1.0,0.0,0.0,0.0,0.0,0.0,2.5,2.5,0.0,0.0,0.0,0.0,0.0,0.0,0.0,0.0,0.0,2.0,0.0,3.0,0.0,0.0,3.0,0.0,2.5,2.5,4.0,3.5,0.0,0.0,0.0,4.0,0.0,0.0,0.0,0.0,2.5,2.5,0.0,0.0,0.0,0.0,0.0,0.0,4.0,0.0,0.0,0.0,0.0,0.0,0.0,0.0,0.0,0.0,0.0,0.0,0.0,0.0,0.0,4.0,4.0,0.0
Student_321,3.5,4.0,2.0,2.5,2.5,3.0,3.5,3.0,3.5,3.0,3.5,3.0,4.0,3.5,3.5,3.5,3.5,3.0,4.0,4.0,0.0,0.0,0.0,0.0,4.0,4.0,4.0,4.0,3.5,0.0,0.0,0.0,3.0,0.0,0.0,0.0,0.0,0.0,0.0,0.0,0.0,0.0,0.0,0.0,3.5,4.0,0.0,4.0,0.0,0.0,3.5,0.0,0.0,0.0,4.0,3.5,0.0,4.0,2.5,4.0,4.0,3.5,4.0,4.0,4.0,0.0,4.0,4.0,0.0,0.0,4.0,2.0,3.5,4.0,3.0,0.0,0.0,0.0,0.0,0.0,0.0,0.0,0.0,0.0,0.0,0.0,4.0,0.0,0.0,0.0,0.0,0.0,2.5,3.5,0.0
Student_322,3.5,2.5,0.0,3.5,3.0,3.0,3.0,0.0,2.0,2.5,3.5,3.0,4.0,3.0,1.0,1.0,1.5,2.0,3.5,2.5,0.0,0.0,0.0,0.0,3.5,3.5,0.0,3.5,2.5,2.5,0.0,3.0,0.0,0.0,0.0,3.0,3.5,3.5,0.0,0.0,0.0,0.0,0.0,0.0,3.5,2.0,3.0,0.0,0.0,0.0,0.0,0.0,0.0,0.0,0.0,3.0,0.0,2.5,4.0,3.5,3.5,0.0,0.0,0.0,0.0,0.0,0.0,3.5,0.0,0.0,3.0,0.0,3.5,0.0,4.0,0.0,0.0,0.0,0.0,0.0,0.0,0.0,3.5,0.0,0.0,0.0,0.0,0.0,0.0,0.0,0.0,0.0,0.0,0.0,0.0
Student_323,3.0,4.0,0.0,0.0,0.0,0.0,0.0,0.0,0.0,0.0,0.0,0.0,0.0,0.0,0.0,0.0,0.0,0.0,0.0,0.0,0.0,0.0,0.0,0.0,0.0,0.0,0.0,0.0,0.0,0.0,0.0,0.0,0.0,0.0,0.0,0.0,0.0,0.0,0.0,0.0,0.0,0.0,0.0,0.0,0.0,0.0,0.0,0.0,0.0,0.0,0.0,0.0,0.0,0.0,0.0,0.0,0.0,0.0,0.0,0.0,0.0,0.0,0.0,0.0,0.0,0.0,0.0,0.0,0.0,0.0,0.0,2.0,2.5,0.0,0.0,0.0,0.0,0.0,0.0,0.0,0.0,0.0,0.0,0.0,0.0,0.0,0.0,0.0,0.0,0.0,0.0,0.0,3.0,3.5,0.0
Student_324,2.5,3.0,3.0,2.5,3.5,2.5,3.5,0.0,2.5,3.0,4.0,3.0,3.5,3.5,3.0,3.5,2.5,3.5,4.0,4.0,0.0,0.0,0.0,0.0,4.0,3.0,0.0,3.5,2.5,3.5,0.0,0.0,3.0,0.0,0.0,0.0,0.0,0.0,0.0,0.0,3.0,0.0,0.0,0.0,4.0,3.5,0.0,0.0,0.0,4.0,0.0,2.0,4.0,0.0,0.0,4.0,0.0,2.0,3.0,3.5,2.5,3.0,4.0,2.0,4.0,0.0,0.0,4.0,0.0,2.5,0.0,2.5,3.0,4.0,3.5,0.0,0.0,0.0,0.0,0.0,0.0,0.0,0.0,0.0,3.5,0.0,0.0,0.0,0.0,0.0,0.0,0.0,3.5,4.0,0.0
Student_325,3.5,4.0,3.5,2.5,2.0,3.5,3.0,0.0,2.0,1.5,2.0,1.0,4.0,1.5,1.5,3.0,2.0,1.0,2.0,2.0,0.0,0.0,0.0,0.0,1.0,1.0,1.5,1.0,2.5,2.5,3.0,1.5,0.0,0.0,0.0,3.0,0.0,0.0,0.0,0.0,2.0,0.0,0.0,0.0,0.0,0.0,1.0,0.0,0.0,0.0,0.0,1.0,0.0,0.0,0.0,4.0,0.0,1.0,1.0,1.0,2.0,2.5,3.0,3.0,4.0,0.0,0.0,3.0,0.0,0.0,2.0,3.5,2.0,1.0,1.0,0.0,0.0,0.0,0.0,0.0,0.0,0.0,0.0,0.0,2.5,0.0,0.0,0.0,0.0,0.0,0.0,0.0,2.0,3.5,0.0
Student_326,4.0,3.5,0.0,0.0,0.0,0.0,0.0,0.0,0.0,0.0,0.0,0.0,0.0,0.0,0.0,0.0,0.0,0.0,0.0,0.0,0.0,0.0,0.0,0.0,0.0,0.0,0.0,0.0,0.0,0.0,0.0,0.0,0.0,0.0,0.0,0.0,0.0,0.0,0.0,0.0,0.0,0.0,0.0,0.0,0.0,0.0,0.0,0.0,0.0,0.0,0.0,0.0,0.0,0.0,0.0,0.0,0.0,0.0,0.0,0.0,0.0,2.5,4.0,0.0,0.0,0.0,0.0,0.0,0.0,0.0,0.0,1.0,1.0,2.5,0.0,0.0,0.0,0.0,0.0,0.0,0.0,0.0,0.0,0.0,0.0,0.0,0.0,0.0,0.0,0.0,0.0,0.0,4.0,3.0,0.0
Student_327,3.0,1.0,3.5,2.5,2.0,2.5,2.0,0.0,2.0,3.5,4.0,4.0,3.0,3.5,1.0,2.0,3.0,3.0,3.0,3.5,0.0,0.0,3.5,0.0,2.0,3.0,4.0,3.5,3.0,2.0,0.0,2.0,0.0,4.0,0.0,0.0,3.0,0.0,0.0,1.5,0.0,0.0,2.5,0.0,0.0,0.0,0.0,3.5,0.0,0.0,0.0,0.0,0.0,0.0,0.0,4.0,0.0,1.5,3.0,3.5,3.5,3.5,4.0,3.0,4.0,0.0,0.0,3.5,0.0,1.0,0.0,2.5,2.5,1.0,2.5,0.0,0.0,0.0,0.0,0.0,0.0,0.0,0.0,0.0,0.0,0.0,0.0,0.0,0.0,0.0,0.0,0.0,2.0,2.0,0.0
Student_328,3.0,3.0,3.5,3.0,2.5,3.5,3.5,3.5,3.0,2.5,3.0,3.0,3.5,3.0,3.0,3.0,2.5,3.0,3.5,4.0,2.5,0.0,0.0,0.0,2.5,1.5,0.0,3.5,2.5,4.0,0.0,3.0,1.0,0.0,0.0,4.0,0.0,0.0,0.0,0.0,2.5,0.0,0.0,0.0,1.5,3.0,0.0,0.0,0.0,0.0,2.5,0.0,0.0,0.0,0.0,3.5,0.0,3.0,3.5,2.5,3.0,2.5,4.0,2.5,4.0,0.0,0.0,2.5,0.0,0.0,0.0,2.5,3.5,4.0,2.0,0.0,0.0,0.0,0.0,0.0,0.0,0.0,0.0,0.0,0.0,0.0,3.5,0.0,0.0,0.0,0.0,0.0,2.0,3.0,0.0
Student_329,1.5,1.5,2.0,1.5,2.0,1.5,2.5,0.0,3.0,1.5,3.0,1.5,2.0,1.0,1.0,3.0,1.0,1.0,1.0,1.0,0.0,0.0,0.0,0.0,1.5,2.0,2.0,3.5,1.0,1.0,0.0,2.5,2.5,0.0,0.0,0.0,0.0,0.0,0.0,0.0,0.0,0.0,0.0,0.0,0.0,1.0,4.0,0.0,2.0,1.0,0.0,0.0,0.0,0.0,0.0,4.0,0.0,1.5,1.0,3.0,2.5,2.5,4.0,3.5,4.0,0.0,0.0,4.0,0.0,0.0,1.0,1.0,3.0,2.5,1.0,0.0,0.0,0.0,0.0,0.0,0.0,4.0,0.0,0.0,0.0,0.0,0.0,0.0,0.0,0.0,0.0,0.0,3.5,3.5,0.0
Student_33,3.5,3.0,0.0,0.0,0.0,0.0,0.0,0.0,0.0,0.0,0.0,0.0,0.0,0.0,0.0,0.0,0.0,0.0,0.0,0.0,0.0,0.0,0.0,0.0,0.0,0.0,0.0,0.0,0.0,0.0,0.0,0.0,0.0,0.0,0.0,0.0,0.0,0.0,0.0,0.0,0.0,0.0,0.0,0.0,0.0,0.0,0.0,0.0,0.0,0.0,0.0,0.0,0.0,0.0,0.0,0.0,0.0,0.0,0.0,0.0,0.0,0.0,0.0,0.0,0.0,0.0,0.0,0.0,0.0,0.0,0.0,2.0,1.5,3.5,0.0,0.0,0.0,0.0,0.0,0.0,0.0,0.0,0.0,0.0,0.0,0.0,0.0,0.0,0.0,0.0,0.0,0.0,4.0,3.0,0.0
Student_330,3.5,3.5,4.0,3.0,4.0,3.5,3.5,0.0,2.5,3.5,3.0,2.0,2.0,3.0,3.5,3.5,3.5,2.5,4.0,4.0,3.5,0.0,0.0,0.0,2.5,2.0,0.0,4.0,2.5,4.0,0.0,3.5,3.0,0.0,0.0,0.0,0.0,0.0,0.0,0.0,0.0,0.0,0.0,0.0,2.5,3.5,0.0,4.0,3.0,0.0,0.0,0.0,0.0,0.0,0.0,4.0,0.0,1.0,2.5,3.0,3.5,4.0,4.0,3.5,3.5,0.0,0.0,4.0,0.0,0.0,4.0,4.0,2.5,3.0,4.0,0.0,0.0,0.0,0.0,0.0,0.0,0.0,0.0,0.0,0.0,0.0,0.0,0.0,0.0,0.0,0.0,4.0,4.0,3.0,0.0
Student_331,3.0,3.5,1.5,2.0,2.0,3.5,2.0,0.0,3.5,1.0,2.0,2.5,3.5,2.0,1.5,1.0,2.0,1.5,2.5,2.0,0.0,0.0,0.0,0.0,2.5,2.0,4.0,2.0,2.0,2.0,3.5,0.0,0.0,0.0,3.0,3.5,0.0,0.0,0.0,0.0,3.0,0.0,1.0,0.0,0.0,0.0,1.5,0.0,0.0,0.0,0.0,0.0,0.0,0.0,0.0,3.5,0.0,1.5,2.0,2.0,2.0,2.5,3.5,3.5,3.5,0.0,0.0,4.0,0.0,1.0,0.0,2.5,2.5,2.5,2.0,0.0,0.0,0.0,0.0,0.0,0.0,0.0,0.0,0.0,0.0,0.0,0.0,3.0,0.0,0.0,0.0,0.0,2.5,3.0,0.0
Student_332,3.0,3.0,3.5,4.0,2.0,4.0,3.0,4.0,3.5,4.0,3.0,1.5,2.5,4.0,4.0,2.5,3.5,1.0,4.0,3.5,2.5,0.0,0.0,0.0,3.0,2.0,2.5,3.5,2.0,0.0,0.0,0.0,0.0,0.0,3.5,0.0,0.0,0.0,0.0,0.0,0.0,0.0,0.0,0.0,0.0,2.5,0.0,2.0,3.0,0.0,0.0,0.0,0.0,2.5,3.5,3.5,4.0,2.0,1.5,2.5,3.5,3.5,4.0,3.5,3.5,0.0,3.5,3.0,0.0,0.0,0.0,4.0,4.0,2.5,3.0,0.0,0.0,0.0,0.0,0.0,0.0,3.5,0.0,0.0,0.0,0.0,0.0,0.0,0.0,0.0,0.0,0.0,3.5,3.5,0.0
Student_333,0.0,0.0,3.5,4.0,4.0,4.0,4.0,4.0,4.0,4.0,4.0,4.0,4.0,4.0,4.0,4.0,4.0,4.0,4.0,4.0,0.0,0.0,0.0,4.0,4.0,4.0,4.0,4.0,4.0,0.0,0.0,4.0,4.0,0.0,0.0,0.0,4.0,0.0,0.0,0.0,0.0,0.0,0.0,0.0,0.0,0.0,0.0,0.0,0.0,0.0,4.0,0.0,0.0,4.0,4.0,4.0,0.0,4.0,4.0,4.0,4.0,4.0,4.0,4.0,4.0,4.0,4.0,4.0,0.0,0.0,0.0,4.0,4.0,4.0,4.0,0.0,0.0,0.0,0.0,0.0,0.0,0.0,0.0,0.0,0.0,0.0,0.0,0.0,0.0,0.0,0.0,0.0,0.0,0.0,0.0
Student_334,2.5,2.5,2.5,1.5,2.0,2.0,1.5,0.0,1.0,2.5,1.0,1.5,1.5,2.0,2.0,2.0,2.0,3.0,2.0,2.5,2.0,0.0,0.0,0.0,2.5,3.0,0.0,3.5,1.5,1.5,0.0,3.5,2.5,0.0,0.0,4.0,0.0,0.0,0.0,0.0,0.0,0.0,0.0,0.0,0.0,2.0,0.0,0.0,1.0,3.0,0.0,0.0,0.0,0.0,0.0,3.5,0.0,1.5,1.0,1.0,2.5,3.5,3.5,3.5,3.0,0.0,0.0,2.0,0.0,0.0,3.0,2.0,1.0,1.5,2.0,0.0,0.0,0.0,0.0,0.0,0.0,0.0,0.0,0.0,0.0,0.0,3.5,0.0,0.0,0.0,0.0,0.0,2.5,2.0,0.0
Student_335,2.5,3.5,0.0,0.0,0.0,0.0,0.0,0.0,0.0,0.0,0.0,0.0,0.0,0.0,0.0,0.0,0.0,0.0,0.0,0.0,0.0,0.0,0.0,0.0,0.0,0.0,0.0,0.0,0.0,0.0,0.0,0.0,0.0,0.0,0.0,0.0,0.0,0.0,0.0,0.0,0.0,0.0,0.0,0.0,0.0,0.0,0.0,0.0,0.0,0.0,0.0,0.0,0.0,0.0,0.0,0.0,0.0,0.0,0.0,0.0,0.0,0.0,0.0,3.0,3.5,0.0,0.0,0.0,0.0,0.0,0.0,3.5,3.5,0.0,0.0,0.0,0.0,0.0,0.0,0.0,0.0,0.0,0.0,0.0,0.0,0.0,0.0,0.0,0.0,0.0,0.0,0.0,3.0,2.0,0.0
Student_336,3.0,3.0,4.0,2.5,2.5,4.0,3.5,3.0,2.5,4.0,3.5,1.5,3.0,4.0,2.5,2.5,3.5,2.5,3.5,4.0,0.0,0.0,0.0,0.0,4.0,2.5,3.5,3.5,3.0,0.0,0.0,2.5,3.0,0.0,0.0,0.0,0.0,0.0,0.0,0.0,3.0,0.0,0.0,0.0,0.0,3.5,3.0,0.0,0.0,0.0,0.0,3.0,0.0,0.0,4.0,4.0,4.0,1.5,1.5,4.0,3.0,3.0,4.0,4.0,4.0,0.0,0.0,3.5,0.0,0.0,0.0,3.0,3.0,3.5,4.0,0.0,0.0,0.0,0.0,0.0,0.0,0.0,0.0,0.0,0.0,0.0,0.0,0.0,0.0,0.0,3.5,0.0,3.0,3.5,0.0
Student_337,4.0,3.5,0.0,0.0,0.0,0.0,0.0,0.0,0.0,0.0,0.0,0.0,0.0,0.0,0.0,0.0,0.0,0.0,0.0,0.0,0.0,0.0,0.0,0.0,0.0,0.0,0.0,0.0,0.0,0.0,0.0,0.0,0.0,0.0,0.0,0.0,0.0,0.0,0.0,0.0,0.0,0.0,0.0,0.0,0.0,0.0,0.0,0.0,0.0,0.0,0.0,0.0,0.0,0.0,0.0,0.0,0.0,0.0,0.0,0.0,0.0,0.0,0.0,0.0,0.0,0.0,0.0,0.0,0.0,0.0,0.0,3.0,1.5,0.0,0.0,0.0,0.0,0.0,0.0,0.0,0.0,0.0,0.0,0.0,0.0,0.0,0.0,0.0,0.0,0.0,0.0,0.0,3.0,3.0,0.0
Student_338,0.0,0.0,3.5,0.0,0.0,0.0,0.0,2.0,1.5,2.0,3.5,0.0,0.0,1.5,2.5,1.0,1.0,2.0,2.5,2.0,0.0,0.0,0.0,0.0,3.0,1.0,0.0,3.0,2.0,2.5,0.0,2.5,0.0,0.0,0.0,0.0,0.0,0.0,0.0,1.0,2.5,0.0,0.0,0.0,2.0,3.5,0.0,0.0,0.0,2.5,2.0,0.0,0.0,0.0,0.0,4.0,0.0,0.0,2.5,3.0,3.5,0.0,0.0,0.0,0.0,0.0,0.0,4.0,0.0,0.0,2.5,0.0,1.5,0.0,0.0,0.0,0.0,0.0,0.0,0.0,0.0,0.0,0.0,0.0,0.0,0.0,0.0,0.0,0.0,0.0,0.0,0.0,0.0,0.0,0.0
Student_339,3.5,4.0,3.0,2.5,2.0,3.0,2.5,3.5,2.5,3.5,3.5,3.0,4.0,4.0,3.0,2.5,2.5,4.0,3.5,4.0,0.0,0.0,0.0,0.0,2.5,4.0,4.0,4.0,2.5,3.5,0.0,3.5,3.0,0.0,0.0,0.0,0.0,0.0,0.0,0.0,0.0,0.0,0.0,0.0,0.0,4.0,3.5,0.0,3.5,0.0,0.0,0.0,0.0,4.0,0.0,4.0,0.0,3.5,1.5,3.5,3.5,4.0,4.0,3.0,4.0,0.0,0.0,4.0,0.0,0.0,3.0,4.0,4.0,2.0,4.0,0.0,0.0,0.0,0.0,0.0,0.0,0.0,0.0,0.0,0.0,0.0,0.0,4.0,0.0,0.0,0.0,0.0,3.0,3.5,0.0
Student_34,3.5,4.0,0.0,0.0,0.0,0.0,0.0,0.0,0.0,0.0,0.0,0.0,0.0,0.0,0.0,0.0,0.0,0.0,0.0,0.0,0.0,0.0,0.0,0.0,0.0,0.0,0.0,0.0,0.0,0.0,0.0,0.0,0.0,0.0,0.0,0.0,0.0,0.0,0.0,0.0,0.0,0.0,0.0,0.0,0.0,0.0,0.0,0.0,0.0,0.0,0.0,0.0,0.0,0.0,0.0,0.0,0.0,0.0,0.0,0.0,0.0,0.0,0.0,0.0,0.0,0.0,0.0,0.0,0.0,0.0,0.0,4.0,2.0,0.0,0.0,0.0,0.0,0.0,0.0,0.0,0.0,0.0,0.0,0.0,0.0,0.0,0.0,0.0,0.0,0.0,0.0,0.0,3.0,3.0,0.0
Student_340,4.0,4.0,4.0,2.5,3.5,4.0,2.5,0.0,2.5,2.5,3.0,2.0,3.0,3.5,0.0,0.0,0.0,0.0,3.5,3.0,0.0,0.0,0.0,0.0,4.0,3.0,0.0,1.5,2.0,2.5,0.0,0.0,2.5,0.0,0.0,0.0,3.0,0.0,0.0,0.0,4.0,0.0,0.0,0.0,0.0,3.5,2.5,0.0,0.0,0.0,0.0,0.0,0.0,0.0,0.0,4.0,0.0,1.5,3.0,2.5,2.5,3.5,4.0,3.5,4.0,0.0,0.0,4.0,0.0,0.0,0.0,4.0,4.0,2.0,3.5,4.0,0.0,0.0,0.0,0.0,0.0,0.0,0.0,0.0,0.0,0.0,0.0,0.0,0.0,0.0,0.0,0.0,2.5,3.5,0.0
Student_341,3.0,2.0,0.0,0.0,0.0,0.0,0.0,0.0,3.5,0.0,0.0,0.0,0.0,0.0,0.0,0.0,0.0,0.0,0.0,0.0,0.0,0.0,0.0,0.0,0.0,0.0,0.0,0.0,0.0,0.0,0.0,0.0,0.0,0.0,0.0,0.0,0.0,0.0,0.0,0.0,0.0,0.0,0.0,0.0,0.0,0.0,0.0,0.0,0.0,0.0,0.0,0.0,0.0,0.0,0.0,0.0,0.0,0.0,0.0,0.0,0.0,0.0,0.0,3.5,4.0,0.0,0.0,0.0,0.0,0.0,0.0,1.5,1.0,2.0,0.0,0.0,0.0,0.0,0.0,0.0,0.0,0.0,0.0,0.0,0.0,0.0,0.0,0.0,0.0,0.0,0.0,0.0,3.5,4.0,0.0
Student_342,4.0,4.0,4.0,4.0,3.5,3.0,3.5,4.0,3.5,4.0,3.5,4.0,4.0,4.0,4.0,4.0,4.0,3.5,4.0,4.0,3.0,0.0,0.0,0.0,3.5,3.5,0.0,3.5,3.0,0.0,0.0,0.0,4.0,0.0,0.0,0.0,4.0,0.0,0.0,0.0,0.0,0.0,0.0,0.0,3.75,4.0,0.0,3.5,0.0,3.0,0.0,0.0,0.0,0.0,4.0,4.0,0.0,4.0,2.5,3.5,3.75,3.5,4.0,3.5,4.0,0.0,4.0,4.0,0.0,0.0,0.0,4.0,4.0,4.0,4.0,0.0,0.0,0.0,0.0,4.0,0.0,0.0,0.0,0.0,0.0,0.0,0.0,0.0,0.0,0.0,0.0,0.0,0.0,0.0,0.0
Student_343,4.0,3.5,2.5,3.5,3.0,4.0,3.5,3.0,3.0,1.0,2.5,2.0,2.0,1.5,1.5,1.0,3.0,2.0,3.0,3.0,0.0,0.0,0.0,0.0,3.0,3.5,3.0,2.5,2.5,0.0,0.0,3.25,2.5,0.0,0.0,0.0,0.0,0.0,0.0,0.0,3.0,0.0,0.0,0.0,0.0,0.0,0.0,0.0,4.0,0.0,0.0,0.0,0.0,3.5,4.0,4.0,0.0,2.5,2.5,4.0,2.75,3.0,4.0,2.5,4.0,0.0,3.5,4.0,0.0,0.0,3.0,4.0,4.0,3.0,2.5,0.0,0.0,0.0,3.75,0.0,0.0,0.0,0.0,0.0,0.0,0.0,0.0,0.0,0.0,0.0,0.0,0.0,4.0,4.0,0.0
Student_344,3.0,4.0,3.5,3.0,1.0,3.0,1.0,2.0,2.5,3.0,1.0,2.5,3.0,1.0,1.5,2.0,3.0,1.0,1.5,2.25,0.0,0.0,0.0,0.0,4.0,2.0,2.5,4.0,2.0,0.0,0.0,1.0,0.0,0.0,4.0,0.0,3.0,0.0,0.0,0.0,0.0,0.0,0.0,0.0,0.0,1.0,3.0,1.0,0.0,0.0,0.0,0.0,1.5,0.0,3.5,3.0,4.0,1.0,2.0,3.0,3.5,2.5,3.5,2.0,4.0,0.0,0.0,4.0,0.0,0.0,0.0,2.0,2.0,2.5,2.0,0.0,0.0,0.0,0.0,0.0,0.0,0.0,0.0,0.0,0.0,0.0,0.0,4.0,0.0,0.0,0.0,0.0,4.0,4.0,0.0
Student_345,4.0,4.0,3.0,3.5,2.0,2.5,2.5,4.0,3.5,3.0,3.0,3.0,3.0,2.5,2.0,1.0,2.5,1.0,3.0,3.0,0.0,0.0,0.0,0.0,4.0,1.5,0.0,4.0,3.0,0.0,0.0,0.0,0.0,0.0,0.0,0.0,2.5,3.0,0.0,1.5,0.0,0.0,0.0,0.0,0.0,2.5,3.0,0.0,0.0,2.5,0.0,0.0,0.0,0.0,4.0,4.0,4.0,2.0,1.5,2.5,2.0,3.5,4.0,2.5,4.0,0.0,0.0,3.5,0.0,0.0,2.5,2.0,2.5,1.5,3.5,0.0,0.0,0.0,0.0,0.0,0.0,3.5,0.0,0.0,0.0,0.0,0.0,0.0,0.0,0.0,0.0,0.0,4.0,3.5,0.0
Student_346,3.5,2.5,2.5,1.5,1.5,2.5,2.5,2.0,4.0,2.5,1.5,2.0,3.0,1.0,1.0,2.0,2.5,2.5,3.0,2.5,0.0,0.0,0.0,0.0,2.0,3.5,2.5,3.5,1.0,2.0,0.0,2.0,1.5,0.0,0.0,0.0,0.0,0.0,0.0,0.0,3.5,0.0,0.0,0.0,0.0,0.0,0.0,1.5,2.0,0.0,2.0,0.0,0.0,0.0,0.0,4.0,0.0,2.0,2.0,2.5,2.0,2.0,4.0,3.0,4.0,0.0,0.0,3.0,0.0,0.0,3.0,2.0,2.5,4.0,3.5,0.0,0.0,0.0,4.0,0.0,0.0,0.0,0.0,0.0,0.0,0.0,0.0,0.0,0.0,0.0,0.0,0.0,3.5,2.5,0.0
Student_347,3.0,3.5,4.0,3.0,3.5,2.5,3.5,0.0,3.0,3.0,4.0,4.0,3.5,3.5,3.5,3.0,4.0,3.0,4.0,2.5,0.0,0.0,4.0,0.0,2.5,3.5,4.0,4.0,3.0,3.5,0.0,0.0,3.5,0.0,0.0,0.0,0.0,4.0,0.0,0.0,3.5,0.0,3.5,0.0,3.5,0.0,4.0,0.0,0.0,0.0,0.0,0.0,0.0,0.0,0.0,4.0,0.0,3.5,3.5,3.5,4.0,3.0,4.0,4.0,3.5,0.0,0.0,4.0,0.0,3.5,0.0,4.0,4.0,3.5,4.0,0.0,0.0,0.0,0.0,0.0,0.0,0.0,0.0,0.0,0.0,0.0,0.0,0.0,0.0,0.0,0.0,0.0,4.0,4.0,0.0
Student_348,4.0,4.0,3.5,3.0,4.0,4.0,4.0,4.0,4.0,4.0,3.5,2.5,2.5,3.0,3.5,4.0,4.0,3.5,4.0,4.0,0.0,0.0,0.0,0.0,4.0,4.0,4.0,4.0,3.5,4.0,0.0,0.0,4.0,0.0,4.0,0.0,0.0,0.0,0.0,0.0,3.5,0.0,0.0,0.0,0.0,0.0,0.0,0.0,0.0,0.0,0.0,0.0,0.0,4.0,4.0,4.0,4.0,4.0,4.0,4.0,4.0,4.0,3.5,4.0,4.0,0.0,4.0,4.0,0.0,4.0,0.0,4.0,4.0,4.0,4.0,0.0,0.0,0.0,0.0,0.0,0.0,0.0,0.0,0.0,0.0,0.0,0.0,3.5,0.0,0.0,0.0,0.0,4.0,3.0,0.0
Student_349,2.5,2.5,3.5,2.0,1.0,3.5,2.0,0.0,3.0,3.5,4.0,2.0,2.0,3.5,2.0,3.5,3.5,3.0,3.5,2.5,0.0,0.0,0.0,0.0,3.5,1.5,2.0,3.5,1.5,3.0,0.0,0.0,0.0,0.0,0.0,0.0,0.0,3.0,0.0,2.5,0.0,0.0,0.0,0.0,3.0,2.0,0.0,2.5,0.0,0.0,2.5,0.0,0.0,0.0,0.0,3.5,0.0,2.0,1.0,3.5,2.5,3.0,4.0,3.0,4.0,0.0,0.0,4.0,0.0,0.0,2.5,3.0,2.0,3.5,2.5,4.0,0.0,0.0,0.0,0.0,0.0,0.0,0.0,0.0,0.0,0.0,0.0,0.0,0.0,0.0,0.0,0.0,3.0,3.0,0.0
Student_35,3.5,4.0,4.0,2.5,4.0,3.5,3.5,0.0,3.0,2.0,4.0,1.5,2.0,0.0,3.0,3.0,2.5,3.0,4.0,3.0,0.0,0.0,0.0,0.0,3.5,3.0,3.5,3.0,3.0,3.5,0.0,3.0,2.5,0.0,0.0,0.0,0.0,0.0,0.0,0.0,0.0,0.0,0.0,0.0,4.0,4.0,3.5,3.5,0.0,0.0,0.0,0.0,0.0,0.0,0.0,4.0,0.0,2.0,2.5,2.5,2.5,0.0,0.0,0.0,0.0,0.0,0.0,0.0,0.0,0.0,2.5,0.0,4.0,4.0,3.0,0.0,0.0,0.0,0.0,0.0,0.0,3.5,0.0,0.0,0.0,0.0,0.0,0.0,0.0,0.0,0.0,0.0,0.0,0.0,0.0
Student_350,4.0,0.0,2.5,3.0,3.0,2.5,3.5,3.5,1.25,1.0,4.0,2.0,3.5,2.0,3.0,3.0,3.0,2.5,3.25,3.5,0.0,0.0,0.0,3.5,3.5,3.5,0.0,4.0,2.75,0.0,0.0,0.0,0.0,0.0,3.5,0.0,0.0,0.0,0.0,0.0,2.5,0.0,0.0,0.0,3.75,3.0,0.0,4.0,0.0,0.0,0.0,3.75,0.0,0.0,4.0,4.0,0.0,1.75,2.0,2.0,4.0,3.0,4.0,3.5,3.0,0.0,3.0,3.0,0.0,0.0,0.0,3.0,3.5,3.5,2.75,0.0,0.0,0.0,0.0,0.0,0.0,0.0,0.0,0.0,0.0,0.0,0.0,0.0,0.0,0.0,0.0,0.0,4.0,0.0,0.0
Student_351,3.0,3.0,3.0,2.5,2.0,3.5,3.0,3.5,2.5,2.5,3.5,3.0,3.0,3.5,3.0,3.0,3.0,2.5,3.5,3.5,2.5,0.0,0.0,0.0,3.5,4.0,0.0,4.0,1.5,0.0,0.0,0.0,3.5,0.0,0.0,0.0,0.0,0.0,0.0,0.0,3.5,0.0,0.0,0.0,4.0,3.5,0.0,0.0,0.0,3.5,3.0,0.0,0.0,0.0,4.0,4.0,4.0,3.5,3.5,3.5,4.0,3.0,3.5,3.0,4.0,0.0,0.0,4.0,0.0,0.0,0.0,2.0,2.5,2.5,2.5,0.0,0.0,0.0,4.0,0.0,0.0,0.0,0.0,0.0,0.0,0.0,0.0,0.0,0.0,0.0,0.0,0.0,3.0,3.0,0.0
Student_352,0.0,0.0,3.5,0.0,2.5,3.0,3.0,0.0,3.0,3.0,0.0,0.0,3.0,0.0,2.0,3.5,4.0,2.0,3.5,2.0,0.0,0.0,0.0,0.0,2.5,1.0,0.0,4.0,3.0,3.5,0.0,0.0,4.0,0.0,0.0,0.0,0.0,0.0,0.0,0.0,3.0,0.0,0.0,0.0,0.0,4.0,3.5,0.0,0.0,0.0,0.0,0.0,0.0,4.0,4.0,4.0,4.0,2.0,0.0,3.5,3.0,2.5,4.0,0.0,4.0,0.0,4.0,3.0,0.0,3.0,0.0,3.5,3.5,0.0,3.5,0.0,0.0,0.0,4.0,0.0,0.0,0.0,0.0,0.0,0.0,0.0,0.0,0.0,0.0,0.0,0.0,0.0,0.0,0.0,0.0
Student_353,2.5,4.0,0.0,0.0,0.0,0.0,0.0,0.0,0.0,0.0,0.0,0.0,0.0,0.0,0.0,0.0,0.0,0.0,0.0,0.0,0.0,0.0,0.0,0.0,0.0,0.0,0.0,0.0,0.0,0.0,0.0,0.0,0.0,0.0,0.0,0.0,0.0,0.0,0.0,0.0,0.0,0.0,0.0,0.0,0.0,0.0,0.0,0.0,0.0,0.0,0.0,0.0,0.0,0.0,0.0,0.0,0.0,0.0,0.0,0.0,0.0,0.0,0.0,0.0,0.0,0.0,0.0,0.0,0.0,0.0,0.0,2.0,3.0,0.0,0.0,0.0,0.0,0.0,0.0,0.0,0.0,0.0,0.0,0.0,0.0,0.0,0.0,0.0,0.0,0.0,0.0,0.0,3.5,3.5,0.0
Student_354,3.5,0.0,3.0,1.0,2.5,3.0,3.5,4.0,2.5,3.0,3.0,3.5,3.0,2.5,3.0,2.5,3.5,3.0,3.0,2.0,0.0,0.0,0.0,0.0,3.5,2.5,0.0,4.0,1.5,0.0,0.0,2.75,2.25,0.0,0.0,0.0,3.0,0.0,0.0,0.0,0.0,0.0,0.0,0.0,0.0,3.0,0.0,3.0,0.0,0.0,0.0,2.25,0.0,0.0,3.0,3.0,4.0,4.0,3.5,3.0,4.0,4.0,4.0,4.0,3.5,0.0,0.0,3.5,0.0,0.0,2.5,3.5,4.0,2.5,2.5,0.0,0.0,0.0,0.0,0.0,0.0,0.0,0.0,0.0,0.0,0.0,4.0,0.0,0.0,0.0,0.0,0.0,4.0,0.0,0.0
Student_355,4.0,4.0,3.0,3.0,4.0,3.5,4.0,4.0,3.25,3.0,3.0,3.5,4.0,4.0,4.0,3.5,4.0,3.75,3.25,3.5,3.25,0.0,0.0,0.0,4.0,4.0,3.0,4.0,3.75,0.0,0.0,0.0,4.0,0.0,0.0,0.0,4.0,0.0,0.0,0.0,0.0,0.0,0.0,0.0,3.5,0.0,0.0,0.0,4.0,0.0,3.75,0.0,0.0,0.0,4.0,4.0,0.0,4.0,3.5,4.0,4.0,3.0,4.0,4.0,4.0,0.0,4.0,3.5,0.0,0.0,0.0,4.0,4.0,4.0,3.0,0.0,4.0,0.0,0.0,0.0,0.0,0.0,0.0,0.0,0.0,0.0,0.0,0.0,0.0,0.0,0.0,0.0,4.0,0.0,0.0
Student_356,4.0,4.0,4.0,2.5,4.0,3.5,4.0,4.0,4.0,2.5,2.5,4.0,4.0,3.5,4.0,3.0,3.0,3.0,4.0,3.0,3.5,0.0,0.0,0.0,4.0,4.0,0.0,3.5,3.0,0.0,0.0,0.0,3.5,0.0,0.0,0.0,0.0,0.0,0.0,0.0,4.0,0.0,0.0,0.0,2.5,4.0,0.0,4.0,0.0,0.0,0.0,0.0,0.0,4.0,4.0,4.0,0.0,4.0,3.5,4.0,4.0,4.0,4.0,2.5,4.0,0.0,4.0,4.0,0.0,0.0,0.0,3.5,4.0,3.0,3.5,0.0,0.0,0.0,0.0,0.0,0.0,0.0,0.0,0.0,0.0,0.0,3.5,0.0,0.0,0.0,0.0,0.0,4.0,4.0,0.0
Student_357,4.0,3.0,3.0,4.0,3.0,3.0,4.0,3.0,2.5,2.0,2.5,2.0,2.0,1.75,2.5,2.25,3.25,1.75,2.25,2.0,0.0,0.0,0.0,1.5,3.75,2.5,1.25,1.5,2.75,0.0,0.0,0.0,0.0,0.0,0.0,0.0,0.0,0.0,0.0,0.0,0.0,0.0,0.0,0.0,2.75,1.25,0.0,3.75,0.0,0.0,0.0,2.0,0.0,2.75,4.0,4.0,0.0,3.0,1.5,3.75,3.0,3.5,4.0,2.5,3.5,0.0,4.0,3.5,0.0,0.0,0.0,2.5,3.5,4.0,3.0,2.5,0.0,0.0,0.0,0.0,0.0,0.0,0.0,0.0,0.0,0.0,0.0,0.0,0.0,0.0,0.0,0.0,3.0,0.0,0.0
Student_358,3.0,3.5,4.0,0.0,3.0,0.0,3.0,3.5,4.0,4.0,2.5,3.0,4.0,2.0,2.5,4.0,3.5,3.5,3.5,3.0,0.0,0.0,0.0,0.0,4.0,2.0,0.0,4.0,3.0,0.0,0.0,4.0,0.0,0.0,0.0,0.0,4.0,0.0,0.0,0.0,0.0,0.0,0.0,0.0,0.0,4.0,4.0,3.5,0.0,0.0,2.5,0.0,0.0,0.0,4.0,3.5,4.0,0.0,3.0,4.0,4.0,0.0,0.0,3.0,4.0,0.0,0.0,4.0,0.0,0.0,4.0,0.0,0.0,0.0,2.5,0.0,0.0,0.0,0.0,0.0,0.0,0.0,0.0,0.0,0.0,0.0,0.0,0.0,0.0,0.0,0.0,0.0,4.0,4.0,0.0
Student_359,0.0,0.0,2.5,0.0,1.5,0.0,3.0,0.0,0.0,0.0,0.0,0.0,0.0,3.0,2.5,0.0,2.5,0.0,2.5,1.75,0.0,0.0,0.0,0.0,0.0,0.0,0.0,0.0,0.0,0.0,0.0,0.0,0.0,0.0,0.0,0.0,0.0,0.0,0.0,0.0,0.0,0.0,0.0,0.0,0.0,3.25,0.0,0.0,0.0,0.0,0.0,0.0,0.0,0.0,0.0,0.0,0.0,0.0,0.0,0.0,3.5,3.0,4.0,2.25,4.0,4.0,4.0,4.0,0.0,0.0,0.0,3.5,3.0,0.0,3.5,0.0,0.0,0.0,0.0,0.0,0.0,0.0,0.0,0.0,0.0,0.0,0.0,0.0,0.0,0.0,0.0,0.0,0.0,0.0,1.75
Student_36,0.0,0.0,3.5,3.5,3.5,4.0,2.5,4.0,2.5,3.5,2.5,1.5,3.5,3.5,3.0,3.0,2.75,2.0,1.5,3.0,2.0,0.0,0.0,0.0,4.0,1.75,0.0,3.25,3.5,0.0,0.0,0.0,0.0,0.0,0.0,3.5,4.0,0.0,0.0,0.0,2.25,0.0,0.0,0.0,0.0,0.0,0.0,0.0,0.0,2.75,0.0,0.0,1.25,0.0,4.0,4.0,0.0,3.0,2.75,3.5,3.0,3.0,4.0,2.0,4.0,4.0,4.0,4.0,0.0,0.0,0.0,2.0,3.0,4.0,3.0,0.0,0.0,0.0,0.0,0.0,0.0,0.0,0.0,0.0,0.0,0.0,3.5,0.0,0.0,0.0,0.0,0.0,0.0,0.0,0.0
Student_360,3.5,2.0,0.0,0.0,0.0,0.0,0.0,0.0,0.0,0.0,0.0,0.0,0.0,0.0,0.0,0.0,0.0,0.0,0.0,0.0,0.0,0.0,0.0,0.0,0.0,0.0,0.0,0.0,0.0,0.0,0.0,0.0,0.0,0.0,0.0,0.0,0.0,0.0,0.0,0.0,0.0,0.0,0.0,0.0,0.0,0.0,0.0,0.0,0.0,0.0,0.0,0.0,0.0,0.0,0.0,0.0,0.0,0.0,0.0,0.0,0.0,0.0,0.0,0.0,0.0,0.0,0.0,0.0,0.0,0.0,0.0,1.5,2.5,0.0,0.0,0.0,0.0,0.0,0.0,0.0,0.0,0.0,0.0,0.0,0.0,0.0,0.0,0.0,0.0,0.0,0.0,0.0,2.5,3.5,0.0
Student_361,3.5,3.5,2.0,3.0,2.0,2.0,1.0,2.0,3.0,3.0,3.5,2.0,3.0,2.0,3.0,3.0,1.0,1.5,3.0,3.0,0.0,0.0,0.0,0.0,3.0,3.0,0.0,3.5,3.0,3.0,0.0,2.0,0.0,0.0,0.0,3.5,2.5,3.0,0.0,0.0,1.5,3.5,0.0,0.0,0.0,3.5,0.0,3.5,0.0,0.0,0.0,0.0,0.0,0.0,0.0,4.0,0.0,1.5,1.0,2.5,3.5,2.0,3.5,3.0,4.0,0.0,0.0,1.5,0.0,0.0,0.0,2.0,3.0,1.0,2.0,0.0,0.0,0.0,3.5,0.0,0.0,0.0,0.0,0.0,0.0,0.0,0.0,0.0,0.0,0.0,1.0,0.0,4.0,3.5,0.0
Student_362,4.0,4.0,3.0,2.5,3.5,4.0,2.0,4.0,2.75,2.75,2.5,2.5,4.0,2.5,3.0,3.25,3.75,2.25,3.5,3.5,0.0,0.0,0.0,0.0,3.75,3.25,2.75,2.5,3.5,0.0,0.0,3.25,3.25,0.0,0.0,0.0,0.0,0.0,0.0,0.0,4.0,0.0,0.0,0.0,4.0,0.0,0.0,0.0,0.0,0.0,0.0,0.0,0.0,0.0,4.0,4.0,0.0,4.0,3.5,3.5,4.0,3.5,4.0,4.0,4.0,0.0,4.0,4.0,0.0,3.5,0.0,3.5,4.0,3.5,3.5,4.0,0.0,0.0,0.0,0.0,0.0,0.0,0.0,0.0,0.0,0.0,3.5,0.0,0.0,0.0,0.0,0.0,4.0,4.0,3.5
Student_363,3.0,3.0,3.5,4.0,4.0,4.0,3.5,4.0,3.5,3.0,3.0,3.5,4.0,3.5,3.0,3.0,1.5,2.5,4.0,3.25,3.0,0.0,0.0,0.0,4.0,3.0,3.5,3.5,3.75,0.0,0.0,0.0,0.0,0.0,0.0,4.0,4.0,0.0,0.0,0.0,0.0,0.0,0.0,0.0,0.0,0.0,0.0,3.5,0.0,3.25,3.5,0.0,0.0,0.0,4.0,4.0,0.0,3.5,2.5,3.5,4.0,3.5,4.0,3.0,4.0,0.0,4.0,4.0,0.0,0.0,0.0,3.5,3.5,3.5,2.5,0.0,0.0,0.0,0.0,0.0,0.0,0.0,0.0,0.0,0.0,0.0,4.0,0.0,0.0,0.0,0.0,0.0,4.0,3.5,0.0
Student_364,3.5,4.0,4.0,2.5,4.0,3.5,3.5,4.0,3.0,2.5,2.5,2.5,4.0,4.0,3.5,3.0,3.0,4.0,3.0,3.0,0.0,0.0,0.0,3.75,3.5,3.5,3.5,4.0,3.0,0.0,0.0,3.5,4.0,0.0,0.0,0.0,4.0,0.0,0.0,0.0,0.0,0.0,0.0,0.0,0.0,0.0,0.0,1.75,3.5,0.0,0.0,0.0,0.0,0.0,4.0,3.75,0.0,4.0,4.0,4.0,2.5,3.5,4.0,3.5,4.0,0.0,4.0,4.0,0.0,0.0,0.0,4.0,4.0,3.5,3.0,0.0,4.0,0.0,0.0,0.0,0.0,0.0,0.0,0.0,0.0,0.0,0.0,0.0,0.0,0.0,0.0,0.0,4.0,0.0,0.0
Student_365,0.0,0.0,4.0,4.0,4.0,4.0,3.5,4.0,3.0,2.0,3.5,3.5,4.0,1.5,3.5,3.25,3.5,2.75,3.25,3.75,0.0,0.0,0.0,4.0,3.25,3.5,3.25,4.0,3.5,0.0,0.0,3.25,0.0,0.0,0.0,0.0,0.0,0.0,0.0,0.0,0.0,0.0,0.0,0.0,0.0,3.75,0.0,0.0,4.0,0.0,3.5,0.0,0.0,4.0,4.0,4.0,0.0,4.0,3.5,3.5,3.75,3.5,4.0,4.0,4.0,4.0,4.0,4.0,0.0,0.0,0.0,4.0,4.0,2.25,3.5,0.0,0.0,0.0,0.0,0.0,4.0,0.0,0.0,0.0,0.0,0.0,0.0,0.0,0.0,0.0,0.0,0.0,0.0,0.0,0.0
Student_366,4.0,4.0,3.5,2.0,2.5,3.0,2.5,3.0,2.0,2.5,3.0,1.5,4.0,2.0,2.0,2.5,2.5,3.0,3.5,3.0,1.5,0.0,0.0,0.0,3.5,3.5,0.0,3.0,3.0,2.5,0.0,2.0,0.0,0.0,0.0,4.0,0.0,0.0,0.0,0.0,2.5,0.0,0.0,0.0,0.0,2.5,0.0,3.5,2.0,0.0,2.5,0.0,0.0,0.0,0.0,3.5,0.0,2.5,2.5,3.0,2.5,2.5,4.0,3.0,4.0,0.0,0.0,3.5,0.0,0.0,0.0,2.0,2.0,3.5,2.5,0.0,0.0,0.0,0.0,0.0,0.0,0.0,0.0,0.0,0.0,0.0,0.0,3.0,0.0,0.0,0.0,0.0,2.5,3.0,0.0
Student_367,3.0,3.5,2.5,1.0,2.0,3.0,2.0,0.0,3.0,3.0,3.5,2.0,4.0,3.0,3.0,3.5,1.5,2.5,2.5,3.0,3.0,0.0,0.0,0.0,4.0,2.5,3.0,2.0,1.0,3.0,2.0,0.0,3.0,0.0,3.0,4.0,0.0,0.0,0.0,2.5,2.0,0.0,0.0,0.0,0.0,0.0,0.0,0.0,0.0,0.0,0.0,0.0,0.0,0.0,0.0,4.0,0.0,2.5,1.5,2.0,3.0,3.0,4.0,3.5,4.0,0.0,0.0,4.0,0.0,0.0,0.0,3.5,2.5,3.5,1.0,0.0,0.0,0.0,0.0,0.0,0.0,3.5,0.0,0.0,0.0,0.0,0.0,0.0,0.0,0.0,0.0,0.0,3.0,3.5,0.0
Student_368,0.0,0.0,4.0,3.0,4.0,3.5,3.0,4.0,3.0,2.5,2.5,3.0,3.0,2.5,2.75,0.0,3.0,0.0,3.0,0.0,2.5,0.0,0.0,0.0,3.0,4.0,3.75,4.0,0.0,0.0,0.0,0.0,3.0,0.0,0.0,0.0,0.0,0.0,0.0,0.0,0.0,0.0,0.0,0.0,0.0,4.0,0.0,0.0,4.0,0.0,0.0,0.0,0.0,4.0,4.0,4.0,0.0,4.0,2.5,4.0,3.75,3.0,4.0,3.0,4.0,0.0,4.0,4.0,0.0,0.0,0.0,4.0,4.0,3.5,4.0,0.0,0.0,0.0,0.0,0.0,0.0,0.0,0.0,0.0,0.0,0.0,0.0,0.0,0.0,0.0,3.5,0.0,3.0,4.0,0.0
Student_369,3.5,3.0,0.0,0.0,0.0,0.0,0.0,0.0,0.0,0.0,0.0,0.0,0.0,0.0,0.0,0.0,0.0,0.0,0.0,0.0,0.0,0.0,0.0,0.0,0.0,0.0,0.0,0.0,0.0,0.0,0.0,0.0,0.0,0.0,0.0,0.0,0.0,0.0,0.0,0.0,0.0,0.0,0.0,0.0,0.0,0.0,0.0,0.0,0.0,0.0,0.0,0.0,0.0,0.0,0.0,0.0,0.0,0.0,0.0,0.0,0.0,0.0,0.0,0.0,0.0,0.0,0.0,0.0,0.0,0.0,0.0,2.0,1.0,0.0,1.0,0.0,0.0,0.0,0.0,0.0,0.0,0.0,0.0,0.0,0.0,0.0,0.0,0.0,0.0,0.0,0.0,0.0,2.5,3.0,0.0
Student_37,4.0,4.0,4.0,1.5,3.0,3.0,4.0,4.0,2.0,3.0,3.0,2.5,2.5,2.5,2.5,4.0,3.0,3.0,3.5,3.5,3.0,0.0,0.0,0.0,2.5,2.5,0.0,4.0,3.5,4.0,0.0,3.5,3.5,0.0,0.0,0.0,0.0,0.0,0.0,0.0,4.0,0.0,0.0,0.0,0.0,3.5,0.0,4.0,3.0,0.0,0.0,4.0,0.0,0.0,0.0,3.0,0.0,2.5,3.5,3.0,2.5,2.5,4.0,3.0,3.5,0.0,0.0,3.0,0.0,0.0,0.0,3.5,4.0,3.5,2.5,3.5,0.0,0.0,0.0,0.0,0.0,0.0,0.0,0.0,0.0,0.0,0.0,0.0,0.0,0.0,0.0,0.0,4.0,3.5,0.0
Student_370,2.5,2.5,0.0,0.0,0.0,0.0,0.0,0.0,4.0,0.0,0.0,0.0,0.0,0.0,0.0,0.0,0.0,0.0,0.0,0.0,0.0,0.0,0.0,0.0,0.0,0.0,0.0,0.0,0.0,0.0,0.0,0.0,0.0,0.0,0.0,0.0,0.0,0.0,0.0,0.0,0.0,0.0,0.0,0.0,0.0,0.0,0.0,0.0,0.0,0.0,0.0,0.0,0.0,0.0,0.0,0.0,0.0,0.0,0.0,0.0,0.0,0.0,0.0,0.0,0.0,0.0,0.0,0.0,0.0,0.0,0.0,4.0,2.5,3.0,0.0,0.0,0.0,0.0,0.0,0.0,0.0,0.0,0.0,0.0,0.0,0.0,0.0,0.0,0.0,0.0,0.0,0.0,3.0,2.5,0.0
Student_371,3.0,3.5,3.5,3.0,2.5,4.0,3.0,4.0,3.5,3.0,3.5,2.5,3.5,4.0,3.0,3.5,1.5,2.5,3.5,4.0,3.5,0.0,0.0,0.0,3.5,2.5,0.0,2.5,2.5,0.0,0.0,4.0,0.0,0.0,0.0,0.0,0.0,0.0,0.0,0.0,2.5,0.0,0.0,0.0,3.0,3.0,0.0,2.0,0.0,0.0,3.0,0.0,0.0,0.0,4.0,4.0,4.0,3.5,3.0,2.5,4.0,3.5,4.0,3.0,4.0,0.0,0.0,4.0,0.0,0.0,0.0,4.0,4.0,3.0,3.5,0.0,0.0,0.0,4.0,0.0,0.0,0.0,0.0,0.0,0.0,0.0,0.0,0.0,0.0,0.0,0.0,0.0,3.0,3.5,0.0
Student_372,4.0,4.0,4.0,3.0,4.0,4.0,4.0,0.0,3.0,4.0,4.0,3.5,4.0,4.0,3.5,4.0,4.0,3.5,4.0,4.0,0.0,0.0,0.0,0.0,2.0,4.0,4.0,4.0,3.5,4.0,0.0,3.5,4.0,0.0,0.0,0.0,0.0,0.0,0.0,0.0,0.0,0.0,0.0,0.0,4.0,4.0,0.0,0.0,4.0,0.0,0.0,3.5,0.0,0.0,0.0,4.0,0.0,4.0,4.0,4.0,4.0,4.0,4.0,4.0,4.0,0.0,0.0,4.0,0.0,0.0,3.5,4.0,4.0,3.5,4.0,0.0,0.0,0.0,0.0,0.0,0.0,0.0,0.0,0.0,0.0,0.0,0.0,4.0,0.0,0.0,0.0,0.0,4.0,4.0,0.0
Student_373,0.0,0.0,3.5,1.5,3.0,2.5,2.5,0.0,2.5,2.0,4.0,2.0,2.5,2.0,2.5,4.0,1.5,2.0,3.5,2.0,0.0,0.0,0.0,0.0,2.0,1.0,3.0,3.0,3.0,2.0,0.0,0.0,0.0,0.0,2.5,0.0,0.0,0.0,0.0,4.0,2.5,0.0,0.0,0.0,0.0,1.0,0.0,2.5,0.0,0.0,3.0,2.5,0.0,0.0,0.0,3.5,0.0,2.5,3.0,2.5,1.5,1.0,4.0,2.5,4.0,0.0,0.0,2.5,0.0,0.0,0.0,2.0,4.0,1.5,3.0,0.0,0.0,0.0,0.0,0.0,0.0,0.0,0.0,0.0,0.0,0.0,0.0,0.0,0.0,0.0,0.0,0.0,0.0,0.0,0.0
Student_374,3.0,4.0,4.0,2.5,2.5,4.0,3.0,4.0,3.0,4.0,2.5,2.5,3.5,2.5,3.5,3.0,3.0,3.5,3.5,2.5,0.0,0.0,0.0,0.0,3.5,3.0,3.0,4.0,2.5,0.0,0.0,0.0,3.0,0.0,0.0,0.0,0.0,0.0,0.0,0.0,0.0,0.0,0.0,0.0,3.0,3.5,3.0,0.0,0.0,0.0,3.0,0.0,0.0,0.0,4.0,4.0,0.0,3.0,4.0,3.5,3.0,4.0,4.0,4.0,4.0,0.0,4.0,4.0,0.0,3.5,0.0,3.5,3.5,2.5,3.5,0.0,0.0,0.0,4.0,0.0,0.0,0.0,0.0,0.0,0.0,0.0,0.0,0.0,0.0,0.0,0.0,0.0,3.5,2.0,0.0
Student_375,2.0,2.5,3.0,2.0,1.5,3.0,2.0,4.0,1.5,1.5,3.0,1.5,3.0,2.0,2.0,1.5,3.0,1.5,2.0,1.0,2.0,0.0,0.0,0.0,3.0,2.0,0.0,4.0,4.0,0.0,0.0,0.0,1.0,0.0,0.0,0.0,0.0,0.0,0.0,0.0,2.5,0.0,0.0,0.0,1.5,1.0,2.5,0.0,0.0,1.0,0.0,0.0,0.0,0.0,3.0,3.0,4.0,1.5,2.0,3.0,2.0,3.5,4.0,3.0,4.0,0.0,0.0,4.0,0.0,0.0,0.0,3.5,2.5,2.0,3.5,0.0,0.0,0.0,0.0,0.0,0.0,3.0,0.0,0.0,0.0,0.0,0.0,0.0,0.0,0.0,0.0,0.0,3.0,3.0,0.0
Student_376,2.5,3.0,2.5,3.0,1.0,3.0,2.0,2.0,2.5,1.5,2.5,2.0,3.0,2.0,1.5,2.5,3.5,2.0,2.5,1.5,1.0,0.0,0.0,0.0,2.5,3.5,2.0,3.0,2.5,2.5,0.0,3.5,0.0,0.0,0.0,3.5,2.5,0.0,0.0,0.0,0.0,0.0,0.0,0.0,0.0,0.0,3.0,0.0,0.0,2.0,2.5,0.0,0.0,0.0,0.0,3.5,0.0,1.0,1.5,2.5,2.5,3.0,4.0,0.0,0.0,0.0,0.0,3.5,0.0,0.0,0.0,0.0,0.0,1.5,1.0,0.0,2.5,0.0,0.0,0.0,0.0,0.0,0.0,0.0,0.0,0.0,0.0,0.0,0.0,0.0,0.0,0.0,2.5,0.0,0.0
Student_377,1.5,3.5,2.5,2.0,3.5,3.5,1.5,0.0,2.5,3.5,2.5,2.0,3.0,2.0,3.0,2.5,3.0,3.0,3.5,2.0,0.0,0.0,0.0,0.0,2.0,1.0,2.0,2.0,2.5,3.5,0.0,0.0,0.0,0.0,1.0,0.0,0.0,0.0,0.0,0.0,0.0,0.0,0.0,0.0,0.0,2.0,1.0,0.0,2.5,0.0,2.5,1.5,0.0,0.0,0.0,4.0,0.0,2.5,1.5,2.0,2.0,3.5,4.0,3.0,4.0,0.0,0.0,3.5,0.0,0.0,1.5,3.0,1.0,3.5,2.5,0.0,0.0,0.0,0.0,0.0,0.0,0.0,0.0,0.0,0.0,0.0,4.0,0.0,0.0,0.0,0.0,0.0,3.0,2.0,0.0
Student_378,2.0,4.0,2.0,2.0,3.0,1.5,3.5,0.0,2.0,2.0,2.0,1.5,1.5,2.5,1.5,3.5,2.5,2.5,3.0,2.5,2.5,0.0,0.0,0.0,2.5,1.0,0.0,2.0,2.5,3.5,0.0,2.0,0.0,0.0,0.0,0.0,0.0,0.0,0.0,2.5,2.5,0.0,4.0,0.0,1.5,0.0,2.0,0.0,0.0,0.0,0.0,0.0,0.0,0.0,0.0,3.5,0.0,2.0,1.5,2.5,3.0,3.0,3.5,3.0,3.5,0.0,0.0,4.0,0.0,0.0,1.5,3.0,2.0,2.5,2.0,0.0,0.0,0.0,0.0,0.0,0.0,0.0,0.0,0.0,0.0,0.0,0.0,0.0,0.0,4.0,0.0,0.0,4.0,2.5,0.0
Student_379,0.0,0.0,0.0,0.0,0.0,3.0,0.0,0.0,3.5,2.5,0.0,0.0,3.5,0.0,3.0,2.5,4.0,2.5,0.0,3.5,0.0,0.0,0.0,0.0,4.0,2.5,4.0,3.0,3.5,0.0,0.0,0.0,0.0,0.0,0.0,0.0,0.0,0.0,0.0,0.0,2.5,0.0,0.0,0.0,0.0,0.0,0.0,0.0,4.0,3.0,0.0,0.0,0.0,2.5,4.0,4.0,4.0,3.5,2.5,3.5,0.0,0.0,0.0,0.0,0.0,0.0,4.0,3.5,0.0,2.5,0.0,0.0,0.0,0.0,3.0,0.0,0.0,0.0,0.0,0.0,0.0,0.0,0.0,0.0,0.0,0.0,0.0,0.0,0.0,0.0,0.0,0.0,0.0,0.0,0.0
Student_38,4.0,4.0,2.0,2.0,1.0,2.5,2.0,0.0,3.0,2.0,1.0,1.0,3.5,2.0,1.0,2.5,2.0,1.5,3.0,1.5,0.0,0.0,0.0,0.0,2.5,2.5,0.0,1.5,2.0,2.0,0.0,1.5,1.0,0.0,0.0,0.0,3.0,0.0,0.0,0.0,2.5,0.0,0.0,0.0,0.0,2.5,2.5,1.0,2.5,0.0,0.0,0.0,0.0,0.0,0.0,3.0,0.0,1.0,2.5,3.5,2.5,0.0,0.0,0.0,0.0,0.0,0.0,3.5,0.0,0.0,0.0,0.0,0.0,1.5,1.0,0.0,0.0,0.0,0.0,0.0,0.0,0.0,0.0,0.0,0.0,0.0,0.0,0.0,0.0,0.0,0.0,0.0,0.0,0.0,0.0
Student_380,3.0,4.0,4.0,4.0,3.0,4.0,3.0,0.0,2.5,3.5,3.0,2.5,4.0,3.0,3.0,3.5,3.0,2.5,4.0,3.5,0.0,0.0,0.0,0.0,4.0,3.0,3.5,4.0,3.0,3.5,3.5,4.0,0.0,0.0,4.0,4.0,0.0,0.0,0.0,0.0,2.0,0.0,0.0,0.0,4.0,0.0,0.0,0.0,0.0,0.0,0.0,0.0,0.0,0.0,0.0,4.0,0.0,2.5,2.5,3.5,3.0,2.5,4.0,4.0,4.0,0.0,0.0,4.0,0.0,3.0,0.0,3.0,2.0,4.0,3.0,0.0,0.0,0.0,0.0,0.0,0.0,0.0,0.0,0.0,0.0,0.0,0.0,0.0,0.0,0.0,4.0,0.0,4.0,4.0,0.0
Student_381,3.0,3.5,0.0,0.0,0.0,0.0,0.0,0.0,0.0,0.0,0.0,0.0,0.0,0.0,0.0,0.0,0.0,0.0,0.0,0.0,0.0,0.0,0.0,0.0,0.0,0.0,0.0,0.0,0.0,0.0,0.0,0.0,0.0,0.0,0.0,0.0,0.0,0.0,0.0,0.0,0.0,0.0,0.0,0.0,0.0,0.0,0.0,0.0,0.0,0.0,0.0,0.0,0.0,0.0,0.0,0.0,0.0,0.0,0.0,0.0,0.0,0.0,0.0,0.0,0.0,0.0,0.0,0.0,0.0,0.0,0.0,2.0,2.0,0.0,0.0,0.0,3.0,0.0,0.0,0.0,0.0,0.0,0.0,0.0,0.0,0.0,0.0,0.0,0.0,0.0,0.0,0.0,3.0,3.5,0.0
Student_382,3.5,3.5,4.0,4.0,3.0,3.0,3.0,4.0,3.0,3.0,3.5,3.5,3.0,3.0,4.0,3.5,3.5,4.0,4.0,4.0,0.0,0.0,0.0,0.0,4.0,3.5,3.0,3.5,3.0,0.0,0.0,3.0,3.0,0.0,0.0,0.0,0.0,0.0,0.0,0.0,0.0,0.0,0.0,0.0,4.0,4.0,0.0,0.0,4.0,0.0,0.0,0.0,0.0,0.0,4.0,4.0,0.0,2.5,3.0,4.0,3.0,3.5,4.0,4.0,4.0,0.0,4.0,4.0,0.0,0.0,3.0,3.5,2.5,3.5,3.0,0.0,0.0,0.0,4.0,0.0,0.0,0.0,0.0,0.0,0.0,0.0,0.0,0.0,0.0,0.0,0.0,0.0,4.0,4.0,0.0
Student_383,4.0,3.5,3.0,2.5,2.5,4.0,2.0,3.5,2.0,1.0,3.5,2.0,3.5,3.0,2.0,3.0,3.0,2.0,3.5,3.5,3.0,0.0,0.0,0.0,3.0,3.0,1.5,3.0,2.5,0.0,0.0,0.0,0.0,0.0,3.5,0.0,0.0,0.0,0.0,0.0,0.0,0.0,0.0,0.0,3.0,2.5,0.0,3.0,3.5,0.0,0.0,0.0,0.0,3.5,3.0,3.0,4.0,2.5,3.0,2.5,2.5,3.5,4.0,3.5,4.0,0.0,0.0,3.5,0.0,0.0,0.0,3.5,2.5,1.5,3.5,0.0,0.0,0.0,0.0,0.0,4.0,0.0,0.0,0.0,0.0,0.0,0.0,0.0,0.0,0.0,0.0,0.0,4.0,2.5,0.0
Student_384,3.0,2.0,3.0,3.0,2.0,4.0,4.0,0.0,4.0,4.0,3.5,2.5,4.0,3.5,3.5,4.0,3.0,4.0,4.0,3.5,3.0,0.0,0.0,0.0,4.0,3.5,4.0,3.5,4.0,4.0,3.0,0.0,4.0,0.0,4.0,3.5,0.0,0.0,0.0,0.0,3.5,0.0,0.0,0.0,0.0,0.0,0.0,0.0,0.0,0.0,0.0,3.0,0.0,0.0,0.0,4.0,0.0,2.0,1.0,3.0,2.5,2.0,3.5,2.0,3.5,0.0,0.0,3.5,0.0,0.0,0.0,3.0,2.5,4.0,1.5,0.0,0.0,0.0,0.0,4.0,0.0,0.0,0.0,0.0,0.0,0.0,0.0,0.0,0.0,0.0,0.0,0.0,2.5,4.0,0.0
Student_385,3.0,3.0,3.0,4.0,4.0,4.0,4.0,0.0,3.0,3.5,4.0,3.0,3.5,2.5,2.5,4.0,4.0,0.0,0.0,3.0,0.0,0.0,0.0,0.0,3.5,3.0,0.0,3.0,0.0,4.0,0.0,0.0,0.0,0.0,0.0,0.0,0.0,0.0,0.0,0.0,2.5,0.0,0.0,0.0,0.0,2.5,3.5,3.5,3.0,0.0,0.0,3.5,0.0,0.0,0.0,4.0,0.0,1.5,4.0,3.5,3.0,4.0,4.0,4.0,4.0,0.0,0.0,4.0,0.0,0.0,4.0,4.0,3.0,3.5,3.5,3.5,0.0,0.0,0.0,0.0,0.0,0.0,0.0,0.0,0.0,0.0,0.0,0.0,0.0,0.0,0.0,0.0,3.0,3.5,0.0
Student_386,3.0,3.0,2.5,2.0,2.0,3.0,3.0,0.0,3.0,2.0,2.5,1.0,3.5,2.5,2.5,3.0,2.5,2.0,3.5,2.5,0.0,0.0,0.0,0.0,2.5,3.5,3.0,3.5,2.0,2.5,0.0,2.5,2.0,0.0,2.5,2.5,3.0,0.0,0.0,0.0,0.0,0.0,0.0,0.0,0.0,0.0,0.0,0.0,0.0,0.0,0.0,0.0,3.0,0.0,0.0,3.5,0.0,2.0,2.0,3.5,3.0,3.5,4.0,4.0,4.0,0.0,0.0,4.0,0.0,0.0,2.5,3.5,4.0,2.0,2.5,0.0,0.0,0.0,0.0,0.0,3.5,0.0,0.0,0.0,0.0,0.0,0.0,0.0,0.0,0.0,0.0,0.0,3.0,3.5,0.0
Student_387,0.0,0.0,3.0,0.0,2.0,0.0,1.5,0.0,0.0,0.0,0.0,0.0,0.0,2.5,2.5,2.25,3.5,0.0,1.5,2.25,0.0,0.0,0.0,0.0,0.0,0.0,0.0,0.0,0.0,0.0,0.0,0.0,0.0,0.0,0.0,0.0,0.0,0.0,0.0,0.0,0.0,0.0,0.0,0.0,0.0,2.75,0.0,0.0,0.0,0.0,0.0,0.0,0.0,0.0,0.0,0.0,0.0,0.0,0.0,0.0,2.5,3.5,4.0,1.5,3.5,4.0,1.5,4.0,0.0,0.0,0.0,2.5,2.5,0.0,1.5,4.0,0.0,0.0,0.0,0.0,0.0,0.0,0.0,0.0,0.0,0.0,0.0,0.0,0.0,0.0,0.0,0.0,0.0,0.0,1.5
Student_388,4.0,3.0,3.5,3.0,2.5,4.0,3.5,3.0,3.5,4.0,4.0,2.5,3.5,2.5,4.0,2.5,3.5,3.5,4.0,4.0,0.0,0.0,0.0,0.0,3.5,2.5,0.0,4.0,2.5,0.0,0.0,0.0,3.0,0.0,0.0,0.0,0.0,0.0,0.0,0.0,3.0,0.0,0.0,0.0,0.0,3.5,3.0,4.0,0.0,0.0,3.5,0.0,0.0,0.0,4.0,4.0,4.0,1.5,2.0,4.0,3.5,3.5,4.0,3.0,4.0,0.0,3.0,4.0,0.0,2.0,0.0,4.0,3.0,2.0,3.0,0.0,0.0,0.0,4.0,0.0,0.0,0.0,0.0,0.0,0.0,0.0,0.0,0.0,0.0,0.0,0.0,0.0,3.0,3.5,0.0
Student_389,4.0,2.5,3.0,4.0,2.0,4.0,2.5,0.0,2.0,1.0,3.5,2.0,4.0,3.5,2.0,3.0,1.0,2.5,3.0,3.5,0.0,0.0,0.0,0.0,4.0,3.0,3.0,3.5,3.0,3.5,0.0,0.0,3.0,0.0,4.0,3.5,3.0,0.0,0.0,0.0,2.0,0.0,1.5,0.0,0.0,0.0,0.0,3.0,0.0,0.0,0.0,0.0,0.0,0.0,0.0,4.0,0.0,1.0,3.0,2.0,3.0,2.5,3.5,2.5,4.0,0.0,0.0,4.0,0.0,0.0,0.0,3.5,1.0,4.0,2.5,0.0,0.0,0.0,0.0,0.0,0.0,0.0,4.0,0.0,0.0,0.0,0.0,0.0,0.0,0.0,0.0,0.0,3.5,2.5,0.0
Student_39,0.0,0.0,4.0,3.0,4.0,3.5,2.5,2.5,3.5,3.0,3.5,3.0,2.0,3.5,3.5,3.0,2.5,2.5,3.5,2.5,0.0,0.0,0.0,0.0,4.0,2.5,3.5,3.5,2.0,0.0,0.0,0.0,2.5,0.0,0.0,0.0,0.0,0.0,0.0,0.0,2.0,0.0,0.0,0.0,3.5,0.0,0.0,3.0,0.0,0.0,0.0,0.0,0.0,4.0,4.0,4.0,0.0,2.5,3.5,4.0,4.0,3.0,4.0,3.0,4.0,0.0,4.0,4.0,0.0,2.5,0.0,3.0,3.5,3.5,3.0,0.0,0.0,0.0,0.0,0.0,0.0,0.0,0.0,0.0,0.0,0.0,0.0,4.0,0.0,0.0,0.0,0.0,4.0,4.0,0.0
Student_390,4.0,4.0,3.0,2.5,2.5,4.0,4.0,4.0,2.5,4.0,3.0,2.5,3.5,4.0,3.5,3.5,3.5,4.0,4.0,4.0,3.0,0.0,0.0,0.0,4.0,4.0,0.0,4.0,4.0,0.0,0.0,0.0,3.5,0.0,0.0,0.0,0.0,0.0,0.0,0.0,3.5,0.0,0.0,0.0,0.0,4.0,0.0,3.5,0.0,0.0,3.5,4.0,0.0,0.0,4.0,4.0,4.0,2.0,4.0,4.0,3.5,3.5,4.0,4.0,4.0,0.0,3.0,4.0,0.0,0.0,0.0,3.5,3.0,4.0,3.0,0.0,0.0,0.0,4.0,0.0,0.0,0.0,0.0,0.0,0.0,0.0,0.0,0.0,0.0,0.0,0.0,0.0,4.0,3.0,0.0
Student_391,2.5,3.0,1.5,3.0,2.0,3.5,2.0,0.0,2.5,1.0,1.5,2.5,4.0,1.5,1.5,2.5,2.0,2.0,1.5,2.5,0.0,0.0,0.0,0.0,4.0,3.5,4.0,1.5,2.0,2.5,2.0,0.0,2.5,0.0,4.0,3.5,0.0,0.0,0.0,0.0,2.5,0.0,0.0,0.0,0.0,0.0,0.0,0.0,0.0,0.0,0.0,2.0,0.0,0.0,0.0,3.0,0.0,2.0,2.0,2.5,4.0,4.0,3.5,4.0,3.0,0.0,0.0,4.0,0.0,0.0,3.5,4.0,3.0,2.5,2.0,0.0,0.0,0.0,0.0,0.0,0.0,0.0,0.0,0.0,0.0,0.0,0.0,0.0,0.0,0.0,3.5,0.0,2.5,3.5,0.0
Student_392,0.0,0.0,3.0,1.0,3.5,3.5,3.0,4.0,3.5,3.5,2.5,2.5,4.0,3.5,3.5,3.5,3.0,3.0,3.5,3.0,2.5,0.0,0.0,0.0,4.0,3.0,0.0,4.0,2.5,0.0,0.0,3.0,0.0,0.0,0.0,0.0,0.0,0.0,0.0,0.0,3.0,0.0,0.0,0.0,0.0,4.0,4.0,4.0,0.0,0.0,3.5,0.0,0.0,0.0,4.0,4.0,0.0,3.0,4.0,4.0,4.0,3.5,4.0,4.0,4.0,0.0,4.0,4.0,0.0,0.0,0.0,3.5,4.0,4.0,2.5,0.0,0.0,0.0,4.0,0.0,0.0,0.0,0.0,0.0,0.0,0.0,0.0,0.0,0.0,0.0,0.0,0.0,4.0,4.0,0.0
Student_393,3.0,2.5,3.0,2.5,2.0,4.0,2.5,0.0,3.0,2.5,3.5,2.0,2.0,1.5,2.0,3.5,2.5,2.5,2.0,3.0,2.5,0.0,0.0,0.0,3.0,2.0,0.0,3.5,3.0,3.5,0.0,4.0,3.0,0.0,0.0,0.0,0.0,0.0,0.0,0.0,3.0,0.0,0.0,0.0,2.5,3.0,0.0,0.0,0.0,3.0,2.0,0.0,0.0,0.0,0.0,4.0,0.0,2.0,1.0,3.5,2.0,4.0,4.0,2.5,4.0,0.0,0.0,4.0,0.0,0.0,0.0,3.0,1.0,3.5,2.0,0.0,0.0,0.0,0.0,0.0,0.0,0.0,0.0,4.0,0.0,0.0,0.0,0.0,0.0,0.0,0.0,0.0,3.5,4.0,0.0
Student_394,3.0,4.0,0.0,0.0,0.0,0.0,0.0,0.0,0.0,0.0,0.0,0.0,0.0,0.0,0.0,0.0,0.0,0.0,0.0,0.0,0.0,0.0,0.0,0.0,0.0,0.0,0.0,0.0,0.0,0.0,0.0,0.0,0.0,0.0,0.0,0.0,0.0,0.0,0.0,0.0,0.0,0.0,0.0,0.0,0.0,0.0,0.0,0.0,0.0,0.0,0.0,0.0,0.0,0.0,0.0,0.0,0.0,0.0,0.0,0.0,0.0,0.0,0.0,0.0,0.0,0.0,0.0,0.0,0.0,0.0,0.0,4.0,2.0,0.0,0.0,0.0,0.0,0.0,0.0,0.0,0.0,0.0,0.0,0.0,0.0,0.0,0.0,0.0,0.0,0.0,0.0,0.0,3.5,4.0,0.0
Student_395,2.0,1.5,3.5,2.5,2.0,3.0,2.0,2.5,2.0,1.0,2.5,3.0,2.5,1.0,2.5,2.5,2.5,2.5,3.5,3.0,2.5,0.0,0.0,0.0,2.0,3.0,2.5,3.5,1.5,3.0,0.0,0.0,2.0,0.0,0.0,2.5,2.5,0.0,0.0,0.0,0.0,0.0,0.0,0.0,4.0,0.0,2.0,0.0,0.0,0.0,2.5,0.0,0.0,0.0,0.0,4.0,0.0,2.5,2.5,2.5,1.5,3.0,4.0,1.5,4.0,0.0,0.0,3.0,0.0,0.0,0.0,2.5,3.0,1.5,2.5,0.0,0.0,0.0,0.0,0.0,0.0,3.0,0.0,0.0,0.0,0.0,0.0,0.0,0.0,0.0,0.0,0.0,2.5,2.0,0.0
Student_396,2.0,2.5,4.0,4.0,3.0,4.0,1.0,0.0,3.5,1.0,2.5,2.0,2.5,3.0,2.0,3.0,1.0,2.0,2.5,2.5,3.0,0.0,0.0,0.0,3.0,3.0,2.5,3.5,2.5,3.5,0.0,0.0,0.0,0.0,4.0,0.0,0.0,2.0,0.0,3.0,0.0,0.0,0.0,0.0,0.0,0.0,3.0,0.0,0.0,0.0,1.5,0.0,0.0,0.0,0.0,4.0,0.0,2.5,1.0,3.5,3.0,2.0,3.5,2.5,3.5,0.0,0.0,4.0,0.0,2.0,0.0,3.0,1.5,4.0,1.5,0.0,0.0,0.0,0.0,0.0,0.0,4.0,0.0,0.0,0.0,0.0,0.0,0.0,0.0,0.0,0.0,0.0,3.0,3.5,0.0
Student_397,3.5,4.0,3.0,2.0,3.0,3.5,3.0,0.0,1.5,2.5,1.5,2.5,2.5,2.0,3.0,3.0,2.0,1.5,3.0,2.5,3.5,0.0,0.0,0.0,2.0,2.0,3.0,3.0,2.5,2.0,0.0,0.0,3.5,0.0,0.0,0.0,0.0,0.0,0.0,0.0,0.0,0.0,0.0,0.0,0.0,3.0,4.0,2.5,0.0,0.0,0.0,3.0,3.0,0.0,0.0,3.5,0.0,3.5,1.5,3.0,2.5,3.0,4.0,2.5,4.0,0.0,0.0,4.0,0.0,0.0,0.0,2.5,2.5,2.0,3.0,0.0,0.0,4.0,0.0,0.0,0.0,0.0,0.0,0.0,0.0,0.0,0.0,0.0,0.0,0.0,0.0,0.0,3.5,3.5,0.0
Student_398,2.0,3.0,0.0,0.0,0.0,0.0,0.0,0.0,2.0,0.0,1.5,0.0,0.0,0.0,0.0,0.0,0.0,0.0,0.0,0.0,0.0,0.0,0.0,0.0,0.0,0.0,0.0,0.0,0.0,0.0,0.0,0.0,0.0,0.0,0.0,0.0,0.0,0.0,0.0,0.0,0.0,0.0,0.0,0.0,0.0,0.0,0.0,0.0,0.0,0.0,0.0,0.0,0.0,0.0,0.0,0.0,0.0,0.0,0.0,0.0,0.0,0.0,0.0,0.0,0.0,0.0,0.0,0.0,0.0,0.0,0.0,2.5,1.5,2.5,0.0,0.0,0.0,0.0,0.0,0.0,0.0,0.0,0.0,0.0,0.0,0.0,0.0,0.0,0.0,0.0,0.0,0.0,2.5,3.0,0.0
Student_399,0.0,0.0,3.5,4.0,4.0,3.5,4.0,4.0,4.0,3.0,4.0,4.0,3.0,4.0,4.0,4.0,4.0,3.5,4.0,4.0,0.0,0.0,0.0,0.0,4.0,4.0,4.0,3.0,2.5,0.0,0.0,0.0,4.0,0.0,0.0,0.0,0.0,0.0,0.0,0.0,3.5,0.0,0.0,0.0,4.0,4.0,0.0,4.0,4.0,0.0,0.0,0.0,0.0,0.0,4.0,4.0,0.0,4.0,2.5,4.0,4.0,4.0,4.0,2.5,4.0,0.0,4.0,4.0,0.0,0.0,0.0,4.0,3.5,4.0,4.0,0.0,0.0,0.0,0.0,0.0,0.0,0.0,0.0,0.0,0.0,0.0,0.0,0.0,0.0,0.0,0.0,0.0,4.0,0.0,0.0
Student_4,1.5,1.0,3.0,2.5,2.0,2.5,2.5,3.0,2.5,2.0,3.5,1.5,4.0,2.5,3.0,2.5,1.0,2.0,3.5,3.0,2.0,0.0,0.0,0.0,2.0,2.5,0.0,2.5,1.5,2.0,0.0,0.0,0.0,0.0,2.5,0.0,0.0,0.0,0.0,0.0,3.5,0.0,0.0,0.0,2.0,2.0,2.5,0.0,0.0,0.0,2.0,0.0,3.5,0.0,0.0,4.0,0.0,2.0,1.5,2.0,3.0,3.0,3.0,3.5,3.5,0.0,0.0,2.5,0.0,0.0,0.0,2.5,2.0,2.5,3.0,0.0,3.5,0.0,0.0,0.0,0.0,0.0,0.0,0.0,0.0,0.0,0.0,0.0,0.0,0.0,0.0,0.0,3.0,2.0,0.0
Student_40,3.0,4.0,0.0,0.0,3.0,3.5,2.5,0.0,3.0,3.5,4.0,3.0,3.0,3.5,4.0,3.0,3.5,2.0,4.0,3.0,2.5,0.0,4.0,0.0,3.0,2.0,0.0,3.5,3.0,4.0,0.0,3.0,0.0,0.0,0.0,3.5,3.0,0.0,0.0,4.0,0.0,0.0,0.0,0.0,0.0,3.5,4.0,3.5,0.0,0.0,0.0,0.0,0.0,0.0,0.0,4.0,0.0,4.0,2.0,3.5,2.5,4.0,4.0,4.0,4.0,0.0,0.0,4.0,0.0,0.0,0.0,3.5,3.0,4.0,2.0,0.0,0.0,0.0,0.0,0.0,0.0,0.0,0.0,0.0,0.0,0.0,0.0,0.0,0.0,0.0,0.0,0.0,4.0,4.0,0.0
Student_400,2.0,4.0,4.0,4.0,2.0,4.0,3.0,0.0,3.5,3.0,4.0,3.0,3.5,3.5,4.0,3.5,3.5,2.0,3.0,3.0,0.0,0.0,0.0,0.0,3.5,3.5,3.5,4.0,3.0,4.0,3.5,0.0,0.0,0.0,4.0,4.0,0.0,0.0,0.0,0.0,2.0,0.0,0.0,0.0,3.5,0.0,4.0,0.0,0.0,0.0,0.0,0.0,0.0,0.0,0.0,4.0,0.0,2.5,3.0,4.0,4.0,4.0,4.0,4.0,4.0,0.0,0.0,4.0,0.0,1.5,0.0,3.0,2.5,4.0,2.5,4.0,0.0,0.0,0.0,0.0,0.0,0.0,0.0,0.0,0.0,0.0,0.0,0.0,0.0,0.0,0.0,0.0,3.5,4.0,0.0
Student_401,0.0,0.0,3.5,4.0,4.0,3.5,3.5,4.0,3.5,2.5,3.5,4.0,4.0,3.5,3.5,4.0,3.5,3.75,3.75,3.0,0.0,0.0,0.0,4.0,4.0,4.0,3.25,4.0,4.0,0.0,0.0,3.5,3.25,0.0,0.0,0.0,0.0,0.0,0.0,0.0,0.0,0.0,0.0,0.0,4.0,4.0,0.0,0.0,0.0,0.0,3.5,0.0,0.0,0.0,4.0,4.0,0.0,4.0,4.0,4.0,4.0,3.5,4.0,4.0,4.0,4.0,3.5,4.0,0.0,0.0,0.0,4.0,4.0,3.5,4.0,0.0,0.0,0.0,0.0,0.0,0.0,0.0,0.0,0.0,0.0,0.0,0.0,4.0,0.0,0.0,0.0,0.0,0.0,0.0,0.0
Student_402,0.0,3.0,4.0,4.0,4.0,4.0,4.0,3.5,2.5,2.5,4.0,3.5,3.5,3.5,4.0,2.0,3.0,3.0,3.5,3.0,0.0,0.0,0.0,0.0,4.0,2.5,1.5,3.0,2.75,0.0,0.0,0.0,0.0,0.0,0.0,4.0,0.0,0.0,0.0,0.0,0.0,0.0,0.0,0.0,3.0,4.0,0.0,3.25,0.0,0.0,0.0,0.0,0.0,0.0,4.0,4.0,0.0,2.5,4.0,4.0,4.0,4.0,4.0,3.0,4.0,0.0,4.0,4.0,0.0,3.5,0.0,3.5,3.5,3.0,2.5,0.0,0.0,0.0,0.0,0.0,0.0,0.0,0.0,0.0,0.0,0.0,0.0,0.0,0.0,0.0,0.0,0.0,4.0,4.0,0.0
Student_403,3.5,4.0,3.0,3.5,2.5,4.0,3.0,4.0,3.0,2.5,2.0,2.5,4.0,2.0,2.5,3.0,2.0,1.5,1.5,1.5,3.5,0.0,0.0,0.0,3.0,3.5,0.0,4.0,3.0,0.0,0.0,2.75,1.75,0.0,0.0,0.0,0.0,0.0,0.0,0.0,3.5,0.0,0.0,0.0,0.0,4.0,0.0,2.5,3.0,0.0,0.0,0.0,0.0,0.0,3.0,3.0,0.0,2.5,2.0,4.0,3.0,2.5,4.0,1.5,4.0,0.0,4.0,4.0,0.0,0.0,0.0,2.5,3.0,3.0,4.0,0.0,0.0,0.0,3.25,0.0,0.0,0.0,0.0,0.0,0.0,0.0,0.0,0.0,0.0,0.0,0.0,0.0,3.5,4.0,0.0
Student_404,4.0,4.0,4.0,4.0,2.5,4.0,0.0,0.0,0.0,4.0,0.0,0.0,4.0,0.0,3.5,0.0,0.0,3.5,3.5,3.5,0.0,0.0,0.0,0.0,3.5,0.0,3.0,4.0,2.5,4.0,0.0,0.0,0.0,0.0,0.0,0.0,0.0,0.0,0.0,0.0,0.0,0.0,2.5,0.0,0.0,0.0,0.0,0.0,0.0,0.0,0.0,0.0,0.0,0.0,4.0,4.0,4.0,0.0,0.0,4.0,4.0,3.0,4.0,4.0,4.0,0.0,0.0,0.0,0.0,0.0,3.0,3.5,3.0,0.0,3.5,0.0,0.0,0.0,0.0,0.0,0.0,0.0,4.0,0.0,0.0,0.0,0.0,0.0,0.0,0.0,0.0,0.0,3.5,3.0,0.0
Student_405,0.0,0.0,2.5,0.0,2.0,0.0,4.0,0.0,0.0,0.0,0.0,0.0,0.0,3.0,3.0,2.5,3.25,0.0,2.0,2.25,0.0,0.0,0.0,0.0,0.0,0.0,2.5,0.0,0.0,0.0,0.0,0.0,0.0,0.0,0.0,0.0,0.0,0.0,0.0,0.0,0.0,0.0,0.0,0.0,0.0,4.0,0.0,0.0,0.0,0.0,0.0,0.0,0.0,0.0,0.0,0.0,0.0,0.0,0.0,0.0,3.25,3.0,4.0,3.0,4.0,4.0,3.5,4.0,0.0,0.0,0.0,3.5,3.0,0.0,3.5,0.0,0.0,0.0,0.0,0.0,0.0,0.0,0.0,0.0,0.0,0.0,0.0,0.0,0.0,0.0,2.25,0.0,0.0,0.0,3.25
Student_406,2.0,2.0,4.0,2.5,3.5,3.5,2.0,4.0,1.0,1.5,3.0,2.0,2.5,4.0,4.0,2.0,3.0,1.5,3.0,2.0,3.0,0.0,0.0,0.0,4.0,3.0,0.0,4.0,2.5,2.5,0.0,0.0,0.0,0.0,3.5,0.0,2.5,0.0,0.0,0.0,0.0,0.0,0.0,0.0,2.0,4.0,0.0,3.0,0.0,1.5,0.0,0.0,0.0,4.0,0.0,3.25,0.0,4.0,4.0,3.0,3.5,3.0,3.5,2.5,3.5,0.0,0.0,4.0,0.0,0.0,0.0,3.0,3.0,2.5,2.5,0.0,0.0,3.5,0.0,0.0,0.0,0.0,0.0,0.0,0.0,0.0,0.0,0.0,0.0,0.0,0.0,0.0,2.0,3.5,0.0
Student_407,4.0,3.0,0.0,4.0,3.5,3.0,3.5,3.5,3.5,3.5,2.5,3.0,3.0,4.0,3.0,3.5,3.0,3.0,2.5,3.0,0.0,0.0,0.0,0.0,4.0,4.0,4.0,3.5,3.0,0.0,0.0,0.0,0.0,0.0,4.0,0.0,0.0,0.0,0.0,0.0,3.0,0.0,0.0,0.0,3.5,0.0,0.0,0.0,0.0,0.0,2.5,3.5,0.0,0.0,4.0,4.0,4.0,3.5,3.0,4.0,0.0,0.0,0.0,0.0,0.0,0.0,4.0,4.0,0.0,0.0,0.0,0.0,0.0,4.0,0.0,4.0,0.0,0.0,0.0,0.0,0.0,0.0,0.0,0.0,0.0,0.0,0.0,0.0,0.0,0.0,0.0,0.0,3.5,0.0,0.0
Student_408,3.0,2.0,0.0,3.5,4.0,3.5,2.5,4.0,3.0,2.0,2.5,2.5,2.5,2.0,2.5,2.0,2.5,3.0,3.0,2.0,3.5,0.0,0.0,0.0,3.0,2.5,1.0,4.0,1.5,2.0,0.0,3.5,0.0,0.0,0.0,0.0,0.0,3.0,0.0,3.0,0.0,3.5,0.0,0.0,0.0,3.5,4.0,0.0,0.0,0.0,0.0,0.0,0.0,0.0,0.0,3.5,0.0,0.0,3.0,2.5,3.0,0.0,0.0,3.0,4.0,0.0,0.0,3.5,0.0,0.0,0.0,0.0,4.0,0.0,3.5,0.0,0.0,0.0,0.0,0.0,0.0,0.0,0.0,3.5,0.0,0.0,0.0,0.0,0.0,0.0,0.0,0.0,3.0,2.5,0.0
Student_409,3.5,4.0,4.0,0.0,0.0,0.0,2.5,3.0,3.5,0.0,0.0,0.0,3.0,0.0,1.5,2.5,3.5,3.0,4.0,3.0,3.0,0.0,0.0,0.0,3.5,3.0,0.0,3.5,2.0,2.5,0.0,0.0,0.0,0.0,0.0,0.0,3.0,0.0,0.0,0.0,0.0,0.0,0.0,0.0,0.0,3.5,0.0,0.0,4.0,3.5,0.0,0.0,3.0,0.0,4.0,4.0,4.0,0.0,0.0,3.5,3.0,0.0,0.0,2.5,4.0,0.0,0.0,4.0,0.0,0.0,0.0,0.0,0.0,0.0,0.0,0.0,0.0,0.0,0.0,0.0,3.5,0.0,0.0,0.0,0.0,0.0,0.0,0.0,0.0,0.0,0.0,0.0,0.0,0.0,0.0
Student_41,0.0,0.0,3.0,0.0,0.0,0.0,1.5,0.0,2.5,2.0,0.0,1.0,1.0,1.0,2.0,3.0,1.5,1.5,2.0,1.0,1.5,0.0,0.0,0.0,1.5,1.5,0.0,2.5,1.5,2.5,0.0,1.5,0.0,0.0,4.0,3.0,0.0,0.0,0.0,0.0,2.0,0.0,0.0,0.0,0.0,0.0,0.0,2.5,0.0,0.0,0.0,1.0,0.0,0.0,0.0,3.0,0.0,1.0,2.0,3.0,2.0,0.0,0.0,0.0,0.0,0.0,0.0,2.0,0.0,0.0,1.5,0.0,0.0,1.0,0.0,0.0,0.0,0.0,0.0,0.0,0.0,0.0,0.0,0.0,0.0,0.0,0.0,4.0,0.0,0.0,0.0,0.0,0.0,0.0,0.0
Student_410,4.0,4.0,4.0,3.0,4.0,4.0,4.0,4.0,3.5,3.5,4.0,3.5,4.0,3.5,3.5,4.0,3.5,2.5,4.0,4.0,3.5,0.0,0.0,0.0,4.0,4.0,4.0,3.5,4.0,0.0,0.0,0.0,0.0,0.0,0.0,0.0,0.0,0.0,0.0,0.0,3.0,0.0,0.0,0.0,0.0,0.0,0.0,4.0,0.0,4.0,4.0,0.0,0.0,0.0,4.0,4.0,0.0,4.0,4.0,4.0,4.0,4.0,4.0,4.0,4.0,0.0,4.0,4.0,0.0,0.0,0.0,4.0,4.0,4.0,4.0,0.0,0.0,0.0,0.0,4.0,0.0,0.0,0.0,0.0,0.0,0.0,0.0,0.0,0.0,0.0,0.0,0.0,4.0,0.0,0.0
Student_411,3.5,3.0,4.0,3.0,2.5,3.5,3.0,4.0,2.0,3.5,3.5,3.0,4.0,4.0,3.0,2.0,4.0,1.5,3.0,1.0,2.5,0.0,0.0,0.0,4.0,1.25,1.5,3.5,3.0,0.0,0.0,2.75,0.0,0.0,4.0,4.0,0.0,0.0,0.0,0.0,3.0,0.0,0.0,0.0,0.0,0.0,0.0,0.0,3.25,0.0,0.0,0.0,0.0,3.25,4.0,4.0,0.0,2.5,4.0,4.0,2.0,3.5,4.0,4.0,4.0,0.0,4.0,4.0,0.0,0.0,0.0,3.0,4.0,2.5,3.0,0.0,0.0,0.0,0.0,0.0,0.0,0.0,0.0,0.0,0.0,0.0,3.5,0.0,0.0,0.0,0.0,0.0,4.0,4.0,0.0
Student_412,2.5,2.0,3.0,1.0,1.0,2.5,2.0,0.0,2.0,2.0,2.5,3.0,1.5,3.0,2.0,1.5,3.0,1.5,2.0,1.5,0.0,0.0,0.0,0.0,2.5,2.0,2.0,3.0,1.5,2.5,0.0,2.0,0.0,0.0,2.0,0.0,0.0,2.5,0.0,0.0,0.0,0.0,0.0,0.0,1.0,1.5,0.0,3.0,0.0,0.0,0.0,0.0,0.0,0.0,0.0,4.0,0.0,2.0,2.5,3.0,3.0,3.0,3.5,2.5,3.5,0.0,0.0,3.5,0.0,0.0,2.5,2.5,2.5,1.5,3.5,0.0,0.0,0.0,0.0,0.0,0.0,0.0,0.0,0.0,0.0,0.0,0.0,3.5,0.0,0.0,0.0,0.0,2.5,3.0,0.0
Student_413,3.0,3.0,3.0,2.0,1.5,3.0,2.5,3.5,2.5,4.0,3.5,3.0,3.5,3.5,3.5,3.5,1.5,3.5,3.0,3.5,0.0,0.0,0.0,0.0,3.0,3.0,0.0,4.0,2.5,2.5,0.0,0.0,2.5,0.0,0.0,4.0,2.0,0.0,0.0,0.0,0.0,0.0,0.0,0.0,4.0,4.0,4.0,0.0,0.0,3.0,0.0,0.0,0.0,0.0,0.0,4.0,0.0,3.0,3.5,4.0,4.0,4.0,4.0,3.5,4.0,0.0,0.0,4.0,0.0,3.0,0.0,2.5,3.0,2.5,2.5,0.0,0.0,0.0,3.5,0.0,0.0,0.0,0.0,0.0,0.0,0.0,0.0,0.0,0.0,0.0,0.0,0.0,3.5,4.0,0.0
Student_414,2.5,2.5,3.0,3.0,2.5,3.0,2.5,0.0,2.5,4.0,3.0,2.5,1.5,2.5,3.0,3.0,1.0,2.0,2.0,2.5,3.5,0.0,0.0,0.0,2.0,2.0,2.5,3.5,1.5,2.0,0.0,0.0,0.0,0.0,0.0,4.0,0.0,3.5,0.0,0.0,2.0,0.0,0.0,0.0,0.0,0.0,3.0,0.0,0.0,0.0,0.0,0.0,0.0,0.0,0.0,4.0,0.0,1.5,2.5,2.0,2.5,4.0,4.0,3.5,4.0,0.0,0.0,3.5,0.0,0.0,0.0,3.5,2.0,3.0,3.0,0.0,0.0,0.0,0.0,0.0,0.0,0.0,0.0,0.0,0.0,0.0,0.0,0.0,0.0,0.0,0.0,0.0,3.0,2.5,0.0
Student_415,4.0,4.0,4.0,3.0,3.0,4.0,2.0,3.0,3.0,3.0,4.0,4.0,3.5,4.0,3.0,2.5,3.0,4.0,4.0,4.0,3.0,0.0,0.0,0.0,2.0,3.5,4.0,4.0,3.0,0.0,0.0,3.5,3.5,0.0,0.0,0.0,0.0,0.0,0.0,0.0,4.0,0.0,0.0,0.0,0.0,0.0,0.0,0.0,4.0,0.0,0.0,0.0,0.0,4.0,4.0,4.0,4.0,2.5,3.5,3.0,4.0,4.0,3.0,3.5,4.0,0.0,0.0,4.0,0.0,0.0,0.0,2.5,3.0,4.0,3.5,0.0,0.0,0.0,0.0,0.0,0.0,0.0,0.0,4.0,0.0,0.0,0.0,0.0,0.0,0.0,0.0,0.0,4.0,3.0,0.0
Student_416,4.0,4.0,0.0,0.0,2.0,3.0,3.0,0.0,3.0,2.0,2.5,1.5,3.5,1.0,1.0,1.5,2.5,1.5,2.5,2.5,3.0,0.0,0.0,0.0,2.0,2.5,3.0,3.0,1.5,2.0,0.0,0.0,0.0,0.0,4.0,0.0,0.0,1.5,0.0,0.0,3.5,0.0,2.0,0.0,0.0,0.0,0.0,0.0,0.0,0.0,2.5,1.5,0.0,0.0,0.0,3.0,0.0,1.5,1.5,3.0,2.5,3.0,4.0,3.5,4.0,0.0,0.0,3.5,0.0,0.0,0.0,3.0,3.0,3.0,2.5,0.0,0.0,0.0,0.0,4.0,0.0,0.0,0.0,0.0,0.0,0.0,0.0,0.0,0.0,0.0,0.0,0.0,4.0,4.0,0.0
Student_417,1.5,3.5,0.0,0.0,0.0,0.0,0.0,0.0,3.0,0.0,0.0,0.0,0.0,0.0,0.0,0.0,0.0,0.0,0.0,0.0,0.0,0.0,0.0,0.0,0.0,0.0,0.0,0.0,0.0,0.0,0.0,0.0,0.0,0.0,0.0,0.0,0.0,0.0,0.0,0.0,0.0,0.0,0.0,0.0,0.0,0.0,0.0,0.0,0.0,0.0,0.0,0.0,0.0,0.0,0.0,0.0,0.0,0.0,0.0,0.0,0.0,0.0,0.0,0.0,0.0,0.0,0.0,0.0,0.0,0.0,0.0,1.5,2.0,0.0,0.0,0.0,0.0,0.0,0.0,0.0,0.0,0.0,0.0,0.0,0.0,0.0,0.0,0.0,0.0,0.0,0.0,0.0,2.0,3.0,0.0
Student_418,4.0,3.0,2.0,2.5,1.5,4.0,2.5,0.0,1.0,1.5,1.5,1.5,4.0,2.0,2.0,2.5,1.0,2.5,2.0,2.5,0.0,0.0,0.0,0.0,1.0,2.0,2.0,2.0,4.0,1.5,0.0,0.0,0.0,0.0,2.0,2.5,0.0,0.0,0.0,0.0,3.5,0.0,0.0,0.0,0.0,0.0,0.0,0.0,2.0,0.0,1.0,2.5,0.0,0.0,0.0,3.0,0.0,1.5,1.0,1.5,3.0,2.0,3.0,2.0,4.0,0.0,0.0,3.5,0.0,0.0,2.0,1.5,2.0,2.5,1.5,0.0,0.0,0.0,4.0,0.0,0.0,0.0,0.0,0.0,0.0,0.0,0.0,0.0,0.0,0.0,0.0,0.0,4.0,3.0,0.0
Student_419,3.5,3.5,3.5,3.5,4.0,4.0,3.5,0.0,2.5,2.5,2.5,2.5,4.0,2.5,2.5,4.0,4.0,3.0,4.0,3.5,3.0,0.0,0.0,0.0,3.5,3.5,4.0,4.0,4.0,4.0,0.0,3.0,3.5,0.0,0.0,0.0,0.0,0.0,0.0,0.0,0.0,0.0,0.0,0.0,4.0,3.5,0.0,4.0,4.0,0.0,0.0,0.0,0.0,0.0,0.0,4.0,0.0,2.0,3.5,3.0,4.0,3.5,4.0,4.0,4.0,0.0,0.0,4.0,0.0,0.0,0.0,3.0,3.0,4.0,4.0,0.0,0.0,0.0,0.0,0.0,0.0,0.0,4.0,0.0,0.0,0.0,0.0,0.0,0.0,0.0,0.0,0.0,4.0,3.5,0.0
Student_42,4.0,4.0,4.0,3.5,4.0,4.0,4.0,3.5,3.5,4.0,4.0,4.0,4.0,4.0,3.5,4.0,4.0,4.0,4.0,4.0,3.0,0.0,0.0,0.0,4.0,4.0,4.0,3.5,2.5,4.0,0.0,0.0,4.0,0.0,0.0,0.0,0.0,0.0,0.0,0.0,0.0,0.0,0.0,0.0,4.0,4.0,0.0,4.0,3.0,0.0,3.0,0.0,0.0,0.0,0.0,4.0,0.0,4.0,3.5,3.5,4.0,4.0,4.0,4.0,4.0,0.0,0.0,3.5,0.0,0.0,0.0,4.0,4.0,4.0,4.0,0.0,0.0,0.0,0.0,0.0,0.0,3.5,0.0,0.0,0.0,0.0,0.0,0.0,0.0,0.0,0.0,0.0,3.5,3.5,0.0
Student_420,3.5,3.5,3.5,4.0,2.0,4.0,2.0,0.0,2.5,2.5,2.5,2.5,4.0,2.5,1.0,1.0,2.0,2.5,2.5,2.5,0.0,0.0,0.0,0.0,4.0,2.5,2.0,3.0,2.5,3.0,0.0,1.5,1.5,0.0,0.0,3.5,0.0,0.0,0.0,1.0,3.0,1.5,0.0,0.0,0.0,0.0,0.0,0.0,0.0,0.0,0.0,0.0,0.0,0.0,0.0,3.0,0.0,3.0,1.0,2.0,3.5,2.5,4.0,2.0,4.0,0.0,0.0,4.0,0.0,0.0,2.5,2.5,2.5,2.0,3.0,0.0,0.0,0.0,0.0,0.0,0.0,0.0,0.0,0.0,0.0,0.0,0.0,0.0,0.0,0.0,0.0,0.0,3.5,4.0,0.0
Student_421,0.0,0.0,4.0,4.0,4.0,2.5,3.0,3.0,3.0,3.5,2.5,3.5,3.5,3.0,4.0,3.5,3.0,4.0,3.5,3.5,0.0,0.0,0.0,0.0,4.0,3.5,0.0,2.5,3.0,0.0,0.0,0.0,3.5,0.0,0.0,0.0,0.0,0.0,0.0,0.0,3.0,0.0,0.0,0.0,0.0,4.0,0.0,4.0,4.0,0.0,0.0,0.0,0.0,4.0,4.0,4.0,0.0,2.0,3.0,4.0,4.0,4.0,4.0,4.0,4.0,0.0,4.0,4.0,0.0,0.0,3.5,4.0,2.5,4.0,3.5,0.0,0.0,0.0,0.0,0.0,0.0,0.0,0.0,0.0,0.0,0.0,0.0,0.0,0.0,0.0,3.5,0.0,3.5,0.0,0.0
Student_422,2.0,3.5,3.5,1.0,3.5,1.5,2.5,0.0,2.5,2.5,3.5,2.0,2.5,3.0,2.0,3.5,3.5,4.0,3.5,4.0,2.5,0.0,0.0,0.0,2.0,3.0,0.0,1.0,2.5,2.5,0.0,3.5,0.0,0.0,0.0,0.0,1.5,3.5,0.0,4.0,0.0,0.0,0.0,0.0,0.0,3.5,0.0,0.0,0.0,3.0,0.0,0.0,0.0,0.0,0.0,4.0,0.0,1.5,2.0,3.5,4.0,4.0,4.0,3.0,4.0,0.0,0.0,3.5,0.0,0.0,0.0,3.0,3.0,2.5,3.0,0.0,0.0,0.0,0.0,0.0,0.0,0.0,0.0,0.0,0.0,0.0,0.0,0.0,0.0,0.0,0.0,3.0,2.0,3.0,0.0
Student_423,4.0,3.0,1.5,2.0,3.0,2.0,2.5,0.0,2.5,1.5,3.0,3.5,3.5,2.5,3.0,3.5,1.5,2.5,4.0,2.5,0.0,0.0,0.0,0.0,2.5,3.5,3.5,2.5,2.5,3.5,0.0,2.0,0.0,4.0,0.0,0.0,0.0,0.0,0.0,4.0,0.0,0.0,0.0,0.0,3.5,0.0,0.0,3.0,0.0,0.0,0.0,0.0,0.0,0.0,0.0,4.0,0.0,2.0,1.0,2.0,2.5,3.5,4.0,4.0,4.0,0.0,0.0,3.5,0.0,2.5,3.0,3.0,3.5,1.5,2.0,0.0,0.0,0.0,0.0,0.0,3.0,0.0,0.0,0.0,0.0,0.0,0.0,0.0,0.0,0.0,0.0,0.0,3.0,3.0,0.0
Student_424,2.5,4.0,3.5,2.0,3.0,2.5,2.0,2.0,2.0,4.0,2.0,2.5,3.0,2.0,2.5,2.0,1.0,2.0,2.0,2.5,2.0,0.0,0.0,0.0,4.0,1.0,2.5,4.0,1.5,0.0,0.0,2.0,0.0,0.0,0.0,0.0,0.0,3.0,0.0,0.0,2.0,0.0,0.0,0.0,0.0,0.0,2.5,0.0,0.0,0.0,0.0,0.0,4.0,0.0,4.0,4.0,0.0,1.5,2.0,4.0,3.5,3.0,4.0,3.0,4.0,0.0,3.0,4.0,0.0,0.0,0.0,2.5,2.5,2.0,2.0,0.0,0.0,0.0,0.0,0.0,0.0,0.0,0.0,0.0,0.0,0.0,0.0,4.0,0.0,0.0,0.0,0.0,4.0,2.0,0.0
Student_425,3.0,3.5,2.0,1.5,2.0,2.0,2.5,0.0,1.5,2.5,2.0,1.0,3.0,2.0,1.5,1.0,2.0,1.5,3.0,1.0,0.0,0.0,0.0,0.0,2.0,1.0,1.0,2.5,1.5,2.0,0.0,0.0,0.0,0.0,3.0,0.0,0.0,0.0,0.0,0.0,0.0,0.0,0.0,0.0,0.0,0.0,0.0,1.0,0.0,0.0,1.5,1.5,2.5,0.0,0.0,3.0,0.0,1.0,3.5,2.0,3.5,3.0,4.0,1.5,4.0,0.0,0.0,2.5,0.0,1.5,3.5,2.5,1.5,2.5,1.5,0.0,0.0,0.0,0.0,0.0,0.0,0.0,0.0,0.0,0.0,0.0,0.0,0.0,0.0,0.0,3.0,0.0,3.0,3.5,0.0
Student_426,2.0,3.0,4.0,4.0,4.0,2.5,3.5,4.0,3.5,3.0,4.0,3.0,3.5,4.0,2.5,4.0,2.5,2.5,3.5,3.5,3.0,0.0,0.0,0.0,3.5,4.0,0.0,3.5,4.0,4.0,0.0,2.5,0.0,0.0,0.0,0.0,0.0,0.0,0.0,0.0,2.0,0.0,0.0,0.0,0.0,4.0,0.0,4.0,0.0,0.0,0.0,0.0,0.0,0.0,3.0,3.5,4.0,3.5,3.5,2.5,3.0,4.0,4.0,4.0,4.0,0.0,0.0,4.0,0.0,0.0,0.0,4.0,4.0,3.5,4.0,0.0,0.0,0.0,0.0,0.0,3.5,0.0,0.0,0.0,0.0,0.0,0.0,0.0,0.0,0.0,0.0,0.0,2.0,3.0,0.0
Student_427,3.5,3.0,4.0,3.5,3.5,3.5,2.5,0.0,3.0,2.5,4.0,2.5,2.5,3.5,4.0,3.0,3.0,2.5,4.0,4.0,3.0,0.0,0.0,0.0,3.0,2.5,3.0,3.5,2.5,4.0,0.0,3.5,2.5,0.0,0.0,0.0,0.0,0.0,0.0,3.0,0.0,0.0,0.0,0.0,0.0,3.0,3.0,0.0,0.0,0.0,2.5,0.0,0.0,0.0,0.0,4.0,0.0,2.0,3.0,3.0,3.5,3.0,4.0,3.0,4.0,0.0,0.0,4.0,0.0,0.0,0.0,3.5,3.5,3.0,3.0,0.0,4.0,0.0,0.0,0.0,0.0,0.0,0.0,0.0,0.0,0.0,0.0,0.0,0.0,0.0,0.0,0.0,2.5,2.0,0.0
Student_428,3.5,2.5,3.0,2.0,3.0,4.0,2.5,0.0,2.0,2.5,3.5,4.0,4.0,2.0,4.0,3.5,2.0,3.5,3.0,2.0,3.0,0.0,0.0,0.0,3.0,2.0,2.0,3.5,2.0,3.0,0.0,0.0,3.0,0.0,0.0,0.0,0.0,0.0,0.0,0.0,0.0,0.0,0.0,0.0,0.0,3.0,3.0,3.5,0.0,0.0,3.5,2.5,0.0,0.0,0.0,4.0,0.0,2.5,3.0,2.5,2.0,3.5,4.0,3.0,4.0,0.0,0.0,4.0,0.0,0.0,0.0,2.5,2.0,2.5,3.0,0.0,0.0,0.0,0.0,0.0,4.0,0.0,0.0,0.0,0.0,0.0,0.0,0.0,0.0,0.0,0.0,0.0,3.5,3.0,0.0
Student_429,2.5,1.5,2.0,1.5,2.5,3.5,2.5,0.0,3.0,1.5,2.5,1.5,1.5,3.0,2.5,3.0,3.0,2.0,3.0,1.5,0.0,0.0,0.0,0.0,1.0,1.5,2.5,3.0,2.5,2.0,0.0,0.0,0.0,0.0,2.0,0.0,1.0,0.0,0.0,0.0,0.0,0.0,0.0,0.0,0.0,0.0,0.0,2.5,0.0,0.0,2.5,2.0,2.0,0.0,0.0,3.0,0.0,2.0,1.0,3.5,2.0,2.5,4.0,2.5,4.0,0.0,0.0,4.0,0.0,0.0,3.0,2.0,2.0,3.5,2.0,0.0,0.0,0.0,0.0,0.0,3.0,0.0,0.0,0.0,0.0,0.0,0.0,0.0,0.0,0.0,0.0,0.0,3.0,2.5,0.0
Student_43,3.5,4.0,3.0,3.5,0.0,4.0,3.0,2.0,2.0,3.0,2.0,0.0,2.5,0.0,2.0,2.0,2.5,2.5,2.5,1.0,0.0,0.0,0.0,0.0,3.5,2.5,0.0,2.0,3.0,0.0,0.0,2.0,2.5,0.0,0.0,0.0,4.0,0.0,0.0,0.0,0.0,0.0,0.0,0.0,0.0,1.0,0.0,0.0,4.0,2.5,0.0,0.0,0.0,0.0,4.0,4.0,4.0,3.0,3.5,4.0,3.5,0.0,0.0,0.0,0.0,0.0,4.0,4.0,0.0,0.0,2.0,0.0,4.0,4.0,3.0,0.0,0.0,0.0,0.0,0.0,0.0,0.0,0.0,4.0,0.0,0.0,0.0,0.0,0.0,0.0,0.0,0.0,4.0,4.0,0.0
Student_430,4.0,4.0,4.0,3.5,3.5,3.5,3.5,0.0,4.0,4.0,4.0,4.0,4.0,4.0,3.5,3.5,3.0,4.0,4.0,3.5,3.5,0.0,0.0,0.0,4.0,3.5,2.5,3.0,3.0,4.0,0.0,3.0,4.0,0.0,0.0,0.0,0.0,0.0,0.0,0.0,0.0,0.0,0.0,0.0,3.5,0.0,4.0,4.0,0.0,0.0,0.0,0.0,0.0,0.0,0.0,4.0,0.0,3.0,4.0,3.5,3.5,4.0,4.0,4.0,4.0,0.0,0.0,4.0,0.0,0.0,3.5,4.0,4.0,4.0,4.0,0.0,0.0,0.0,0.0,0.0,0.0,3.5,0.0,0.0,0.0,0.0,0.0,0.0,0.0,0.0,0.0,0.0,3.0,4.0,0.0
Student_431,3.0,4.0,1.5,2.0,2.0,2.5,1.0,0.0,2.5,1.0,1.5,2.5,2.5,1.5,1.5,1.5,1.5,1.0,2.5,1.5,0.0,0.0,0.0,0.0,2.0,1.5,2.5,4.0,1.5,1.5,0.0,0.0,0.0,2.5,0.0,0.0,0.0,0.0,0.0,3.0,2.5,0.0,0.0,0.0,0.0,0.0,0.0,2.0,0.0,1.0,1.0,0.0,0.0,0.0,0.0,3.0,0.0,1.0,3.0,2.0,2.0,2.5,4.0,2.5,4.0,0.0,0.0,2.5,0.0,0.0,2.5,2.0,2.0,1.5,2.5,0.0,0.0,0.0,0.0,0.0,3.5,0.0,0.0,0.0,0.0,0.0,0.0,0.0,0.0,0.0,0.0,0.0,3.5,3.5,0.0
Student_432,0.0,0.0,3.5,0.0,0.0,0.0,2.5,2.5,1.5,2.0,2.5,1.0,1.5,2.5,2.0,2.0,2.0,2.5,2.0,1.0,0.0,0.0,0.0,0.0,2.5,1.0,2.0,4.0,2.0,2.0,0.0,3.5,1.0,0.0,0.0,0.0,0.0,0.0,0.0,0.0,2.0,0.0,0.0,0.0,1.5,0.0,2.0,0.0,2.5,0.0,0.0,0.0,0.0,0.0,0.0,4.0,0.0,2.0,2.0,2.5,3.0,0.0,0.0,0.0,0.0,0.0,0.0,4.0,0.0,0.0,3.0,0.0,3.0,3.0,0.0,0.0,0.0,0.0,0.0,0.0,0.0,0.0,0.0,0.0,0.0,0.0,0.0,0.0,0.0,0.0,0.0,0.0,0.0,0.0,0.0
Student_433,3.5,3.5,2.5,4.0,2.5,3.0,3.5,4.0,1.0,1.0,3.0,3.5,1.5,2.0,2.0,1.5,2.5,2.0,2.0,2.0,0.0,0.0,0.0,0.0,2.0,1.5,2.5,3.0,1.0,0.0,0.0,2.5,0.0,0.0,0.0,0.0,0.0,0.0,0.0,0.0,3.0,0.0,0.0,0.0,1.5,0.0,0.0,0.0,0.0,0.0,2.0,0.0,0.0,1.75,3.0,3.75,0.0,2.5,3.5,4.0,3.5,2.5,4.0,2.5,4.0,0.0,2.5,4.0,0.0,0.0,1.5,2.5,2.0,2.5,2.5,0.0,0.0,0.0,0.0,0.0,0.0,0.0,0.0,0.0,0.0,0.0,0.0,0.0,0.0,0.0,1.5,0.0,4.0,4.0,0.0
Student_434,4.0,4.0,3.5,3.5,3.5,3.0,4.0,4.0,3.0,3.5,4.0,3.0,4.0,4.0,3.5,4.0,3.5,2.0,3.5,3.5,0.0,0.0,0.0,0.0,3.5,4.0,0.0,3.5,3.5,0.0,0.0,0.0,3.5,0.0,0.0,0.0,0.0,0.0,0.0,0.0,2.5,0.0,0.0,0.0,0.0,4.0,4.0,4.0,0.0,0.0,0.0,0.0,0.0,0.0,4.0,4.0,0.0,3.0,3.5,4.0,4.0,4.0,4.0,4.0,4.0,0.0,4.0,4.0,0.0,3.0,0.0,4.0,3.0,3.0,3.0,0.0,0.0,0.0,0.0,4.0,0.0,0.0,0.0,0.0,0.0,0.0,0.0,0.0,0.0,0.0,0.0,0.0,4.0,3.5,0.0
Student_435,3.0,4.0,4.0,3.5,3.5,4.0,3.0,2.5,3.5,4.0,3.5,3.5,3.5,4.0,2.0,2.5,4.0,2.0,4.0,2.5,0.0,0.0,0.0,0.0,3.0,3.5,0.0,3.5,2.5,0.0,0.0,0.0,3.0,0.0,0.0,3.5,3.0,0.0,0.0,0.0,0.0,0.0,0.0,0.0,3.5,4.0,0.0,3.0,0.0,0.0,0.0,0.0,0.0,0.0,4.0,4.0,4.0,2.5,3.5,2.5,3.5,3.5,4.0,3.5,4.0,0.0,0.0,4.0,0.0,0.0,3.0,3.5,3.0,3.0,3.5,0.0,0.0,0.0,0.0,0.0,0.0,4.0,0.0,0.0,0.0,0.0,0.0,0.0,0.0,0.0,0.0,0.0,3.5,3.5,0.0
Student_436,3.0,0.0,3.5,4.0,3.0,3.0,2.5,3.0,3.0,2.5,2.0,2.5,3.5,3.0,3.0,3.0,2.5,3.0,1.0,3.5,0.0,0.0,0.0,0.0,3.0,2.0,3.5,2.0,2.0,0.0,0.0,0.0,0.0,0.0,0.0,0.0,2.5,2.5,0.0,0.0,0.0,0.0,0.0,0.0,2.5,0.0,0.0,0.0,4.0,0.0,3.0,0.0,0.0,0.0,3.5,4.0,0.0,3.5,2.5,1.5,4.0,3.5,4.0,3.0,4.0,0.0,4.0,4.0,0.0,3.0,0.0,2.5,2.5,3.0,3.5,0.0,0.0,0.0,0.0,0.0,0.0,0.0,0.0,0.0,0.0,0.0,0.0,0.0,0.0,0.0,0.0,0.0,2.5,0.0,0.0
Student_437,3.5,3.0,2.5,1.0,3.0,3.5,3.0,0.0,2.0,1.5,3.0,3.0,4.0,2.5,1.5,2.5,2.0,1.5,1.5,1.0,0.0,0.0,0.0,0.0,1.0,1.5,2.0,4.0,1.0,1.5,1.0,0.0,0.0,1.5,0.0,0.0,0.0,0.0,0.0,0.0,3.5,0.0,0.0,0.0,0.0,0.0,0.0,0.0,0.0,2.0,1.0,2.0,0.0,0.0,0.0,3.0,0.0,1.0,1.0,3.5,2.5,4.0,3.5,3.5,4.0,0.0,0.0,3.5,0.0,0.0,3.0,2.0,3.0,4.0,1.0,0.0,0.0,0.0,0.0,0.0,0.0,0.0,0.0,0.0,0.0,0.0,4.0,0.0,0.0,0.0,0.0,0.0,3.5,3.0,0.0
Student_438,3.5,4.0,2.5,2.0,3.0,2.0,2.5,0.0,1.0,1.0,1.5,2.5,4.0,1.0,3.5,1.0,1.5,2.0,3.0,2.5,0.0,0.0,0.0,0.0,2.5,3.0,1.5,2.5,1.0,2.5,0.0,0.0,0.0,0.0,4.0,4.0,0.0,0.0,0.0,2.0,2.0,2.0,0.0,0.0,0.0,0.0,0.0,0.0,0.0,0.0,1.0,0.0,0.0,0.0,0.0,3.0,0.0,1.5,1.0,1.0,1.5,2.0,3.0,2.0,4.0,0.0,0.0,3.5,0.0,0.0,2.0,2.5,1.0,2.0,2.5,0.0,0.0,0.0,0.0,0.0,0.0,3.0,0.0,0.0,0.0,0.0,0.0,0.0,0.0,0.0,0.0,0.0,3.5,2.5,0.0
Student_439,3.0,3.5,2.0,1.5,4.0,4.0,1.5,2.0,2.75,1.0,4.0,1.0,2.5,2.0,1.0,1.75,1.25,1.0,1.75,2.0,0.0,0.0,0.0,0.0,3.25,1.75,3.0,3.0,2.25,0.0,0.0,2.5,0.0,0.0,4.0,0.0,0.0,0.0,0.0,0.0,3.0,0.0,2.25,0.0,0.0,3.5,0.0,0.0,0.0,1.25,0.0,0.0,0.0,0.0,4.0,4.0,0.0,1.0,1.0,2.75,3.5,3.5,4.0,3.0,3.0,0.0,2.0,3.5,0.0,0.0,0.0,4.0,4.0,3.0,3.0,0.0,0.0,0.0,0.0,0.0,0.0,0.0,0.0,0.0,0.0,0.0,0.0,0.0,0.0,0.0,0.0,0.0,3.0,0.0,0.0
Student_44,4.0,4.0,2.5,3.0,2.0,3.5,3.0,2.0,1.5,1.0,2.0,2.0,2.5,1.5,2.5,2.5,2.0,3.0,3.5,3.0,0.0,0.0,0.0,0.0,3.0,2.0,2.0,2.0,3.0,0.0,0.0,0.0,1.0,0.0,0.0,0.0,0.0,0.0,0.0,0.0,0.0,0.0,0.0,0.0,1.5,3.0,0.0,0.0,2.5,0.0,0.0,0.0,0.0,3.5,3.5,4.0,0.0,3.0,2.0,2.5,3.5,4.0,2.5,3.5,3.5,0.0,0.0,4.0,0.0,0.0,2.5,3.0,3.5,2.5,2.5,0.0,0.0,0.0,0.0,0.0,0.0,0.0,0.0,0.0,0.0,0.0,0.0,0.0,0.0,0.0,3.5,0.0,4.0,2.5,0.0
Student_440,3.5,4.0,4.0,1.0,4.0,3.5,1.5,2.5,2.5,3.0,3.0,3.0,3.5,2.0,2.0,2.5,1.0,3.0,3.5,4.0,0.0,0.0,0.0,0.0,3.0,3.5,0.0,3.0,2.5,3.0,0.0,0.0,3.0,0.0,0.0,0.0,0.0,0.0,0.0,0.0,0.0,0.0,0.0,0.0,4.0,3.5,2.0,2.5,0.0,0.0,3.0,0.0,0.0,0.0,0.0,4.0,0.0,2.5,2.0,4.0,0.0,4.0,4.0,4.0,4.0,0.0,0.0,4.0,0.0,0.0,2.5,3.5,3.0,0.0,3.0,0.0,4.0,0.0,0.0,0.0,0.0,0.0,0.0,0.0,0.0,0.0,0.0,0.0,0.0,0.0,0.0,0.0,3.0,3.0,0.0
Student_441,4.0,4.0,3.5,1.0,2.5,3.5,3.5,3.0,4.0,2.5,1.0,2.0,3.0,2.5,3.5,2.5,4.0,3.0,4.0,4.0,0.0,0.0,0.0,0.0,4.0,3.5,2.5,4.0,2.5,0.0,0.0,0.0,0.0,0.0,4.0,0.0,0.0,0.0,0.0,0.0,0.0,0.0,0.0,0.0,3.5,3.5,3.0,0.0,0.0,0.0,0.0,0.0,0.0,2.5,3.5,4.0,4.0,1.5,1.5,4.0,3.5,3.0,4.0,2.5,4.0,0.0,4.0,4.0,0.0,0.0,4.0,4.0,4.0,4.0,3.0,0.0,0.0,0.0,4.0,0.0,0.0,0.0,0.0,0.0,0.0,0.0,0.0,0.0,0.0,0.0,0.0,0.0,4.0,4.0,0.0
Student_442,3.0,3.5,0.0,0.0,0.0,0.0,0.0,0.0,0.0,0.0,0.0,0.0,0.0,0.0,0.0,0.0,0.0,0.0,0.0,0.0,0.0,0.0,0.0,0.0,0.0,0.0,0.0,0.0,0.0,0.0,0.0,0.0,0.0,0.0,0.0,0.0,0.0,0.0,0.0,0.0,0.0,0.0,0.0,0.0,0.0,0.0,0.0,0.0,0.0,0.0,0.0,0.0,0.0,0.0,0.0,0.0,0.0,0.0,0.0,0.0,0.0,0.0,0.0,0.0,0.0,0.0,0.0,0.0,0.0,0.0,0.0,3.5,3.5,0.0,0.0,0.0,0.0,0.0,0.0,0.0,0.0,0.0,0.0,0.0,0.0,0.0,0.0,0.0,0.0,0.0,0.0,0.0,2.5,3.5,0.0
Student_443,2.0,3.0,2.5,1.5,1.0,4.0,1.0,0.0,2.0,2.5,3.5,2.0,3.5,1.5,2.0,3.0,2.5,2.5,3.0,1.0,0.0,0.0,3.0,0.0,3.0,1.5,0.0,3.5,2.5,3.5,0.0,0.0,1.5,0.0,0.0,0.0,0.0,4.0,0.0,0.0,2.5,0.0,0.0,0.0,0.0,1.5,3.5,3.0,3.0,0.0,0.0,0.0,0.0,0.0,0.0,3.5,0.0,3.0,1.5,3.0,2.0,4.0,4.0,2.5,4.0,0.0,0.0,3.5,0.0,0.0,2.5,2.5,1.5,2.5,2.5,0.0,0.0,0.0,0.0,0.0,0.0,0.0,0.0,0.0,0.0,0.0,0.0,0.0,0.0,0.0,0.0,0.0,2.5,2.5,0.0
Student_444,4.0,4.0,3.0,1.5,2.0,4.0,4.0,4.0,4.0,2.5,2.0,3.0,3.0,3.0,3.5,3.0,3.5,3.0,4.0,4.0,0.0,0.0,0.0,0.0,4.0,3.5,2.5,4.0,3.0,0.0,0.0,0.0,0.0,0.0,4.0,0.0,0.0,0.0,0.0,0.0,0.0,0.0,0.0,0.0,3.5,3.5,3.5,0.0,0.0,0.0,0.0,0.0,0.0,3.0,4.0,4.0,4.0,3.5,2.5,4.0,4.0,3.5,4.0,4.0,4.0,0.0,4.0,4.0,0.0,0.0,4.0,4.0,4.0,4.0,2.5,0.0,0.0,0.0,0.0,0.0,0.0,0.0,0.0,0.0,0.0,0.0,0.0,4.0,0.0,0.0,0.0,0.0,4.0,4.0,0.0
Student_445,2.5,3.0,3.0,3.0,1.5,4.0,3.0,0.0,2.5,2.5,2.5,2.5,2.5,2.5,2.5,3.5,1.0,1.0,2.5,1.5,0.0,0.0,0.0,0.0,2.5,3.5,3.5,1.0,3.0,2.5,2.0,1.5,2.5,0.0,0.0,3.0,0.0,0.0,0.0,0.0,2.5,0.0,0.0,0.0,0.0,0.0,0.0,0.0,0.0,0.0,0.0,2.5,0.0,0.0,0.0,3.5,0.0,1.0,1.5,1.0,4.0,2.0,3.0,3.0,3.0,0.0,0.0,3.0,0.0,0.0,2.0,2.0,3.0,2.0,1.0,0.0,0.0,0.0,0.0,0.0,0.0,0.0,0.0,0.0,0.0,0.0,0.0,1.5,0.0,0.0,0.0,0.0,3.5,3.0,0.0
Student_446,4.0,4.0,3.5,1.0,2.0,4.0,3.5,2.5,3.5,4.0,2.0,1.5,2.5,2.5,3.5,3.0,3.5,2.0,4.0,4.0,3.0,0.0,0.0,0.0,3.5,1.5,3.0,4.0,2.5,0.0,0.0,2.0,0.0,0.0,4.0,0.0,0.0,0.0,0.0,0.0,2.5,0.0,0.0,0.0,0.0,0.0,0.0,0.0,3.5,0.0,0.0,0.0,0.0,3.0,4.0,4.0,4.0,2.0,2.0,4.0,4.0,3.0,4.0,2.0,3.5,0.0,3.5,4.0,0.0,0.0,0.0,2.0,2.5,4.0,2.5,0.0,0.0,0.0,0.0,0.0,0.0,0.0,0.0,0.0,0.0,0.0,0.0,0.0,0.0,0.0,0.0,0.0,3.5,3.5,0.0
Student_447,4.0,3.5,3.5,3.5,3.0,4.0,2.5,4.0,2.5,3.5,3.5,3.0,3.5,3.5,2.0,3.0,3.0,2.0,3.5,4.0,3.0,0.0,0.0,0.0,3.0,4.0,4.0,4.0,3.5,4.0,0.0,0.0,4.0,0.0,0.0,0.0,0.0,0.0,0.0,0.0,0.0,0.0,0.0,0.0,0.0,4.0,0.0,0.0,4.0,0.0,0.0,0.0,0.0,4.0,4.0,4.0,4.0,2.0,3.0,3.0,3.0,4.0,4.0,3.0,4.0,0.0,0.0,4.0,0.0,0.0,0.0,3.5,3.5,3.0,3.5,0.0,0.0,0.0,0.0,4.0,0.0,0.0,0.0,0.0,0.0,0.0,0.0,0.0,0.0,0.0,0.0,0.0,4.0,2.5,0.0
Student_448,0.0,0.0,3.0,4.0,3.0,3.0,3.5,4.0,2.75,1.5,2.0,3.5,3.5,3.5,2.5,3.75,3.5,3.0,2.25,2.5,0.0,0.0,0.0,2.75,3.75,3.5,3.5,4.0,3.0,0.0,0.0,3.5,0.0,0.0,0.0,0.0,0.0,0.0,0.0,0.0,0.0,0.0,0.0,0.0,0.0,2.5,0.0,0.0,0.0,2.5,0.0,2.5,2.5,0.0,4.0,4.0,0.0,2.5,2.0,3.25,3.0,3.0,4.0,3.5,4.0,4.0,4.0,4.0,0.0,0.0,0.0,3.5,3.5,1.5,3.5,0.0,0.0,0.0,0.0,0.0,0.0,0.0,0.0,0.0,0.0,0.0,0.0,0.0,0.0,0.0,0.0,0.0,0.0,0.0,0.0
Student_449,3.5,4.0,2.5,3.0,2.5,1.5,4.0,0.0,0.0,3.0,2.0,2.0,2.5,2.5,2.5,4.0,2.0,3.5,3.5,3.5,0.0,0.0,0.0,0.0,2.5,3.5,4.0,2.5,3.0,4.0,0.0,4.0,3.5,0.0,0.0,0.0,0.0,0.0,0.0,0.0,3.5,0.0,0.0,0.0,0.0,0.0,3.5,0.0,0.0,0.0,3.0,1.5,0.0,0.0,0.0,4.0,0.0,2.0,4.0,2.0,4.0,3.0,4.0,3.0,4.0,0.0,0.0,4.0,0.0,0.0,0.0,3.0,2.5,2.0,3.5,0.0,0.0,0.0,0.0,0.0,0.0,0.0,0.0,0.0,0.0,0.0,3.5,0.0,0.0,0.0,0.0,0.0,3.0,2.5,0.0
Student_45,3.5,4.0,4.0,4.0,4.0,3.5,4.0,4.0,4.0,4.0,3.0,4.0,4.0,4.0,4.0,4.0,4.0,3.5,4.0,4.0,3.5,0.0,0.0,0.0,4.0,4.0,0.0,4.0,4.0,0.0,0.0,4.0,0.0,0.0,0.0,0.0,0.0,0.0,0.0,0.0,3.5,0.0,0.0,0.0,0.0,4.0,4.0,4.0,0.0,0.0,0.0,0.0,0.0,0.0,4.0,4.0,0.0,4.0,4.0,4.0,4.0,4.0,4.0,4.0,4.0,0.0,4.0,4.0,0.0,0.0,0.0,4.0,4.0,4.0,4.0,0.0,0.0,0.0,0.0,0.0,0.0,0.0,0.0,0.0,0.0,0.0,0.0,3.0,0.0,0.0,0.0,0.0,4.0,0.0,0.0
Student_450,4.0,4.0,3.0,3.0,4.0,4.0,3.5,3.5,2.5,2.0,2.5,2.5,4.0,2.5,3.5,2.0,2.0,1.5,2.0,1.0,2.0,0.0,0.0,0.0,3.5,1.5,3.0,3.0,2.5,0.0,0.0,2.5,2.0,0.0,0.0,0.0,0.0,0.0,0.0,0.0,3.5,0.0,0.0,0.0,0.0,0.0,0.0,0.0,0.0,0.0,1.0,0.0,0.0,4.0,4.0,4.0,0.0,3.5,3.5,4.0,3.0,3.5,4.0,3.0,4.0,0.0,4.0,4.0,0.0,0.0,0.0,4.0,2.5,2.5,3.0,0.0,0.0,0.0,4.0,0.0,0.0,0.0,0.0,0.0,0.0,0.0,0.0,0.0,0.0,0.0,0.0,0.0,4.0,4.0,0.0
Student_451,0.0,0.0,0.0,3.5,3.0,3.0,1.0,0.0,1.5,2.5,3.0,2.5,2.0,2.5,2.5,2.5,3.0,2.0,3.0,3.5,0.0,0.0,0.0,0.0,2.0,2.0,1.5,4.0,3.5,3.0,0.0,2.0,0.0,0.0,0.0,0.0,0.0,0.0,0.0,0.0,0.0,0.0,0.0,0.0,3.5,2.5,3.5,0.0,3.5,0.0,0.0,0.0,0.0,4.0,0.0,4.0,0.0,2.0,2.5,2.5,2.5,1.0,2.5,2.5,3.0,0.0,0.0,4.0,0.0,0.0,3.5,0.0,2.5,2.5,1.0,0.0,0.0,0.0,0.0,4.0,0.0,0.0,0.0,0.0,0.0,0.0,0.0,0.0,0.0,0.0,0.0,0.0,0.0,0.0,0.0
Student_452,4.0,0.0,0.0,0.0,2.0,3.5,0.0,0.0,3.0,2.5,3.0,2.0,3.5,4.0,3.0,1.0,2.0,3.0,3.0,0.0,0.0,0.0,0.0,0.0,3.0,3.0,4.0,3.5,2.0,1.5,0.0,0.0,0.0,0.0,4.0,0.0,0.0,0.0,0.0,0.0,3.0,0.0,3.5,0.0,3.0,3.5,0.0,0.0,0.0,1.0,3.5,0.0,0.0,0.0,0.0,4.0,0.0,2.0,0.0,3.0,0.0,0.0,4.0,0.0,0.0,0.0,0.0,3.5,0.0,0.0,0.0,0.0,0.0,0.0,3.5,0.0,0.0,0.0,0.0,0.0,0.0,0.0,0.0,4.0,0.0,0.0,0.0,0.0,0.0,0.0,0.0,0.0,0.0,0.0,0.0
Student_453,3.5,4.0,0.0,0.0,4.0,3.0,4.0,0.0,4.0,3.5,4.0,4.0,3.0,4.0,4.0,3.5,4.0,4.0,4.0,4.0,0.0,0.0,0.0,0.0,4.0,4.0,0.0,4.0,3.0,3.5,0.0,0.0,0.0,0.0,4.0,4.0,3.5,0.0,0.0,0.0,0.0,0.0,0.0,0.0,4.0,4.0,4.0,4.0,0.0,0.0,0.0,0.0,0.0,0.0,0.0,4.0,0.0,4.0,4.0,3.0,4.0,4.0,4.0,4.0,0.0,0.0,0.0,4.0,0.0,0.0,4.0,3.5,4.0,3.5,4.0,0.0,0.0,4.0,0.0,0.0,0.0,0.0,0.0,0.0,0.0,0.0,0.0,0.0,0.0,0.0,0.0,0.0,3.0,4.0,0.0
Student_454,4.0,3.5,3.5,3.0,2.5,4.0,3.0,2.5,2.5,3.0,3.0,2.0,2.5,2.5,2.5,2.5,3.5,2.5,3.0,4.0,0.0,0.0,0.0,0.0,4.0,3.5,1.5,1.5,3.0,0.0,0.0,3.0,3.0,0.0,0.0,0.0,0.0,0.0,0.0,0.0,2.0,0.0,0.0,0.0,2.5,3.5,0.0,0.0,0.0,0.0,2.0,0.0,0.0,0.0,4.0,4.0,4.0,2.5,2.0,4.0,3.5,3.5,4.0,3.5,4.0,0.0,4.0,3.0,0.0,0.0,0.0,2.0,4.0,1.0,2.5,0.0,0.0,0.0,0.0,0.0,0.0,0.0,0.0,0.0,0.0,0.0,0.0,0.0,0.0,0.0,0.0,0.0,2.0,2.0,0.0
Student_455,3.0,4.0,3.5,4.0,3.0,3.0,3.0,4.0,3.5,2.5,3.5,3.0,3.0,2.5,3.0,1.5,3.5,3.5,3.75,2.0,0.0,0.0,0.0,0.0,3.5,2.0,2.5,3.5,2.5,0.0,0.0,3.25,2.5,0.0,0.0,0.0,4.0,0.0,0.0,0.0,0.0,0.0,0.0,0.0,2.75,0.0,0.0,0.0,3.25,0.0,0.0,0.0,0.0,0.0,4.0,3.75,0.0,2.0,4.0,2.75,4.0,4.0,4.0,1.5,4.0,0.0,4.0,3.5,0.0,0.0,3.5,3.5,4.0,3.0,2.5,0.0,0.0,0.0,0.0,0.0,0.0,0.0,0.0,0.0,0.0,0.0,0.0,3.0,0.0,0.0,0.0,0.0,4.0,2.5,0.0
Student_456,2.0,3.5,4.0,2.5,4.0,4.0,3.5,0.0,2.0,3.5,4.0,4.0,2.0,4.0,3.0,2.0,2.5,2.5,3.5,2.5,0.0,0.0,0.0,0.0,1.5,2.0,0.0,3.5,2.5,3.5,0.0,1.5,2.5,0.0,0.0,0.0,3.0,3.5,0.0,0.0,0.0,0.0,0.0,0.0,0.0,1.5,0.0,3.5,3.5,0.0,0.0,0.0,0.0,0.0,0.0,4.0,0.0,3.0,3.5,3.5,3.0,4.0,4.0,4.0,4.0,0.0,0.0,4.0,0.0,2.5,0.0,3.5,4.0,2.0,4.0,0.0,0.0,0.0,0.0,0.0,0.0,0.0,0.0,0.0,0.0,0.0,3.5,0.0,0.0,0.0,0.0,0.0,3.0,2.0,0.0
Student_457,3.5,3.5,2.0,4.0,3.0,3.5,2.5,3.5,1.75,2.75,2.5,2.5,2.0,2.0,2.5,1.0,1.5,1.0,2.0,1.5,1.5,0.0,0.0,0.0,3.25,2.0,2.5,3.5,1.0,0.0,0.0,1.5,0.0,0.0,0.0,0.0,0.0,0.0,0.0,0.0,3.0,0.0,0.0,0.0,1.25,0.0,0.0,0.0,2.0,0.0,0.0,0.0,0.0,2.0,3.75,4.0,0.0,2.5,3.5,3.5,2.5,2.5,4.0,3.5,4.0,0.0,2.0,3.0,0.0,0.0,0.0,2.5,2.5,2.5,2.0,0.0,0.0,0.0,0.0,0.0,0.0,0.0,0.0,0.0,0.0,0.0,0.0,4.0,0.0,0.0,0.0,0.0,4.0,3.5,0.0
Student_458,2.0,2.5,3.5,3.0,3.5,4.0,3.5,0.0,4.0,3.5,3.0,3.5,4.0,4.0,3.0,3.5,2.5,2.5,2.5,4.0,0.0,0.0,0.0,0.0,4.0,3.0,2.5,2.0,3.5,4.0,0.0,3.0,2.5,0.0,4.0,3.5,3.0,0.0,0.0,0.0,0.0,0.0,0.0,0.0,0.0,0.0,0.0,4.0,0.0,0.0,0.0,0.0,0.0,0.0,0.0,4.0,0.0,1.5,3.0,2.0,3.0,4.0,4.0,4.0,4.0,0.0,0.0,4.0,0.0,0.0,2.0,3.0,3.0,3.5,3.5,0.0,0.0,0.0,0.0,0.0,0.0,0.0,0.0,0.0,0.0,0.0,0.0,3.5,0.0,0.0,0.0,0.0,3.0,4.0,0.0
Student_459,4.0,3.0,0.0,0.0,0.0,0.0,0.0,0.0,1.0,0.0,0.0,0.0,0.0,0.0,0.0,0.0,0.0,0.0,0.0,0.0,0.0,0.0,0.0,0.0,0.0,0.0,0.0,0.0,0.0,0.0,0.0,0.0,0.0,0.0,0.0,0.0,0.0,0.0,0.0,0.0,0.0,0.0,0.0,0.0,0.0,0.0,0.0,0.0,0.0,0.0,0.0,0.0,0.0,0.0,0.0,0.0,0.0,0.0,0.0,0.0,0.0,0.0,0.0,0.0,0.0,0.0,0.0,0.0,0.0,0.0,0.0,3.0,2.0,0.0,0.0,0.0,0.0,0.0,0.0,0.0,0.0,0.0,0.0,0.0,0.0,0.0,0.0,0.0,0.0,0.0,0.0,0.0,2.0,4.0,0.0
Student_46,2.5,3.0,4.0,3.5,2.5,4.0,3.5,0.0,3.5,3.5,4.0,3.0,4.0,3.5,2.0,2.0,1.0,3.0,3.0,3.0,0.0,0.0,0.0,0.0,4.0,2.0,3.5,3.0,3.0,2.5,0.0,2.0,2.0,0.0,0.0,0.0,0.0,3.0,0.0,0.0,3.0,3.0,0.0,0.0,0.0,0.0,0.0,0.0,0.0,0.0,0.0,2.0,0.0,0.0,0.0,3.0,0.0,1.0,2.5,2.5,3.5,2.5,3.0,2.5,4.0,0.0,0.0,3.5,0.0,0.0,3.5,1.5,2.0,3.5,2.5,0.0,0.0,4.0,0.0,0.0,0.0,0.0,0.0,0.0,0.0,0.0,0.0,0.0,0.0,0.0,0.0,0.0,3.0,3.5,0.0
Student_460,4.0,4.0,2.5,2.0,3.0,3.5,3.5,4.0,3.0,3.0,3.5,3.0,4.0,4.0,3.5,3.5,3.0,3.0,4.0,4.0,3.0,0.0,0.0,0.0,3.0,3.5,3.0,3.5,3.5,0.0,0.0,0.0,3.0,0.0,0.0,0.0,0.0,0.0,0.0,0.0,0.0,0.0,0.0,0.0,3.5,4.0,0.0,3.0,0.0,0.0,0.0,0.0,0.0,0.0,4.0,4.0,0.0,2.5,3.0,3.5,3.5,3.0,4.0,3.5,4.0,0.0,3.0,4.0,0.0,0.0,0.0,3.5,3.0,4.0,4.0,0.0,0.0,0.0,0.0,0.0,0.0,0.0,0.0,0.0,0.0,0.0,0.0,0.0,0.0,0.0,4.0,0.0,4.0,4.0,0.0
Student_461,4.0,4.0,4.0,4.0,2.5,4.0,2.5,0.0,2.5,3.0,3.0,3.0,3.0,3.5,2.0,3.0,3.0,3.5,2.5,2.5,3.5,0.0,0.0,0.0,2.5,1.0,2.0,1.5,3.0,3.0,0.0,3.0,0.0,0.0,4.0,0.0,0.0,0.0,0.0,2.5,0.0,0.0,0.0,0.0,0.0,0.0,3.5,0.0,0.0,0.0,3.0,0.0,0.0,0.0,0.0,4.0,0.0,3.5,3.0,2.5,3.0,4.0,4.0,4.0,4.0,0.0,0.0,4.0,0.0,3.5,0.0,4.0,4.0,2.5,4.0,0.0,0.0,0.0,0.0,0.0,0.0,4.0,0.0,0.0,0.0,0.0,0.0,0.0,0.0,0.0,0.0,0.0,4.0,4.0,0.0
Student_462,2.0,3.5,0.0,0.0,0.0,0.0,0.0,0.0,1.5,0.0,0.0,0.0,0.0,0.0,0.0,0.0,0.0,0.0,0.0,0.0,0.0,0.0,0.0,0.0,0.0,0.0,0.0,0.0,0.0,0.0,0.0,0.0,0.0,0.0,0.0,0.0,0.0,0.0,0.0,0.0,0.0,0.0,0.0,0.0,0.0,0.0,0.0,0.0,0.0,0.0,0.0,0.0,0.0,0.0,0.0,0.0,0.0,0.0,0.0,0.0,0.0,0.0,0.0,0.0,0.0,0.0,0.0,0.0,0.0,0.0,0.0,2.5,2.5,0.0,0.0,0.0,0.0,0.0,0.0,0.0,0.0,0.0,0.0,0.0,0.0,0.0,0.0,0.0,0.0,0.0,0.0,0.0,4.0,3.0,0.0
Student_463,4.0,4.0,3.0,3.5,3.5,3.5,3.5,4.0,3.75,3.0,2.5,2.0,3.5,3.0,3.5,3.0,3.75,3.5,3.5,3.0,3.75,0.0,0.0,0.0,4.0,4.0,3.75,4.0,3.25,0.0,0.0,0.0,0.0,0.0,0.0,0.0,0.0,0.0,0.0,0.0,3.25,0.0,0.0,0.0,4.0,0.0,0.0,4.0,3.5,0.0,0.0,0.0,0.0,3.5,4.0,4.0,0.0,4.0,4.0,4.0,4.0,3.0,4.0,4.0,4.0,0.0,4.0,4.0,0.0,0.0,0.0,3.5,3.0,4.0,4.0,0.0,0.0,0.0,0.0,0.0,0.0,0.0,0.0,0.0,0.0,0.0,3.5,0.0,0.0,0.0,0.0,0.0,4.0,4.0,0.0
Student_464,3.5,3.5,3.0,1.0,3.5,2.0,2.5,0.0,1.5,3.0,4.0,2.5,2.5,2.5,2.5,2.5,3.0,1.5,3.0,2.5,1.0,0.0,0.0,0.0,1.5,2.5,3.5,4.0,2.0,3.0,0.0,2.0,0.0,3.0,0.0,0.0,0.0,1.0,0.0,0.0,0.0,0.0,0.0,0.0,2.0,1.5,0.0,0.0,0.0,0.0,0.0,2.0,0.0,0.0,0.0,4.0,0.0,2.0,1.0,2.5,2.5,3.5,4.0,3.0,4.0,0.0,0.0,4.0,0.0,0.0,0.0,3.0,3.0,3.0,2.5,0.0,0.0,0.0,0.0,3.0,0.0,0.0,0.0,0.0,0.0,0.0,0.0,0.0,0.0,0.0,0.0,0.0,4.0,4.0,0.0
Student_465,4.0,4.0,4.0,2.0,4.0,4.0,3.5,0.0,4.0,2.5,4.0,4.0,3.5,4.0,4.0,3.5,4.0,3.5,4.0,4.0,0.0,0.0,0.0,0.0,2.5,3.5,0.0,4.0,3.5,4.0,0.0,4.0,0.0,0.0,0.0,0.0,0.0,0.0,0.0,0.0,4.0,0.0,4.0,0.0,0.0,4.0,3.5,0.0,4.0,0.0,4.0,0.0,0.0,0.0,0.0,4.0,0.0,3.5,3.5,3.5,4.0,4.0,4.0,4.0,4.0,0.0,0.0,3.5,0.0,3.5,0.0,4.0,4.0,4.0,4.0,0.0,0.0,0.0,0.0,0.0,0.0,0.0,0.0,0.0,0.0,0.0,0.0,4.0,0.0,0.0,0.0,0.0,4.0,4.0,0.0
Student_466,3.0,4.0,4.0,3.5,3.5,3.5,3.0,0.0,2.5,3.0,4.0,4.0,3.0,2.5,3.0,3.0,3.0,3.5,4.0,3.0,0.0,0.0,0.0,0.0,2.5,3.5,3.5,3.0,0.0,3.5,0.0,0.0,0.0,0.0,2.0,0.0,0.0,0.0,0.0,0.0,0.0,0.0,0.0,0.0,3.0,1.0,3.5,0.0,0.0,0.0,0.0,0.0,0.0,0.0,0.0,4.0,0.0,1.5,3.5,3.0,3.5,4.0,4.0,4.0,4.0,0.0,0.0,4.0,0.0,0.0,4.0,3.0,2.5,2.5,4.0,0.0,0.0,0.0,0.0,0.0,0.0,0.0,0.0,0.0,0.0,0.0,0.0,3.0,0.0,0.0,0.0,0.0,3.0,4.0,0.0
Student_467,0.0,0.0,3.5,3.5,1.5,2.5,3.5,4.0,3.5,2.0,3.0,2.0,4.0,3.0,4.0,2.5,3.5,3.0,2.5,1.75,0.0,0.0,0.0,0.0,4.0,3.25,0.0,3.75,2.75,0.0,0.0,2.75,2.5,0.0,0.0,0.0,0.0,0.0,0.0,0.0,2.5,0.0,0.0,0.0,1.75,2.75,0.0,0.0,0.0,3.25,0.0,0.0,0.0,0.0,4.0,4.0,0.0,3.0,2.5,2.25,4.0,2.5,3.5,4.0,3.5,0.0,4.0,4.0,0.0,0.0,3.0,3.5,3.0,3.5,3.0,0.0,0.0,0.0,0.0,0.0,0.0,0.0,0.0,0.0,0.0,0.0,0.0,0.0,0.0,0.0,2.0,0.0,0.0,0.0,0.0
Student_468,0.0,0.0,3.0,4.0,3.0,3.0,3.0,4.0,2.75,2.0,3.5,2.0,4.0,3.5,4.0,3.0,3.75,2.0,2.5,3.0,0.0,0.0,0.0,4.0,4.0,2.75,2.5,4.0,3.0,0.0,0.0,0.0,2.5,0.0,4.0,0.0,4.0,0.0,0.0,0.0,0.0,1.5,0.0,0.0,3.5,0.0,0.0,0.0,0.0,0.0,0.0,0.0,0.0,0.0,4.0,4.0,0.0,2.0,2.5,3.5,3.0,3.5,4.0,3.0,4.0,4.0,4.0,4.0,0.0,0.0,0.0,3.5,3.5,1.5,3.5,0.0,0.0,0.0,0.0,0.0,4.0,0.0,0.0,0.0,0.0,0.0,0.0,0.0,0.0,0.0,0.0,0.0,0.0,0.0,0.0
Student_469,3.5,0.0,3.0,3.5,4.0,3.5,4.0,4.0,3.5,3.0,3.5,3.0,4.0,4.0,4.0,3.0,3.5,3.0,3.5,2.5,3.5,0.0,0.0,0.0,4.0,3.5,0.0,4.0,2.5,0.0,0.0,0.0,3.5,0.0,0.0,0.0,0.0,0.0,0.0,0.0,3.0,0.0,0.0,0.0,0.0,4.0,0.0,4.0,4.0,3.0,4.0,0.0,0.0,0.0,4.0,4.0,0.0,4.0,4.0,4.0,3.5,4.0,4.0,3.5,4.0,0.0,4.0,4.0,0.0,0.0,0.0,4.0,4.0,4.0,4.0,0.0,0.0,0.0,0.0,0.0,0.0,0.0,0.0,0.0,0.0,0.0,0.0,0.0,0.0,0.0,4.0,0.0,4.0,4.0,0.0
Student_47,3.5,0.0,2.5,2.5,3.0,4.0,3.0,3.5,3.0,3.5,3.0,2.5,3.5,2.0,4.0,3.0,3.5,2.0,3.0,2.5,3.0,0.0,0.0,0.0,4.0,3.0,3.5,4.0,2.75,0.0,0.0,0.0,2.0,0.0,0.0,0.0,0.0,0.0,0.0,0.0,2.5,0.0,0.0,0.0,0.0,0.0,0.0,1.5,2.75,0.0,0.0,3.25,0.0,0.0,4.0,4.0,0.0,2.5,3.0,4.0,4.0,3.0,4.0,3.0,4.0,0.0,4.0,4.0,0.0,0.0,0.0,1.5,2.5,4.0,3.0,0.0,0.0,0.0,0.0,0.0,0.0,0.0,0.0,0.0,0.0,0.0,0.0,0.0,0.0,0.0,0.0,0.0,4.0,0.0,0.0
Student_470,3.5,0.0,4.0,4.0,3.5,4.0,3.0,2.0,1.5,2.75,3.5,2.0,1.0,2.0,2.5,3.0,2.0,3.0,2.75,2.25,2.0,0.0,0.0,0.0,2.75,1.0,0.0,3.25,2.0,0.0,0.0,2.25,0.0,0.0,0.0,0.0,0.0,0.0,0.0,0.0,1.75,0.0,0.0,0.0,3.5,1.0,0.0,0.0,2.75,2.75,0.0,0.0,0.0,0.0,4.0,4.0,0.0,2.0,1.5,4.0,4.0,3.0,4.0,3.0,4.0,0.0,4.0,4.0,0.0,0.0,0.0,4.0,3.0,3.5,3.0,0.0,0.0,0.0,0.0,0.0,0.0,0.0,0.0,0.0,0.0,0.0,3.5,0.0,0.0,0.0,0.0,0.0,4.0,4.0,0.0
Student_471,4.0,4.0,3.0,1.5,2.5,4.0,2.5,0.0,2.5,1.0,3.5,3.5,4.0,2.5,3.0,4.0,1.0,3.0,2.5,2.5,0.0,0.0,0.0,0.0,4.0,3.0,4.0,4.0,2.5,3.0,0.0,0.0,3.0,0.0,0.0,3.5,0.0,0.0,0.0,3.0,3.0,2.5,0.0,0.0,0.0,0.0,0.0,0.0,0.0,0.0,0.0,2.0,0.0,0.0,0.0,3.5,0.0,4.0,1.5,3.0,2.5,3.5,3.5,4.0,4.0,0.0,0.0,4.0,0.0,0.0,4.0,4.0,3.5,3.5,2.0,0.0,0.0,0.0,0.0,0.0,3.5,0.0,0.0,0.0,0.0,0.0,0.0,0.0,0.0,0.0,0.0,0.0,4.0,3.5,0.0
Student_472,0.0,0.0,4.0,4.0,3.5,4.0,4.0,4.0,3.0,3.0,3.5,4.0,4.0,3.0,3.5,3.75,3.75,2.5,3.5,3.75,3.25,0.0,0.0,0.0,3.5,3.75,3.25,3.5,2.75,0.0,0.0,3.0,2.75,0.0,0.0,0.0,0.0,0.0,0.0,0.0,2.5,4.0,0.0,0.0,4.0,0.0,0.0,0.0,0.0,0.0,0.0,0.0,0.0,0.0,4.0,3.75,0.0,4.0,4.0,2.75,4.0,4.0,4.0,4.0,4.0,4.0,4.0,4.0,0.0,0.0,0.0,4.0,4.0,3.25,4.0,0.0,0.0,0.0,0.0,0.0,0.0,0.0,0.0,0.0,0.0,0.0,0.0,0.0,0.0,0.0,0.0,0.0,0.0,0.0,0.0
Student_473,4.0,0.0,3.5,3.5,3.5,3.5,4.0,3.5,3.25,2.5,4.0,1.5,4.0,4.0,3.5,4.0,4.0,3.75,3.75,3.5,3.0,0.0,0.0,0.0,3.75,3.75,3.75,4.0,3.5,0.0,0.0,0.0,3.75,0.0,0.0,0.0,0.0,0.0,0.0,0.0,0.0,0.0,0.0,0.0,0.0,3.0,0.0,0.0,3.25,3.75,4.0,0.0,0.0,0.0,4.0,4.0,0.0,3.5,3.0,3.75,4.0,2.5,2.5,2.5,4.0,0.0,4.0,4.0,0.0,0.0,0.0,3.0,3.0,4.0,3.0,0.0,0.0,0.0,0.0,0.0,0.0,0.0,0.0,0.0,0.0,0.0,0.0,0.0,0.0,0.0,3.5,0.0,4.0,4.0,0.0
Student_474,4.0,4.0,4.0,4.0,4.0,3.5,4.0,4.0,3.5,3.5,4.0,4.0,3.5,3.0,4.0,2.5,4.0,3.0,4.0,4.0,4.0,0.0,0.0,0.0,3.0,4.0,0.0,4.0,3.5,0.0,0.0,0.0,0.0,0.0,0.0,0.0,0.0,0.0,0.0,0.0,4.0,0.0,0.0,0.0,4.0,0.0,0.0,3.5,3.5,0.0,3.5,0.0,0.0,0.0,4.0,4.0,4.0,3.5,4.0,3.0,4.0,4.0,4.0,4.0,3.5,0.0,0.0,4.0,0.0,0.0,0.0,4.0,4.0,4.0,4.0,0.0,0.0,0.0,0.0,0.0,0.0,0.0,0.0,0.0,0.0,0.0,0.0,0.0,0.0,0.0,4.0,0.0,4.0,4.0,0.0
Student_475,2.5,1.5,4.0,4.0,2.0,4.0,3.0,0.0,2.0,1.5,2.0,1.5,1.5,3.5,2.5,3.5,2.5,2.5,3.5,2.5,0.0,0.0,0.0,0.0,3.5,3.0,0.0,3.0,1.0,3.0,0.0,0.0,1.0,0.0,2.5,3.5,2.0,0.0,0.0,0.0,2.0,0.0,0.0,0.0,0.0,0.0,3.0,0.0,0.0,0.0,2.0,0.0,0.0,0.0,0.0,3.5,0.0,1.0,2.0,3.0,4.0,3.5,4.0,3.0,4.0,0.0,0.0,4.0,0.0,0.0,3.5,2.5,1.0,3.5,3.0,0.0,3.0,0.0,0.0,0.0,0.0,0.0,0.0,0.0,0.0,0.0,0.0,0.0,0.0,0.0,0.0,0.0,3.0,2.5,0.0
Student_476,2.5,2.5,0.0,0.0,0.0,0.0,1.0,0.0,0.0,0.0,0.0,0.0,0.0,0.0,0.0,0.0,0.0,0.0,0.0,0.0,0.0,0.0,0.0,0.0,0.0,0.0,0.0,0.0,0.0,0.0,0.0,0.0,0.0,0.0,0.0,0.0,0.0,0.0,0.0,0.0,0.0,0.0,0.0,0.0,0.0,0.0,0.0,0.0,0.0,0.0,0.0,0.0,0.0,0.0,0.0,0.0,0.0,0.0,0.0,0.0,0.0,0.0,0.0,0.0,0.0,0.0,0.0,0.0,0.0,0.0,0.0,2.0,1.0,0.0,0.0,0.0,0.0,0.0,0.0,0.0,0.0,0.0,0.0,0.0,0.0,0.0,0.0,0.0,0.0,0.0,0.0,0.0,2.5,2.5,0.0
Student_477,3.5,4.0,4.0,4.0,4.0,3.5,3.5,4.0,3.5,1.0,2.5,3.5,2.5,4.0,3.5,2.5,3.5,3.0,3.0,3.0,3.5,0.0,0.0,0.0,3.5,4.0,3.75,3.5,3.75,0.0,0.0,0.0,3.5,0.0,0.0,0.0,0.0,0.0,0.0,0.0,0.0,0.0,0.0,0.0,0.0,3.5,0.0,3.25,0.0,0.0,0.0,4.0,0.0,3.75,4.0,4.0,0.0,3.5,2.0,4.0,4.0,3.0,4.0,2.5,4.0,0.0,4.0,3.5,0.0,0.0,0.0,4.0,4.0,4.0,3.0,0.0,0.0,0.0,0.0,0.0,0.0,0.0,0.0,0.0,0.0,0.0,0.0,0.0,0.0,0.0,0.0,0.0,0.0,4.0,0.0
Student_478,0.0,3.5,2.5,4.0,3.0,3.0,3.0,2.0,2.75,3.0,3.0,2.0,4.0,3.5,4.0,3.25,3.75,2.25,1.75,3.75,2.25,0.0,0.0,0.0,3.5,3.5,1.75,3.75,3.5,0.0,0.0,0.0,0.0,0.0,4.0,0.0,0.0,0.0,0.0,0.0,0.0,2.0,3.25,0.0,0.0,2.75,0.0,0.0,0.0,3.25,0.0,0.0,0.0,0.0,4.0,4.0,0.0,2.0,2.5,4.0,3.5,3.0,4.0,1.5,4.0,0.0,4.0,4.0,0.0,0.0,0.0,3.5,2.0,3.0,3.5,0.0,0.0,0.0,0.0,0.0,0.0,0.0,0.0,0.0,0.0,0.0,0.0,0.0,0.0,0.0,4.0,0.0,4.0,2.0,0.0
Student_479,4.0,4.0,3.5,2.5,3.0,3.5,1.0,3.0,2.5,2.0,3.0,2.0,3.0,1.5,1.5,1.5,2.0,0.0,2.5,2.25,3.0,0.0,0.0,0.0,3.5,1.5,3.0,4.0,2.0,0.0,0.0,2.0,0.0,0.0,0.0,0.0,4.0,0.0,0.0,0.0,0.0,0.0,0.0,0.0,1.25,0.0,0.0,3.0,3.0,0.0,0.0,0.0,0.0,0.0,4.0,4.0,0.0,1.5,1.5,4.0,3.5,3.5,4.0,2.5,4.0,0.0,3.5,4.0,0.0,0.0,0.0,3.0,4.0,4.0,2.5,0.0,0.0,0.0,3.5,0.0,0.0,0.0,0.0,0.0,0.0,0.0,0.0,0.0,0.0,0.0,3.0,0.0,4.0,0.0,0.0
Student_48,4.0,4.0,3.0,3.5,2.0,3.5,3.5,3.0,3.0,3.25,3.0,2.75,4.0,2.5,2.0,1.0,3.75,2.25,3.0,3.25,0.0,0.0,0.0,0.0,3.0,2.25,1.5,3.5,3.5,0.0,0.0,0.0,2.75,0.0,0.0,4.0,0.0,0.0,0.0,0.0,2.5,0.0,0.0,0.0,0.0,3.5,0.0,4.0,0.0,0.0,0.0,0.0,0.0,3.5,4.0,4.0,0.0,1.0,3.25,4.0,3.5,4.0,4.0,1.5,4.0,0.0,4.0,4.0,0.0,0.0,0.0,2.5,2.5,2.5,4.0,0.0,0.0,0.0,0.0,0.0,0.0,0.0,0.0,0.0,0.0,0.0,0.0,0.0,0.0,0.0,0.0,0.0,0.0,4.0,0.0
Student_480,1.5,3.0,3.5,4.0,3.5,3.5,2.5,0.0,3.0,3.0,4.0,2.0,3.0,3.0,4.0,3.5,3.5,3.0,3.0,3.5,2.5,0.0,0.0,0.0,3.5,1.0,0.0,3.5,2.5,4.0,0.0,2.5,3.0,0.0,0.0,0.0,0.0,0.0,0.0,3.0,3.5,0.0,0.0,0.0,0.0,3.0,2.5,0.0,3.0,0.0,0.0,0.0,0.0,0.0,0.0,4.0,0.0,2.0,1.0,2.0,2.0,2.0,4.0,2.5,3.5,0.0,0.0,4.0,0.0,0.0,0.0,1.5,2.0,3.0,3.5,0.0,0.0,3.0,0.0,0.0,0.0,0.0,0.0,0.0,0.0,0.0,0.0,0.0,0.0,0.0,0.0,0.0,2.5,3.5,0.0
Student_481,3.5,3.5,0.0,0.0,0.0,0.0,0.0,0.0,0.0,0.0,0.0,0.0,0.0,0.0,0.0,0.0,0.0,0.0,0.0,0.0,0.0,0.0,0.0,0.0,0.0,0.0,0.0,0.0,0.0,0.0,0.0,0.0,0.0,0.0,0.0,0.0,0.0,0.0,0.0,0.0,0.0,0.0,0.0,0.0,0.0,0.0,0.0,0.0,0.0,0.0,0.0,0.0,0.0,0.0,0.0,0.0,0.0,0.0,0.0,0.0,0.0,0.0,0.0,0.0,0.0,0.0,0.0,0.0,0.0,0.0,0.0,2.5,3.0,0.0,0.0,0.0,0.0,0.0,0.0,0.0,0.0,0.0,0.0,0.0,0.0,0.0,0.0,0.0,0.0,0.0,0.0,0.0,4.0,4.0,0.0
Student_482,0.0,4.0,3.0,4.0,0.0,3.5,4.0,4.0,3.5,1.5,4.0,2.0,4.0,3.5,3.5,4.0,4.0,3.5,3.75,3.75,2.75,0.0,0.0,3.75,2.5,3.75,0.0,3.75,4.0,0.0,0.0,0.0,3.0,0.0,0.0,0.0,0.0,0.0,0.0,0.0,0.0,0.0,0.0,0.0,0.0,4.0,0.0,4.0,0.0,3.5,3.25,0.0,0.0,0.0,4.0,4.0,0.0,4.0,2.0,3.75,4.0,0.0,0.0,0.0,0.0,0.0,0.0,4.0,0.0,0.0,0.0,0.0,0.0,4.0,3.5,0.0,0.0,0.0,4.0,0.0,0.0,0.0,0.0,0.0,0.0,0.0,0.0,0.0,0.0,0.0,0.0,0.0,0.0,0.0,3.5
Student_483,4.0,3.0,3.5,2.5,2.5,3.5,3.0,2.5,3.0,4.0,4.0,2.5,3.0,2.5,2.0,3.0,3.5,2.0,3.5,4.0,3.0,0.0,0.0,0.0,4.0,3.5,0.0,4.0,1.5,0.0,0.0,2.5,2.5,0.0,0.0,0.0,0.0,0.0,0.0,0.0,1.5,0.0,0.0,0.0,3.0,4.0,3.0,0.0,0.0,0.0,0.0,0.0,0.0,0.0,4.0,4.0,4.0,2.0,2.0,3.5,3.0,3.5,4.0,3.5,4.0,0.0,4.0,3.0,0.0,0.0,0.0,3.5,3.5,3.5,2.5,0.0,0.0,0.0,0.0,0.0,0.0,0.0,0.0,0.0,0.0,0.0,0.0,4.0,0.0,0.0,0.0,0.0,3.0,2.5,0.0
Student_484,1.5,3.0,0.0,0.0,0.0,0.0,0.0,0.0,0.0,0.0,0.0,0.0,0.0,0.0,0.0,0.0,0.0,0.0,0.0,0.0,0.0,0.0,0.0,0.0,0.0,0.0,0.0,0.0,0.0,0.0,0.0,0.0,0.0,0.0,0.0,0.0,0.0,0.0,0.0,0.0,0.0,0.0,0.0,0.0,0.0,0.0,0.0,0.0,0.0,0.0,0.0,0.0,0.0,0.0,0.0,0.0,0.0,0.0,0.0,0.0,0.0,0.0,0.0,0.0,0.0,0.0,0.0,0.0,0.0,0.0,0.0,4.0,3.0,0.0,0.0,0.0,0.0,0.0,0.0,0.0,0.0,0.0,0.0,0.0,0.0,0.0,0.0,0.0,0.0,0.0,0.0,0.0,2.0,4.0,0.0
Student_485,3.0,4.0,3.0,2.5,2.5,4.0,2.5,2.5,2.25,2.5,2.0,1.5,3.0,2.5,3.0,3.0,3.5,2.0,2.0,3.5,0.0,0.0,0.0,0.0,2.0,2.0,3.0,4.0,1.5,0.0,0.0,0.0,0.0,0.0,0.0,0.0,4.0,0.0,0.0,0.0,0.0,0.0,0.0,0.0,2.0,3.0,1.0,4.0,4.0,0.0,2.0,0.0,0.0,0.0,4.0,4.0,0.0,2.0,1.5,3.5,3.5,2.5,4.0,1.5,4.0,0.0,4.0,4.0,0.0,0.0,0.0,2.5,3.5,4.0,2.5,0.0,0.0,0.0,4.0,0.0,0.0,0.0,0.0,0.0,0.0,0.0,0.0,0.0,0.0,0.0,0.0,0.0,4.0,3.5,0.0
Student_486,0.0,0.0,3.5,0.0,2.5,4.0,3.5,4.0,3.0,2.5,4.0,4.0,4.0,4.0,3.0,1.5,3.5,4.0,3.0,3.5,0.0,0.0,0.0,1.25,3.0,2.5,0.0,3.5,3.25,0.0,0.0,2.25,3.0,0.0,0.0,4.0,0.0,0.0,0.0,0.0,3.0,0.0,0.0,0.0,0.0,4.0,0.0,0.0,0.0,3.5,0.0,0.0,0.0,0.0,4.0,4.0,0.0,3.0,1.5,4.0,4.0,0.0,0.0,0.0,0.0,0.0,4.0,4.0,0.0,0.0,0.0,0.0,0.0,4.0,4.0,0.0,0.0,0.0,0.0,0.0,0.0,0.0,0.0,0.0,0.0,0.0,0.0,0.0,0.0,0.0,0.0,0.0,0.0,0.0,0.0
Student_487,0.0,0.0,2.0,0.0,2.5,0.0,2.5,0.0,0.0,0.0,0.0,0.0,0.0,1.75,1.5,0.0,2.0,0.0,2.0,2.75,0.0,0.0,0.0,0.0,0.0,0.0,1.75,0.0,0.0,0.0,0.0,0.0,0.0,0.0,0.0,0.0,0.0,0.0,0.0,0.0,2.25,0.0,0.0,0.0,0.0,3.25,0.0,0.0,0.0,0.0,0.0,0.0,0.0,0.0,0.0,0.0,0.0,0.0,0.0,0.0,2.5,3.0,4.0,1.0,4.0,4.0,3.0,3.5,0.0,0.0,0.0,2.5,2.0,0.0,2.5,0.0,0.0,0.0,0.0,0.0,0.0,0.0,0.0,3.5,0.0,0.0,0.0,0.0,0.0,0.0,0.0,0.0,0.0,0.0,3.25
Student_488,3.0,4.0,3.5,2.5,2.0,4.0,2.5,3.5,2.5,1.0,3.0,1.5,3.5,3.0,2.0,3.0,3.0,2.5,3.0,2.0,0.0,0.0,0.0,0.0,3.0,2.5,3.5,2.5,3.0,0.0,0.0,0.0,0.0,0.0,0.0,4.0,3.5,0.0,0.0,0.0,0.0,0.0,0.0,0.0,0.0,3.5,0.0,2.25,3.0,0.0,0.0,0.0,2.5,0.0,4.0,3.75,0.0,3.5,3.0,4.0,3.0,2.5,4.0,3.0,4.0,0.0,4.0,4.0,0.0,0.0,0.0,3.0,3.5,3.5,3.0,0.0,0.0,0.0,0.0,0.0,0.0,0.0,0.0,0.0,0.0,0.0,0.0,0.0,0.0,0.0,0.0,0.0,3.5,3.0,0.0
Student_489,3.5,4.0,4.0,1.0,3.0,3.5,3.0,3.0,1.5,2.5,4.0,2.5,4.0,3.0,3.0,2.0,3.0,2.0,3.5,2.0,2.0,0.0,0.0,0.0,1.0,2.0,0.0,4.0,2.5,0.0,0.0,2.5,0.0,0.0,0.0,0.0,0.0,0.0,0.0,0.0,3.0,0.0,0.0,0.0,0.0,3.0,0.0,2.0,0.0,0.0,1.5,0.0,0.0,3.0,4.0,4.0,0.0,3.0,4.0,4.0,3.5,4.0,4.0,3.5,4.0,0.0,4.0,4.0,0.0,0.0,0.0,4.0,2.0,4.0,4.0,0.0,0.0,0.0,4.0,0.0,0.0,0.0,0.0,0.0,0.0,0.0,0.0,0.0,0.0,0.0,0.0,0.0,4.0,4.0,0.0
Student_49,3.5,4.0,0.0,0.0,0.0,0.0,0.0,0.0,0.0,0.0,0.0,0.0,0.0,0.0,0.0,0.0,0.0,0.0,0.0,0.0,0.0,0.0,0.0,0.0,0.0,0.0,0.0,0.0,0.0,0.0,0.0,0.0,0.0,0.0,0.0,0.0,0.0,0.0,0.0,0.0,0.0,0.0,0.0,0.0,0.0,0.0,0.0,0.0,0.0,0.0,0.0,0.0,0.0,0.0,0.0,0.0,0.0,0.0,0.0,0.0,0.0,0.0,0.0,0.0,0.0,0.0,0.0,0.0,0.0,0.0,0.0,2.0,1.0,1.5,0.0,0.0,0.0,0.0,0.0,0.0,0.0,0.0,0.0,0.0,0.0,0.0,0.0,0.0,0.0,0.0,0.0,0.0,3.0,3.5,0.0
Student_490,3.5,3.0,3.0,3.0,2.0,4.0,2.0,0.0,2.5,1.5,2.5,2.0,4.0,3.5,2.0,1.5,1.0,1.5,2.5,2.5,0.0,0.0,0.0,0.0,4.0,3.0,3.5,3.0,2.0,3.0,0.0,3.0,2.5,0.0,0.0,4.0,0.0,0.0,0.0,0.0,2.5,1.0,0.0,0.0,0.0,0.0,0.0,0.0,0.0,0.0,0.0,3.0,0.0,0.0,0.0,4.0,0.0,2.5,1.5,2.0,2.5,3.0,4.0,2.0,4.0,0.0,0.0,4.0,0.0,0.0,2.5,2.5,2.5,3.5,2.5,0.0,0.0,0.0,0.0,0.0,3.5,0.0,0.0,0.0,0.0,0.0,0.0,0.0,0.0,0.0,0.0,0.0,3.5,4.0,0.0
Student_491,3.5,2.0,2.0,1.0,1.0,4.0,4.0,0.0,3.5,3.5,2.0,2.0,4.0,3.5,1.5,2.5,2.0,3.0,3.0,3.5,0.0,0.0,0.0,0.0,4.0,3.5,3.0,2.5,4.0,3.0,0.0,0.0,3.0,0.0,0.0,0.0,0.0,3.0,0.0,0.0,3.0,2.5,0.0,0.0,0.0,0.0,0.0,0.0,0.0,0.0,0.0,1.5,3.0,0.0,0.0,4.0,0.0,2.0,1.5,1.5,3.5,2.0,4.0,2.0,3.0,0.0,0.0,3.0,0.0,0.0,3.0,2.5,2.5,4.0,2.0,0.0,0.0,0.0,0.0,0.0,0.0,0.0,0.0,0.0,0.0,0.0,0.0,0.0,0.0,0.0,0.0,0.0,4.0,4.0,0.0
Student_492,3.5,3.5,1.0,0.0,1.0,1.5,2.0,0.0,2.0,3.0,3.0,1.5,2.5,1.5,2.5,2.5,1.0,3.0,2.0,2.0,0.0,0.0,0.0,0.0,2.0,4.0,2.5,3.5,2.5,2.0,0.0,3.0,2.0,0.0,2.5,3.5,0.0,0.0,0.0,0.0,0.0,0.0,0.0,0.0,0.0,3.5,0.0,0.0,3.5,0.0,0.0,0.0,0.0,0.0,0.0,2.0,0.0,2.5,2.0,3.5,3.0,2.5,0.0,0.0,0.0,0.0,0.0,3.5,0.0,4.0,0.0,0.0,0.0,3.0,2.0,0.0,0.0,0.0,4.0,0.0,0.0,0.0,0.0,0.0,0.0,0.0,0.0,0.0,0.0,0.0,0.0,0.0,0.0,3.0,0.0
Student_493,3.0,1.5,0.0,3.0,1.5,4.0,3.5,0.0,3.0,2.5,4.0,3.5,4.0,3.0,1.5,2.0,2.5,2.5,3.5,3.0,3.0,0.0,0.0,0.0,3.0,3.5,3.5,1.5,2.0,3.5,0.0,0.0,0.0,4.0,0.0,4.0,3.0,0.0,0.0,0.0,0.0,3.0,0.0,0.0,0.0,0.0,0.0,0.0,0.0,0.0,3.0,0.0,3.5,0.0,0.0,4.0,0.0,3.0,2.0,2.0,3.0,4.0,4.0,4.0,4.0,0.0,0.0,3.5,0.0,0.0,0.0,3.5,4.0,4.0,3.0,0.0,0.0,0.0,0.0,0.0,0.0,0.0,0.0,3.5,0.0,0.0,0.0,0.0,0.0,0.0,0.0,0.0,2.5,3.5,0.0
Student_494,3.0,3.0,0.0,0.0,3.0,3.0,0.0,0.0,3.5,4.0,4.0,4.0,3.0,4.0,3.0,4.0,3.5,4.0,3.0,3.5,0.0,0.0,0.0,0.0,3.0,3.5,1.0,3.5,3.5,4.0,0.0,0.0,0.0,3.0,0.0,2.0,2.5,4.0,0.0,4.0,0.0,0.0,0.0,0.0,0.0,0.0,0.0,4.0,0.0,0.0,0.0,0.0,0.0,0.0,0.0,4.0,0.0,0.0,4.0,3.5,4.0,0.0,0.0,4.0,4.0,0.0,0.0,3.5,0.0,0.0,3.5,0.0,0.0,4.0,0.0,0.0,4.0,0.0,0.0,0.0,0.0,0.0,0.0,0.0,0.0,0.0,0.0,0.0,0.0,0.0,0.0,0.0,3.0,4.0,0.0
Student_495,3.0,3.5,3.0,3.5,3.5,2.0,2.0,1.5,2.0,0.0,2.0,1.5,1.5,1.5,2.5,0.0,1.0,1.5,2.0,2.5,0.0,0.0,0.0,0.0,2.0,2.0,2.5,4.0,2.5,2.0,0.0,0.0,0.0,0.0,0.0,0.0,0.0,0.0,0.0,0.0,0.0,1.0,0.0,0.0,0.0,1.0,0.0,1.0,0.0,1.0,1.0,0.0,0.0,1.5,0.0,3.5,0.0,1.5,2.0,2.0,4.0,1.5,4.0,2.0,4.0,0.0,0.0,3.5,0.0,0.0,3.5,3.0,3.5,2.0,2.0,0.0,0.0,0.0,0.0,0.0,0.0,0.0,0.0,0.0,0.0,0.0,0.0,0.0,0.0,0.0,0.0,0.0,3.0,2.5,0.0
Student_496,0.0,3.5,3.0,3.0,1.5,3.0,2.5,3.0,1.75,1.5,4.0,2.0,3.0,2.0,1.0,2.75,3.5,1.25,1.75,1.75,0.0,0.0,0.0,0.0,3.5,1.5,1.0,3.0,2.0,0.0,0.0,0.0,0.0,0.0,2.75,0.0,2.5,0.0,0.0,0.0,0.0,0.0,0.0,0.0,1.25,1.75,0.0,0.0,0.0,0.0,0.0,2.25,0.0,0.0,4.0,4.0,0.0,1.5,3.0,2.75,2.5,3.0,4.0,1.5,4.0,0.0,3.0,3.5,0.0,0.0,1.5,3.0,2.5,3.0,1.5,0.0,0.0,0.0,0.0,0.0,0.0,0.0,0.0,0.0,0.0,0.0,0.0,0.0,0.0,0.0,0.0,0.0,3.0,3.5,1.25
Student_497,4.0,4.0,3.5,2.0,2.0,4.0,4.0,4.0,4.0,4.0,4.0,3.5,4.0,3.0,3.0,3.5,4.0,3.0,4.0,4.0,4.0,0.0,0.0,0.0,4.0,4.0,0.0,4.0,3.5,0.0,0.0,0.0,3.0,0.0,0.0,0.0,0.0,0.0,0.0,0.0,2.5,0.0,0.0,0.0,3.5,4.0,0.0,0.0,4.0,0.0,0.0,0.0,0.0,3.0,4.0,4.0,4.0,3.5,3.0,4.0,4.0,4.0,4.0,3.0,4.0,0.0,4.0,4.0,0.0,0.0,0.0,4.0,4.0,4.0,3.5,0.0,0.0,0.0,0.0,0.0,0.0,0.0,0.0,0.0,0.0,0.0,0.0,4.0,0.0,0.0,0.0,0.0,4.0,3.5,0.0
Student_498,3.5,3.5,3.0,1.5,1.5,4.0,3.0,4.0,2.5,2.5,2.5,3.5,1.5,3.0,3.0,3.0,3.5,3.0,4.0,3.0,0.0,0.0,0.0,0.0,2.5,3.0,3.5,2.5,3.0,0.0,0.0,3.5,0.0,0.0,0.0,0.0,0.0,0.0,0.0,0.0,2.5,0.0,0.0,0.0,0.0,0.0,0.0,0.0,4.0,3.0,0.0,0.0,0.0,4.0,4.0,3.5,0.0,2.5,3.0,3.0,4.0,3.0,4.0,3.5,4.0,0.0,4.0,3.5,0.0,0.0,3.0,2.5,2.5,4.0,3.5,0.0,0.0,0.0,0.0,0.0,0.0,0.0,0.0,0.0,0.0,0.0,3.5,0.0,0.0,0.0,0.0,0.0,4.0,4.0,0.0
Student_499,2.5,1.0,3.5,1.5,3.0,4.0,2.5,0.0,1.5,2.0,2.5,2.0,2.5,2.5,2.5,1.5,3.0,1.5,2.0,2.0,2.0,0.0,0.0,0.0,3.5,2.5,1.0,3.5,3.0,2.0,0.0,2.5,1.5,0.0,3.0,0.0,0.0,0.0,0.0,0.0,0.0,2.0,0.0,0.0,0.0,3.0,0.0,0.0,0.0,0.0,0.0,2.0,0.0,0.0,0.0,4.0,0.0,3.0,1.0,1.5,2.5,3.5,3.0,1.0,4.0,0.0,0.0,4.0,0.0,0.0,0.0,2.5,3.0,2.5,3.5,0.0,0.0,0.0,0.0,0.0,0.0,0.0,0.0,0.0,0.0,0.0,0.0,0.0,0.0,0.0,0.0,0.0,3.0,3.5,0.0
Student_5,3.5,4.0,0.0,0.0,0.0,0.0,0.0,0.0,0.0,0.0,0.0,0.0,0.0,0.0,0.0,0.0,0.0,0.0,0.0,0.0,0.0,0.0,0.0,0.0,0.0,0.0,0.0,0.0,0.0,0.0,0.0,0.0,0.0,0.0,0.0,0.0,0.0,0.0,0.0,0.0,0.0,0.0,0.0,0.0,0.0,0.0,0.0,0.0,0.0,0.0,0.0,0.0,0.0,0.0,0.0,0.0,0.0,0.0,0.0,0.0,0.0,0.0,0.0,0.0,0.0,0.0,0.0,0.0,0.0,0.0,0.0,4.0,2.5,0.0,0.0,0.0,0.0,0.0,0.0,0.0,0.0,0.0,0.0,0.0,0.0,0.0,0.0,0.0,0.0,0.0,0.0,0.0,3.5,2.5,0.0
Student_50,0.0,0.0,3.0,0.0,3.0,0.0,3.5,0.0,0.0,0.0,0.0,0.0,0.0,3.0,3.0,3.0,3.5,0.0,1.0,1.25,0.0,0.0,0.0,0.0,0.0,0.0,2.75,0.0,0.0,0.0,0.0,0.0,0.0,0.0,0.0,0.0,0.0,0.0,0.0,0.0,0.0,0.0,0.0,0.0,0.0,3.5,0.0,0.0,0.0,0.0,0.0,0.0,0.0,0.0,0.0,0.0,0.0,0.0,0.0,0.0,4.0,3.5,4.0,2.5,4.0,4.0,4.0,4.0,0.0,0.0,0.0,3.0,3.5,0.0,2.5,3.75,0.0,0.0,0.0,0.0,0.0,0.0,0.0,0.0,0.0,0.0,0.0,0.0,0.0,0.0,0.0,0.0,0.0,0.0,2.0
Student_500,4.0,3.5,3.5,1.0,2.5,3.5,4.0,4.0,3.5,2.5,2.5,3.5,4.0,3.0,3.0,4.0,3.5,3.5,4.0,4.0,3.0,0.0,0.0,0.0,4.0,4.0,3.5,4.0,2.5,0.0,0.0,0.0,2.5,0.0,0.0,0.0,0.0,0.0,0.0,0.0,3.5,0.0,0.0,0.0,2.0,0.0,0.0,0.0,0.0,3.5,2.5,0.0,0.0,0.0,4.0,4.0,4.0,4.0,4.0,3.5,4.0,3.0,4.0,4.0,4.0,0.0,4.0,4.0,0.0,0.0,0.0,4.0,4.0,4.0,4.0,0.0,0.0,0.0,0.0,0.0,0.0,0.0,0.0,0.0,0.0,0.0,4.0,0.0,0.0,0.0,0.0,0.0,4.0,4.0,0.0
Student_501,0.0,0.0,3.5,0.0,4.0,0.0,2.5,0.0,0.0,0.0,0.0,0.0,0.0,2.5,3.0,2.75,3.5,0.0,2.75,2.25,0.0,0.0,0.0,0.0,0.0,0.0,0.0,0.0,3.0,0.0,0.0,0.0,0.0,0.0,0.0,0.0,0.0,0.0,0.0,0.0,0.0,0.0,0.0,0.0,0.0,4.0,0.0,0.0,0.0,0.0,0.0,0.0,0.0,0.0,0.0,0.0,0.0,0.0,0.0,0.0,3.25,4.0,4.0,3.5,4.0,4.0,4.0,4.0,0.0,0.0,0.0,4.0,4.0,0.0,3.0,0.0,0.0,0.0,0.0,0.0,0.0,0.0,0.0,0.0,0.0,0.0,0.0,4.0,0.0,0.0,0.0,0.0,0.0,0.0,2.75
Student_502,1.0,2.0,2.0,3.0,1.5,1.5,1.5,0.0,2.5,2.0,3.0,3.5,2.0,2.0,2.0,1.5,3.0,3.0,2.0,2.0,0.0,0.0,0.0,0.0,2.5,2.0,0.0,2.5,2.0,2.0,0.0,2.0,0.0,0.0,0.0,0.0,3.0,0.0,0.0,0.0,0.0,0.0,0.0,0.0,0.0,1.5,1.0,1.5,3.5,2.5,0.0,0.0,0.0,0.0,0.0,4.0,0.0,1.5,3.0,2.5,4.0,3.0,3.5,3.0,4.0,0.0,0.0,4.0,0.0,1.0,0.0,2.0,2.5,2.0,2.5,0.0,0.0,0.0,0.0,0.0,0.0,0.0,0.0,0.0,0.0,0.0,0.0,0.0,0.0,0.0,4.0,0.0,3.0,3.5,0.0
Student_503,2.5,4.0,0.0,0.0,0.0,0.0,0.0,0.0,0.0,0.0,2.5,0.0,0.0,0.0,0.0,0.0,0.0,0.0,0.0,0.0,0.0,0.0,0.0,0.0,0.0,0.0,0.0,0.0,0.0,0.0,0.0,0.0,0.0,0.0,0.0,0.0,0.0,0.0,0.0,0.0,0.0,0.0,0.0,0.0,0.0,0.0,0.0,0.0,0.0,0.0,0.0,0.0,0.0,0.0,0.0,0.0,0.0,0.0,0.0,0.0,0.0,0.0,0.0,0.0,0.0,0.0,0.0,0.0,0.0,0.0,0.0,3.0,2.5,1.0,0.0,0.0,0.0,0.0,0.0,0.0,0.0,0.0,0.0,0.0,0.0,0.0,0.0,0.0,0.0,0.0,0.0,0.0,4.0,2.5,0.0
Student_504,3.5,3.0,2.0,1.5,3.0,2.5,3.0,2.5,2.0,1.5,2.5,1.0,3.5,2.0,2.0,2.5,2.5,2.0,3.0,3.5,0.0,0.0,0.0,0.0,2.0,1.0,0.0,4.0,2.0,2.5,0.0,3.0,2.0,0.0,0.0,0.0,3.0,3.5,0.0,0.0,3.5,0.0,0.0,0.0,0.0,3.5,2.5,0.0,3.5,0.0,0.0,0.0,0.0,0.0,0.0,4.0,0.0,2.5,3.0,3.5,3.5,3.5,4.0,3.5,4.0,0.0,0.0,4.0,0.0,0.0,0.0,2.0,2.0,3.5,2.0,0.0,0.0,0.0,3.5,0.0,0.0,0.0,0.0,0.0,0.0,0.0,0.0,0.0,0.0,0.0,0.0,0.0,3.5,4.0,0.0
Student_505,0.0,4.0,4.0,4.0,3.5,3.0,3.5,3.0,2.5,1.75,3.5,3.0,2.0,2.5,2.5,2.5,2.5,0.0,2.5,2.0,3.0,0.0,0.0,0.0,2.75,2.5,1.0,3.5,2.0,0.0,0.0,3.75,2.75,0.0,0.0,0.0,0.0,0.0,0.0,0.0,2.5,0.0,0.0,0.0,2.0,0.0,0.0,0.0,0.0,2.5,0.0,0.0,0.0,0.0,4.0,4.0,0.0,2.5,1.0,3.75,2.75,3.5,4.0,3.0,4.0,0.0,4.0,2.5,0.0,0.0,0.0,3.5,4.0,3.5,2.5,0.0,0.0,0.0,0.0,0.0,0.0,0.0,0.0,0.0,0.0,0.0,0.0,0.0,0.0,0.0,2.5,0.0,3.0,4.0,0.0
Student_506,4.0,4.0,3.5,2.0,1.5,4.0,1.5,0.0,2.0,2.5,1.5,2.0,2.0,2.5,1.0,2.0,2.5,1.0,2.0,2.5,0.0,0.0,0.0,0.0,2.5,3.0,2.0,4.0,2.5,3.0,0.0,1.5,0.0,0.0,0.0,0.0,0.0,1.5,0.0,0.0,0.0,0.0,0.0,0.0,0.0,2.5,0.0,0.0,4.0,0.0,2.5,1.5,0.0,0.0,0.0,4.0,0.0,4.0,2.5,4.0,1.0,3.0,4.0,4.0,4.0,0.0,0.0,4.0,0.0,0.0,2.5,2.5,3.5,2.0,3.5,0.0,3.5,0.0,0.0,0.0,0.0,0.0,0.0,0.0,0.0,0.0,0.0,0.0,0.0,0.0,0.0,0.0,4.0,4.0,0.0
Student_507,3.0,2.5,3.0,1.0,2.0,3.5,2.5,0.0,1.0,2.0,1.5,3.0,2.5,2.0,2.0,2.0,2.5,2.5,2.5,2.0,0.0,0.0,0.0,0.0,1.5,1.0,0.0,2.0,1.0,3.0,0.0,1.5,0.0,0.0,0.0,0.0,1.5,0.0,0.0,2.5,2.0,0.0,0.0,0.0,0.0,0.0,1.5,0.0,0.0,0.0,2.0,1.0,0.0,0.0,0.0,4.0,0.0,1.0,1.0,3.5,1.5,3.5,4.0,3.0,4.0,0.0,0.0,3.5,0.0,0.0,2.0,3.0,1.5,2.0,2.0,0.0,0.0,0.0,0.0,0.0,0.0,3.0,0.0,0.0,0.0,0.0,0.0,0.0,0.0,0.0,0.0,0.0,3.0,3.0,0.0
Student_508,2.5,3.0,2.0,3.5,3.5,1.0,2.0,1.5,1.0,2.0,3.5,1.0,3.0,2.5,2.0,1.0,2.25,2.0,2.5,1.0,0.0,0.0,0.0,0.0,3.5,1.0,1.5,1.0,1.5,3.25,0.0,0.0,1.5,0.0,0.0,0.0,0.0,0.0,0.0,0.0,2.0,0.0,0.0,0.0,1.5,0.0,2.5,3.0,0.0,0.0,0.0,0.0,2.5,0.0,0.0,4.0,0.0,1.0,1.5,3.5,3.0,2.5,4.0,1.5,3.0,0.0,0.0,3.5,0.0,0.0,2.0,1.0,2.5,3.0,4.0,4.0,0.0,0.0,0.0,0.0,0.0,0.0,0.0,0.0,0.0,0.0,0.0,0.0,0.0,0.0,0.0,0.0,3.0,2.5,0.0
Student_509,2.5,2.5,3.5,2.0,2.0,4.0,2.5,4.0,3.0,4.0,2.0,2.0,1.5,2.0,2.0,2.5,2.0,2.0,2.0,1.5,3.0,0.0,0.0,0.0,4.0,2.0,4.0,4.0,3.0,0.0,0.0,4.0,2.5,0.0,0.0,0.0,0.0,0.0,0.0,0.0,3.0,0.0,0.0,0.0,0.0,0.0,0.0,0.0,0.0,0.0,2.5,4.0,0.0,0.0,4.0,3.0,4.0,3.0,1.5,3.5,4.0,3.0,4.0,3.0,4.0,0.0,4.0,4.0,0.0,0.0,0.0,4.0,3.0,4.0,2.5,0.0,0.0,0.0,4.0,0.0,0.0,0.0,0.0,0.0,0.0,0.0,0.0,0.0,0.0,0.0,0.0,0.0,4.0,3.5,0.0
Student_51,2.0,3.0,2.0,3.5,2.0,1.0,2.0,0.0,3.0,1.5,3.0,1.0,1.0,2.5,3.0,2.0,1.0,1.5,2.0,2.0,1.5,0.0,0.0,0.0,1.5,1.5,2.5,2.5,1.5,2.0,0.0,3.0,2.5,0.0,0.0,0.0,0.0,0.0,0.0,0.0,0.0,0.0,1.0,0.0,0.0,2.0,3.5,2.5,0.0,0.0,0.0,0.0,0.0,0.0,0.0,3.5,0.0,1.0,1.0,2.5,2.5,4.0,4.0,3.0,4.0,0.0,0.0,4.0,0.0,0.0,0.0,3.0,2.5,1.0,1.5,0.0,0.0,0.0,0.0,0.0,3.5,0.0,0.0,0.0,0.0,0.0,0.0,0.0,0.0,0.0,0.0,0.0,3.0,3.0,0.0
Student_510,0.0,3.0,0.0,0.0,4.0,3.0,3.0,0.0,4.0,2.5,0.0,0.0,4.0,2.5,3.0,3.5,2.5,3.0,3.0,2.0,0.0,0.0,0.0,0.0,2.5,4.0,3.5,4.0,2.5,3.5,0.0,0.0,0.0,4.0,0.0,0.0,0.0,0.0,0.0,0.0,0.0,0.0,0.0,0.0,4.0,3.5,4.0,3.0,0.0,0.0,0.0,0.0,3.5,0.0,0.0,4.0,0.0,0.0,0.0,3.0,3.5,0.0,0.0,0.0,0.0,0.0,0.0,3.5,0.0,0.0,0.0,0.0,0.0,0.0,0.0,0.0,0.0,0.0,0.0,0.0,0.0,0.0,0.0,0.0,0.0,0.0,0.0,0.0,0.0,0.0,0.0,0.0,0.0,0.0,0.0
Student_511,3.5,4.0,3.5,4.0,3.0,4.0,3.0,4.0,2.25,4.0,3.0,3.0,3.5,3.0,3.0,0.0,0.0,0.0,0.0,2.25,0.0,0.0,0.0,0.0,4.0,3.5,0.0,3.25,0.0,0.0,0.0,0.0,0.0,0.0,0.0,0.0,0.0,0.0,0.0,0.0,3.5,0.0,0.0,0.0,0.0,0.0,0.0,3.75,0.0,0.0,0.0,0.0,0.0,0.0,4.0,4.0,0.0,3.5,3.0,2.25,4.0,3.5,4.0,3.0,4.0,0.0,4.0,4.0,0.0,0.0,0.0,4.0,4.0,4.0,3.5,0.0,3.0,0.0,0.0,0.0,0.0,0.0,0.0,0.0,0.0,0.0,0.0,0.0,0.0,0.0,0.0,0.0,3.0,4.0,0.0
Student_512,2.0,2.0,3.0,2.0,1.5,3.0,3.0,0.0,2.0,2.0,2.5,3.0,2.5,2.0,1.0,2.0,2.5,1.0,1.5,1.0,0.0,0.0,0.0,0.0,2.0,3.0,2.5,4.0,2.5,2.0,0.0,1.5,1.0,0.0,0.0,0.0,0.0,0.0,0.0,0.0,0.0,2.0,0.0,0.0,0.0,4.0,0.0,0.0,0.0,2.0,1.0,0.0,0.0,0.0,0.0,4.0,0.0,1.5,2.0,3.0,2.5,4.0,4.0,4.0,4.0,0.0,0.0,3.0,0.0,0.0,3.0,2.5,2.0,4.0,2.0,0.0,0.0,0.0,4.0,0.0,0.0,0.0,0.0,0.0,0.0,0.0,0.0,0.0,0.0,0.0,0.0,0.0,2.5,2.5,0.0
Student_513,3.0,4.0,3.5,4.0,3.5,3.5,2.0,3.5,2.0,3.0,2.5,3.0,3.5,2.5,3.0,3.5,4.0,3.0,3.5,4.0,2.0,0.0,0.0,0.0,4.0,4.0,0.0,3.5,2.5,0.0,0.0,3.5,0.0,0.0,0.0,0.0,0.0,0.0,0.0,0.0,3.0,0.0,0.0,0.0,2.0,3.5,0.0,4.0,0.0,0.0,3.5,0.0,0.0,0.0,4.0,4.0,0.0,3.0,3.5,4.0,3.5,4.0,4.0,1.5,4.0,0.0,1.5,3.5,0.0,0.0,0.0,4.0,4.0,2.5,3.0,0.0,0.0,0.0,0.0,0.0,0.0,0.0,0.0,0.0,0.0,0.0,0.0,0.0,0.0,0.0,1.0,0.0,3.0,4.0,0.0
Student_514,2.5,3.5,3.0,3.5,2.5,3.5,4.0,4.0,3.5,3.0,4.0,2.5,4.0,3.0,3.0,3.0,3.5,4.0,4.0,4.0,3.0,0.0,0.0,0.0,4.0,3.5,3.0,3.5,3.0,4.0,0.0,3.0,0.0,0.0,0.0,0.0,3.0,0.0,0.0,0.0,0.0,0.0,0.0,0.0,0.0,0.0,0.0,0.0,4.0,0.0,0.0,0.0,0.0,2.0,4.0,4.0,0.0,3.0,4.0,4.0,3.0,4.0,4.0,4.0,3.5,0.0,4.0,4.0,0.0,0.0,0.0,3.5,4.0,4.0,3.5,0.0,0.0,0.0,3.5,0.0,0.0,0.0,0.0,0.0,0.0,0.0,0.0,0.0,0.0,0.0,0.0,0.0,4.0,3.0,0.0
Student_515,2.0,3.0,3.5,1.0,2.0,2.0,3.0,0.0,3.0,2.5,3.5,2.5,2.5,2.0,3.0,4.0,3.0,2.5,3.5,2.5,0.0,0.0,0.0,0.0,2.5,2.0,2.5,3.5,1.5,3.5,0.0,0.0,0.0,2.5,2.5,0.0,2.5,3.5,0.0,0.0,0.0,0.0,0.0,0.0,0.0,0.0,3.0,3.5,0.0,0.0,0.0,0.0,0.0,0.0,0.0,4.0,0.0,2.0,3.5,3.0,1.5,3.0,4.0,1.5,3.0,0.0,0.0,4.0,0.0,0.0,2.0,0.0,3.0,3.5,1.0,0.0,0.0,3.0,0.0,0.0,0.0,0.0,0.0,0.0,0.0,0.0,0.0,0.0,0.0,0.0,0.0,0.0,2.0,3.5,0.0
Student_516,2.5,3.0,0.0,0.0,0.0,0.0,0.0,0.0,1.0,0.0,3.5,0.0,0.0,0.0,0.0,0.0,0.0,0.0,0.0,0.0,0.0,0.0,0.0,0.0,0.0,0.0,0.0,0.0,0.0,0.0,0.0,0.0,0.0,0.0,0.0,0.0,0.0,0.0,0.0,0.0,0.0,0.0,0.0,0.0,0.0,0.0,0.0,0.0,0.0,0.0,0.0,0.0,0.0,0.0,0.0,0.0,0.0,0.0,0.0,0.0,0.0,0.0,3.5,0.0,4.0,0.0,0.0,0.0,0.0,0.0,0.0,1.0,1.0,4.0,0.0,0.0,0.0,0.0,0.0,0.0,0.0,0.0,0.0,0.0,0.0,0.0,0.0,0.0,0.0,0.0,0.0,0.0,2.0,3.0,0.0
Student_517,1.5,4.0,3.0,3.0,3.0,3.0,2.0,2.5,1.0,2.5,2.5,1.0,3.5,2.0,1.5,2.5,1.5,2.5,2.5,2.0,0.0,0.0,0.0,0.0,2.0,2.0,2.0,2.5,2.5,0.0,0.0,2.5,0.0,0.0,0.0,0.0,3.0,0.0,0.0,0.0,1.5,3.5,0.0,0.0,0.0,0.0,2.5,0.0,0.0,0.0,0.0,0.0,0.0,2.5,4.0,3.5,0.0,1.0,1.0,4.0,1.0,3.5,4.0,3.5,4.0,0.0,4.0,4.0,0.0,0.0,0.0,3.0,3.5,2.0,2.5,0.0,0.0,0.0,0.0,0.0,0.0,0.0,0.0,0.0,0.0,0.0,0.0,0.0,0.0,0.0,0.0,0.0,3.5,3.5,0.0
Student_518,4.0,4.0,4.0,4.0,4.0,3.0,2.5,3.5,2.0,3.0,4.0,2.5,2.0,3.5,3.5,3.0,3.5,2.5,4.0,4.0,3.5,0.0,0.0,0.0,3.5,1.0,0.0,4.0,1.5,0.0,0.0,0.0,3.0,0.0,0.0,0.0,1.0,0.0,0.0,0.0,0.0,0.0,0.0,0.0,0.0,3.5,0.0,3.0,3.5,2.5,0.0,0.0,0.0,0.0,3.5,3.0,4.0,3.0,3.0,4.0,4.0,4.0,4.0,3.5,4.0,0.0,0.0,4.0,0.0,0.0,0.0,3.5,3.0,4.0,3.5,0.0,0.0,0.0,4.0,0.0,0.0,0.0,0.0,0.0,0.0,0.0,0.0,0.0,0.0,0.0,0.0,0.0,4.0,4.0,0.0
Student_519,2.5,3.5,4.0,2.5,2.5,3.5,1.5,0.0,2.0,2.0,1.5,1.5,3.0,1.0,1.0,2.5,1.5,2.5,2.0,2.0,2.0,0.0,0.0,0.0,3.0,1.0,2.5,4.0,3.0,3.5,0.0,3.0,2.5,0.0,0.0,0.0,0.0,0.0,0.0,0.0,0.0,0.0,0.0,0.0,0.0,0.0,4.0,2.0,0.0,3.5,2.0,0.0,0.0,0.0,0.0,4.0,0.0,2.0,1.5,3.0,3.0,3.0,4.0,3.5,4.0,0.0,0.0,4.0,0.0,0.0,2.0,3.0,2.0,1.5,2.5,0.0,0.0,0.0,0.0,0.0,0.0,0.0,3.0,0.0,0.0,0.0,0.0,0.0,0.0,0.0,0.0,0.0,2.5,1.5,0.0
Student_52,4.0,3.5,2.5,2.0,1.0,3.0,1.5,0.0,1.5,1.0,3.5,2.0,2.5,1.5,2.5,2.5,1.0,1.5,1.5,2.0,2.0,0.0,0.0,0.0,2.5,1.5,3.0,3.5,2.5,2.5,0.0,3.5,0.0,0.0,1.5,0.0,2.5,0.0,0.0,0.0,0.0,0.0,0.0,0.0,0.0,0.0,2.0,0.0,2.5,0.0,0.0,2.0,0.0,0.0,0.0,4.0,0.0,2.0,3.5,2.0,2.5,2.5,4.0,3.5,4.0,0.0,0.0,3.0,0.0,0.0,0.0,2.5,3.0,3.0,3.0,0.0,0.0,0.0,4.0,0.0,0.0,0.0,0.0,0.0,0.0,0.0,0.0,0.0,0.0,0.0,0.0,0.0,4.0,2.5,0.0
Student_520,0.0,0.0,0.0,0.0,0.0,0.0,0.0,0.0,0.0,0.0,0.0,0.0,2.0,0.0,1.5,0.0,0.0,2.5,1.5,1.5,0.0,0.0,0.0,0.0,0.0,1.0,0.0,3.0,1.5,2.0,0.0,2.0,1.5,0.0,2.0,0.0,0.0,2.0,0.0,0.0,0.0,0.0,0.0,0.0,0.0,0.0,0.0,0.0,2.0,0.0,0.0,0.0,0.0,0.0,0.0,4.0,0.0,0.0,0.0,0.0,0.0,0.0,0.0,0.0,0.0,0.0,0.0,0.0,0.0,0.0,0.0,0.0,0.0,0.0,0.0,0.0,0.0,0.0,0.0,0.0,0.0,0.0,0.0,0.0,0.0,0.0,0.0,0.0,0.0,0.0,0.0,0.0,0.0,3.5,0.0
Student_521,3.5,3.5,3.0,3.5,3.0,3.5,3.0,3.0,2.5,3.0,3.5,3.0,3.5,4.0,3.0,3.5,2.5,2.5,3.5,3.5,0.0,0.0,0.0,0.0,3.5,2.5,2.5,3.5,2.5,3.0,0.0,3.0,0.0,0.0,2.5,0.0,0.0,0.0,0.0,0.0,0.0,0.0,0.0,0.0,4.0,3.0,0.0,4.0,0.0,0.0,3.5,0.0,0.0,0.0,0.0,4.0,0.0,3.5,3.5,3.0,3.5,3.0,4.0,4.0,4.0,0.0,0.0,3.5,0.0,0.0,3.0,3.5,3.0,3.5,2.5,0.0,0.0,0.0,0.0,0.0,0.0,0.0,0.0,0.0,0.0,0.0,0.0,0.0,0.0,0.0,0.0,0.0,3.5,3.5,0.0
Student_522,2.0,2.5,4.0,3.0,3.5,4.0,3.0,3.0,4.0,3.0,4.0,3.5,3.0,3.5,3.5,4.0,4.0,3.5,4.0,3.5,0.0,0.0,0.0,0.0,4.0,3.5,0.0,3.0,3.5,3.5,0.0,0.0,0.0,0.0,0.0,0.0,0.0,0.0,0.0,0.0,3.5,0.0,4.0,0.0,0.0,3.0,3.5,0.0,0.0,0.0,0.0,3.5,0.0,0.0,0.0,4.0,0.0,0.0,2.5,3.0,4.0,0.0,0.0,4.0,4.0,0.0,0.0,3.5,3.0,0.0,0.0,0.0,3.5,3.5,4.0,0.0,0.0,0.0,0.0,0.0,0.0,0.0,0.0,4.0,0.0,0.0,0.0,0.0,0.0,0.0,0.0,0.0,2.5,3.5,0.0
Student_523,4.0,2.5,2.5,2.5,1.5,4.0,1.0,0.0,3.0,2.0,2.0,2.0,2.0,2.5,1.0,2.0,2.5,2.5,3.0,1.5,0.0,0.0,0.0,0.0,2.0,1.0,0.0,3.5,2.5,3.5,0.0,0.0,0.0,0.0,0.0,0.0,0.0,0.0,0.0,0.0,1.5,0.0,0.0,0.0,0.0,1.0,0.0,1.5,2.5,3.0,3.0,3.0,0.0,0.0,0.0,3.0,0.0,2.0,2.0,3.0,1.5,3.5,4.0,3.5,4.0,0.0,0.0,3.5,0.0,0.0,2.0,4.0,4.0,2.0,3.5,0.0,0.0,0.0,0.0,0.0,0.0,0.0,0.0,0.0,3.5,0.0,0.0,0.0,0.0,0.0,0.0,0.0,4.0,3.0,0.0
Student_524,4.0,4.0,0.0,4.0,1.0,4.0,3.5,0.0,1.0,1.0,1.5,1.0,2.5,1.5,1.0,1.5,1.5,2.0,2.5,1.5,0.0,0.0,0.0,0.0,2.5,2.5,4.0,0.0,2.0,2.0,0.0,0.0,0.0,0.0,3.5,3.5,0.0,0.0,0.0,0.0,3.5,0.0,3.5,0.0,0.0,0.0,0.0,0.0,0.0,0.0,1.5,2.0,0.0,0.0,0.0,4.0,0.0,1.0,2.0,2.0,1.0,3.0,4.0,3.0,4.0,0.0,0.0,4.0,0.0,2.0,1.5,4.0,4.0,1.5,3.5,0.0,0.0,0.0,0.0,0.0,4.0,0.0,0.0,0.0,0.0,0.0,0.0,0.0,0.0,0.0,0.0,0.0,4.0,4.0,0.0
Student_525,2.5,3.0,0.0,0.0,0.0,0.0,0.0,0.0,0.0,0.0,0.0,0.0,0.0,0.0,0.0,0.0,0.0,0.0,0.0,0.0,0.0,0.0,0.0,0.0,0.0,0.0,0.0,0.0,0.0,0.0,0.0,0.0,0.0,0.0,0.0,0.0,0.0,0.0,0.0,0.0,0.0,0.0,0.0,0.0,0.0,0.0,0.0,0.0,0.0,0.0,0.0,0.0,0.0,0.0,0.0,0.0,0.0,0.0,0.0,0.0,0.0,0.0,0.0,1.0,0.0,0.0,0.0,0.0,0.0,0.0,0.0,3.0,1.5,2.0,0.0,0.0,0.0,0.0,0.0,0.0,0.0,0.0,0.0,0.0,0.0,0.0,0.0,0.0,0.0,0.0,0.0,0.0,4.0,3.0,0.0
Student_526,0.0,2.5,2.5,3.0,2.5,4.0,2.5,3.5,2.0,2.75,2.5,1.5,2.0,2.0,2.5,1.0,2.5,2.0,2.25,2.25,1.0,0.0,0.0,0.0,3.75,2.0,0.0,3.5,2.25,0.0,0.0,2.0,0.0,0.0,0.0,0.0,0.0,0.0,0.0,0.0,2.5,0.0,0.0,0.0,0.0,3.5,0.0,3.25,3.0,0.0,2.25,0.0,0.0,0.0,4.0,4.0,0.0,2.5,3.0,4.0,4.0,3.0,4.0,2.5,4.0,0.0,3.0,3.5,0.0,0.0,0.0,2.5,3.5,4.0,3.5,0.0,0.0,0.0,0.0,0.0,0.0,0.0,0.0,0.0,0.0,0.0,0.0,0.0,0.0,0.0,0.0,0.0,0.0,3.5,0.0
Student_527,0.0,2.5,2.0,2.0,3.5,3.0,0.0,4.0,3.0,2.0,3.5,3.5,3.0,2.0,3.0,3.5,2.5,3.0,3.0,4.0,3.5,0.0,0.0,0.0,3.5,3.5,0.0,4.0,3.5,0.0,0.0,0.0,2.5,0.0,0.0,0.0,0.0,0.0,0.0,0.0,2.0,0.0,0.0,0.0,0.0,3.5,0.0,3.5,4.0,0.0,0.0,0.0,0.0,4.0,4.0,4.0,4.0,0.0,1.5,4.0,4.0,0.0,0.0,3.5,4.0,0.0,0.0,4.0,0.0,0.0,0.0,0.0,0.0,3.0,3.5,0.0,0.0,0.0,0.0,0.0,0.0,0.0,0.0,0.0,0.0,0.0,0.0,0.0,0.0,0.0,0.0,0.0,4.0,4.0,0.0
Student_528,4.0,4.0,3.5,3.0,2.0,4.0,2.0,0.0,2.0,3.5,3.0,2.0,2.5,3.5,2.0,2.5,2.5,2.0,3.0,3.0,0.0,0.0,0.0,0.0,3.5,2.0,3.0,3.5,3.5,3.0,4.0,0.0,0.0,0.0,4.0,0.0,0.0,0.0,0.0,0.0,3.0,4.0,3.5,0.0,0.0,0.0,0.0,0.0,0.0,0.0,2.5,0.0,0.0,0.0,0.0,4.0,0.0,2.0,2.0,2.5,2.0,2.5,4.0,2.0,4.0,0.0,0.0,3.5,0.0,0.0,3.5,3.5,4.0,3.0,3.0,0.0,0.0,0.0,0.0,0.0,4.0,0.0,0.0,0.0,0.0,0.0,0.0,0.0,0.0,0.0,0.0,0.0,3.5,4.0,0.0
Student_529,4.0,2.0,2.5,3.0,1.0,3.0,2.0,2.5,2.5,2.0,2.0,2.0,2.5,2.5,1.5,3.0,2.0,3.0,2.5,1.0,1.0,0.0,0.0,0.0,4.0,1.0,2.0,1.5,2.5,3.0,0.0,3.0,0.0,0.0,0.0,2.0,0.0,0.0,0.0,0.0,0.0,0.0,0.0,0.0,0.0,3.0,0.0,1.5,2.5,0.0,1.5,0.0,0.0,0.0,0.0,3.5,0.0,1.5,2.5,3.0,3.0,3.5,3.5,2.5,3.5,0.0,0.0,3.5,0.0,0.0,0.0,2.5,3.0,2.0,3.5,0.0,0.0,0.0,4.0,0.0,0.0,0.0,0.0,0.0,0.0,0.0,0.0,0.0,0.0,0.0,0.0,0.0,2.5,3.0,0.0
Student_53,3.0,2.5,3.5,1.5,3.5,3.0,2.5,3.5,1.0,3.5,3.5,1.5,3.5,2.0,2.5,2.5,2.5,3.0,3.5,3.0,2.5,0.0,0.0,0.0,3.0,1.0,3.5,3.0,3.0,2.5,0.0,2.5,0.0,0.0,0.0,4.0,0.0,0.0,0.0,0.0,0.0,0.0,0.0,0.0,0.0,3.5,3.0,3.5,2.0,0.0,0.0,0.0,0.0,0.0,0.0,4.0,0.0,1.5,3.5,3.0,2.5,3.5,4.0,3.5,4.0,0.0,0.0,4.0,0.0,0.0,0.0,4.0,2.5,4.0,3.0,0.0,0.0,0.0,0.0,0.0,0.0,0.0,0.0,0.0,0.0,0.0,0.0,0.0,0.0,0.0,0.0,0.0,2.5,3.0,0.0
Student_530,0.0,0.0,2.0,0.0,1.5,0.0,2.5,3.5,3.0,2.5,1.0,3.0,3.5,2.0,3.0,2.5,1.5,2.0,2.5,2.5,0.0,0.0,0.0,0.0,2.0,1.5,4.0,4.0,2.0,3.0,0.0,3.5,2.0,0.0,0.0,0.0,4.0,0.0,0.0,0.0,0.0,0.0,0.0,0.0,0.0,0.0,3.0,0.0,4.0,0.0,0.0,0.0,0.0,4.0,0.0,3.5,0.0,1.5,2.0,3.0,0.0,0.0,0.0,0.0,4.0,0.0,0.0,3.5,0.0,0.0,2.5,0.0,3.0,3.0,0.0,0.0,0.0,0.0,0.0,0.0,0.0,0.0,0.0,0.0,0.0,0.0,0.0,4.0,0.0,0.0,0.0,0.0,0.0,0.0,0.0
Student_531,4.0,4.0,4.0,4.0,3.5,4.0,4.0,0.0,3.5,3.0,2.5,2.5,3.0,2.5,3.5,4.0,3.0,3.0,4.0,4.0,4.0,0.0,4.0,0.0,3.5,4.0,4.0,4.0,4.0,3.5,0.0,4.0,4.0,0.0,4.0,0.0,0.0,0.0,0.0,0.0,0.0,0.0,0.0,0.0,0.0,4.0,4.0,0.0,0.0,0.0,3.5,0.0,0.0,0.0,0.0,4.0,0.0,2.5,1.5,3.5,3.5,3.0,4.0,4.0,4.0,0.0,0.0,4.0,0.0,0.0,0.0,3.0,4.0,4.0,3.5,0.0,0.0,0.0,0.0,0.0,0.0,0.0,0.0,0.0,0.0,0.0,0.0,0.0,0.0,0.0,0.0,0.0,3.0,4.0,0.0
Student_532,0.0,0.0,4.0,4.0,4.0,4.0,4.0,4.0,4.0,3.5,3.5,3.5,4.0,3.5,3.5,4.0,3.5,3.0,4.0,3.0,4.0,0.0,0.0,0.0,4.0,4.0,0.0,4.0,2.5,0.0,0.0,0.0,3.5,0.0,0.0,0.0,0.0,0.0,0.0,0.0,2.5,0.0,0.0,0.0,4.0,4.0,4.0,4.0,0.0,0.0,0.0,0.0,0.0,0.0,4.0,4.0,0.0,4.0,4.0,4.0,4.0,4.0,4.0,4.0,4.0,0.0,4.0,4.0,0.0,0.0,0.0,4.0,4.0,4.0,4.0,0.0,0.0,0.0,0.0,0.0,0.0,0.0,0.0,0.0,0.0,0.0,0.0,0.0,0.0,0.0,4.0,0.0,4.0,0.0,0.0
Student_533,4.0,4.0,3.5,2.0,3.0,4.0,4.0,0.0,2.5,2.5,3.0,3.5,4.0,3.5,2.0,2.0,2.5,2.0,4.0,3.0,0.0,0.0,0.0,0.0,4.0,4.0,4.0,4.0,3.5,3.5,2.0,0.0,3.5,0.0,4.0,3.5,0.0,0.0,0.0,0.0,3.0,0.0,3.5,0.0,0.0,0.0,0.0,0.0,0.0,0.0,0.0,0.0,0.0,0.0,0.0,4.0,0.0,3.5,3.0,3.5,3.5,3.5,4.0,3.5,3.5,0.0,0.0,4.0,0.0,0.0,2.5,4.0,4.0,2.0,3.5,0.0,4.0,0.0,0.0,0.0,0.0,0.0,0.0,0.0,0.0,0.0,0.0,0.0,0.0,0.0,0.0,0.0,3.5,3.0,0.0
Student_534,0.0,1.5,2.5,1.0,1.0,2.0,0.0,0.0,2.5,1.0,2.0,1.0,2.5,0.0,1.0,1.0,3.0,1.0,2.5,2.5,0.0,0.0,0.0,0.0,3.0,2.0,2.5,1.5,2.5,0.0,0.0,0.0,0.0,0.0,0.0,3.5,2.5,2.5,0.0,0.0,0.0,0.0,0.0,0.0,0.0,0.0,3.5,1.0,0.0,0.0,0.0,0.0,0.0,0.0,3.5,3.5,4.0,1.5,1.5,1.5,3.5,0.0,0.0,0.0,4.0,0.0,0.0,4.0,0.0,0.0,0.0,0.0,0.0,0.0,0.0,0.0,0.0,0.0,0.0,0.0,0.0,0.0,0.0,0.0,0.0,0.0,0.0,2.5,0.0,0.0,0.0,0.0,0.0,0.0,0.0
Student_535,2.0,1.0,2.0,3.5,1.5,1.5,1.5,0.0,2.5,3.5,2.5,1.0,2.0,3.0,2.0,2.5,2.5,2.0,1.5,1.5,0.0,0.0,0.0,0.0,1.5,2.5,3.5,4.0,1.5,3.0,0.0,1.0,0.0,2.5,0.0,0.0,0.0,0.0,0.0,0.0,3.5,0.0,0.0,0.0,0.0,0.0,1.0,0.0,0.0,1.0,1.0,0.0,0.0,0.0,0.0,3.5,0.0,3.0,3.5,2.5,2.0,4.0,3.5,4.0,4.0,0.0,0.0,2.0,0.0,0.0,2.5,2.5,3.5,3.5,2.0,0.0,0.0,0.0,0.0,0.0,3.5,0.0,0.0,0.0,0.0,0.0,0.0,0.0,0.0,0.0,0.0,0.0,2.0,2.0,0.0
Student_536,0.0,0.0,3.0,4.0,3.5,4.0,4.0,4.0,2.5,2.5,3.5,3.0,4.0,3.5,3.0,3.25,3.25,2.75,3.25,0.0,0.0,0.0,0.0,0.0,4.0,3.25,0.0,3.5,3.25,0.0,0.0,3.5,0.0,0.0,0.0,0.0,0.0,0.0,0.0,0.0,0.0,0.0,0.0,0.0,0.0,3.5,0.0,0.0,4.0,0.0,0.0,0.0,0.0,0.0,4.0,4.0,0.0,2.0,3.5,3.75,3.25,4.0,4.0,4.0,4.0,4.0,4.0,4.0,0.0,0.0,0.0,4.0,4.0,3.75,4.0,0.0,0.0,0.0,0.0,0.0,0.0,0.0,0.0,0.0,0.0,0.0,0.0,0.0,0.0,0.0,0.0,0.0,0.0,0.0,0.0
Student_537,4.0,4.0,3.5,4.0,2.0,3.0,3.5,3.5,0.0,2.5,3.0,3.0,3.5,2.5,2.0,3.5,4.0,3.5,3.0,3.0,0.0,0.0,0.0,0.0,3.5,4.0,0.0,0.0,3.5,2.0,0.0,0.0,0.0,0.0,0.0,4.0,0.0,0.0,0.0,0.0,0.0,0.0,0.0,0.0,4.0,3.5,3.5,0.0,0.0,0.0,0.0,0.0,0.0,0.0,0.0,4.0,0.0,2.5,3.5,3.5,4.0,3.0,4.0,2.5,4.0,0.0,0.0,4.0,0.0,0.0,0.0,4.0,3.5,3.0,3.0,0.0,0.0,0.0,3.5,0.0,0.0,0.0,0.0,0.0,0.0,0.0,0.0,0.0,0.0,0.0,0.0,0.0,4.0,4.0,0.0
Student_538,3.0,3.0,2.5,4.0,1.0,2.0,2.5,4.0,2.0,1.0,2.5,3.0,1.0,2.0,2.0,2.5,2.5,2.0,2.5,1.0,2.0,0.0,0.0,0.0,2.5,1.0,0.0,3.5,2.5,0.0,0.0,4.0,2.0,0.0,0.0,0.0,0.0,0.0,0.0,0.0,3.0,0.0,0.0,0.0,0.0,2.5,0.0,0.0,0.0,0.0,2.5,0.0,0.0,3.5,4.0,4.0,4.0,2.0,3.5,1.5,3.5,4.0,3.0,3.5,3.5,0.0,0.0,3.0,0.0,0.0,0.0,2.5,3.0,1.5,3.5,0.0,0.0,0.0,0.0,0.0,0.0,3.0,0.0,0.0,0.0,0.0,0.0,0.0,0.0,0.0,0.0,0.0,4.0,3.0,0.0
Student_539,0.0,0.0,3.0,0.0,0.0,0.0,1.5,0.0,1.5,1.0,0.0,2.0,3.0,2.0,2.0,1.5,2.0,1.0,1.5,1.0,1.5,0.0,0.0,0.0,1.5,4.0,0.0,2.5,1.5,3.0,0.0,2.0,0.0,0.0,0.0,3.5,2.5,0.0,0.0,0.0,0.0,0.0,0.0,0.0,0.0,0.0,1.5,0.0,0.0,1.0,4.0,0.0,0.0,0.0,0.0,4.0,0.0,1.5,2.0,3.0,1.0,0.0,0.0,0.0,0.0,0.0,0.0,3.5,0.0,0.0,1.5,0.0,0.0,0.0,0.0,0.0,0.0,0.0,0.0,0.0,0.0,0.0,0.0,0.0,0.0,0.0,0.0,3.5,0.0,0.0,0.0,0.0,0.0,0.0,0.0
Student_54,3.5,3.5,3.0,3.5,2.0,4.0,3.0,4.0,3.0,2.0,1.5,1.5,3.0,1.0,1.5,1.0,3.5,1.0,2.5,1.0,0.0,0.0,0.0,0.0,3.0,1.0,4.0,4.0,3.0,2.0,0.0,0.0,0.0,0.0,0.0,0.0,0.0,0.0,0.0,0.0,0.0,0.0,0.0,0.0,1.5,2.5,0.0,0.0,0.0,0.0,0.0,0.0,0.0,0.0,0.0,4.0,0.0,3.0,2.0,3.0,3.0,2.0,4.0,3.0,4.0,0.0,0.0,3.5,0.0,0.0,3.0,2.0,3.0,4.0,1.5,0.0,0.0,0.0,0.0,0.0,0.0,0.0,0.0,0.0,0.0,0.0,0.0,0.0,0.0,0.0,3.5,0.0,4.0,3.5,0.0
Student_540,4.0,2.5,0.0,2.0,0.0,0.0,0.0,0.0,0.0,0.0,0.0,0.0,0.0,0.0,0.0,0.0,0.0,0.0,0.0,0.0,0.0,0.0,0.0,0.0,0.0,0.0,0.0,0.0,0.0,0.0,0.0,0.0,0.0,0.0,0.0,0.0,0.0,0.0,0.0,0.0,0.0,0.0,0.0,0.0,0.0,0.0,0.0,0.0,0.0,0.0,0.0,0.0,0.0,0.0,0.0,0.0,0.0,0.0,0.0,0.0,0.0,0.0,0.0,0.0,0.0,0.0,0.0,0.0,0.0,0.0,0.0,2.0,2.0,0.0,0.0,0.0,0.0,0.0,0.0,0.0,0.0,0.0,0.0,0.0,0.0,0.0,0.0,0.0,0.0,0.0,0.0,0.0,3.0,2.5,0.0
Student_541,4.0,4.0,0.0,0.0,3.0,4.0,2.5,0.0,3.0,3.0,1.0,3.0,3.0,3.5,1.5,4.0,1.0,2.0,3.5,2.5,0.0,0.0,0.0,0.0,2.0,3.5,2.5,4.0,1.0,3.5,0.0,3.0,0.0,0.0,0.0,0.0,0.0,0.0,0.0,0.0,3.0,0.0,0.0,0.0,1.5,0.0,2.0,0.0,0.0,2.5,2.0,0.0,0.0,0.0,0.0,3.0,0.0,4.0,2.0,3.5,4.0,4.0,4.0,4.0,0.0,0.0,0.0,1.0,0.0,1.5,4.0,4.0,4.0,4.0,4.0,0.0,0.0,0.0,0.0,0.0,3.5,0.0,0.0,0.0,0.0,0.0,0.0,0.0,0.0,0.0,0.0,0.0,4.0,4.0,0.0
Student_542,0.0,0.0,3.0,2.0,1.5,3.0,1.5,2.5,2.25,2.5,1.5,1.0,2.5,2.0,1.0,3.0,3.25,3.25,1.5,1.75,3.0,0.0,0.0,0.0,3.75,1.75,4.0,3.0,2.25,0.0,0.0,3.25,0.0,0.0,0.0,0.0,0.0,0.0,0.0,0.0,3.0,0.0,0.0,0.0,1.75,0.0,0.0,0.0,0.0,3.25,0.0,0.0,0.0,2.25,4.0,4.0,0.0,1.5,1.5,2.0,2.5,2.5,2.5,1.0,4.0,0.0,4.0,3.5,0.0,0.0,0.0,2.5,2.0,3.5,1.5,0.0,0.0,0.0,0.0,0.0,0.0,0.0,0.0,0.0,0.0,0.0,0.0,4.0,0.0,0.0,0.0,0.0,0.0,0.0,0.0
Student_543,3.5,4.0,3.0,2.0,2.5,4.0,2.5,4.0,1.5,2.0,4.0,2.0,1.5,3.0,2.0,2.0,4.0,2.5,3.0,2.5,2.0,0.0,0.0,0.0,3.0,2.5,0.0,3.0,3.0,2.0,0.0,3.5,2.5,0.0,0.0,0.0,2.5,0.0,0.0,0.0,0.0,0.0,0.0,0.0,0.0,0.0,3.5,0.0,0.0,2.5,0.0,0.0,3.5,0.0,0.0,4.0,0.0,3.0,1.0,2.5,3.0,4.0,4.0,4.0,4.0,0.0,0.0,4.0,0.0,0.0,1.5,2.5,3.5,3.5,4.0,0.0,0.0,0.0,0.0,0.0,0.0,4.0,0.0,0.0,0.0,0.0,0.0,0.0,0.0,0.0,0.0,0.0,4.0,4.0,0.0
Student_544,2.5,3.0,3.5,2.0,2.5,1.0,2.5,0.0,4.0,2.0,3.5,2.0,1.0,3.0,4.0,2.5,1.0,2.0,3.0,3.5,2.5,0.0,0.0,0.0,4.0,4.0,3.0,4.0,2.0,3.0,0.0,2.0,0.0,0.0,0.0,0.0,0.0,0.0,0.0,0.0,0.0,0.0,0.0,0.0,3.0,3.5,0.0,4.0,3.5,2.5,0.0,0.0,0.0,0.0,0.0,4.0,0.0,2.5,3.5,2.5,3.5,4.0,3.0,4.0,4.0,0.0,0.0,4.0,0.0,0.0,0.0,3.0,2.5,3.0,1.0,4.0,0.0,0.0,0.0,0.0,0.0,0.0,0.0,0.0,0.0,0.0,0.0,0.0,0.0,0.0,0.0,0.0,2.0,3.0,0.0
Student_545,2.0,3.5,0.0,0.0,0.0,0.0,0.0,0.0,3.0,0.0,0.0,0.0,0.0,0.0,0.0,0.0,0.0,0.0,0.0,0.0,0.0,0.0,0.0,0.0,0.0,0.0,0.0,0.0,0.0,0.0,0.0,0.0,0.0,0.0,0.0,0.0,0.0,0.0,0.0,0.0,0.0,0.0,0.0,0.0,0.0,0.0,0.0,0.0,0.0,0.0,0.0,0.0,0.0,0.0,0.0,0.0,0.0,0.0,0.0,0.0,0.0,0.0,0.0,0.0,0.0,0.0,0.0,0.0,0.0,0.0,0.0,2.5,2.0,3.0,0.0,0.0,0.0,0.0,0.0,0.0,0.0,0.0,0.0,0.0,0.0,0.0,0.0,0.0,0.0,0.0,0.0,0.0,3.5,3.0,0.0
Student_546,2.5,4.0,3.0,3.0,3.5,4.0,3.5,3.5,1.5,3.0,2.5,2.5,2.0,2.0,3.5,2.5,1.5,2.0,1.0,1.5,1.5,0.0,0.0,0.0,3.0,1.5,3.5,4.0,2.75,0.0,0.0,0.0,1.0,0.0,0.0,0.0,3.0,0.0,0.0,0.0,0.0,0.0,0.0,0.0,0.0,0.0,0.0,1.0,3.5,0.0,0.0,0.0,0.0,3.5,4.0,4.0,0.0,1.0,1.5,4.0,3.5,1.5,4.0,3.0,4.0,0.0,4.0,4.0,0.0,0.0,0.0,3.0,3.0,2.5,3.5,0.0,0.0,0.0,4.0,0.0,0.0,0.0,0.0,0.0,0.0,0.0,0.0,0.0,0.0,0.0,0.0,0.0,4.0,4.0,0.0
Student_547,0.0,0.0,2.5,0.0,2.0,0.0,1.5,0.0,0.0,0.0,0.0,0.0,0.0,1.5,2.0,0.0,1.25,0.0,1.5,2.25,0.0,0.0,0.0,0.0,0.0,0.0,1.75,0.0,0.0,0.0,0.0,0.0,0.0,0.0,0.0,0.0,0.0,0.0,0.0,0.0,3.5,0.0,0.0,0.0,0.0,3.25,0.0,0.0,0.0,0.0,0.0,0.0,0.0,0.0,0.0,0.0,0.0,0.0,0.0,0.0,3.0,3.5,4.0,1.5,4.0,4.0,2.0,4.0,0.0,0.0,0.0,2.5,2.5,0.0,3.0,0.0,0.0,0.0,0.0,0.0,0.0,0.0,0.0,0.0,0.0,0.0,0.0,0.0,0.0,0.0,3.75,0.0,0.0,0.0,2.5
Student_548,2.0,3.5,3.0,1.5,1.0,3.5,2.5,2.0,3.0,1.5,3.0,2.0,2.5,2.0,1.0,3.5,3.5,2.5,4.0,2.5,0.0,0.0,0.0,0.0,2.0,3.0,2.0,3.0,3.5,2.0,0.0,0.0,0.0,0.0,0.0,0.0,0.0,0.0,0.0,0.0,0.0,0.0,0.0,0.0,0.0,0.0,3.0,0.0,0.0,2.5,2.0,0.0,0.0,0.0,4.0,3.5,4.0,1.0,2.0,3.5,2.5,2.5,4.0,2.0,4.0,0.0,0.0,3.5,0.0,2.5,2.0,3.0,1.5,2.0,2.0,0.0,0.0,0.0,0.0,0.0,0.0,0.0,0.0,0.0,0.0,0.0,0.0,0.0,0.0,0.0,0.0,0.0,2.5,2.5,0.0
Student_549,3.5,4.0,3.5,2.5,3.5,3.0,2.5,0.0,3.0,2.5,3.0,3.0,3.5,3.5,2.5,0.0,0.0,3.0,0.0,3.5,4.0,0.0,0.0,0.0,4.0,3.0,0.0,4.0,0.0,3.5,0.0,4.0,0.0,0.0,0.0,0.0,0.0,0.0,0.0,0.0,0.0,0.0,0.0,0.0,0.0,0.0,0.0,0.0,0.0,0.0,3.5,0.0,0.0,0.0,0.0,4.0,0.0,2.5,2.5,3.5,4.0,4.0,4.0,4.0,4.0,0.0,0.0,3.5,0.0,2.5,0.0,3.0,2.5,2.5,3.5,0.0,0.0,0.0,4.0,0.0,0.0,0.0,0.0,0.0,0.0,0.0,0.0,0.0,0.0,0.0,0.0,0.0,3.5,4.0,0.0
Student_55,4.0,4.0,4.0,1.0,2.5,3.5,1.0,0.0,2.0,2.0,3.0,2.0,3.0,2.5,3.0,2.0,2.5,2.5,3.0,1.5,3.5,0.0,0.0,0.0,2.5,1.5,0.0,3.5,2.5,3.0,0.0,2.5,2.5,0.0,0.0,0.0,0.0,0.0,0.0,0.0,3.0,0.0,0.0,0.0,0.0,2.5,0.0,0.0,4.0,0.0,2.0,2.0,0.0,0.0,0.0,4.0,0.0,1.5,2.0,3.5,2.5,2.5,4.0,2.5,4.0,0.0,0.0,4.0,0.0,0.0,0.0,3.0,4.0,2.0,2.5,0.0,0.0,0.0,3.5,0.0,0.0,0.0,0.0,0.0,0.0,0.0,0.0,0.0,0.0,0.0,0.0,0.0,4.0,3.5,0.0
Student_550,3.5,3.0,3.5,1.0,1.0,2.5,2.0,0.0,3.5,3.0,1.5,3.5,3.5,2.5,2.0,2.5,3.0,2.5,4.0,2.0,0.0,0.0,0.0,0.0,2.0,1.0,3.0,4.0,2.0,3.0,0.0,0.0,3.0,0.0,3.5,0.0,0.0,3.5,0.0,0.0,0.0,0.0,0.0,0.0,0.0,1.5,0.0,0.0,3.5,0.0,0.0,2.0,0.0,0.0,0.0,3.0,0.0,1.5,4.0,4.0,2.5,3.5,4.0,3.0,4.0,0.0,0.0,3.5,0.0,0.0,1.5,3.0,2.5,3.0,2.5,0.0,0.0,0.0,0.0,0.0,0.0,0.0,0.0,0.0,0.0,0.0,4.0,0.0,0.0,0.0,0.0,0.0,3.0,3.0,0.0
Student_551,4.0,4.0,2.0,2.5,2.5,1.0,3.0,0.0,2.5,3.0,3.5,3.0,3.0,3.0,3.5,3.5,3.0,2.0,3.0,3.0,3.0,0.0,0.0,0.0,1.5,3.0,2.5,3.0,2.0,3.5,0.0,3.5,2.5,0.0,2.0,0.0,0.0,0.0,0.0,0.0,0.0,0.0,0.0,0.0,2.0,0.0,3.5,0.0,0.0,0.0,0.0,0.0,0.0,0.0,0.0,4.0,0.0,3.5,3.0,1.5,4.0,3.5,3.0,4.0,4.0,0.0,0.0,3.5,0.0,0.0,0.0,3.5,4.0,3.5,3.0,0.0,0.0,0.0,0.0,0.0,0.0,4.0,0.0,0.0,0.0,0.0,0.0,0.0,0.0,0.0,0.0,0.0,3.5,2.5,0.0
Student_552,2.5,4.0,1.5,3.0,1.5,3.5,1.5,0.0,2.5,2.5,3.5,2.5,4.0,3.0,2.0,1.0,2.5,1.0,1.0,2.0,0.0,0.0,0.0,0.0,3.0,1.5,1.5,2.5,1.0,3.0,2.0,1.0,0.0,0.0,1.0,0.0,1.0,0.0,0.0,0.0,2.0,0.0,1.0,0.0,0.0,0.0,0.0,0.0,0.0,0.0,0.0,1.0,0.0,0.0,0.0,3.0,0.0,1.0,2.0,1.0,1.5,2.0,4.0,2.5,4.0,0.0,0.0,3.5,0.0,0.0,0.0,2.5,3.5,3.0,2.5,0.0,0.0,0.0,0.0,0.0,0.0,0.0,0.0,0.0,0.0,1.5,0.0,0.0,0.0,0.0,0.0,0.0,3.0,3.0,0.0
Student_553,3.5,3.5,3.0,1.5,2.0,3.0,3.0,4.0,3.5,2.5,2.5,3.0,3.0,3.5,2.5,2.5,3.5,2.5,4.0,3.0,4.0,0.0,0.0,0.0,4.0,2.0,0.0,4.0,2.0,0.0,0.0,3.5,2.5,0.0,0.0,0.0,0.0,0.0,0.0,0.0,3.0,0.0,0.0,0.0,1.0,3.5,0.0,0.0,4.0,0.0,0.0,0.0,0.0,0.0,4.0,4.0,4.0,1.0,2.0,4.0,3.5,4.0,3.5,3.5,3.5,0.0,3.5,3.5,0.0,0.0,0.0,3.5,4.0,4.0,3.0,0.0,0.0,0.0,0.0,0.0,0.0,0.0,0.0,0.0,0.0,0.0,0.0,0.0,0.0,0.0,3.0,0.0,4.0,3.5,0.0
Student_554,3.5,3.5,2.5,1.5,1.0,2.5,3.5,0.0,4.0,1.5,2.5,2.0,1.5,1.5,2.0,3.5,3.0,3.0,3.0,1.0,4.0,0.0,0.0,0.0,3.0,4.0,0.0,4.0,3.5,3.5,0.0,4.0,3.0,0.0,0.0,0.0,0.0,0.0,0.0,0.0,4.0,0.0,0.0,0.0,3.0,0.0,3.5,0.0,4.0,0.0,0.0,0.0,0.0,0.0,0.0,4.0,0.0,4.0,4.0,3.0,4.0,3.0,4.0,4.0,3.5,0.0,0.0,4.0,0.0,0.0,2.5,3.0,3.5,3.5,4.0,0.0,0.0,0.0,0.0,0.0,0.0,0.0,0.0,0.0,0.0,0.0,0.0,0.0,0.0,0.0,0.0,0.0,4.0,4.0,0.0
Student_555,0.0,0.0,2.0,0.0,0.0,0.0,1.5,1.5,3.5,2.0,0.0,2.0,1.0,1.5,2.5,1.0,3.0,2.0,3.0,1.0,0.0,0.0,0.0,0.0,2.0,1.0,2.5,1.5,1.0,1.0,0.0,2.0,0.0,0.0,0.0,4.0,2.0,0.0,0.0,2.5,0.0,0.0,0.0,0.0,0.0,0.0,1.5,0.0,0.0,1.0,0.0,0.0,0.0,0.0,0.0,3.5,0.0,2.5,3.5,3.0,1.0,0.0,0.0,0.0,0.0,0.0,0.0,3.5,0.0,0.0,3.0,0.0,0.0,0.0,0.0,0.0,0.0,0.0,0.0,0.0,0.0,0.0,0.0,0.0,0.0,0.0,0.0,2.0,0.0,0.0,0.0,0.0,0.0,0.0,0.0
Student_556,3.0,4.0,4.0,3.5,4.0,4.0,4.0,3.5,4.0,3.5,4.0,3.0,3.5,4.0,3.5,4.0,4.0,3.5,4.0,4.0,4.0,0.0,0.0,0.0,4.0,4.0,0.0,4.0,4.0,0.0,0.0,0.0,4.0,0.0,0.0,0.0,4.0,0.0,0.0,0.0,0.0,0.0,0.0,0.0,4.0,4.0,0.0,4.0,0.0,0.0,4.0,0.0,0.0,0.0,4.0,4.0,4.0,2.5,4.0,4.0,3.5,2.5,4.0,2.0,4.0,0.0,0.0,4.0,0.0,0.0,0.0,2.5,3.5,4.0,4.0,0.0,0.0,0.0,0.0,0.0,0.0,0.0,0.0,4.0,0.0,0.0,0.0,0.0,0.0,0.0,0.0,0.0,4.0,4.0,0.0
Student_557,4.0,4.0,4.0,4.0,3.0,3.5,4.0,0.0,2.5,2.5,3.5,2.0,3.5,3.0,3.0,1.0,3.0,2.5,0.0,4.0,2.5,0.0,0.0,0.0,2.0,3.0,0.0,3.0,4.0,2.5,0.0,0.0,2.0,0.0,0.0,3.0,0.0,0.0,0.0,0.0,3.5,0.0,0.0,0.0,0.0,0.0,0.0,3.0,3.0,0.0,0.0,3.5,0.0,0.0,0.0,4.0,0.0,2.0,3.0,3.0,2.0,4.0,4.0,3.0,4.0,0.0,0.0,3.5,0.0,0.0,3.0,3.0,4.0,3.5,4.0,0.0,0.0,0.0,0.0,0.0,0.0,3.0,0.0,0.0,0.0,0.0,0.0,0.0,0.0,0.0,0.0,0.0,4.0,3.5,0.0
Student_558,4.0,3.0,1.0,1.0,1.0,3.0,3.5,0.0,1.5,1.5,1.5,1.0,1.0,1.5,2.0,1.5,2.5,2.0,3.0,1.5,0.0,0.0,0.0,0.0,1.5,2.5,2.5,3.0,1.5,1.5,0.0,0.0,0.0,0.0,2.5,0.0,0.0,0.0,0.0,0.0,0.0,0.0,0.0,0.0,1.0,2.0,0.0,2.0,0.0,0.0,2.0,1.5,0.0,0.0,0.0,3.5,0.0,2.5,1.5,2.5,2.5,4.0,4.0,3.5,3.5,0.0,0.0,2.5,0.0,0.0,2.0,2.5,2.0,4.0,1.5,0.0,0.0,0.0,0.0,0.0,0.0,4.0,0.0,0.0,0.0,0.0,0.0,0.0,0.0,0.0,0.0,0.0,2.5,3.0,0.0
Student_559,0.0,0.0,3.5,4.0,4.0,4.0,4.0,4.0,3.5,3.0,4.0,3.5,4.0,3.5,3.0,4.0,3.25,3.75,3.0,3.75,0.0,0.0,0.0,3.75,4.0,3.75,3.75,4.0,4.0,0.0,0.0,3.75,2.75,0.0,0.0,0.0,0.0,0.0,0.0,0.0,0.0,0.0,0.0,0.0,0.0,4.0,0.0,0.0,3.5,0.0,4.0,0.0,0.0,0.0,4.0,4.0,0.0,4.0,4.0,4.0,4.0,4.0,4.0,4.0,4.0,4.0,4.0,4.0,0.0,0.0,0.0,4.0,4.0,2.75,4.0,0.0,0.0,0.0,4.0,0.0,0.0,0.0,0.0,0.0,0.0,0.0,0.0,0.0,0.0,0.0,0.0,0.0,0.0,0.0,0.0
Student_56,3.0,3.0,3.0,1.0,2.5,4.0,3.0,3.5,3.0,4.0,2.0,3.0,3.5,2.5,1.0,2.0,3.0,2.5,3.0,2.5,2.5,0.0,0.0,0.0,4.0,2.5,2.5,3.0,2.0,3.0,0.0,2.5,0.0,0.0,0.0,0.0,0.0,0.0,0.0,0.0,2.0,0.0,0.0,0.0,0.0,0.0,2.5,0.0,0.0,0.0,0.0,0.0,0.0,2.0,4.0,4.0,4.0,2.0,2.5,3.0,3.0,3.0,4.0,3.5,4.0,0.0,3.5,3.0,0.0,0.0,0.0,3.5,3.0,2.5,2.5,0.0,0.0,0.0,0.0,0.0,0.0,0.0,0.0,0.0,0.0,0.0,0.0,0.0,0.0,0.0,0.0,0.0,2.5,3.0,0.0
Student_560,3.5,2.5,3.0,2.0,1.0,4.0,2.0,3.0,1.0,2.0,2.5,1.5,1.0,2.5,2.0,1.5,2.0,1.5,2.0,1.0,0.0,0.0,0.0,0.0,2.5,1.0,1.0,3.0,2.5,0.0,0.0,1.5,0.0,0.0,0.0,0.0,0.0,0.0,0.0,0.0,0.0,0.0,0.0,0.0,0.0,1.0,1.0,0.0,2.5,0.0,0.0,1.5,0.0,0.0,3.0,4.0,4.0,1.5,3.0,3.0,2.0,2.5,4.0,2.0,4.0,0.0,0.0,4.0,0.0,0.0,2.5,3.0,3.5,1.0,2.0,0.0,0.0,0.0,0.0,0.0,3.5,0.0,0.0,0.0,0.0,0.0,0.0,0.0,0.0,0.0,0.0,0.0,3.5,3.0,0.0
Student_561,2.0,4.0,0.0,0.0,0.0,0.0,0.0,0.0,0.0,0.0,0.0,0.0,0.0,0.0,0.0,0.0,0.0,0.0,0.0,0.0,0.0,0.0,0.0,0.0,0.0,0.0,0.0,0.0,0.0,0.0,0.0,0.0,0.0,0.0,0.0,0.0,0.0,0.0,0.0,0.0,0.0,0.0,0.0,0.0,0.0,0.0,0.0,0.0,0.0,0.0,0.0,0.0,0.0,0.0,0.0,0.0,0.0,0.0,0.0,0.0,0.0,0.0,0.0,0.0,0.0,0.0,0.0,0.0,0.0,0.0,0.0,2.0,1.0,0.0,0.0,0.0,0.0,0.0,0.0,0.0,0.0,0.0,0.0,0.0,0.0,0.0,0.0,0.0,0.0,0.0,0.0,0.0,3.0,2.0,0.0
Student_562,4.0,3.5,2.5,2.5,2.5,4.0,2.5,0.0,1.5,2.0,3.0,1.5,4.0,2.5,2.0,3.0,2.0,2.0,2.0,3.0,3.5,0.0,0.0,0.0,2.0,1.5,3.5,2.5,1.5,2.5,0.0,0.0,0.0,0.0,0.0,3.5,0.0,0.0,0.0,3.0,4.0,2.5,4.0,0.0,0.0,0.0,0.0,0.0,0.0,0.0,0.0,0.0,3.0,0.0,0.0,4.0,0.0,2.0,2.0,2.5,4.0,2.0,4.0,1.5,3.5,0.0,0.0,4.0,0.0,0.0,0.0,3.0,1.0,3.5,1.0,0.0,0.0,0.0,0.0,0.0,0.0,0.0,0.0,0.0,0.0,0.0,0.0,4.0,0.0,0.0,0.0,0.0,4.0,3.0,0.0
Student_563,4.0,3.5,4.0,1.0,2.5,4.0,4.0,0.0,4.0,3.0,4.0,3.0,3.5,4.0,4.0,4.0,4.0,3.0,4.0,4.0,0.0,0.0,0.0,0.0,3.5,4.0,3.0,3.5,4.0,3.5,0.0,0.0,3.5,0.0,0.0,0.0,0.0,0.0,0.0,0.0,4.0,0.0,0.0,0.0,0.0,3.5,4.0,0.0,4.0,0.0,4.0,4.0,0.0,0.0,0.0,4.0,0.0,3.5,4.0,4.0,4.0,4.0,4.0,4.0,4.0,0.0,0.0,4.0,0.0,0.0,0.0,3.0,4.0,4.0,4.0,0.0,0.0,0.0,0.0,4.0,0.0,0.0,0.0,0.0,0.0,0.0,0.0,0.0,0.0,0.0,0.0,0.0,4.0,4.0,0.0
Student_564,4.0,4.0,3.5,2.0,1.0,3.0,1.5,3.0,3.5,2.0,4.0,2.5,2.0,2.5,2.5,2.0,4.0,3.5,3.0,2.0,0.0,0.0,0.0,0.0,1.0,3.0,1.5,4.0,3.0,2.0,0.0,3.5,2.5,0.0,4.0,0.0,0.0,0.0,0.0,0.0,0.0,0.0,0.0,0.0,0.0,3.5,3.5,0.0,0.0,2.0,0.0,0.0,0.0,0.0,0.0,4.0,0.0,3.0,1.5,4.0,4.0,3.0,3.5,1.0,3.0,0.0,0.0,3.5,0.0,0.0,1.5,2.0,2.5,3.5,2.0,0.0,0.0,0.0,3.0,0.0,0.0,0.0,0.0,0.0,0.0,0.0,0.0,0.0,0.0,0.0,0.0,0.0,3.5,2.5,0.0
Student_565,0.0,0.0,3.5,4.0,1.5,3.5,2.5,0.0,2.5,2.5,4.0,2.0,3.5,2.5,2.5,2.5,2.5,2.0,2.0,3.0,3.0,0.0,0.0,0.0,2.0,2.0,0.0,4.0,2.5,4.0,0.0,3.0,3.0,0.0,0.0,0.0,3.0,3.0,0.0,0.0,0.0,0.0,0.0,0.0,0.0,2.5,0.0,3.0,0.0,0.0,0.0,2.5,0.0,0.0,0.0,4.0,0.0,1.5,1.5,3.0,2.0,2.5,4.0,2.5,4.0,0.0,0.0,4.0,0.0,0.0,0.0,1.5,3.0,3.5,1.5,0.0,0.0,0.0,0.0,0.0,0.0,0.0,0.0,0.0,0.0,0.0,0.0,0.0,0.0,0.0,0.0,0.0,0.0,0.0,0.0
Student_566,3.5,4.0,3.5,2.0,1.0,2.0,2.0,1.5,3.0,2.5,2.5,2.5,2.5,2.5,2.0,2.0,1.0,2.0,2.5,1.5,0.0,0.0,0.0,0.0,2.5,2.5,2.5,3.0,1.0,3.0,0.0,1.5,0.0,0.0,0.0,0.0,0.0,0.0,0.0,0.0,0.0,0.0,0.0,0.0,0.0,1.5,2.5,2.0,2.0,2.0,0.0,0.0,0.0,0.0,0.0,3.5,0.0,1.0,2.0,2.5,3.0,2.5,4.0,2.0,4.0,0.0,0.0,3.0,0.0,1.5,0.0,2.0,2.0,2.0,2.0,0.0,0.0,0.0,0.0,0.0,0.0,0.0,0.0,0.0,0.0,0.0,0.0,0.0,0.0,0.0,0.0,0.0,2.5,3.5,0.0
Student_567,4.0,3.5,3.0,3.0,3.0,4.0,4.0,4.0,1.5,2.0,3.5,3.0,3.0,3.0,3.5,2.5,3.5,3.5,3.0,3.5,2.0,0.0,0.0,0.0,3.0,2.0,3.5,4.0,2.0,3.0,0.0,4.0,0.0,0.0,0.0,0.0,0.0,0.0,0.0,3.5,0.0,0.0,0.0,0.0,0.0,2.5,3.0,0.0,3.5,0.0,4.0,0.0,0.0,0.0,0.0,4.0,0.0,4.0,3.5,3.0,2.5,2.0,4.0,4.0,4.0,0.0,0.0,4.0,0.0,0.0,0.0,3.0,3.5,4.0,2.0,0.0,0.0,0.0,0.0,0.0,0.0,0.0,0.0,0.0,0.0,0.0,0.0,0.0,0.0,0.0,0.0,0.0,4.0,3.0,0.0
Student_568,3.0,4.0,3.5,4.0,4.0,3.5,3.5,0.0,1.5,3.0,3.0,3.0,2.5,1.5,3.5,3.5,3.0,2.0,3.0,2.5,0.0,0.0,0.0,0.0,1.5,2.0,0.0,3.5,2.5,3.0,0.0,3.0,2.0,0.0,4.0,0.0,2.0,0.0,0.0,0.0,2.0,0.0,0.0,0.0,3.0,2.5,4.0,0.0,0.0,0.0,0.0,0.0,0.0,0.0,0.0,4.0,0.0,2.0,3.5,1.5,4.0,4.0,3.5,2.5,4.0,0.0,0.0,3.5,0.0,0.0,0.0,3.5,3.5,2.0,3.0,0.0,0.0,0.0,0.0,0.0,0.0,0.0,0.0,0.0,0.0,0.0,0.0,0.0,0.0,0.0,3.5,0.0,3.5,3.0,0.0
Student_569,3.0,3.5,3.5,3.5,4.0,3.0,2.5,0.0,2.5,2.5,2.5,2.0,4.0,2.5,2.0,2.5,3.0,2.0,2.0,2.0,3.5,0.0,0.0,0.0,3.0,3.0,0.0,3.5,3.0,3.5,0.0,3.5,2.5,0.0,0.0,0.0,3.5,0.0,0.0,0.0,0.0,0.0,0.0,0.0,2.5,3.5,3.5,3.0,0.0,0.0,0.0,0.0,0.0,0.0,0.0,4.0,0.0,1.0,1.5,3.5,4.0,4.0,4.0,4.0,4.0,0.0,0.0,3.5,0.0,0.0,0.0,3.5,2.0,3.0,3.0,0.0,3.0,0.0,0.0,0.0,0.0,0.0,0.0,0.0,0.0,0.0,0.0,0.0,0.0,0.0,0.0,0.0,3.5,3.5,0.0
Student_57,2.5,2.5,3.0,3.0,2.0,3.0,2.5,0.0,2.5,2.0,3.0,2.5,3.0,2.0,1.5,2.0,4.0,1.0,1.5,2.5,2.5,0.0,0.0,0.0,2.5,4.0,1.0,3.0,2.0,2.5,0.0,2.5,2.5,0.0,0.0,0.0,0.0,0.0,0.0,0.0,0.0,0.0,0.0,0.0,1.5,0.0,0.0,0.0,0.0,0.0,0.0,2.0,2.0,0.0,0.0,4.0,0.0,3.5,1.0,3.5,2.5,4.0,4.0,3.5,4.0,0.0,0.0,3.5,0.0,0.0,4.0,2.5,3.5,1.5,3.5,0.0,0.0,0.0,0.0,0.0,3.0,0.0,0.0,0.0,0.0,0.0,0.0,0.0,0.0,0.0,0.0,0.0,3.0,3.5,0.0
Student_570,0.0,0.0,2.5,0.0,2.0,0.0,2.5,0.0,0.0,0.0,0.0,0.0,0.0,2.5,2.75,2.75,3.0,0.0,1.75,2.0,0.0,0.0,0.0,0.0,0.0,0.0,0.0,0.0,0.0,0.0,0.0,0.0,0.0,0.0,0.0,0.0,0.0,0.0,0.0,0.0,0.0,0.0,0.0,0.0,0.0,3.0,0.0,0.0,0.0,0.0,0.0,0.0,0.0,0.0,0.0,0.0,0.0,0.0,0.0,0.0,3.0,2.0,4.0,3.0,4.0,4.0,2.0,3.5,0.0,0.0,0.0,2.5,2.5,0.0,2.0,0.0,0.0,0.0,0.0,0.0,0.0,0.0,0.0,0.0,0.0,0.0,0.0,0.0,0.0,0.0,0.0,0.0,0.0,0.0,2.5
Student_571,4.0,4.0,4.0,3.5,3.5,3.5,3.5,4.0,2.5,3.5,2.5,3.5,2.5,3.5,3.0,3.5,4.0,2.5,4.0,1.5,0.0,0.0,0.0,0.0,3.0,3.5,2.0,3.0,2.5,0.0,0.0,2.0,0.0,0.0,0.0,0.0,0.0,0.0,0.0,0.0,2.0,0.0,0.0,0.0,0.0,0.0,0.0,0.0,4.0,0.0,1.5,0.0,0.0,4.0,4.0,4.0,0.0,1.5,2.5,3.5,4.0,4.0,4.0,4.0,4.0,0.0,4.0,4.0,0.0,0.0,3.5,4.0,2.5,3.0,4.0,0.0,0.0,0.0,0.0,0.0,0.0,0.0,0.0,0.0,0.0,0.0,0.0,0.0,0.0,0.0,0.0,0.0,4.0,3.5,0.0
Student_572,4.0,4.0,3.5,1.5,2.0,3.5,2.5,2.0,2.0,2.5,2.5,2.5,2.0,2.5,1.0,2.0,2.5,4.0,2.0,2.0,0.0,0.0,0.0,0.0,3.0,2.0,2.0,1.0,2.0,3.0,0.0,2.5,1.5,0.0,0.0,0.0,3.5,0.0,0.0,0.0,0.0,0.0,0.0,0.0,0.0,2.0,0.0,0.0,4.0,0.0,3.0,0.0,3.0,0.0,0.0,4.0,0.0,1.5,2.5,3.0,2.0,1.5,4.0,2.0,4.0,0.0,0.0,3.5,0.0,0.0,0.0,1.0,2.0,1.5,1.0,0.0,0.0,0.0,0.0,0.0,0.0,0.0,0.0,0.0,0.0,0.0,0.0,0.0,0.0,0.0,0.0,0.0,4.0,3.5,0.0
Student_573,3.0,4.0,3.5,1.5,3.5,4.0,4.0,0.0,1.5,3.0,3.0,3.0,3.0,3.0,2.5,2.5,2.5,2.5,3.5,3.5,0.0,0.0,0.0,0.0,2.5,4.0,0.0,3.0,2.0,3.5,0.0,3.0,0.0,2.5,0.0,0.0,0.0,4.0,0.0,0.0,3.5,0.0,0.0,0.0,0.0,3.5,0.0,0.0,0.0,0.0,0.0,2.5,2.5,0.0,0.0,4.0,0.0,4.0,4.0,3.5,3.5,3.5,4.0,3.5,3.5,0.0,0.0,3.5,0.0,2.0,0.0,3.5,4.0,2.5,3.5,0.0,0.0,0.0,0.0,0.0,0.0,0.0,0.0,0.0,0.0,0.0,0.0,0.0,0.0,0.0,3.5,0.0,4.0,4.0,0.0
Student_574,0.0,0.0,3.5,0.0,0.0,0.0,1.0,0.0,1.0,1.0,2.0,1.5,3.0,0.0,1.0,1.0,1.0,1.5,1.5,1.5,3.0,0.0,0.0,0.0,3.0,1.5,1.0,2.5,2.0,3.5,0.0,0.0,0.0,0.0,2.5,3.0,0.0,0.0,0.0,1.5,0.0,0.0,0.0,0.0,0.0,0.0,3.0,0.0,0.0,0.0,0.0,2.5,0.0,0.0,0.0,4.0,0.0,2.0,1.0,3.0,3.0,0.0,0.0,0.0,0.0,0.0,0.0,4.0,0.0,2.0,0.0,0.0,4.0,2.5,2.0,0.0,0.0,0.0,0.0,0.0,0.0,0.0,0.0,0.0,0.0,0.0,0.0,0.0,0.0,0.0,3.5,0.0,0.0,0.0,0.0
Student_575,4.0,3.5,3.5,2.5,2.0,3.5,2.5,3.5,2.5,3.5,3.0,3.0,3.0,3.0,3.0,3.0,2.0,4.0,3.5,3.5,3.0,0.0,0.0,0.0,3.5,3.5,0.0,4.0,2.0,3.0,0.0,3.5,0.0,0.0,0.0,0.0,0.0,0.0,0.0,0.0,0.0,0.0,0.0,0.0,2.5,4.0,0.0,3.5,4.0,0.0,3.0,0.0,0.0,0.0,0.0,4.0,0.0,2.0,3.5,2.5,3.5,4.0,4.0,3.5,4.0,0.0,0.0,4.0,0.0,0.0,3.0,2.5,4.0,4.0,3.0,0.0,0.0,0.0,0.0,0.0,0.0,0.0,0.0,0.0,0.0,0.0,0.0,4.0,0.0,0.0,0.0,0.0,4.0,4.0,0.0
Student_576,3.5,4.0,4.0,2.5,4.0,4.0,4.0,2.5,2.0,3.0,3.5,3.0,2.5,2.5,3.0,3.0,2.0,2.0,2.5,3.0,2.0,0.0,0.0,0.0,3.5,1.5,0.0,3.5,3.5,2.0,0.0,0.0,2.5,0.0,0.0,0.0,4.0,0.0,0.0,0.0,0.0,0.0,0.0,0.0,2.5,3.0,0.0,0.0,2.5,0.0,2.5,0.0,4.0,0.0,0.0,4.0,0.0,2.5,3.0,3.5,3.0,3.0,4.0,4.0,4.0,0.0,0.0,4.0,0.0,0.0,0.0,3.5,4.0,2.5,3.5,0.0,0.0,0.0,0.0,0.0,0.0,4.0,0.0,0.0,0.0,0.0,0.0,0.0,0.0,0.0,0.0,0.0,2.0,3.0,0.0
Student_577,2.5,2.0,2.0,4.0,1.0,3.5,3.5,0.0,2.5,3.0,4.0,3.0,4.0,3.0,3.0,4.0,2.5,2.0,4.0,3.0,0.0,0.0,0.0,0.0,2.5,2.0,1.0,3.0,3.0,3.0,0.0,2.5,0.0,3.0,0.0,0.0,1.5,0.0,0.0,0.0,0.0,0.0,0.0,0.0,0.0,0.0,0.0,4.0,0.0,0.0,2.0,0.0,2.5,0.0,0.0,3.5,0.0,2.0,3.0,1.5,2.0,3.5,3.5,4.0,3.5,0.0,0.0,3.0,0.0,0.0,2.5,1.0,1.0,2.5,1.5,0.0,0.0,0.0,0.0,0.0,0.0,0.0,0.0,0.0,0.0,0.0,3.0,0.0,0.0,0.0,0.0,0.0,3.0,1.5,0.0
Student_578,3.5,3.0,3.5,0.0,3.5,0.0,4.0,3.25,0.0,0.0,0.0,0.0,0.0,4.0,4.0,2.5,3.5,0.0,4.0,3.5,0.0,0.0,0.0,0.0,0.0,0.0,2.5,0.0,0.0,0.0,0.0,0.0,0.0,0.0,0.0,0.0,0.0,0.0,0.0,0.0,0.0,0.0,0.0,0.0,0.0,3.5,0.0,0.0,0.0,0.0,0.0,0.0,0.0,0.0,0.0,0.0,0.0,0.0,0.0,0.0,1.5,3.0,4.0,2.5,4.0,0.0,4.0,3.0,0.0,0.0,0.0,3.0,3.5,0.0,3.0,0.0,0.0,0.0,0.0,0.0,0.0,0.0,0.0,0.0,0.0,0.0,3.5,0.0,0.0,0.0,0.0,0.0,4.0,2.5,3.5
Student_579,2.5,3.5,2.5,3.0,4.0,3.5,3.5,0.0,1.5,3.0,3.5,2.0,2.0,2.5,2.0,3.0,3.0,3.5,2.5,3.5,0.0,0.0,0.0,0.0,2.0,2.5,4.0,3.5,4.0,4.0,0.0,0.0,3.0,0.0,0.0,0.0,3.0,4.0,0.0,0.0,0.0,2.0,0.0,0.0,3.5,0.0,4.0,0.0,0.0,0.0,0.0,0.0,0.0,0.0,0.0,4.0,0.0,2.0,3.0,2.5,4.0,3.5,3.5,4.0,4.0,0.0,0.0,3.0,0.0,3.0,0.0,2.0,2.5,2.5,1.5,0.0,0.0,0.0,0.0,0.0,0.0,0.0,4.0,0.0,0.0,0.0,0.0,0.0,0.0,0.0,0.0,0.0,2.5,3.5,0.0
Student_58,3.0,4.0,4.0,3.0,3.0,3.5,3.0,0.0,3.5,4.0,4.0,3.0,4.0,3.0,3.0,3.5,0.0,4.0,4.0,4.0,0.0,0.0,3.5,0.0,4.0,2.5,4.0,4.0,3.0,4.0,0.0,0.0,0.0,0.0,0.0,0.0,0.0,0.0,0.0,0.0,0.0,0.0,0.0,0.0,4.0,4.0,3.5,4.0,0.0,0.0,4.0,0.0,0.0,0.0,0.0,4.0,0.0,2.5,0.0,3.5,3.0,4.0,4.0,4.0,4.0,0.0,0.0,4.0,0.0,2.0,0.0,2.5,3.5,0.0,3.0,0.0,0.0,0.0,0.0,0.0,0.0,0.0,0.0,0.0,0.0,0.0,0.0,0.0,0.0,0.0,0.0,0.0,4.0,3.0,0.0
Student_580,2.5,1.5,2.5,2.0,2.0,3.5,2.0,0.0,2.5,2.5,4.0,1.5,2.0,3.5,1.5,4.0,3.0,4.0,3.5,3.0,0.0,0.0,3.5,0.0,2.0,3.0,2.0,1.5,3.0,3.5,0.0,3.0,0.0,0.0,0.0,1.5,0.0,0.0,0.0,1.5,0.0,0.0,0.0,0.0,0.0,0.0,0.0,3.0,0.0,0.0,0.0,0.0,3.0,0.0,0.0,4.0,0.0,3.0,2.0,3.0,3.5,2.5,3.5,2.0,3.5,0.0,0.0,3.0,0.0,1.5,3.5,2.5,1.5,1.5,1.5,0.0,0.0,0.0,0.0,0.0,0.0,0.0,0.0,0.0,0.0,0.0,0.0,0.0,0.0,0.0,0.0,0.0,1.5,2.0,0.0
Student_581,4.0,3.5,3.5,2.5,4.0,3.5,2.5,0.0,3.5,3.5,3.5,3.0,2.5,4.0,3.0,3.5,4.0,3.0,4.0,3.0,0.0,0.0,0.0,0.0,1.5,3.0,0.0,1.5,3.0,4.0,0.0,3.0,3.5,0.0,0.0,0.0,3.5,0.0,0.0,0.0,4.0,0.0,0.0,0.0,3.0,3.5,0.0,3.5,0.0,0.0,3.0,0.0,0.0,0.0,0.0,4.0,0.0,2.0,3.5,2.5,3.0,4.0,4.0,3.5,4.0,0.0,0.0,4.0,0.0,0.0,0.0,3.5,3.0,3.0,3.5,0.0,0.0,0.0,4.0,0.0,0.0,0.0,0.0,0.0,0.0,0.0,0.0,0.0,0.0,0.0,0.0,0.0,3.0,3.0,0.0
Student_582,0.0,0.0,0.0,0.0,0.0,4.0,3.0,0.0,3.5,3.0,0.0,2.5,0.0,4.0,3.5,3.0,3.5,3.5,3.5,3.5,0.0,0.0,0.0,0.0,2.5,3.0,2.0,3.5,2.0,0.0,0.0,0.0,3.5,0.0,0.0,4.0,0.0,0.0,0.0,0.0,0.0,0.0,0.0,0.0,3.5,3.5,0.0,0.0,0.0,0.0,0.0,3.25,0.0,0.0,4.0,3.75,0.0,2.75,2.0,2.5,4.0,0.0,0.0,0.0,0.0,0.0,4.0,4.0,0.0,0.0,3.5,0.0,0.0,4.0,4.0,0.0,0.0,0.0,0.0,0.0,0.0,0.0,0.0,0.0,0.0,0.0,0.0,4.0,0.0,0.0,0.0,0.0,0.0,0.0,0.0
Student_583,3.0,3.5,4.0,2.5,1.5,3.0,3.5,0.0,2.5,2.5,3.5,2.5,3.0,4.0,2.0,4.0,4.0,2.5,3.5,3.0,3.0,0.0,0.0,0.0,2.5,3.5,0.0,3.0,2.0,4.0,0.0,0.0,3.0,0.0,3.0,0.0,0.0,0.0,0.0,0.0,2.5,0.0,0.0,0.0,3.5,3.0,3.5,4.0,0.0,0.0,0.0,0.0,0.0,0.0,0.0,4.0,0.0,2.0,3.0,3.0,3.5,4.0,4.0,4.0,4.0,0.0,0.0,4.0,0.0,0.0,0.0,2.5,2.5,4.0,3.5,0.0,0.0,0.0,0.0,0.0,0.0,0.0,0.0,0.0,0.0,0.0,0.0,4.0,0.0,0.0,0.0,0.0,3.0,3.0,0.0
Student_584,3.0,3.5,3.5,2.5,3.5,2.0,3.5,0.0,2.5,1.0,3.5,2.5,2.5,2.5,2.0,4.0,3.0,2.5,3.5,2.5,0.0,0.0,0.0,0.0,3.5,3.5,2.0,3.0,3.0,3.5,0.0,0.0,0.0,0.0,2.5,0.0,0.0,4.0,0.0,0.0,2.0,0.0,0.0,0.0,4.0,3.5,0.0,0.0,0.0,0.0,0.0,3.0,3.5,0.0,0.0,4.0,0.0,2.0,3.5,2.5,3.5,3.0,3.5,3.5,4.0,0.0,0.0,3.5,0.0,0.0,0.0,3.5,2.0,3.5,4.0,0.0,0.0,0.0,0.0,0.0,0.0,4.0,0.0,0.0,0.0,0.0,0.0,0.0,0.0,0.0,0.0,0.0,2.5,3.0,0.0
Student_585,0.0,0.0,2.5,2.0,1.0,2.0,1.5,0.0,2.5,2.0,3.0,2.5,1.5,1.5,1.5,1.5,3.0,2.0,2.0,1.0,0.0,0.0,0.0,0.0,2.5,2.0,0.0,2.0,1.5,2.0,0.0,0.0,0.0,4.0,1.5,0.0,2.0,0.0,0.0,0.0,2.0,0.0,2.0,0.0,0.0,0.0,0.0,0.0,0.0,0.0,2.0,0.0,1.0,0.0,0.0,4.0,0.0,1.0,1.0,3.0,1.5,2.0,4.0,2.5,4.0,0.0,0.0,0.0,0.0,0.0,1.0,1.5,2.0,1.0,1.0,0.0,0.0,0.0,0.0,0.0,0.0,0.0,0.0,0.0,0.0,0.0,0.0,0.0,0.0,0.0,0.0,0.0,0.0,0.0,0.0
Student_586,0.0,0.0,3.5,3.5,3.0,3.5,3.5,3.5,3.0,3.5,3.0,2.0,3.5,4.0,3.0,4.0,3.5,2.5,3.0,0.0,3.5,0.0,0.0,0.0,3.0,2.5,0.0,3.5,0.0,0.0,0.0,0.0,0.0,0.0,0.0,0.0,0.0,0.0,0.0,0.0,3.0,0.0,0.0,0.0,3.0,2.5,0.0,4.0,0.0,0.0,3.0,3.5,0.0,0.0,4.0,4.0,0.0,2.5,2.5,4.0,4.0,3.0,4.0,3.5,4.0,0.0,4.0,4.0,0.0,0.0,0.0,3.5,4.0,3.0,3.0,0.0,0.0,0.0,0.0,0.0,0.0,0.0,0.0,0.0,0.0,0.0,0.0,0.0,0.0,0.0,0.0,0.0,3.0,4.0,0.0
Student_587,3.5,4.0,2.0,4.0,1.0,2.0,2.5,3.0,3.5,2.5,2.5,1.5,2.0,2.0,1.0,1.0,1.0,3.0,2.5,2.5,3.0,0.0,0.0,0.0,3.5,2.0,0.0,3.5,2.0,4.0,0.0,0.0,1.0,0.0,0.0,0.0,0.0,0.0,0.0,0.0,3.0,0.0,0.0,0.0,0.0,1.5,2.5,2.5,3.5,0.0,2.5,0.0,0.0,0.0,0.0,4.0,0.0,1.0,1.5,2.5,4.0,2.0,4.0,2.0,4.0,0.0,0.0,3.0,0.0,0.0,0.0,1.5,2.0,1.0,2.0,0.0,0.0,0.0,0.0,0.0,0.0,3.5,0.0,0.0,0.0,0.0,0.0,0.0,0.0,0.0,0.0,0.0,1.0,4.0,0.0
Student_588,3.0,3.0,0.0,0.0,0.0,0.0,0.0,0.0,0.0,0.0,0.0,0.0,0.0,0.0,0.0,0.0,0.0,0.0,0.0,0.0,0.0,0.0,0.0,0.0,0.0,0.0,0.0,0.0,0.0,0.0,0.0,0.0,0.0,0.0,0.0,0.0,0.0,0.0,0.0,0.0,0.0,0.0,0.0,0.0,0.0,0.0,0.0,0.0,0.0,0.0,0.0,0.0,0.0,0.0,0.0,0.0,0.0,0.0,0.0,0.0,0.0,0.0,0.0,0.0,0.0,0.0,0.0,0.0,0.0,0.0,0.0,3.5,2.0,0.0,0.0,0.0,0.0,0.0,0.0,0.0,0.0,0.0,0.0,0.0,0.0,0.0,0.0,0.0,0.0,0.0,0.0,0.0,2.5,4.0,0.0
Student_589,4.0,3.5,3.5,2.5,4.0,3.5,3.5,0.0,3.0,2.5,3.0,1.0,2.0,3.5,2.5,2.0,3.0,1.0,3.0,2.5,0.0,0.0,0.0,0.0,3.0,1.0,3.5,3.5,2.0,2.5,0.0,0.0,2.5,0.0,0.0,0.0,3.5,0.0,0.0,0.0,0.0,0.0,3.0,0.0,0.0,0.0,0.0,0.0,2.5,0.0,2.0,2.0,0.0,0.0,0.0,3.0,0.0,1.5,3.5,4.0,4.0,4.0,4.0,4.0,4.0,0.0,0.0,4.0,0.0,0.0,3.0,4.0,3.5,4.0,3.5,0.0,0.0,0.0,0.0,0.0,0.0,4.0,0.0,0.0,0.0,0.0,0.0,0.0,0.0,0.0,0.0,0.0,4.0,4.0,0.0
Student_59,0.0,0.0,3.5,0.0,2.5,0.0,3.5,3.5,3.0,3.5,3.5,2.5,3.5,3.5,2.0,4.0,4.0,2.5,3.5,2.5,2.0,0.0,0.0,0.0,4.0,4.0,3.0,4.0,3.5,4.0,0.0,0.0,3.5,0.0,0.0,0.0,0.0,0.0,0.0,0.0,0.0,0.0,0.0,0.0,4.0,4.0,0.0,4.0,3.5,0.0,0.0,0.0,0.0,0.0,0.0,4.0,0.0,0.0,0.0,3.5,3.5,0.0,4.0,0.0,4.0,0.0,0.0,4.0,0.0,0.0,0.0,0.0,3.0,0.0,2.5,0.0,0.0,0.0,0.0,0.0,0.0,0.0,0.0,0.0,0.0,0.0,0.0,0.0,0.0,0.0,0.0,0.0,0.0,0.0,0.0
Student_590,3.5,4.0,2.5,2.0,1.5,4.0,2.0,0.0,2.5,1.0,2.5,2.0,1.5,1.0,1.5,2.0,3.0,1.0,1.0,2.0,0.0,0.0,0.0,0.0,2.0,1.0,2.0,2.0,1.0,2.5,0.0,0.0,0.0,0.0,3.5,1.5,0.0,0.0,0.0,0.0,2.5,0.0,1.0,0.0,0.0,0.0,0.0,0.0,0.0,0.0,1.5,0.0,2.5,0.0,0.0,4.0,0.0,1.0,1.5,1.5,3.0,3.5,3.0,2.0,4.0,0.0,0.0,3.5,0.0,1.5,0.0,3.0,2.5,4.0,1.0,0.0,0.0,0.0,0.0,0.0,0.0,0.0,0.0,0.0,0.0,0.0,0.0,3.5,0.0,0.0,0.0,0.0,3.0,2.5,0.0
Student_591,3.0,3.0,3.5,3.5,3.0,4.0,3.5,0.0,2.5,2.0,3.5,3.0,2.5,2.0,3.5,1.0,3.5,4.0,3.0,3.0,0.0,0.0,0.0,0.0,2.0,3.5,3.5,2.0,2.5,3.0,0.0,3.5,2.5,0.0,0.0,3.0,0.0,4.0,0.0,0.0,2.5,0.0,0.0,0.0,0.0,0.0,0.0,0.0,0.0,0.0,0.0,3.5,0.0,0.0,0.0,3.5,0.0,4.0,3.0,3.0,3.5,4.0,4.0,4.0,4.0,0.0,0.0,4.0,0.0,2.5,0.0,3.0,3.5,4.0,4.0,0.0,0.0,0.0,0.0,4.0,0.0,0.0,0.0,0.0,0.0,0.0,0.0,0.0,0.0,0.0,0.0,0.0,3.0,4.0,0.0
Student_592,2.5,2.0,3.5,1.0,2.0,3.5,2.0,0.0,2.5,2.0,1.5,1.0,4.0,1.5,2.0,2.0,3.5,1.0,1.0,2.0,0.0,0.0,0.0,0.0,3.0,1.5,2.5,2.5,2.0,2.0,0.0,2.5,2.5,0.0,0.0,0.0,2.0,0.0,0.0,0.0,0.0,0.0,0.0,0.0,0.0,0.0,0.0,3.5,4.0,0.0,0.0,2.5,0.0,0.0,0.0,4.0,0.0,1.5,2.5,3.0,1.5,2.5,4.0,2.5,4.0,0.0,0.0,3.0,0.0,0.0,2.0,3.5,1.5,3.0,3.0,0.0,0.0,0.0,0.0,0.0,2.5,0.0,0.0,0.0,0.0,0.0,0.0,0.0,0.0,0.0,0.0,0.0,2.0,2.0,0.0
Student_593,3.5,2.0,3.0,3.0,3.0,3.0,1.0,0.0,1.5,1.5,3.5,2.5,1.5,3.0,3.0,2.0,3.5,1.5,3.0,1.5,2.0,0.0,0.0,0.0,2.5,2.0,0.0,4.0,3.0,2.5,0.0,2.0,1.5,0.0,0.0,0.0,0.0,0.0,0.0,0.0,1.0,0.0,0.0,0.0,0.0,3.0,3.5,1.0,0.0,0.0,0.0,0.0,0.0,2.5,0.0,3.5,0.0,1.0,1.5,3.5,2.5,2.5,4.0,2.0,4.0,0.0,0.0,3.0,0.0,0.0,0.0,2.0,3.0,4.0,3.0,0.0,0.0,0.0,0.0,0.0,0.0,0.0,0.0,0.0,0.0,0.0,0.0,0.0,0.0,0.0,0.0,0.0,2.5,2.0,0.0
Student_594,3.5,2.0,4.0,3.0,3.0,2.0,3.0,4.0,3.0,3.5,3.5,2.5,2.5,3.0,2.5,2.5,3.0,2.5,4.0,3.0,1.5,0.0,0.0,0.0,4.0,2.5,2.5,3.0,2.5,0.0,0.0,2.5,0.0,0.0,4.0,0.0,0.0,0.0,0.0,0.0,0.0,0.0,0.0,0.0,0.0,0.0,3.5,3.0,0.0,0.0,0.0,0.0,0.0,0.0,4.0,4.0,0.0,1.0,3.0,3.5,3.0,3.5,4.0,3.5,4.0,0.0,0.0,4.0,0.0,0.0,2.5,4.0,4.0,3.0,2.5,0.0,0.0,0.0,4.0,0.0,0.0,0.0,0.0,0.0,0.0,0.0,0.0,0.0,0.0,0.0,0.0,0.0,3.5,2.5,0.0
Student_595,3.5,2.5,0.0,2.0,1.0,3.0,3.5,0.0,2.5,2.0,4.0,3.0,2.5,4.0,2.5,3.5,2.5,3.0,3.5,3.0,2.0,0.0,0.0,0.0,2.0,1.5,1.5,3.5,2.5,3.5,0.0,0.0,0.0,0.0,0.0,0.0,0.0,0.0,0.0,0.0,0.0,0.0,0.0,0.0,3.0,2.5,0.0,0.0,0.0,0.0,3.5,0.0,2.5,0.0,0.0,4.0,0.0,3.0,1.0,2.0,4.0,3.0,3.0,3.0,0.0,0.0,0.0,4.0,0.0,0.0,3.0,3.5,3.0,3.5,3.5,0.0,0.0,0.0,0.0,0.0,4.0,0.0,0.0,0.0,0.0,0.0,0.0,0.0,0.0,0.0,0.0,0.0,4.0,4.0,0.0
Student_596,4.0,4.0,4.0,4.0,3.5,3.0,4.0,4.0,4.0,4.0,4.0,3.5,3.5,4.0,4.0,4.0,4.0,3.5,4.0,4.0,3.5,0.0,0.0,0.0,4.0,4.0,0.0,3.5,3.5,0.0,0.0,3.0,4.0,0.0,0.0,0.0,0.0,0.0,0.0,0.0,3.5,0.0,0.0,0.0,4.0,4.0,0.0,0.0,0.0,0.0,3.5,0.0,0.0,0.0,4.0,4.0,4.0,4.0,3.0,4.0,3.5,4.0,4.0,0.0,0.0,0.0,0.0,4.0,0.0,0.0,0.0,0.0,4.0,4.0,0.0,0.0,0.0,0.0,4.0,0.0,0.0,0.0,0.0,0.0,0.0,0.0,0.0,0.0,0.0,0.0,0.0,0.0,4.0,0.0,0.0
Student_597,1.0,2.5,4.0,4.0,4.0,2.5,3.0,0.0,2.0,2.5,4.0,2.0,3.0,3.5,2.5,2.5,3.5,2.5,3.5,2.5,0.0,0.0,0.0,0.0,2.5,1.5,0.0,3.0,2.0,4.0,0.0,0.0,1.0,0.0,0.0,0.0,0.0,3.0,0.0,3.5,1.5,3.5,0.0,0.0,0.0,2.0,0.0,3.5,0.0,0.0,0.0,0.0,0.0,0.0,0.0,4.0,0.0,1.5,1.5,2.5,3.5,3.5,3.0,3.0,3.0,0.0,0.0,2.5,0.0,0.0,2.5,2.0,2.5,4.0,2.0,0.0,0.0,0.0,0.0,0.0,0.0,0.0,0.0,0.0,0.0,0.0,0.0,3.5,0.0,0.0,0.0,0.0,3.5,3.0,0.0
Student_598,3.5,3.5,2.5,3.0,2.5,1.5,3.0,1.0,3.5,3.0,2.5,2.0,3.0,1.5,2.5,1.5,1.0,2.0,1.0,1.0,2.5,0.0,0.0,0.0,3.0,2.5,2.0,3.5,1.0,2.25,0.0,2.0,0.0,0.0,0.0,0.0,0.0,2.0,0.0,0.0,0.0,0.0,0.0,0.0,0.0,3.0,0.0,0.0,2.5,2.5,0.0,0.0,0.0,3.5,0.0,4.0,0.0,2.0,2.5,4.0,2.5,2.5,2.5,3.0,3.5,0.0,0.0,3.5,0.0,0.0,0.0,2.0,1.5,2.0,2.5,0.0,4.0,0.0,0.0,0.0,0.0,0.0,0.0,0.0,0.0,0.0,0.0,0.0,0.0,0.0,0.0,0.0,3.0,4.0,0.0
Student_599,3.0,3.5,3.0,3.5,2.5,3.0,2.0,0.0,3.0,2.5,4.0,2.5,2.0,2.5,3.0,3.5,1.5,2.5,2.5,3.5,1.0,0.0,0.0,0.0,2.5,2.0,0.0,2.0,2.0,3.5,0.0,3.0,3.0,0.0,0.0,0.0,3.0,0.0,0.0,0.0,0.0,0.0,0.0,0.0,0.0,3.0,3.0,0.0,4.0,0.0,0.0,2.0,0.0,0.0,0.0,3.5,0.0,2.0,2.5,2.5,2.5,3.0,4.0,3.0,4.0,0.0,0.0,4.0,0.0,0.0,0.0,2.5,3.0,2.0,3.0,0.0,0.0,0.0,0.0,0.0,0.0,0.0,0.0,0.0,3.5,0.0,0.0,0.0,0.0,0.0,0.0,0.0,3.0,3.0,0.0
Student_6,1.0,1.5,0.0,0.0,0.0,0.0,0.0,0.0,2.0,0.0,0.0,0.0,0.0,0.0,0.0,0.0,0.0,0.0,0.0,0.0,0.0,0.0,0.0,0.0,0.0,0.0,0.0,0.0,0.0,0.0,0.0,0.0,0.0,0.0,0.0,0.0,0.0,0.0,0.0,0.0,0.0,0.0,0.0,0.0,0.0,0.0,0.0,0.0,0.0,0.0,0.0,0.0,0.0,0.0,0.0,0.0,0.0,0.0,0.0,0.0,0.0,0.0,0.0,2.5,0.0,0.0,0.0,0.0,0.0,0.0,0.0,2.0,2.0,0.0,0.0,0.0,0.0,0.0,0.0,0.0,0.0,0.0,0.0,0.0,0.0,0.0,0.0,0.0,0.0,0.0,0.0,0.0,3.0,2.5,0.0
Student_60,4.0,4.0,0.0,0.0,0.0,0.0,0.0,0.0,0.0,0.0,0.0,0.0,0.0,0.0,0.0,0.0,0.0,0.0,0.0,0.0,0.0,0.0,0.0,0.0,0.0,0.0,0.0,0.0,0.0,0.0,0.0,0.0,0.0,0.0,0.0,0.0,0.0,0.0,0.0,0.0,0.0,0.0,0.0,0.0,0.0,0.0,0.0,0.0,0.0,0.0,0.0,0.0,0.0,0.0,0.0,0.0,0.0,0.0,0.0,0.0,0.0,0.0,0.0,0.0,0.0,0.0,0.0,0.0,0.0,0.0,0.0,3.5,4.0,2.5,0.0,0.0,0.0,0.0,0.0,0.0,0.0,0.0,0.0,0.0,0.0,0.0,0.0,0.0,0.0,0.0,0.0,0.0,3.5,3.0,0.0
Student_600,3.5,3.5,3.5,2.5,2.5,4.0,4.0,0.0,4.0,3.5,4.0,3.5,3.5,3.5,3.0,4.0,3.5,3.5,4.0,3.5,0.0,0.0,4.0,0.0,4.0,3.5,3.5,3.5,4.0,4.0,4.0,0.0,4.0,0.0,0.0,0.0,4.0,0.0,0.0,0.0,0.0,3.0,0.0,0.0,0.0,0.0,4.0,0.0,0.0,0.0,0.0,3.0,0.0,0.0,0.0,4.0,0.0,3.5,3.5,3.0,2.5,3.5,4.0,4.0,4.0,0.0,0.0,3.5,0.0,0.0,4.0,2.0,2.5,4.0,3.0,0.0,0.0,0.0,0.0,0.0,0.0,0.0,0.0,0.0,0.0,0.0,0.0,0.0,0.0,0.0,0.0,0.0,4.0,4.0,0.0
Student_601,3.0,3.0,4.0,4.0,2.0,3.5,2.5,4.0,2.0,3.0,2.5,2.5,1.5,3.5,2.5,2.5,2.5,2.0,3.5,3.0,2.5,0.0,0.0,0.0,2.0,2.5,0.0,4.0,2.5,2.0,0.0,3.0,2.5,0.0,0.0,0.0,0.0,0.0,0.0,0.0,3.0,0.0,0.0,0.0,2.5,4.0,0.0,0.0,3.5,3.0,0.0,0.0,0.0,0.0,0.0,4.0,0.0,1.5,2.5,3.0,3.0,4.0,4.0,3.5,4.0,0.0,0.0,3.0,0.0,0.0,0.0,4.0,3.0,2.5,3.0,0.0,0.0,0.0,0.0,0.0,0.0,0.0,0.0,0.0,0.0,0.0,0.0,0.0,0.0,0.0,4.0,0.0,2.5,2.5,0.0
Student_602,3.0,4.0,0.0,0.0,0.0,0.0,0.0,0.0,0.0,0.0,0.0,0.0,0.0,0.0,0.0,0.0,0.0,0.0,0.0,0.0,0.0,0.0,0.0,0.0,0.0,0.0,0.0,0.0,0.0,0.0,0.0,0.0,0.0,0.0,0.0,0.0,0.0,0.0,0.0,0.0,0.0,0.0,0.0,0.0,0.0,0.0,0.0,0.0,0.0,0.0,0.0,0.0,0.0,0.0,0.0,0.0,0.0,0.0,0.0,0.0,0.0,0.0,0.0,0.0,0.0,0.0,0.0,0.0,0.0,0.0,0.0,4.0,4.0,0.0,0.0,0.0,0.0,0.0,0.0,0.0,0.0,0.0,0.0,0.0,0.0,0.0,0.0,0.0,0.0,0.0,0.0,0.0,4.0,2.5,0.0
Student_603,0.0,0.0,0.0,0.0,1.5,4.0,4.0,0.0,4.0,1.0,2.5,3.5,3.5,0.0,4.0,1.5,2.5,2.0,1.5,2.0,0.0,0.0,0.0,0.0,4.0,4.0,2.0,0.0,4.0,3.5,0.0,0.0,0.0,3.0,0.0,0.0,0.0,3.0,0.0,0.0,3.0,4.0,0.0,0.0,0.0,0.0,0.0,0.0,0.0,0.0,3.0,3.5,0.0,0.0,0.0,3.0,0.0,1.5,2.5,3.5,3.0,0.0,0.0,0.0,4.0,0.0,0.0,4.0,0.0,2.0,0.0,0.0,0.0,4.0,0.0,0.0,0.0,0.0,0.0,0.0,0.0,0.0,3.5,0.0,0.0,0.0,0.0,0.0,0.0,0.0,0.0,0.0,0.0,0.0,0.0
Student_604,3.5,3.5,4.0,3.0,4.0,4.0,4.0,0.0,4.0,4.0,4.0,4.0,3.5,4.0,4.0,4.0,4.0,3.5,4.0,3.5,0.0,0.0,0.0,0.0,3.5,4.0,0.0,4.0,4.0,4.0,0.0,4.0,0.0,0.0,4.0,0.0,0.0,0.0,0.0,0.0,4.0,0.0,0.0,0.0,4.0,4.0,0.0,4.0,4.0,0.0,0.0,0.0,0.0,0.0,0.0,4.0,0.0,4.0,3.5,4.0,4.0,4.0,4.0,4.0,4.0,0.0,0.0,4.0,0.0,0.0,4.0,4.0,4.0,3.5,4.0,0.0,0.0,0.0,4.0,0.0,0.0,0.0,0.0,0.0,0.0,0.0,0.0,0.0,0.0,0.0,0.0,0.0,4.0,4.0,0.0
Student_605,1.5,3.0,2.5,3.0,2.0,4.0,4.0,0.0,4.0,4.0,4.0,3.0,3.5,3.5,3.0,3.5,4.0,3.5,4.0,4.0,0.0,0.0,0.0,0.0,4.0,3.5,2.0,4.0,4.0,3.5,3.5,3.0,4.0,0.0,4.0,0.0,3.5,0.0,0.0,0.0,0.0,0.0,0.0,0.0,0.0,0.0,0.0,0.0,0.0,0.0,0.0,0.0,4.0,0.0,0.0,4.0,0.0,3.0,3.5,3.5,3.5,3.0,4.0,3.5,4.0,0.0,0.0,4.0,0.0,0.0,2.5,3.0,2.5,2.5,3.0,0.0,0.0,0.0,4.0,0.0,0.0,0.0,0.0,0.0,0.0,0.0,0.0,0.0,0.0,0.0,0.0,0.0,4.0,2.5,0.0
Student_606,4.0,4.0,4.0,2.0,3.5,4.0,3.5,0.0,4.0,4.0,3.0,3.0,3.5,3.5,3.5,4.0,4.0,4.0,4.0,4.0,0.0,0.0,0.0,0.0,4.0,4.0,4.0,3.5,3.5,3.5,0.0,0.0,0.0,0.0,4.0,4.0,4.0,4.0,0.0,0.0,4.0,0.0,4.0,0.0,4.0,0.0,0.0,0.0,0.0,0.0,0.0,0.0,0.0,0.0,0.0,4.0,0.0,4.0,4.0,3.5,4.0,4.0,4.0,4.0,4.0,0.0,0.0,4.0,0.0,0.0,0.0,3.5,4.0,3.5,3.0,0.0,0.0,4.0,0.0,0.0,0.0,0.0,0.0,0.0,0.0,0.0,0.0,0.0,0.0,0.0,0.0,0.0,3.5,4.0,0.0
Student_607,3.5,2.5,4.0,4.0,4.0,4.0,3.5,4.0,4.0,3.5,3.5,3.0,4.0,4.0,3.5,4.0,3.5,3.0,4.0,3.5,0.0,0.0,0.0,0.0,4.0,3.5,0.0,4.0,2.5,4.0,0.0,0.0,3.0,0.0,0.0,0.0,4.0,0.0,0.0,3.5,0.0,2.0,0.0,0.0,0.0,3.5,0.0,0.0,0.0,3.0,2.0,0.0,0.0,0.0,0.0,2.0,0.0,4.0,4.0,4.0,4.0,3.5,4.0,4.0,4.0,0.0,0.0,4.0,0.0,0.0,2.5,4.0,4.0,3.5,4.0,0.0,0.0,0.0,0.0,0.0,0.0,0.0,0.0,3.0,0.0,0.0,0.0,0.0,0.0,0.0,0.0,0.0,3.5,3.5,0.0
Student_608,3.5,2.0,3.5,4.0,4.0,3.0,3.5,4.0,4.0,4.0,4.0,3.5,4.0,4.0,4.0,3.5,4.0,2.5,4.0,3.5,0.0,0.0,0.0,0.0,4.0,3.5,3.5,3.5,2.5,4.0,0.0,3.0,0.0,0.0,0.0,0.0,0.0,0.0,0.0,0.0,2.0,0.0,0.0,0.0,0.0,0.0,4.0,0.0,0.0,0.0,3.0,0.0,0.0,0.0,4.0,4.0,4.0,3.0,3.5,4.0,3.5,4.0,4.0,4.0,4.0,0.0,4.0,4.0,0.0,0.0,4.0,4.0,4.0,4.0,4.0,0.0,0.0,0.0,0.0,3.0,0.0,0.0,0.0,0.0,0.0,0.0,0.0,0.0,0.0,0.0,0.0,0.0,4.0,3.5,0.0
Student_609,2.0,3.5,0.0,0.0,0.0,0.0,0.0,0.0,0.0,0.0,0.0,0.0,0.0,0.0,0.0,0.0,0.0,0.0,0.0,0.0,0.0,0.0,0.0,0.0,0.0,0.0,0.0,0.0,0.0,0.0,0.0,0.0,0.0,0.0,0.0,0.0,0.0,0.0,0.0,0.0,0.0,0.0,0.0,0.0,0.0,0.0,0.0,0.0,0.0,0.0,0.0,0.0,0.0,0.0,0.0,0.0,0.0,0.0,0.0,0.0,0.0,0.0,0.0,0.0,0.0,0.0,0.0,0.0,0.0,0.0,0.0,1.5,1.0,3.5,0.0,0.0,0.0,0.0,0.0,0.0,0.0,0.0,0.0,0.0,0.0,0.0,0.0,0.0,0.0,0.0,0.0,0.0,2.0,2.0,0.0
Student_61,2.0,3.5,3.0,3.0,3.0,2.5,2.5,0.0,2.5,1.5,3.0,2.0,2.0,3.5,2.0,3.0,3.0,3.5,2.5,2.0,0.0,0.0,0.0,0.0,1.5,3.5,1.5,3.0,1.0,2.5,0.0,0.0,2.5,0.0,0.0,0.0,0.0,0.0,0.0,0.0,2.0,0.0,0.0,0.0,0.0,0.0,1.0,0.0,3.0,0.0,0.0,2.0,1.5,0.0,0.0,2.0,0.0,1.0,3.0,2.0,3.5,4.0,3.5,3.0,3.5,0.0,0.0,4.0,0.0,0.0,1.5,3.0,3.5,2.0,3.0,0.0,0.0,0.0,0.0,0.0,0.0,4.0,0.0,0.0,0.0,0.0,0.0,0.0,0.0,0.0,0.0,0.0,3.0,2.5,0.0
Student_610,3.0,4.0,3.5,4.0,3.5,4.0,4.0,4.0,3.5,3.0,4.0,3.0,4.0,3.5,3.0,3.0,3.0,3.25,3.5,3.25,2.75,0.0,0.0,0.0,3.75,4.0,4.0,3.0,2.5,0.0,0.0,3.0,0.0,0.0,0.0,0.0,0.0,0.0,0.0,0.0,3.0,3.25,0.0,0.0,0.0,0.0,0.0,3.5,0.0,0.0,0.0,0.0,3.0,0.0,4.0,4.0,0.0,2.5,2.5,2.75,4.0,4.0,4.0,3.0,4.0,0.0,4.0,4.0,0.0,0.0,0.0,4.0,4.0,4.0,3.5,0.0,0.0,0.0,0.0,0.0,0.0,0.0,0.0,0.0,0.0,0.0,0.0,4.0,0.0,0.0,0.0,0.0,4.0,4.0,0.0
Student_611,4.0,0.0,3.0,4.0,3.5,3.0,3.0,3.5,3.0,3.0,2.0,2.0,3.0,3.5,3.0,3.5,2.5,2.0,3.0,2.5,0.0,0.0,0.0,0.0,2.5,3.5,0.0,4.0,2.5,0.0,0.0,0.0,0.0,0.0,0.0,0.0,3.5,0.0,0.0,0.0,0.0,0.0,0.0,0.0,3.0,4.0,3.5,0.0,0.0,0.0,3.0,0.0,0.0,4.0,4.0,4.0,0.0,3.5,3.0,3.5,2.5,4.0,4.0,2.5,4.0,0.0,4.0,4.0,0.0,3.0,0.0,4.0,4.0,4.0,3.5,4.0,0.0,0.0,0.0,0.0,0.0,0.0,0.0,0.0,0.0,0.0,0.0,0.0,0.0,0.0,0.0,0.0,3.0,0.0,0.0
Student_612,3.5,2.5,2.5,1.0,1.5,3.5,2.0,0.0,2.0,2.0,2.0,2.0,3.0,2.0,2.0,2.5,1.5,3.0,1.0,2.0,0.0,0.0,0.0,0.0,2.5,2.5,2.5,3.0,2.0,2.0,0.0,0.0,0.0,0.0,3.0,3.5,0.0,0.0,0.0,1.5,3.5,3.5,0.0,0.0,0.0,0.0,0.0,0.0,0.0,0.0,0.0,0.0,1.5,0.0,0.0,4.0,0.0,1.0,2.0,3.0,2.5,2.0,4.0,2.0,4.0,0.0,0.0,4.0,0.0,0.0,2.0,3.0,2.0,2.5,3.0,0.0,0.0,0.0,0.0,0.0,0.0,0.0,0.0,0.0,0.0,0.0,0.0,4.0,0.0,0.0,0.0,0.0,4.0,4.0,0.0
Student_613,3.5,3.0,4.0,1.0,2.0,3.0,3.0,0.0,2.0,2.0,3.5,2.5,3.5,3.5,2.0,3.5,2.0,2.5,2.5,3.0,0.0,0.0,0.0,0.0,3.5,1.5,1.5,3.5,2.5,3.5,0.0,2.5,2.5,0.0,0.0,0.0,0.0,0.0,0.0,3.0,4.0,0.0,0.0,0.0,0.0,3.0,0.0,3.0,0.0,0.0,2.5,0.0,0.0,0.0,0.0,4.0,0.0,2.0,3.0,3.5,2.0,3.5,4.0,2.0,4.0,0.0,0.0,3.5,0.0,0.0,2.0,2.5,2.5,2.0,3.0,0.0,4.0,0.0,0.0,0.0,0.0,0.0,0.0,0.0,0.0,0.0,0.0,0.0,0.0,0.0,0.0,0.0,3.0,4.0,0.0
Student_614,1.5,1.5,2.0,2.5,1.0,1.5,1.5,0.0,2.0,1.5,2.0,2.5,2.0,1.0,2.5,2.5,2.0,2.0,2.5,2.0,2.0,0.0,0.0,0.0,2.0,1.5,0.0,2.5,1.5,3.0,0.0,1.5,0.0,0.0,0.0,0.0,0.0,0.0,0.0,0.0,2.5,3.5,2.0,0.0,0.0,0.0,0.0,0.0,2.5,2.5,0.0,0.0,0.0,0.0,0.0,4.0,0.0,2.5,2.0,3.0,2.5,3.0,4.0,2.5,4.0,0.0,0.0,3.5,0.0,0.0,2.5,2.5,3.0,3.0,1.5,0.0,0.0,0.0,0.0,0.0,0.0,0.0,0.0,0.0,0.0,0.0,0.0,2.5,0.0,0.0,0.0,0.0,3.5,1.0,0.0
Student_615,2.0,2.0,2.5,2.5,2.0,1.0,2.5,2.5,1.5,1.0,2.0,2.5,3.5,2.0,1.5,2.0,2.5,1.0,1.5,1.5,0.0,0.0,0.0,0.0,1.0,1.5,0.0,3.0,1.0,0.0,0.0,0.0,0.0,0.0,0.0,0.0,3.0,0.0,0.0,0.0,0.0,0.0,0.0,0.0,0.0,2.5,3.0,0.0,0.0,3.0,0.0,0.0,3.5,3.0,4.0,4.0,0.0,1.5,1.0,2.0,2.0,2.5,4.0,1.5,3.5,0.0,2.5,2.5,0.0,0.0,2.0,1.5,1.5,2.0,1.0,0.0,0.0,0.0,0.0,0.0,0.0,0.0,3.5,0.0,0.0,0.0,0.0,0.0,0.0,0.0,0.0,0.0,2.5,1.5,0.0
Student_616,3.5,2.5,3.0,2.5,2.5,2.5,2.5,0.0,3.0,3.5,4.0,3.0,3.0,3.0,3.5,4.0,3.0,3.5,4.0,4.0,4.0,0.0,0.0,0.0,3.5,4.0,3.5,3.0,4.0,4.0,0.0,0.0,0.0,0.0,4.0,4.0,3.5,0.0,0.0,0.0,0.0,0.0,0.0,0.0,4.0,0.0,2.5,0.0,0.0,0.0,4.0,0.0,0.0,0.0,0.0,4.0,0.0,2.0,3.0,3.0,3.0,2.5,3.5,4.0,4.0,0.0,0.0,3.5,0.0,0.0,0.0,4.0,2.5,4.0,2.5,0.0,0.0,0.0,0.0,0.0,0.0,0.0,0.0,0.0,0.0,0.0,4.0,0.0,0.0,0.0,0.0,0.0,4.0,4.0,0.0
Student_617,3.5,2.5,3.0,3.5,2.0,4.0,2.5,0.0,4.0,2.5,3.0,3.5,4.0,2.5,3.0,2.5,2.5,2.5,2.5,1.5,0.0,0.0,3.5,0.0,4.0,1.5,1.0,2.5,3.0,3.0,2.5,0.0,3.0,0.0,0.0,0.0,0.0,3.5,0.0,0.0,1.5,0.0,0.0,0.0,0.0,0.0,2.0,3.0,0.0,0.0,0.0,0.0,0.0,0.0,0.0,3.5,0.0,2.0,2.0,3.5,3.5,3.0,3.0,3.0,4.0,0.0,0.0,4.0,0.0,1.0,0.0,2.0,1.5,2.0,2.5,0.0,0.0,0.0,0.0,0.0,0.0,0.0,0.0,0.0,0.0,0.0,0.0,0.0,0.0,0.0,0.0,0.0,4.0,3.0,0.0
Student_618,4.0,3.5,4.0,2.5,3.5,4.0,4.0,3.5,2.5,3.5,3.0,3.0,4.0,4.0,3.5,2.5,3.5,2.0,3.5,2.0,3.5,0.0,0.0,0.0,4.0,2.0,0.0,3.0,2.0,0.0,0.0,2.5,0.0,0.0,0.0,0.0,0.0,0.0,0.0,0.0,3.5,0.0,0.0,0.0,0.0,3.0,3.0,3.5,0.0,0.0,1.0,0.0,0.0,0.0,4.0,4.0,0.0,4.0,4.0,4.0,4.0,4.0,4.0,4.0,4.0,0.0,4.0,3.5,0.0,0.0,0.0,3.0,4.0,3.5,3.5,0.0,0.0,0.0,0.0,0.0,0.0,0.0,0.0,0.0,0.0,0.0,0.0,4.0,0.0,0.0,0.0,0.0,4.0,0.0,0.0
Student_619,3.0,4.0,0.0,0.0,0.0,0.0,0.0,0.0,0.0,0.0,0.0,0.0,0.0,0.0,0.0,0.0,0.0,0.0,0.0,0.0,0.0,0.0,0.0,0.0,0.0,0.0,0.0,0.0,0.0,0.0,0.0,0.0,0.0,0.0,0.0,0.0,0.0,0.0,0.0,0.0,0.0,0.0,0.0,0.0,0.0,0.0,0.0,0.0,0.0,0.0,0.0,0.0,0.0,0.0,0.0,0.0,0.0,0.0,0.0,0.0,0.0,0.0,0.0,0.0,0.0,0.0,0.0,0.0,0.0,0.0,0.0,2.5,2.5,0.0,0.0,0.0,0.0,0.0,0.0,0.0,0.0,0.0,0.0,0.0,0.0,0.0,0.0,0.0,0.0,0.0,0.0,0.0,4.0,2.0,0.0
Student_62,0.0,0.0,3.0,0.0,0.0,3.0,1.5,0.0,3.5,0.0,0.0,0.0,2.5,0.0,1.5,1.5,1.5,2.0,2.5,2.0,0.0,0.0,0.0,0.0,2.0,4.0,2.5,4.0,2.5,2.0,0.0,3.0,0.0,0.0,0.0,0.0,4.0,0.0,0.0,0.0,0.0,0.0,0.0,0.0,1.0,0.0,0.0,3.5,0.0,1.5,3.0,0.0,0.0,0.0,0.0,3.0,0.0,0.0,2.0,3.5,3.0,0.0,0.0,0.0,0.0,0.0,0.0,4.0,0.0,0.0,2.5,0.0,0.0,2.0,0.0,0.0,0.0,0.0,0.0,0.0,0.0,0.0,0.0,0.0,0.0,0.0,0.0,0.0,0.0,0.0,0.0,0.0,0.0,0.0,0.0
Student_620,4.0,4.0,0.0,2.0,1.0,1.0,1.0,0.0,1.0,2.5,1.0,2.0,3.0,3.0,1.5,1.0,2.0,1.5,2.0,1.0,0.0,0.0,0.0,0.0,3.5,1.0,1.5,4.0,3.0,3.5,0.0,2.0,0.0,0.0,0.0,0.0,0.0,0.0,0.0,1.0,2.5,0.0,0.0,0.0,0.0,0.0,3.0,0.0,2.5,0.0,0.0,0.0,0.0,4.0,0.0,2.0,0.0,1.5,1.0,3.0,3.0,3.0,4.0,4.0,0.0,0.0,0.0,3.0,0.0,0.0,0.0,4.0,3.5,3.5,2.5,0.0,0.0,0.0,0.0,0.0,0.0,0.0,0.0,0.0,0.0,0.0,0.0,0.0,0.0,0.0,0.0,0.0,3.5,4.0,0.0
Student_621,0.0,4.0,3.0,3.0,2.5,4.0,2.0,2.5,1.0,2.5,1.5,1.0,3.0,1.5,4.0,3.0,1.0,1.0,1.0,2.25,0.0,0.0,0.0,0.0,3.75,3.0,0.0,3.5,1.75,0.0,0.0,0.0,0.0,0.0,0.0,0.0,0.0,0.0,0.0,0.0,3.0,0.0,2.5,0.0,1.75,1.0,0.0,0.0,0.0,0.0,0.0,3.25,1.75,0.0,4.0,4.0,0.0,1.5,2.5,2.5,2.5,2.0,4.0,3.0,4.0,0.0,4.0,4.0,0.0,0.0,3.5,3.0,3.0,4.0,2.5,0.0,0.0,0.0,0.0,0.0,0.0,0.0,0.0,3.5,0.0,0.0,0.0,0.0,0.0,0.0,0.0,0.0,4.0,4.0,0.0
Student_622,3.0,4.0,4.0,3.0,3.0,4.0,4.0,4.0,3.0,1.5,3.5,2.0,1.5,3.0,3.5,3.5,2.5,2.5,4.0,4.0,0.0,0.0,0.0,0.0,3.0,2.5,3.0,4.0,2.0,0.0,0.0,0.0,2.0,0.0,0.0,0.0,0.0,0.0,0.0,0.0,2.0,0.0,0.0,0.0,0.0,0.0,0.0,4.0,4.0,0.0,0.0,0.0,0.0,4.0,4.0,4.0,0.0,3.5,4.0,3.0,4.0,3.5,4.0,3.5,4.0,0.0,4.0,3.5,0.0,0.0,3.5,3.0,4.0,4.0,3.0,0.0,0.0,0.0,3.5,0.0,0.0,0.0,0.0,0.0,0.0,0.0,0.0,0.0,0.0,0.0,0.0,0.0,3.5,4.0,0.0
Student_623,3.0,4.0,2.5,2.0,1.5,3.5,2.0,1.0,1.5,2.0,2.5,1.0,3.5,1.5,2.0,3.0,2.0,1.0,2.5,2.0,0.0,0.0,0.0,0.0,1.5,1.5,0.0,3.0,1.5,2.5,0.0,2.5,0.0,0.0,0.0,0.0,0.0,3.5,0.0,0.0,3.0,0.0,0.0,0.0,0.0,2.5,2.5,1.5,4.0,0.0,0.0,0.0,0.0,0.0,0.0,4.0,0.0,1.0,1.0,4.0,2.5,1.0,4.0,2.0,4.0,0.0,0.0,3.5,0.0,0.0,1.0,1.5,1.5,3.5,2.0,0.0,0.0,0.0,0.0,0.0,0.0,0.0,0.0,0.0,0.0,0.0,0.0,0.0,0.0,0.0,4.0,0.0,3.5,4.0,0.0
Student_624,2.0,2.5,3.0,2.5,1.0,3.0,1.0,0.0,2.5,1.5,2.0,1.5,2.5,2.0,1.5,3.0,1.5,1.5,2.0,1.5,3.0,0.0,3.0,0.0,2.0,1.0,2.5,1.0,3.0,2.5,0.0,2.5,3.0,0.0,3.5,0.0,3.0,0.0,0.0,0.0,0.0,0.0,0.0,0.0,0.0,0.0,2.0,3.0,0.0,0.0,0.0,0.0,0.0,0.0,0.0,4.0,0.0,2.0,2.0,1.5,2.5,2.0,3.0,3.0,3.5,0.0,0.0,4.0,0.0,0.0,0.0,2.5,2.0,2.5,1.5,0.0,0.0,0.0,0.0,0.0,0.0,0.0,0.0,0.0,0.0,0.0,0.0,0.0,0.0,0.0,0.0,0.0,2.5,2.0,0.0
Student_625,3.0,3.5,3.0,4.0,1.0,4.0,3.0,3.5,3.5,2.0,3.5,2.5,3.5,2.5,2.5,2.5,3.5,4.0,2.0,3.0,0.0,0.0,0.0,2.25,4.0,3.0,2.75,3.5,2.5,0.0,0.0,3.0,3.25,0.0,0.0,0.0,0.0,0.0,0.0,0.0,0.0,0.0,0.0,0.0,0.0,3.5,0.0,0.0,0.0,0.0,2.75,0.0,0.0,2.5,4.0,4.0,0.0,3.0,1.0,4.0,4.0,2.5,4.0,2.5,4.0,0.0,3.5,4.0,0.0,0.0,0.0,4.0,3.5,2.0,4.0,0.0,0.0,0.0,0.0,0.0,0.0,0.0,0.0,0.0,0.0,0.0,0.0,0.0,0.0,0.0,0.0,0.0,2.5,0.0,0.0
Student_626,3.0,2.5,2.5,4.0,2.0,3.0,3.0,0.0,1.0,2.5,2.5,2.5,4.0,2.5,2.5,1.0,2.5,3.0,2.5,2.5,0.0,0.0,0.0,0.0,3.5,3.0,4.0,2.0,3.0,2.0,0.0,0.0,3.0,0.0,4.0,3.5,0.0,0.0,0.0,0.0,3.0,3.0,0.0,0.0,0.0,0.0,0.0,0.0,0.0,0.0,0.0,2.0,0.0,0.0,0.0,4.0,0.0,3.0,2.5,3.5,4.0,2.0,4.0,2.5,4.0,0.0,0.0,3.5,0.0,2.5,0.0,2.5,2.0,4.0,1.5,4.0,0.0,0.0,0.0,0.0,0.0,0.0,0.0,0.0,0.0,0.0,0.0,0.0,0.0,0.0,0.0,0.0,3.0,3.0,0.0
Student_627,4.0,4.0,3.0,2.5,2.5,3.5,3.0,4.0,2.5,3.5,3.5,2.5,4.0,4.0,3.0,3.0,3.0,2.0,3.5,3.5,0.0,0.0,0.0,0.0,4.0,3.0,2.5,4.0,1.5,4.0,0.0,3.5,0.0,0.0,0.0,0.0,0.0,0.0,0.0,0.0,0.0,0.0,0.0,0.0,2.5,3.5,3.0,0.0,4.0,0.0,3.5,0.0,0.0,0.0,0.0,3.0,0.0,3.0,3.0,4.0,4.0,3.5,4.0,3.5,4.0,0.0,0.0,4.0,0.0,0.0,4.0,4.0,3.0,4.0,3.5,0.0,0.0,0.0,0.0,0.0,0.0,4.0,0.0,0.0,0.0,0.0,0.0,0.0,0.0,0.0,0.0,0.0,3.0,3.5,0.0
Student_628,0.0,0.0,4.0,3.0,4.0,4.0,4.0,4.0,4.0,4.0,4.0,3.5,4.0,4.0,4.0,4.0,4.0,2.5,4.0,4.0,4.0,0.0,0.0,0.0,4.0,4.0,0.0,4.0,4.0,0.0,0.0,4.0,4.0,0.0,0.0,0.0,0.0,0.0,0.0,0.0,3.5,0.0,0.0,0.0,4.0,4.0,0.0,4.0,0.0,0.0,0.0,0.0,0.0,0.0,4.0,4.0,0.0,4.0,4.0,4.0,4.0,4.0,4.0,4.0,4.0,0.0,4.0,4.0,0.0,0.0,0.0,4.0,4.0,4.0,4.0,0.0,0.0,0.0,4.0,0.0,0.0,0.0,0.0,0.0,0.0,0.0,0.0,0.0,0.0,0.0,0.0,0.0,4.0,4.0,0.0
Student_629,3.0,4.0,4.0,2.5,1.5,3.0,3.0,3.5,2.0,2.0,1.0,1.5,2.5,1.5,2.5,3.0,1.5,2.75,1.5,2.0,2.75,0.0,0.0,0.0,3.75,2.0,3.5,3.0,2.5,0.0,0.0,3.5,2.0,0.0,0.0,4.0,0.0,0.0,0.0,0.0,0.0,0.0,0.0,0.0,0.0,3.0,0.0,0.0,2.75,0.0,0.0,0.0,0.0,0.0,4.0,3.75,0.0,1.0,3.0,4.0,3.0,1.0,4.0,2.5,4.0,0.0,4.0,4.0,0.0,0.0,0.0,1.5,2.5,4.0,3.0,0.0,0.0,0.0,0.0,0.0,0.0,0.0,0.0,0.0,0.0,0.0,0.0,0.0,0.0,0.0,0.0,0.0,3.0,3.0,0.0
Student_63,3.5,3.5,2.5,1.0,3.5,3.5,2.5,3.0,3.5,2.5,3.0,3.5,2.0,1.5,2.0,1.5,1.0,1.5,2.5,1.5,0.0,0.0,0.0,0.0,1.5,3.0,0.0,1.0,1.0,3.0,0.0,1.5,1.0,0.0,0.0,0.0,0.0,0.0,0.0,0.0,3.5,0.0,0.0,0.0,0.0,2.0,2.0,3.0,1.5,0.0,0.0,0.0,0.0,0.0,0.0,3.5,0.0,2.5,1.5,3.0,2.0,4.0,4.0,4.0,4.0,0.0,0.0,3.5,0.0,2.0,0.0,2.5,2.0,2.0,3.0,0.0,0.0,0.0,0.0,0.0,0.0,0.0,0.0,0.0,0.0,0.0,0.0,0.0,0.0,0.0,4.0,0.0,4.0,4.0,0.0
Student_630,4.0,4.0,0.0,0.0,0.0,0.0,0.0,0.0,0.0,0.0,0.0,0.0,0.0,0.0,0.0,0.0,0.0,0.0,0.0,0.0,0.0,0.0,0.0,0.0,0.0,0.0,0.0,0.0,0.0,0.0,0.0,0.0,0.0,0.0,0.0,0.0,0.0,0.0,0.0,0.0,0.0,0.0,0.0,0.0,0.0,0.0,0.0,0.0,0.0,0.0,0.0,0.0,0.0,0.0,0.0,0.0,0.0,0.0,0.0,0.0,0.0,0.0,0.0,0.0,0.0,0.0,0.0,0.0,0.0,0.0,0.0,4.0,2.5,0.0,0.0,0.0,0.0,0.0,0.0,0.0,0.0,0.0,0.0,0.0,0.0,0.0,0.0,0.0,0.0,0.0,0.0,0.0,4.0,4.0,0.0
Student_631,3.5,4.0,2.5,2.5,2.5,3.5,3.5,4.0,3.0,1.5,4.0,1.0,3.5,3.5,3.0,1.0,2.5,4.0,4.0,4.0,0.0,0.0,0.0,0.0,2.5,3.0,4.0,4.0,3.0,3.5,0.0,3.5,3.0,0.0,0.0,0.0,0.0,0.0,0.0,0.0,0.0,0.0,0.0,0.0,4.0,4.0,3.5,0.0,4.0,0.0,0.0,0.0,0.0,0.0,0.0,4.0,0.0,4.0,4.0,3.5,4.0,4.0,4.0,3.5,4.0,0.0,0.0,4.0,0.0,0.0,4.0,4.0,3.0,3.5,3.5,0.0,0.0,0.0,0.0,0.0,0.0,0.0,0.0,0.0,0.0,0.0,0.0,4.0,0.0,0.0,0.0,0.0,3.5,4.0,0.0
Student_632,3.5,4.0,2.5,4.0,3.5,3.5,3.5,4.0,2.25,3.0,3.0,4.0,4.0,3.0,3.5,1.0,3.25,2.5,2.25,1.5,2.5,0.0,0.0,0.0,4.0,3.0,0.0,4.0,2.5,0.0,0.0,0.0,0.0,0.0,0.0,0.0,0.0,0.0,0.0,0.0,3.0,0.0,0.0,0.0,0.0,2.0,0.0,4.0,0.0,0.0,0.0,0.0,2.25,2.5,4.0,3.0,0.0,3.5,3.5,4.0,4.0,4.0,4.0,4.0,4.0,0.0,4.0,4.0,0.0,0.0,0.0,4.0,3.5,2.0,4.0,0.0,0.0,0.0,0.0,0.0,0.0,0.0,0.0,0.0,0.0,0.0,3.5,0.0,0.0,0.0,0.0,0.0,4.0,4.0,3.5
Student_633,4.0,3.5,2.5,4.0,2.0,3.5,3.0,4.0,2.25,2.5,1.5,3.5,2.5,2.0,3.0,2.0,3.0,2.5,1.0,1.5,2.0,0.0,0.0,0.0,2.0,2.5,3.0,4.0,2.5,0.0,0.0,1.75,1.5,0.0,0.0,0.0,0.0,0.0,0.0,0.0,3.0,0.0,0.0,0.0,0.0,0.0,0.0,0.0,3.5,0.0,0.0,0.0,0.0,4.0,4.0,3.5,0.0,2.5,3.0,4.0,1.5,4.0,4.0,3.5,4.0,0.0,3.5,4.0,0.0,0.0,0.0,4.0,4.0,3.0,2.5,0.0,0.0,0.0,0.0,0.0,0.0,0.0,0.0,0.0,0.0,0.0,0.0,0.0,0.0,0.0,0.0,0.0,3.5,4.0,0.0
Student_634,3.5,3.0,0.0,0.0,0.0,0.0,0.0,0.0,0.0,0.0,0.0,0.0,0.0,0.0,0.0,0.0,0.0,0.0,0.0,0.0,0.0,0.0,0.0,0.0,0.0,0.0,0.0,0.0,0.0,0.0,0.0,0.0,0.0,0.0,0.0,0.0,0.0,0.0,0.0,0.0,0.0,0.0,0.0,0.0,0.0,0.0,0.0,0.0,0.0,0.0,0.0,0.0,0.0,0.0,0.0,0.0,0.0,0.0,0.0,0.0,0.0,0.0,0.0,0.0,0.0,0.0,0.0,0.0,0.0,0.0,0.0,3.5,3.5,0.0,0.0,0.0,0.0,0.0,0.0,0.0,0.0,0.0,0.0,0.0,0.0,0.0,0.0,0.0,0.0,0.0,0.0,0.0,3.0,3.5,0.0
Student_635,3.0,3.0,3.5,3.5,3.5,4.0,2.0,3.5,3.0,3.5,3.0,3.0,4.0,4.0,2.0,2.0,1.5,2.5,3.0,4.0,3.0,0.0,0.0,0.0,3.0,3.5,1.5,3.0,2.5,0.0,0.0,0.0,0.0,0.0,3.0,0.0,0.0,0.0,0.0,0.0,3.0,0.0,0.0,0.0,3.5,0.0,0.0,1.5,0.0,0.0,3.0,0.0,0.0,0.0,3.0,3.5,4.0,2.5,3.0,3.0,3.5,2.5,4.0,3.5,4.0,0.0,0.0,4.0,0.0,0.0,0.0,3.0,3.0,3.0,3.0,0.0,0.0,0.0,4.0,0.0,0.0,0.0,0.0,0.0,0.0,0.0,0.0,0.0,0.0,0.0,0.0,0.0,4.0,3.5,0.0
Student_636,3.0,4.0,3.0,1.5,2.0,2.5,1.5,1.5,2.0,2.5,2.0,2.0,3.0,2.5,1.0,4.0,2.5,3.5,3.0,4.0,3.0,0.0,0.0,0.0,2.5,3.5,4.0,4.0,2.5,3.0,0.0,2.5,3.5,0.0,0.0,0.0,0.0,0.0,0.0,0.0,4.0,0.0,0.0,0.0,0.0,0.0,0.0,3.0,3.0,4.0,0.0,0.0,0.0,0.0,0.0,3.5,0.0,1.5,1.0,2.0,3.0,3.0,4.0,2.5,4.0,0.0,0.0,3.5,0.0,0.0,0.0,3.0,2.5,4.0,1.5,0.0,0.0,0.0,0.0,0.0,0.0,0.0,3.5,0.0,0.0,0.0,0.0,0.0,0.0,0.0,0.0,0.0,3.0,2.5,0.0
Student_637,1.0,1.5,3.0,1.5,1.5,3.5,1.5,0.0,2.5,2.5,4.0,2.0,4.0,2.5,2.5,2.0,2.0,1.0,1.0,1.0,1.5,0.0,0.0,0.0,3.0,1.5,2.0,2.5,2.0,1.0,0.0,2.5,0.0,3.5,1.0,0.0,0.0,0.0,0.0,0.0,3.0,0.0,0.0,0.0,0.0,0.0,0.0,0.0,0.0,0.0,0.0,1.0,1.5,0.0,0.0,4.0,0.0,2.5,1.0,3.5,2.5,3.0,4.0,1.0,4.0,0.0,0.0,4.0,0.0,0.0,0.0,2.0,1.0,3.5,2.0,0.0,0.0,0.0,0.0,0.0,0.0,0.0,0.0,0.0,0.0,0.0,0.0,0.0,4.0,0.0,0.0,0.0,2.5,2.0,0.0
Student_638,0.0,0.0,3.0,4.0,4.0,3.5,3.5,3.5,2.5,2.5,1.5,2.5,3.5,3.0,3.5,3.25,3.5,2.5,2.5,3.25,0.0,0.0,0.0,2.0,3.75,2.5,0.0,4.0,3.0,0.0,0.0,3.0,0.0,0.0,0.0,0.0,4.0,0.0,0.0,0.0,0.0,0.0,0.0,0.0,0.0,2.5,0.0,0.0,3.25,0.0,0.0,2.75,3.0,0.0,4.0,4.0,0.0,2.5,3.0,3.75,3.5,4.0,3.0,4.0,4.0,4.0,4.0,4.0,0.0,0.0,0.0,4.0,3.5,3.0,3.0,0.0,0.0,0.0,0.0,0.0,0.0,0.0,0.0,0.0,0.0,0.0,0.0,0.0,0.0,0.0,3.0,0.0,0.0,0.0,0.0
Student_639,4.0,4.0,3.5,2.0,4.0,4.0,3.5,0.0,3.0,2.5,4.0,3.0,3.0,3.5,2.5,4.0,2.5,3.0,4.0,4.0,0.0,0.0,0.0,0.0,3.0,2.5,3.0,3.0,1.5,3.0,0.0,0.0,4.0,0.0,0.0,0.0,0.0,0.0,0.0,4.0,3.5,0.0,0.0,0.0,0.0,4.0,4.0,3.5,0.0,0.0,3.0,0.0,0.0,0.0,0.0,4.0,0.0,3.0,3.5,4.0,3.0,3.0,4.0,2.5,4.0,0.0,0.0,4.0,0.0,0.0,0.0,3.5,4.0,4.0,4.0,0.0,0.0,4.0,0.0,0.0,0.0,0.0,0.0,0.0,0.0,0.0,0.0,0.0,0.0,0.0,0.0,0.0,4.0,4.0,0.0
Student_64,2.5,2.5,0.0,1.0,0.0,3.5,1.5,0.0,1.0,2.0,2.0,2.5,1.5,2.0,3.0,2.5,1.0,1.0,2.5,2.0,0.0,0.0,4.0,0.0,1.0,1.5,1.5,3.5,2.0,2.5,0.0,1.5,0.0,0.0,1.0,0.0,0.0,0.0,0.0,0.0,1.5,0.0,0.0,0.0,0.0,1.5,3.5,0.0,1.5,0.0,0.0,2.5,0.0,0.0,0.0,4.0,0.0,1.5,1.5,2.5,1.5,0.0,4.0,2.0,4.0,0.0,0.0,3.5,0.0,0.0,0.0,1.5,2.5,1.0,0.0,0.0,0.0,0.0,0.0,0.0,0.0,0.0,0.0,0.0,0.0,0.0,0.0,0.0,0.0,0.0,0.0,0.0,2.0,4.0,0.0
Student_640,0.0,4.0,3.5,4.0,4.0,4.0,3.5,3.5,3.5,1.0,2.5,3.0,3.5,3.0,3.0,3.0,2.5,3.0,3.5,2.5,2.5,0.0,0.0,0.0,4.0,2.5,0.0,4.0,3.0,0.0,0.0,0.0,0.0,0.0,0.0,0.0,0.0,0.0,0.0,0.0,0.0,0.0,0.0,0.0,0.0,4.0,0.0,0.0,0.0,0.0,0.0,0.0,0.0,3.5,4.0,4.0,0.0,2.0,3.5,4.0,3.0,3.0,4.0,3.5,4.0,0.0,4.0,4.0,0.0,0.0,0.0,4.0,4.0,2.5,3.5,0.0,0.0,0.0,0.0,0.0,0.0,0.0,0.0,0.0,0.0,0.0,4.0,0.0,0.0,0.0,0.0,0.0,0.0,3.5,0.0
Student_641,3.0,3.0,4.0,1.0,3.0,2.5,4.0,0.0,2.5,2.0,2.5,1.5,4.0,3.0,2.5,3.0,3.5,1.5,3.5,2.5,0.0,0.0,0.0,0.0,2.5,2.5,3.0,3.0,2.5,4.0,0.0,3.0,3.0,0.0,0.0,0.0,0.0,3.5,0.0,0.0,0.0,0.0,0.0,0.0,0.0,3.5,3.5,0.0,0.0,4.0,0.0,0.0,3.0,0.0,0.0,3.5,0.0,2.0,2.0,2.5,3.5,3.5,3.5,4.0,4.0,0.0,0.0,4.0,0.0,2.5,0.0,3.0,4.0,3.0,3.0,0.0,0.0,0.0,3.5,0.0,0.0,0.0,0.0,0.0,0.0,0.0,0.0,0.0,0.0,0.0,0.0,0.0,4.0,2.5,0.0
Student_642,4.0,3.5,2.5,1.0,1.5,4.0,1.5,0.0,1.5,3.0,3.0,1.5,3.0,3.0,1.5,3.0,3.0,2.0,2.5,3.0,4.0,0.0,0.0,0.0,2.5,3.0,3.5,3.0,3.5,3.0,0.0,0.0,0.0,0.0,4.0,4.0,3.0,0.0,0.0,0.0,0.0,0.0,0.0,0.0,3.0,0.0,0.0,0.0,0.0,0.0,3.0,1.5,0.0,0.0,0.0,4.0,0.0,1.5,2.5,2.5,1.0,3.0,3.5,3.0,4.0,0.0,0.0,3.0,0.0,0.0,0.0,4.0,4.0,3.0,2.5,0.0,0.0,0.0,0.0,0.0,0.0,0.0,0.0,0.0,0.0,0.0,4.0,0.0,0.0,0.0,0.0,0.0,3.5,3.5,0.0
Student_643,3.5,4.0,0.0,4.0,3.5,3.5,4.0,4.0,3.5,4.0,3.5,4.0,4.0,4.0,2.5,3.5,4.0,3.0,4.0,4.0,2.5,0.0,0.0,0.0,3.5,3.5,3.5,3.5,3.5,0.0,0.0,0.0,0.0,0.0,0.0,0.0,0.0,0.0,0.0,0.0,2.5,0.0,0.0,0.0,4.0,0.0,3.5,3.5,3.5,0.0,0.0,0.0,0.0,0.0,4.0,4.0,4.0,3.5,4.0,4.0,3.5,4.0,4.0,4.0,4.0,0.0,0.0,4.0,0.0,0.0,0.0,4.0,4.0,4.0,4.0,0.0,0.0,0.0,0.0,0.0,0.0,0.0,4.0,0.0,0.0,0.0,0.0,0.0,0.0,0.0,0.0,0.0,3.5,3.5,0.0
Student_644,3.5,3.5,3.0,1.0,2.0,2.5,2.0,3.5,3.5,2.0,3.0,2.0,2.5,2.0,1.0,3.5,2.0,2.5,2.0,2.5,1.0,0.0,0.0,0.0,3.0,3.0,3.0,4.0,2.5,3.0,0.0,2.5,3.0,0.0,0.0,0.0,0.0,0.0,0.0,0.0,0.0,0.0,0.0,0.0,0.0,3.5,0.0,0.0,3.0,1.0,1.5,0.0,0.0,0.0,0.0,3.5,0.0,2.0,1.5,2.0,3.5,3.5,4.0,2.5,4.0,0.0,0.0,3.5,0.0,0.0,0.0,4.0,4.0,1.5,3.5,0.0,0.0,0.0,0.0,0.0,0.0,0.0,0.0,0.0,3.5,0.0,0.0,0.0,0.0,0.0,0.0,0.0,3.5,3.0,0.0
Student_645,4.0,4.0,4.0,3.0,3.0,4.0,2.5,3.0,2.25,2.5,2.5,1.0,3.5,3.5,2.0,3.0,3.0,2.25,3.5,2.25,0.0,0.0,0.0,3.5,3.75,3.0,2.75,3.5,3.0,0.0,0.0,0.0,0.0,0.0,0.0,0.0,3.75,0.0,0.0,0.0,0.0,0.0,0.0,0.0,2.0,0.0,0.0,4.0,3.0,0.0,2.0,0.0,0.0,0.0,4.0,4.0,0.0,2.5,2.5,3.75,2.0,3.0,4.0,3.0,4.0,0.0,0.0,4.0,0.0,0.0,0.0,0.0,3.0,3.5,2.0,0.0,0.0,0.0,4.0,0.0,0.0,0.0,0.0,0.0,0.0,0.0,0.0,0.0,0.0,0.0,0.0,0.0,4.0,4.0,0.0
Student_646,3.0,3.5,4.0,0.0,0.0,3.0,1.5,3.0,1.0,3.0,3.5,0.0,3.0,2.0,2.5,3.5,3.0,1.5,1.0,3.0,0.0,0.0,0.0,0.0,3.0,3.0,1.5,2.0,3.5,0.0,0.0,0.0,2.5,0.0,0.0,0.0,2.5,0.0,0.0,0.0,0.0,0.0,0.0,0.0,0.0,2.5,0.0,3.5,0.0,3.5,2.5,0.0,0.0,0.0,3.75,3.0,0.0,2.5,2.5,4.0,1.0,0.0,0.0,1.0,2.5,0.0,4.0,3.5,0.0,0.0,0.0,3.0,3.5,4.0,2.0,3.5,0.0,0.0,0.0,0.0,0.0,0.0,0.0,0.0,0.0,0.0,0.0,0.0,0.0,0.0,0.0,0.0,3.5,3.0,0.0
Student_647,3.5,3.5,3.5,2.0,2.0,2.0,3.0,3.0,4.0,2.5,2.5,1.0,2.5,2.0,1.0,2.5,3.0,1.5,2.0,1.0,0.0,0.0,0.0,0.0,1.5,1.0,0.0,3.5,2.0,1.5,0.0,2.0,1.5,0.0,0.0,0.0,3.5,4.0,0.0,0.0,3.0,0.0,0.0,0.0,0.0,0.0,0.0,0.0,0.0,0.0,0.0,2.5,2.5,0.0,0.0,3.5,0.0,3.0,2.0,3.5,3.0,3.0,4.0,3.0,4.0,0.0,0.0,4.0,0.0,0.0,2.0,2.0,4.0,2.0,2.0,0.0,0.0,0.0,4.0,0.0,0.0,0.0,0.0,0.0,0.0,0.0,0.0,0.0,0.0,0.0,0.0,0.0,3.0,4.0,0.0
Student_648,3.0,3.5,2.0,1.5,1.0,3.5,1.5,0.0,3.0,1.5,2.5,2.5,3.0,2.5,1.0,1.5,1.5,1.0,2.5,2.0,0.0,0.0,0.0,0.0,1.5,1.5,0.0,2.5,1.0,2.5,0.0,2.0,0.0,1.5,0.0,0.0,0.0,0.0,0.0,0.0,2.5,0.0,0.0,0.0,0.0,0.0,0.0,0.0,0.0,0.0,1.0,2.5,2.0,0.0,0.0,3.0,0.0,1.0,1.0,3.5,2.0,4.0,4.0,3.0,4.0,0.0,0.0,3.0,1.0,0.0,2.5,2.5,1.5,3.5,2.5,0.0,0.0,0.0,0.0,0.0,0.0,0.0,0.0,0.0,3.0,0.0,0.0,0.0,0.0,0.0,0.0,0.0,3.5,4.0,0.0
Student_649,3.0,3.5,2.5,2.5,2.5,3.5,1.5,3.5,1.5,3.0,3.5,2.0,2.0,2.5,2.0,3.0,3.0,2.5,2.5,2.0,2.0,0.0,0.0,0.0,2.5,2.5,0.0,4.0,3.0,0.0,0.0,0.0,2.25,0.0,0.0,0.0,0.0,0.0,0.0,0.0,3.0,0.0,2.25,0.0,0.0,3.5,2.5,1.5,0.0,0.0,1.0,0.0,0.0,0.0,3.0,3.0,0.0,2.0,2.5,4.0,4.0,2.5,4.0,3.0,4.0,0.0,3.0,4.0,0.0,0.0,0.0,2.5,3.0,3.0,2.0,0.0,0.0,0.0,0.0,0.0,0.0,0.0,0.0,0.0,0.0,0.0,0.0,0.0,0.0,0.0,1.5,0.0,2.5,0.0,0.0
Student_65,3.0,0.0,4.0,3.5,3.0,4.0,3.5,4.0,3.0,4.0,3.5,3.0,1.0,4.0,2.0,4.0,3.5,0.0,4.0,2.5,2.5,0.0,0.0,0.0,4.0,1.0,0.0,3.5,0.0,0.0,0.0,0.0,0.0,0.0,0.0,0.0,0.0,0.0,0.0,0.0,0.0,0.0,0.0,0.0,1.5,1.0,0.0,0.0,3.0,0.0,0.0,0.0,0.0,0.0,3.0,4.0,4.0,2.5,3.0,4.0,3.5,4.0,4.0,3.5,3.5,0.0,0.0,3.5,0.0,0.0,0.0,4.0,3.5,2.5,3.0,4.0,0.0,0.0,0.0,0.0,0.0,0.0,0.0,0.0,0.0,0.0,0.0,0.0,0.0,0.0,0.0,0.0,3.5,0.0,0.0
Student_650,2.5,3.0,3.5,3.5,1.5,2.5,1.5,0.0,1.0,2.5,2.5,1.0,2.5,2.0,3.0,2.5,3.5,2.0,3.0,1.0,3.0,0.0,0.0,0.0,2.5,2.5,0.0,4.0,2.0,1.5,0.0,0.0,1.5,0.0,0.0,2.5,0.0,0.0,0.0,0.0,0.0,0.0,0.0,0.0,2.0,3.5,2.5,0.0,0.0,1.0,0.0,0.0,0.0,0.0,0.0,4.0,0.0,1.5,1.0,3.5,1.5,3.0,4.0,3.0,4.0,0.0,0.0,2.0,0.0,0.0,2.0,2.0,2.5,1.0,2.0,0.0,3.5,0.0,0.0,0.0,0.0,0.0,0.0,0.0,0.0,0.0,0.0,0.0,0.0,0.0,0.0,0.0,3.0,2.0,0.0
Student_651,3.0,3.5,3.0,2.5,3.0,3.5,4.0,0.0,4.0,4.0,4.0,3.5,3.0,3.0,4.0,3.5,2.5,3.5,4.0,3.5,0.0,0.0,0.0,0.0,3.5,1.5,3.5,1.0,3.5,3.5,0.0,3.0,0.0,0.0,4.0,2.5,0.0,0.0,0.0,0.0,0.0,0.0,0.0,0.0,0.0,0.0,0.0,0.0,0.0,0.0,3.5,3.0,0.0,0.0,0.0,3.5,0.0,2.5,2.0,3.5,4.0,4.0,4.0,4.0,4.0,0.0,0.0,3.5,0.0,1.5,1.5,3.0,3.0,2.0,3.0,0.0,0.0,0.0,0.0,0.0,3.5,0.0,0.0,0.0,0.0,0.0,0.0,0.0,0.0,0.0,0.0,0.0,3.0,3.5,0.0
Student_652,0.0,0.0,3.0,0.0,3.5,0.0,2.5,0.0,0.0,0.0,0.0,0.0,0.0,1.5,2.5,3.5,3.25,0.0,2.75,2.75,0.0,0.0,0.0,0.0,0.0,0.0,3.0,0.0,0.0,0.0,0.0,0.0,0.0,0.0,0.0,0.0,0.0,0.0,0.0,0.0,0.0,0.0,0.0,0.0,0.0,3.25,0.0,0.0,0.0,0.0,0.0,0.0,0.0,0.0,0.0,0.0,0.0,0.0,0.0,0.0,4.0,4.0,4.0,2.5,4.0,4.0,4.0,4.0,0.0,0.0,0.0,4.0,2.5,0.0,3.0,0.0,0.0,0.0,0.0,0.0,0.0,0.0,0.0,0.0,0.0,0.0,0.0,0.0,0.0,0.0,0.0,0.0,0.0,0.0,3.0
Student_653,3.5,4.0,3.0,3.5,3.5,3.0,4.0,0.0,1.0,3.0,3.0,2.0,4.0,2.0,2.0,4.0,1.0,3.0,3.5,3.5,0.0,0.0,4.0,0.0,3.5,2.0,0.0,3.5,3.0,3.0,2.5,0.0,0.0,0.0,4.0,4.0,3.0,0.0,0.0,0.0,2.5,3.0,0.0,0.0,0.0,0.0,4.0,0.0,0.0,0.0,0.0,0.0,0.0,0.0,0.0,4.0,0.0,3.0,2.0,3.5,4.0,3.5,4.0,3.5,4.0,0.0,0.0,4.0,0.0,3.5,0.0,2.5,1.5,4.0,3.5,0.0,0.0,0.0,0.0,0.0,0.0,0.0,0.0,0.0,0.0,0.0,0.0,0.0,0.0,0.0,0.0,0.0,4.0,4.0,0.0
Student_654,3.0,4.0,3.5,2.5,1.5,3.0,2.0,2.0,2.5,3.0,2.5,2.5,1.5,2.0,2.5,2.0,3.5,2.0,3.0,1.0,2.0,0.0,0.0,0.0,1.5,3.0,0.0,4.0,2.0,3.5,0.0,3.0,2.0,0.0,0.0,0.0,2.0,0.0,0.0,0.0,0.0,0.0,0.0,0.0,3.0,3.0,1.5,0.0,1.5,0.0,0.0,0.0,0.0,0.0,0.0,4.0,0.0,1.5,1.5,2.5,1.5,3.5,3.5,4.0,4.0,0.0,0.0,3.5,0.0,0.0,0.0,3.5,3.0,1.0,2.0,0.0,0.0,0.0,0.0,0.0,0.0,0.0,0.0,0.0,4.0,0.0,0.0,0.0,0.0,0.0,0.0,0.0,4.0,3.5,0.0
Student_655,3.5,3.5,4.0,3.5,3.5,4.0,3.5,4.0,3.0,4.0,3.5,3.5,3.5,4.0,3.0,4.0,2.5,3.0,4.0,3.5,0.0,0.0,0.0,0.0,4.0,2.5,3.5,3.5,3.0,0.0,0.0,0.0,2.5,0.0,0.0,0.0,0.0,0.0,0.0,0.0,3.0,0.0,0.0,0.0,0.0,4.0,3.5,3.5,3.0,0.0,0.0,0.0,0.0,0.0,4.0,4.0,4.0,3.5,2.0,3.5,3.5,3.5,4.0,2.0,4.0,0.0,0.0,4.0,0.0,0.0,0.0,3.5,4.0,4.0,4.0,0.0,0.0,0.0,4.0,0.0,0.0,0.0,0.0,0.0,0.0,0.0,0.0,0.0,0.0,0.0,0.0,0.0,3.5,3.5,0.0
Student_656,2.5,2.0,3.5,1.5,1.5,4.0,1.0,2.5,1.0,1.5,1.0,1.0,1.0,1.0,2.0,3.0,1.5,2.0,2.5,1.5,0.0,0.0,0.0,0.0,1.0,2.5,1.5,3.0,1.0,1.0,0.0,1.5,1.5,0.0,0.0,0.0,2.0,0.0,0.0,0.0,0.0,0.0,0.0,0.0,0.0,0.0,0.0,0.0,2.5,1.5,0.0,0.0,0.0,2.5,0.0,4.0,0.0,2.0,1.0,3.0,1.5,3.0,4.0,1.5,4.0,0.0,0.0,3.0,0.0,1.5,0.0,2.5,2.5,3.5,3.5,0.0,0.0,0.0,0.0,0.0,0.0,0.0,0.0,0.0,0.0,0.0,0.0,4.0,0.0,0.0,0.0,0.0,3.0,4.0,0.0
Student_657,4.0,4.0,3.5,1.5,2.5,3.0,2.5,0.0,2.5,2.5,3.0,4.0,2.5,3.0,1.0,3.5,2.5,3.0,3.0,2.5,3.0,0.0,0.0,0.0,1.5,2.5,4.0,3.5,2.5,3.0,0.0,2.5,3.0,0.0,0.0,0.0,0.0,0.0,0.0,0.0,0.0,0.0,0.0,0.0,0.0,3.5,0.0,0.0,4.0,0.0,3.5,3.0,0.0,0.0,0.0,3.5,0.0,1.5,2.0,4.0,3.0,3.5,4.0,3.0,4.0,0.0,0.0,3.5,0.0,0.0,0.0,2.5,1.5,4.0,2.5,0.0,0.0,0.0,3.5,0.0,0.0,0.0,0.0,0.0,0.0,0.0,0.0,0.0,0.0,0.0,0.0,0.0,4.0,4.0,0.0
Student_658,3.5,4.0,3.0,4.0,2.5,2.5,1.5,0.0,1.0,2.0,3.5,3.0,2.5,2.5,2.5,3.0,1.5,3.0,3.5,3.0,1.5,0.0,0.0,0.0,2.5,4.0,2.5,2.0,3.0,4.0,0.0,0.0,3.5,0.0,3.5,0.0,0.0,0.0,0.0,0.0,2.5,0.0,0.0,0.0,0.0,0.0,0.0,3.5,0.0,0.0,4.0,3.0,0.0,0.0,0.0,4.0,0.0,1.5,2.0,2.5,2.0,3.5,4.0,4.0,4.0,0.0,0.0,4.0,0.0,0.0,0.0,3.5,4.0,1.0,2.0,0.0,0.0,0.0,0.0,0.0,3.5,0.0,0.0,0.0,0.0,0.0,0.0,0.0,0.0,0.0,0.0,0.0,4.0,3.0,0.0
Student_659,4.0,3.0,2.5,3.0,3.5,4.0,3.0,3.5,2.0,2.0,3.0,3.0,3.5,2.5,1.5,3.5,2.0,4.0,3.0,3.5,3.5,0.0,0.0,0.0,2.5,4.0,3.5,4.0,3.0,0.0,0.0,0.0,4.0,0.0,0.0,0.0,0.0,0.0,0.0,0.0,0.0,0.0,0.0,0.0,4.0,3.5,0.0,0.0,4.0,0.0,0.0,0.0,0.0,0.0,4.0,4.0,4.0,2.5,2.5,3.0,3.0,3.5,4.0,2.5,4.0,0.0,0.0,4.0,0.0,0.0,0.0,3.0,2.5,4.0,2.5,0.0,4.0,0.0,0.0,0.0,0.0,0.0,0.0,0.0,0.0,0.0,0.0,0.0,0.0,0.0,0.0,0.0,4.0,4.0,0.0
Student_66,4.0,3.5,2.5,1.5,2.0,2.5,1.0,0.0,2.0,2.0,2.0,1.5,2.0,2.0,2.5,1.5,3.5,2.0,3.0,1.5,0.0,0.0,0.0,0.0,1.0,1.0,3.0,3.0,2.5,3.0,0.0,3.0,0.0,0.0,0.0,0.0,0.0,0.0,0.0,0.0,0.0,0.0,0.0,0.0,1.5,2.0,0.0,0.0,0.0,3.0,3.0,2.5,0.0,0.0,0.0,4.0,0.0,1.5,2.5,2.0,4.0,3.0,3.0,3.0,3.5,0.0,0.0,3.5,0.0,0.0,2.0,3.0,2.0,3.0,2.5,0.0,0.0,3.0,0.0,0.0,0.0,0.0,0.0,0.0,0.0,0.0,0.0,0.0,0.0,0.0,0.0,0.0,2.0,3.0,0.0
Student_660,0.0,2.0,3.5,2.5,2.5,3.5,2.5,3.5,1.5,1.0,2.5,1.0,1.0,2.5,2.5,2.5,2.5,2.0,2.5,1.5,0.0,0.0,0.0,0.0,2.5,1.0,1.5,3.5,2.75,0.0,0.0,2.25,1.5,0.0,0.0,0.0,3.0,0.0,0.0,0.0,0.0,0.0,0.0,0.0,0.0,1.0,0.0,0.0,0.0,0.0,2.25,0.0,0.0,2.0,3.75,4.0,0.0,1.0,1.0,4.0,2.5,3.0,4.0,1.5,3.5,0.0,4.0,2.5,0.0,0.0,0.0,3.5,2.5,1.0,3.0,0.0,0.0,0.0,0.0,0.0,0.0,0.0,0.0,0.0,0.0,0.0,3.5,0.0,0.0,0.0,0.0,0.0,3.0,4.0,0.0
Student_661,4.0,4.0,4.0,4.0,3.5,3.5,4.0,4.0,4.0,4.0,3.5,4.0,4.0,4.0,4.0,4.0,3.5,4.0,4.0,4.0,4.0,0.0,0.0,0.0,4.0,4.0,0.0,4.0,4.0,0.0,0.0,0.0,4.0,0.0,0.0,0.0,0.0,0.0,0.0,0.0,3.5,0.0,0.0,0.0,4.0,4.0,0.0,4.0,0.0,0.0,0.0,0.0,0.0,4.0,4.0,4.0,0.0,4.0,4.0,4.0,4.0,4.0,4.0,4.0,4.0,0.0,4.0,4.0,0.0,0.0,0.0,4.0,4.0,4.0,4.0,0.0,0.0,0.0,4.0,0.0,0.0,0.0,0.0,0.0,0.0,0.0,0.0,0.0,0.0,0.0,0.0,0.0,4.0,4.0,0.0
Student_662,3.0,3.5,4.0,2.5,3.0,2.5,4.0,0.0,3.5,3.5,3.5,4.0,2.5,3.5,4.0,3.0,3.5,3.0,3.5,3.5,3.5,0.0,0.0,0.0,2.5,3.5,4.0,2.5,2.5,3.5,0.0,3.5,0.0,0.0,0.0,0.0,0.0,0.0,0.0,0.0,4.0,0.0,0.0,0.0,0.0,0.0,0.0,3.0,4.0,3.0,0.0,4.0,0.0,0.0,0.0,3.0,0.0,4.0,4.0,3.5,4.0,4.0,4.0,4.0,4.0,0.0,0.0,3.5,0.0,0.0,0.0,3.0,4.0,4.0,4.0,0.0,0.0,0.0,0.0,0.0,0.0,0.0,0.0,0.0,0.0,0.0,4.0,0.0,0.0,0.0,0.0,0.0,4.0,3.5,0.0
Student_663,3.0,3.0,2.5,1.5,2.0,3.0,2.0,0.0,2.5,3.0,2.5,1.5,3.5,2.5,1.0,2.0,1.0,3.0,3.0,2.5,0.0,0.0,0.0,0.0,2.0,1.5,0.0,3.5,1.0,2.0,0.0,0.0,0.0,0.0,0.0,0.0,2.0,0.0,0.0,0.0,2.0,1.0,1.0,0.0,0.0,0.0,0.0,0.0,3.0,0.0,0.0,1.5,2.0,0.0,0.0,2.0,0.0,2.0,2.0,1.0,3.5,3.0,4.0,2.5,4.0,0.0,0.0,4.0,0.0,0.0,2.5,1.5,1.0,1.0,2.5,0.0,0.0,0.0,0.0,2.5,0.0,0.0,0.0,0.0,0.0,0.0,0.0,0.0,0.0,0.0,0.0,0.0,2.5,1.5,0.0
Student_664,3.0,3.0,3.5,4.0,2.0,2.0,2.5,0.0,1.5,2.0,1.5,1.5,3.0,2.0,1.5,2.0,1.0,2.0,1.5,2.0,2.0,0.0,0.0,0.0,2.0,2.5,0.0,2.5,1.5,1.5,0.0,0.0,1.0,0.0,0.0,0.0,2.5,0.0,0.0,0.0,0.0,0.0,0.0,0.0,0.0,0.0,2.0,2.5,1.5,0.0,1.5,0.0,0.0,0.0,0.0,4.0,0.0,2.0,2.0,2.5,2.5,3.0,3.5,4.0,3.5,0.0,0.0,3.0,0.0,0.0,1.5,3.5,4.0,3.5,2.5,0.0,0.0,0.0,0.0,0.0,0.0,0.0,0.0,0.0,0.0,0.0,0.0,0.0,0.0,0.0,3.5,0.0,2.5,3.5,0.0
Student_665,3.5,3.5,3.5,1.0,1.0,1.5,2.0,0.0,3.5,1.5,2.0,2.0,1.5,2.0,2.0,2.5,1.5,3.0,4.0,4.0,3.0,0.0,0.0,0.0,3.0,4.0,0.0,4.0,2.5,2.5,0.0,3.0,3.5,0.0,3.5,0.0,0.0,0.0,0.0,0.0,4.0,0.0,0.0,0.0,0.0,3.0,4.0,0.0,2.5,0.0,0.0,0.0,0.0,0.0,0.0,4.0,0.0,3.0,2.0,2.5,2.5,3.0,3.0,3.0,4.0,0.0,0.0,4.0,0.0,0.0,0.0,2.0,2.5,2.0,2.0,0.0,0.0,0.0,0.0,0.0,0.0,0.0,0.0,0.0,0.0,0.0,0.0,3.0,0.0,0.0,0.0,0.0,2.5,2.0,0.0
Student_666,4.0,3.5,3.5,3.5,4.0,3.5,3.5,4.0,3.0,3.0,3.0,2.5,3.0,3.5,3.0,3.0,3.0,2.5,4.0,2.5,0.0,0.0,0.0,0.0,1.5,1.5,1.5,4.0,2.25,0.0,0.0,0.0,0.0,0.0,0.0,0.0,3.0,0.0,0.0,0.0,0.0,0.0,0.0,0.0,0.0,0.0,0.0,0.0,2.5,0.0,3.0,2.5,0.0,3.5,4.0,4.0,4.0,2.5,2.5,3.75,4.0,4.0,4.0,3.0,4.0,0.0,4.0,4.0,0.0,0.0,3.0,4.0,4.0,4.0,4.0,0.0,0.0,0.0,0.0,0.0,0.0,0.0,0.0,0.0,0.0,0.0,0.0,0.0,0.0,0.0,0.0,0.0,4.0,2.5,0.0
Student_667,3.0,3.0,4.0,3.5,3.5,1.5,4.0,0.0,2.5,3.5,4.0,4.0,3.5,2.5,3.0,3.0,3.0,3.0,3.0,2.5,0.0,0.0,0.0,0.0,4.0,1.5,2.5,2.0,2.0,3.5,0.0,2.5,1.0,0.0,2.5,0.0,0.0,0.0,0.0,0.0,3.0,0.0,0.0,0.0,0.0,0.0,3.5,0.0,0.0,0.0,0.0,0.0,2.0,0.0,0.0,2.5,0.0,4.0,4.0,1.0,4.0,4.0,3.0,4.0,4.0,0.0,0.0,4.0,0.0,2.0,0.0,3.5,2.0,1.5,3.0,0.0,0.0,0.0,0.0,0.0,0.0,0.0,0.0,0.0,0.0,0.0,0.0,3.0,0.0,0.0,0.0,0.0,2.5,4.0,0.0
Student_668,3.5,3.0,3.0,2.0,3.0,2.5,2.0,3.0,3.0,3.0,3.0,2.5,3.0,3.0,2.0,3.0,1.5,1.5,3.5,2.0,0.0,0.0,0.0,0.0,3.0,1.0,3.0,4.0,1.0,0.0,0.0,2.5,0.0,0.0,0.0,0.0,0.0,3.0,0.0,0.0,2.0,0.0,0.0,0.0,2.5,0.0,0.0,0.0,2.0,0.0,0.0,0.0,0.0,0.0,3.5,4.0,4.0,2.0,3.0,3.5,2.5,3.0,4.0,3.0,4.0,0.0,0.0,4.0,0.0,0.0,3.5,3.0,2.5,3.0,3.5,0.0,0.0,0.0,0.0,0.0,0.0,0.0,0.0,0.0,0.0,0.0,3.5,0.0,0.0,0.0,0.0,3.5,3.0,2.5,0.0
Student_669,4.0,4.0,3.5,3.0,2.0,4.0,3.0,4.0,3.5,3.0,3.5,3.5,4.0,3.0,3.0,2.0,3.5,2.0,4.0,4.0,3.5,0.0,0.0,0.0,2.5,3.0,0.0,4.0,4.0,2.0,0.0,0.0,3.5,0.0,0.0,0.0,0.0,0.0,0.0,0.0,4.0,0.0,0.0,0.0,0.0,3.5,2.5,3.0,0.0,0.0,0.0,0.0,0.0,0.0,4.0,3.5,4.0,4.0,3.0,3.0,3.5,3.0,4.0,2.5,4.0,0.0,0.0,4.0,0.0,0.0,0.0,4.0,4.0,4.0,4.0,3.5,0.0,0.0,0.0,0.0,0.0,0.0,0.0,0.0,0.0,0.0,0.0,0.0,0.0,0.0,0.0,0.0,3.0,4.0,0.0
Student_67,2.5,4.0,0.0,0.0,0.0,0.0,0.0,0.0,0.0,0.0,0.0,0.0,0.0,0.0,0.0,0.0,0.0,0.0,0.0,0.0,0.0,0.0,0.0,0.0,0.0,0.0,0.0,0.0,0.0,0.0,0.0,0.0,0.0,0.0,0.0,0.0,0.0,0.0,0.0,0.0,0.0,0.0,0.0,0.0,0.0,0.0,0.0,0.0,0.0,0.0,0.0,0.0,0.0,0.0,0.0,0.0,0.0,0.0,0.0,0.0,0.0,0.0,0.0,0.0,0.0,0.0,0.0,0.0,0.0,0.0,0.0,4.0,3.5,0.0,0.0,0.0,0.0,0.0,0.0,0.0,0.0,0.0,0.0,0.0,0.0,0.0,0.0,0.0,0.0,0.0,0.0,0.0,2.5,3.0,0.0
Student_670,3.0,0.0,3.0,4.0,2.5,3.5,4.0,3.5,3.25,2.5,3.0,2.5,3.0,2.0,2.25,2.75,3.0,2.5,1.75,2.75,0.0,0.0,0.0,0.0,1.0,2.0,3.0,3.25,3.0,0.0,0.0,3.5,0.0,0.0,4.0,0.0,0.0,0.0,0.0,0.0,2.5,3.5,0.0,0.0,0.0,2.75,0.0,0.0,0.0,2.75,0.0,0.0,0.0,0.0,4.0,4.0,0.0,4.0,2.0,2.0,3.5,4.0,4.0,2.5,4.0,0.0,4.0,4.0,0.0,0.0,0.0,3.5,3.5,3.5,3.5,0.0,0.0,0.0,0.0,0.0,0.0,0.0,0.0,0.0,0.0,0.0,0.0,0.0,0.0,0.0,0.0,0.0,3.0,0.0,0.0
Student_671,3.5,2.5,3.5,3.5,2.5,4.0,3.5,4.0,3.5,3.5,2.0,2.0,4.0,3.0,2.5,3.0,3.5,3.0,4.0,4.0,3.5,0.0,0.0,0.0,4.0,3.5,0.0,4.0,4.0,0.0,0.0,0.0,3.5,0.0,0.0,0.0,0.0,0.0,0.0,0.0,3.5,0.0,0.0,0.0,4.0,4.0,0.0,0.0,4.0,0.0,0.0,0.0,0.0,4.0,4.0,4.0,4.0,3.0,3.5,4.0,3.5,3.5,4.0,3.0,3.5,0.0,3.0,4.0,0.0,0.0,0.0,3.5,2.5,4.0,3.0,0.0,0.0,0.0,0.0,0.0,0.0,0.0,0.0,0.0,0.0,0.0,0.0,0.0,0.0,0.0,4.0,0.0,4.0,3.5,0.0
Student_672,2.5,2.5,2.5,3.5,3.5,1.5,4.0,0.0,2.5,2.0,2.5,3.5,3.5,2.0,3.5,2.5,3.0,3.0,2.5,3.0,2.5,0.0,0.0,0.0,1.5,2.0,3.5,2.5,2.0,2.0,0.0,0.0,0.0,0.0,0.0,0.0,0.0,0.0,0.0,0.0,0.0,0.0,0.0,0.0,0.0,2.5,3.5,2.0,0.0,0.0,2.5,3.0,1.5,0.0,0.0,3.0,0.0,3.5,1.0,2.5,3.5,3.5,4.0,3.5,4.0,0.0,0.0,3.5,0.0,0.0,0.0,3.5,4.0,2.0,2.5,0.0,0.0,0.0,0.0,0.0,3.0,0.0,0.0,0.0,0.0,0.0,0.0,0.0,0.0,0.0,0.0,0.0,3.0,3.0,0.0
Student_673,3.5,3.0,2.0,2.5,2.0,2.5,1.0,3.0,3.0,2.5,3.0,3.0,4.0,2.0,1.0,2.5,3.5,1.5,4.0,3.5,0.0,0.0,0.0,0.0,2.5,3.0,1.5,2.5,4.0,0.0,0.0,3.5,0.0,0.0,0.0,0.0,0.0,0.0,0.0,0.0,0.0,0.0,0.0,0.0,0.0,3.5,3.0,0.0,0.0,2.0,1.0,0.0,0.0,0.0,4.0,3.5,4.0,1.0,2.0,2.0,3.0,3.5,3.5,2.0,3.5,0.0,0.0,3.5,0.0,2.0,0.0,3.0,1.5,2.0,1.5,0.0,4.0,0.0,0.0,0.0,0.0,0.0,0.0,0.0,0.0,0.0,0.0,0.0,0.0,0.0,0.0,0.0,4.0,4.0,0.0
Student_674,4.0,3.0,0.0,2.5,0.0,0.0,0.0,0.0,0.0,0.0,0.0,0.0,0.0,0.0,0.0,0.0,0.0,0.0,0.0,0.0,0.0,0.0,0.0,0.0,0.0,0.0,0.0,0.0,0.0,0.0,0.0,0.0,0.0,0.0,0.0,0.0,0.0,0.0,0.0,0.0,0.0,0.0,0.0,0.0,0.0,0.0,0.0,0.0,0.0,0.0,0.0,0.0,0.0,0.0,0.0,0.0,0.0,0.0,0.0,0.0,0.0,0.0,0.0,0.0,0.0,0.0,0.0,0.0,0.0,0.0,0.0,3.0,2.0,0.0,0.0,0.0,0.0,0.0,0.0,0.0,0.0,0.0,0.0,0.0,0.0,0.0,0.0,0.0,0.0,0.0,0.0,0.0,3.0,4.0,0.0
Student_675,3.5,4.0,3.5,3.5,3.0,3.0,3.5,3.5,3.5,3.0,2.5,2.5,3.5,4.0,4.0,3.5,4.0,3.0,3.5,4.0,3.5,0.0,0.0,0.0,1.5,4.0,0.0,3.0,3.5,0.0,0.0,0.0,3.0,0.0,0.0,0.0,0.0,0.0,0.0,0.0,3.0,0.0,0.0,0.0,0.0,4.0,4.0,4.0,0.0,4.0,0.0,0.0,0.0,0.0,4.0,4.0,0.0,1.5,4.0,4.0,4.0,4.0,4.0,4.0,4.0,0.0,4.0,4.0,0.0,0.0,0.0,4.0,4.0,4.0,4.0,0.0,0.0,0.0,0.0,4.0,0.0,0.0,0.0,0.0,0.0,0.0,0.0,0.0,0.0,0.0,0.0,0.0,4.0,4.0,0.0
Student_676,3.5,4.0,4.0,3.0,3.0,3.5,4.0,4.0,2.5,4.0,3.0,2.5,3.5,4.0,3.0,3.0,4.0,4.0,4.0,4.0,3.5,0.0,0.0,0.0,4.0,4.0,0.0,4.0,3.5,0.0,0.0,0.0,3.0,0.0,0.0,0.0,0.0,0.0,0.0,0.0,2.5,0.0,0.0,0.0,0.0,4.0,0.0,3.5,0.0,0.0,0.0,3.5,0.0,0.0,4.0,4.0,4.0,4.0,4.0,4.0,4.0,3.5,4.0,4.0,4.0,0.0,4.0,4.0,0.0,0.0,0.0,4.0,4.0,4.0,3.5,0.0,0.0,0.0,4.0,0.0,0.0,0.0,0.0,0.0,0.0,0.0,0.0,0.0,0.0,0.0,0.0,0.0,4.0,4.0,0.0
Student_677,4.0,0.0,3.5,0.0,3.0,0.0,3.0,3.5,0.0,0.0,0.0,0.0,0.0,2.5,3.5,0.0,3.5,0.0,1.5,1.5,0.0,0.0,0.0,0.0,0.0,0.0,1.5,0.0,0.0,0.0,0.0,0.0,0.0,0.0,0.0,0.0,0.0,0.0,0.0,0.0,0.0,0.0,0.0,0.0,0.0,3.5,0.0,0.0,0.0,0.0,0.0,0.0,0.0,0.0,0.0,0.0,0.0,0.0,0.0,0.0,4.0,3.0,4.0,3.0,4.0,0.0,4.0,4.0,0.0,0.0,0.0,3.0,3.5,0.0,2.5,0.0,0.0,0.0,0.0,0.0,0.0,0.0,0.0,0.0,0.0,0.0,4.0,0.0,0.0,0.0,0.0,0.0,4.0,0.0,3.0
Student_678,2.5,3.5,4.0,1.5,2.0,2.0,3.0,2.5,2.0,2.5,3.0,1.0,4.0,3.0,2.5,3.5,3.5,4.0,4.0,3.5,2.5,0.0,0.0,0.0,4.0,1.5,4.0,3.5,3.0,4.0,0.0,0.0,4.0,0.0,0.0,0.0,0.0,0.0,0.0,0.0,0.0,0.0,0.0,0.0,4.0,4.0,0.0,4.0,3.5,0.0,3.5,0.0,0.0,0.0,0.0,4.0,0.0,1.5,1.0,3.0,4.0,4.0,4.0,2.5,4.0,0.0,0.0,4.0,0.0,0.0,0.0,2.5,2.0,3.5,2.0,0.0,0.0,0.0,0.0,0.0,0.0,3.5,0.0,0.0,0.0,0.0,0.0,0.0,0.0,0.0,0.0,0.0,3.5,3.0,0.0
Student_679,3.5,4.0,3.5,4.0,3.5,3.5,2.75,2.5,1.0,1.0,3.0,3.5,3.0,3.0,2.0,3.0,3.5,2.5,2.0,2.5,2.75,0.0,0.0,0.0,3.0,3.0,2.5,2.5,3.0,0.0,0.0,2.75,2.5,0.0,0.0,0.0,0.0,0.0,0.0,0.0,3.5,0.0,0.0,0.0,0.0,0.0,0.0,2.75,4.0,0.0,0.0,0.0,0.0,0.0,4.0,4.0,0.0,2.0,2.0,3.0,3.0,2.0,4.0,2.5,4.0,0.0,4.0,3.5,0.0,0.0,0.0,4.0,3.5,3.0,3.0,0.0,0.0,0.0,4.0,0.0,0.0,0.0,0.0,0.0,0.0,0.0,0.0,0.0,0.0,0.0,0.0,0.0,4.0,4.0,0.0
Student_68,0.0,0.0,0.0,1.0,1.5,2.5,1.5,0.0,2.5,2.0,2.5,2.0,2.0,1.5,3.0,2.0,1.5,1.0,3.0,1.0,0.0,0.0,0.0,0.0,1.5,1.0,3.0,3.5,1.0,2.0,0.0,2.5,0.0,3.0,0.0,0.0,0.0,0.0,0.0,0.0,2.0,0.0,0.0,0.0,0.0,0.0,1.5,1.0,0.0,1.0,1.5,0.0,0.0,0.0,0.0,3.5,0.0,2.0,3.0,3.0,0.0,0.0,0.0,0.0,0.0,0.0,0.0,0.0,0.0,0.0,0.0,0.0,3.0,1.5,0.0,0.0,0.0,0.0,0.0,0.0,0.0,0.0,0.0,0.0,0.0,0.0,0.0,3.0,0.0,0.0,0.0,0.0,0.0,0.0,0.0
Student_680,2.5,2.5,3.0,4.0,3.0,4.0,2.5,0.0,2.0,1.5,2.5,2.5,3.0,2.5,3.0,2.0,2.5,2.5,3.0,2.5,0.0,0.0,0.0,0.0,2.0,0.0,0.0,4.0,3.5,3.0,0.0,0.0,0.0,0.0,4.0,2.0,0.0,0.0,0.0,0.0,0.0,0.0,0.0,0.0,0.0,0.0,0.0,0.0,0.0,0.0,0.0,2.5,0.0,0.0,0.0,3.0,0.0,1.5,2.0,3.0,4.0,3.5,4.0,2.0,4.0,0.0,0.0,4.0,0.0,0.0,0.0,3.5,4.0,2.0,2.0,3.5,0.0,0.0,0.0,0.0,0.0,0.0,0.0,0.0,0.0,0.0,0.0,0.0,0.0,0.0,0.0,0.0,4.0,4.0,0.0
Student_681,4.0,4.0,2.5,2.5,2.5,3.0,2.5,4.0,1.5,1.0,2.0,2.5,3.5,2.0,1.5,1.0,1.0,2.0,2.0,2.5,1.0,0.0,0.0,0.0,3.0,1.75,2.0,2.0,2.25,0.0,0.0,0.0,0.0,0.0,0.0,0.0,0.0,0.0,0.0,0.0,2.5,0.0,0.0,0.0,0.0,0.0,0.0,0.0,0.0,2.75,1.0,3.25,0.0,0.0,4.0,3.75,0.0,2.5,2.5,4.0,3.0,1.5,4.0,3.0,4.0,0.0,3.0,4.0,0.0,0.0,0.0,2.0,3.5,1.0,2.0,0.0,0.0,0.0,0.0,0.0,0.0,0.0,0.0,0.0,0.0,0.0,0.0,0.0,0.0,0.0,3.0,0.0,4.0,4.0,2.0
Student_682,3.0,4.0,3.0,4.0,3.0,4.0,4.0,3.5,2.5,2.5,3.0,2.5,2.5,3.0,2.0,3.0,3.0,3.0,3.5,3.5,3.0,0.0,0.0,0.0,2.5,2.5,0.0,4.0,3.0,2.5,0.0,3.0,1.5,0.0,0.0,0.0,0.0,0.0,0.0,0.0,3.5,0.0,0.0,0.0,0.0,3.5,0.0,1.5,2.5,0.0,0.0,3.5,0.0,0.0,0.0,3.0,0.0,2.5,3.0,2.5,4.0,3.0,4.0,3.5,4.0,0.0,0.0,3.5,0.0,0.0,0.0,2.0,4.0,3.5,2.0,0.0,0.0,0.0,3.5,0.0,0.0,0.0,0.0,0.0,0.0,0.0,0.0,0.0,0.0,0.0,0.0,0.0,4.0,4.0,0.0
Student_683,0.0,2.0,3.5,3.5,2.5,3.5,1.0,2.5,3.5,4.0,3.0,2.0,4.0,3.5,2.5,2.0,4.0,2.0,3.5,3.5,2.5,0.0,0.0,0.0,4.0,1.5,0.0,3.5,3.5,3.0,0.0,2.0,1.0,0.0,0.0,0.0,0.0,0.0,0.0,0.0,2.5,0.0,0.0,0.0,1.0,3.5,3.0,0.0,0.0,0.0,1.0,0.0,0.0,0.0,0.0,3.5,0.0,1.0,1.0,3.5,2.0,1.5,4.0,1.0,4.0,0.0,0.0,4.0,0.0,0.0,0.0,2.0,1.5,2.0,2.0,0.0,0.0,0.0,0.0,0.0,0.0,0.0,0.0,0.0,0.0,0.0,0.0,0.0,0.0,0.0,0.0,0.0,0.0,4.0,0.0
Student_684,3.5,1.5,1.0,3.0,2.0,2.5,2.5,3.5,1.0,1.5,2.5,1.5,3.0,2.5,1.5,2.5,3.0,2.0,1.5,1.5,0.0,0.0,0.0,0.0,1.0,2.5,1.5,3.0,2.5,0.0,0.0,2.0,0.0,0.0,0.0,0.0,0.0,0.0,0.0,0.0,3.5,0.0,0.0,0.0,0.0,0.0,2.5,0.0,0.0,2.5,2.5,0.0,0.0,0.0,4.0,4.0,0.0,2.0,3.0,4.0,3.0,2.0,4.0,2.5,3.5,0.0,4.0,3.0,0.0,0.0,1.0,3.0,2.5,1.0,3.0,0.0,4.0,0.0,0.0,0.0,0.0,0.0,0.0,0.0,0.0,0.0,0.0,0.0,0.0,0.0,0.0,0.0,3.0,0.0,0.0
Student_685,3.5,3.5,2.5,1.0,1.0,4.0,2.0,2.0,1.5,1.5,2.5,2.5,4.0,2.0,1.0,4.0,2.0,1.5,1.0,2.5,0.0,0.0,0.0,0.0,3.0,2.5,3.0,2.0,2.0,1.5,0.0,0.0,1.0,2.5,3.5,0.0,2.5,0.0,0.0,0.0,0.0,0.0,0.0,0.0,1.5,0.0,0.0,0.0,0.0,0.0,0.0,0.0,1.0,0.0,0.0,4.0,0.0,1.0,1.5,1.5,2.5,3.5,3.0,3.5,4.0,0.0,0.0,3.0,0.0,0.0,2.5,2.5,1.5,3.0,2.0,0.0,0.0,0.0,0.0,0.0,0.0,0.0,0.0,0.0,0.0,0.0,0.0,0.0,0.0,0.0,3.0,0.0,2.5,2.0,0.0
Student_686,4.0,4.0,4.0,2.0,3.0,3.0,3.5,0.0,2.5,2.0,3.0,2.5,4.0,2.5,2.0,3.5,3.5,3.0,3.5,3.5,0.0,0.0,0.0,0.0,3.0,3.5,4.0,3.5,3.5,4.0,0.0,3.5,4.0,0.0,0.0,0.0,0.0,0.0,0.0,0.0,0.0,0.0,0.0,0.0,0.0,3.0,0.0,0.0,4.0,0.0,4.0,3.5,0.0,0.0,0.0,4.0,0.0,3.5,4.0,4.0,2.5,4.0,4.0,4.0,4.0,0.0,0.0,4.0,0.0,0.0,4.0,3.5,4.0,4.0,4.0,0.0,0.0,0.0,0.0,0.0,4.0,0.0,0.0,0.0,0.0,0.0,0.0,0.0,0.0,0.0,0.0,0.0,4.0,3.0,0.0
Student_687,1.5,4.0,0.0,0.0,0.0,0.0,0.0,0.0,0.0,0.0,0.0,0.0,0.0,0.0,0.0,0.0,0.0,0.0,0.0,0.0,0.0,0.0,0.0,0.0,0.0,0.0,0.0,0.0,0.0,0.0,0.0,0.0,0.0,0.0,0.0,0.0,0.0,0.0,0.0,0.0,0.0,0.0,0.0,0.0,0.0,0.0,0.0,0.0,0.0,0.0,0.0,0.0,0.0,0.0,0.0,0.0,0.0,0.0,0.0,0.0,0.0,0.0,0.0,0.0,0.0,0.0,0.0,0.0,0.0,0.0,0.0,2.5,1.5,0.0,2.0,0.0,0.0,0.0,4.0,0.0,0.0,0.0,0.0,0.0,0.0,0.0,0.0,0.0,0.0,0.0,0.0,0.0,2.0,4.0,0.0
Student_688,3.5,3.0,3.5,2.5,1.5,4.0,2.0,3.0,1.5,2.5,2.5,2.0,3.5,2.5,2.5,3.5,3.5,3.5,3.0,3.0,3.0,0.0,0.0,0.0,3.0,1.5,0.0,4.0,2.5,3.0,0.0,0.0,0.0,0.0,0.0,0.0,0.0,0.0,0.0,0.0,4.0,0.0,0.0,0.0,4.0,3.5,4.0,2.0,0.0,0.0,0.0,0.0,0.0,0.0,3.5,3.5,4.0,1.0,3.5,1.5,3.5,3.0,4.0,3.0,4.0,0.0,0.0,3.5,0.0,0.0,0.0,3.0,1.5,2.5,3.5,0.0,0.0,0.0,0.0,0.0,0.0,0.0,0.0,0.0,0.0,0.0,3.5,0.0,0.0,0.0,0.0,0.0,1.5,3.0,0.0
Student_689,4.0,3.5,4.0,1.5,3.5,4.0,3.0,2.5,2.5,2.0,4.0,2.0,2.5,2.5,3.0,2.5,3.5,2.5,4.0,4.0,3.0,0.0,0.0,0.0,3.0,3.0,0.0,4.0,3.5,4.0,0.0,4.0,3.0,0.0,0.0,0.0,0.0,0.0,0.0,0.0,4.0,0.0,0.0,0.0,0.0,4.0,0.0,4.0,2.0,0.0,0.0,4.0,0.0,0.0,0.0,3.0,0.0,2.5,3.5,3.0,2.0,3.0,4.0,2.5,4.0,0.0,0.0,4.0,0.0,0.0,0.0,3.5,2.5,3.5,3.0,0.0,0.0,0.0,0.0,0.0,3.5,0.0,0.0,0.0,0.0,0.0,0.0,0.0,0.0,0.0,0.0,0.0,3.0,3.5,0.0
Student_69,4.0,4.0,3.5,4.0,3.5,4.0,3.5,4.0,4.0,4.0,3.5,4.0,4.0,2.5,2.0,3.0,4.0,4.0,4.0,4.0,0.0,0.0,0.0,0.0,4.0,4.0,0.0,4.0,3.0,0.0,0.0,2.5,0.0,0.0,0.0,0.0,0.0,0.0,0.0,0.0,1.0,0.0,0.0,0.0,1.5,4.0,0.0,3.5,0.0,0.0,2.0,0.0,0.0,0.0,4.0,4.0,4.0,4.0,3.5,4.0,4.0,3.0,4.0,3.0,4.0,0.0,4.0,4.0,0.0,0.0,4.0,3.0,3.0,3.0,4.0,0.0,0.0,0.0,0.0,0.0,0.0,0.0,0.0,0.0,0.0,0.0,3.0,0.0,0.0,0.0,0.0,0.0,4.0,4.0,0.0
Student_690,3.0,2.0,4.0,3.0,2.0,4.0,4.0,0.0,4.0,3.0,4.0,2.5,2.5,4.0,3.0,2.0,2.0,3.0,4.0,3.5,0.0,0.0,3.5,0.0,3.0,1.5,2.0,2.5,2.5,3.0,0.0,0.0,3.5,0.0,4.0,0.0,1.5,0.0,0.0,0.0,0.0,3.0,2.0,0.0,0.0,0.0,0.0,4.0,0.0,0.0,0.0,0.0,0.0,0.0,0.0,4.0,0.0,1.5,2.5,2.0,2.5,2.5,3.0,3.0,4.0,0.0,0.0,4.0,0.0,0.0,2.5,3.5,2.0,2.0,3.0,0.0,0.0,0.0,0.0,0.0,0.0,0.0,0.0,0.0,0.0,0.0,0.0,0.0,0.0,0.0,0.0,0.0,3.5,2.0,0.0
Student_691,4.0,4.0,0.0,0.0,0.0,0.0,0.0,0.0,0.0,0.0,0.0,0.0,0.0,0.0,0.0,0.0,0.0,0.0,0.0,0.0,0.0,0.0,0.0,0.0,0.0,0.0,0.0,0.0,0.0,0.0,0.0,0.0,0.0,0.0,0.0,0.0,0.0,0.0,0.0,0.0,0.0,0.0,0.0,0.0,0.0,0.0,0.0,0.0,0.0,0.0,0.0,0.0,0.0,0.0,0.0,0.0,0.0,0.0,0.0,0.0,0.0,0.0,0.0,0.0,0.0,0.0,0.0,0.0,0.0,0.0,0.0,2.5,2.0,0.0,0.0,0.0,0.0,0.0,0.0,0.0,0.0,0.0,0.0,0.0,0.0,0.0,0.0,0.0,0.0,0.0,0.0,0.0,4.0,4.0,0.0
Student_692,4.0,4.0,4.0,2.5,4.0,4.0,3.5,0.0,4.0,4.0,4.0,2.5,2.5,3.5,3.5,4.0,3.5,4.0,3.5,3.5,0.0,0.0,0.0,0.0,3.0,3.5,4.0,4.0,3.5,3.5,0.0,3.5,0.0,0.0,0.0,0.0,3.5,0.0,0.0,0.0,0.0,0.0,0.0,0.0,0.0,3.5,0.0,4.0,2.0,0.0,0.0,0.0,0.0,0.0,0.0,4.0,0.0,3.5,1.5,3.0,0.0,3.5,4.0,3.5,4.0,0.0,0.0,4.0,0.0,0.0,0.0,4.0,3.5,0.0,3.0,0.0,4.0,0.0,0.0,0.0,0.0,0.0,0.0,0.0,0.0,0.0,0.0,0.0,0.0,0.0,0.0,0.0,4.0,4.0,0.0
Student_693,3.5,4.0,4.0,2.0,3.5,4.0,3.0,3.5,2.5,2.5,3.0,2.5,3.5,3.5,3.0,3.25,3.0,2.0,3.0,1.25,2.0,0.0,0.0,0.0,2.5,3.0,1.5,3.0,2.25,0.0,0.0,0.0,0.0,0.0,4.0,0.0,0.0,0.0,0.0,0.0,3.0,0.0,0.0,0.0,3.25,0.0,0.0,1.25,3.25,0.0,0.0,0.0,0.0,0.0,4.0,4.0,0.0,3.5,3.0,4.0,4.0,1.0,4.0,3.0,4.0,0.0,4.0,4.0,0.0,0.0,0.0,3.5,4.0,3.0,2.5,0.0,0.0,0.0,3.5,0.0,0.0,0.0,0.0,0.0,0.0,0.0,0.0,0.0,0.0,0.0,0.0,0.0,4.0,4.0,0.0
Student_694,3.5,4.0,3.0,2.5,2.5,4.0,3.5,3.0,2.5,3.0,3.0,2.0,3.5,3.0,2.5,4.0,2.5,3.5,4.0,3.5,2.5,0.0,0.0,0.0,2.5,3.5,4.0,4.0,3.5,0.0,0.0,0.0,0.0,0.0,0.0,0.0,0.0,0.0,0.0,0.0,3.0,0.0,0.0,0.0,4.0,0.0,3.5,0.0,2.0,0.0,0.0,0.0,0.0,4.0,4.0,4.0,4.0,2.0,3.0,4.0,3.5,3.0,4.0,2.5,4.0,0.0,0.0,4.0,0.0,0.0,0.0,4.0,3.0,3.5,3.5,0.0,0.0,0.0,0.0,0.0,0.0,2.5,0.0,0.0,0.0,0.0,0.0,0.0,0.0,0.0,0.0,0.0,3.0,3.5,0.0
Student_695,3.5,4.0,2.0,2.0,3.0,2.5,3.5,2.5,3.5,4.0,3.0,1.0,2.5,3.0,3.0,3.0,4.0,2.0,2.0,1.5,3.0,0.0,0.0,0.0,3.5,1.5,2.5,4.0,2.0,0.0,0.0,0.0,0.0,0.0,4.0,0.0,0.0,0.0,0.0,0.0,0.0,0.0,0.0,0.0,0.0,3.5,0.0,2.0,2.0,0.0,0.0,2.0,0.0,0.0,4.0,4.0,4.0,2.0,3.5,3.5,4.0,3.5,4.0,3.5,4.0,0.0,3.0,4.0,0.0,0.0,0.0,3.5,2.5,4.0,2.0,0.0,4.0,0.0,0.0,0.0,0.0,0.0,0.0,0.0,0.0,0.0,0.0,0.0,0.0,0.0,0.0,0.0,3.0,4.0,0.0
Student_696,3.0,4.0,3.5,4.0,3.0,3.5,3.0,2.5,3.5,4.0,3.0,3.0,4.0,4.0,4.0,2.0,4.0,2.5,4.0,4.0,0.0,0.0,0.0,0.0,4.0,1.0,3.0,4.0,3.0,0.0,0.0,3.0,2.0,0.0,0.0,0.0,0.0,0.0,0.0,0.0,2.5,0.0,0.0,0.0,0.0,3.5,3.5,0.0,0.0,0.0,2.5,0.0,0.0,0.0,4.0,3.5,4.0,1.5,2.0,3.5,3.0,3.0,4.0,3.5,4.0,0.0,4.0,4.0,0.0,0.0,0.0,4.0,3.5,2.5,3.0,0.0,0.0,0.0,0.0,0.0,0.0,0.0,0.0,0.0,0.0,0.0,0.0,3.0,0.0,0.0,0.0,0.0,3.0,3.5,0.0
Student_697,4.0,3.0,2.5,4.0,1.5,2.5,2.5,4.0,3.5,1.5,1.5,1.0,3.0,2.0,2.5,1.5,2.0,1.0,1.0,1.0,0.0,0.0,0.0,0.0,2.0,2.0,1.0,2.0,1.0,0.0,0.0,0.0,0.0,0.0,0.0,0.0,0.0,0.0,0.0,0.0,1.5,0.0,0.0,0.0,1.0,0.0,0.0,2.5,1.0,0.0,0.0,0.0,0.0,2.5,4.0,3.0,4.0,1.0,3.0,3.0,3.0,2.0,4.0,1.5,4.0,0.0,3.5,3.0,0.0,0.0,4.0,2.5,1.0,2.5,2.0,0.0,0.0,0.0,0.0,0.0,0.0,0.0,0.0,0.0,0.0,0.0,0.0,0.0,0.0,0.0,0.0,0.0,3.0,3.5,0.0
Student_698,2.0,0.0,3.0,4.0,1.5,3.0,2.0,0.0,3.5,3.5,1.0,2.5,3.5,2.5,1.5,3.5,2.0,1.0,1.5,1.0,0.0,0.0,0.0,0.0,3.0,3.0,0.0,1.5,2.0,0.0,0.0,1.5,0.0,0.0,0.0,0.0,0.0,0.0,0.0,0.0,2.5,0.0,0.0,0.0,0.0,3.0,0.0,0.0,3.5,2.5,0.0,0.0,0.0,4.0,4.0,4.0,0.0,2.0,3.0,3.5,2.0,0.0,0.0,0.0,0.0,0.0,0.0,0.0,0.0,0.0,3.5,0.0,0.0,0.0,0.0,0.0,0.0,0.0,0.0,0.0,0.0,0.0,0.0,0.0,0.0,0.0,0.0,2.0,0.0,0.0,0.0,0.0,0.0,0.0,0.0
Student_699,4.0,4.0,3.5,2.0,3.5,2.5,3.5,3.5,3.0,1.0,3.5,4.0,2.5,3.5,4.0,3.0,4.0,2.0,4.0,3.0,0.0,0.0,3.5,0.0,1.5,4.0,3.5,4.0,2.5,1.0,0.0,2.5,2.0,4.0,0.0,0.0,0.0,3.5,0.0,0.0,3.5,0.0,0.0,0.0,0.0,0.0,0.0,0.0,0.0,0.0,0.0,0.0,2.0,0.0,0.0,3.5,0.0,3.0,2.5,3.0,4.0,4.0,3.5,4.0,4.0,0.0,0.0,4.0,0.0,0.0,3.0,4.0,4.0,3.5,3.5,0.0,0.0,0.0,0.0,0.0,0.0,0.0,0.0,0.0,0.0,0.0,0.0,0.0,0.0,0.0,0.0,0.0,3.5,4.0,0.0
Student_7,2.5,2.5,3.0,1.5,2.5,3.0,2.0,0.0,2.0,1.5,3.0,1.5,3.0,1.5,3.0,2.5,1.0,2.0,2.0,1.0,3.0,0.0,0.0,0.0,1.0,1.5,1.0,3.0,1.5,2.5,0.0,1.5,0.0,0.0,1.5,2.5,0.0,0.0,0.0,0.0,2.5,0.0,0.0,0.0,0.0,0.0,0.0,0.0,0.0,0.0,1.0,2.0,0.0,0.0,0.0,3.0,0.0,3.5,1.5,2.0,3.0,3.5,4.0,3.0,4.0,0.0,0.0,4.0,0.0,0.0,0.0,2.0,1.0,4.0,2.5,0.0,0.0,0.0,0.0,0.0,3.5,0.0,0.0,0.0,0.0,0.0,0.0,0.0,0.0,0.0,0.0,0.0,3.0,4.0,0.0
Student_70,0.0,4.0,2.0,2.0,4.0,4.0,3.0,2.5,2.0,2.0,2.0,3.0,4.0,4.0,2.5,1.5,3.0,1.75,1.5,1.5,2.5,0.0,0.0,0.0,3.25,2.0,2.0,3.5,2.75,0.0,0.0,0.0,0.0,0.0,0.0,3.5,0.0,0.0,0.0,0.0,1.5,0.0,0.0,0.0,1.5,0.0,0.0,3.5,0.0,1.5,0.0,0.0,0.0,0.0,4.0,4.0,0.0,2.0,2.0,4.0,2.5,2.5,4.0,3.0,4.0,0.0,2.5,3.0,0.0,0.0,0.0,3.5,3.5,3.5,2.0,0.0,0.0,0.0,0.0,0.0,0.0,0.0,0.0,0.0,0.0,0.0,0.0,0.0,0.0,0.0,0.0,0.0,3.0,0.0,0.0
Student_700,3.0,4.0,3.0,2.5,2.5,3.0,3.0,0.0,2.0,2.0,3.0,2.0,2.5,2.5,1.5,2.5,3.0,1.5,1.5,2.0,0.0,0.0,0.0,0.0,2.5,1.0,0.0,3.0,2.0,4.0,0.0,3.0,0.0,0.0,0.0,0.0,0.0,2.0,0.0,0.0,3.5,0.0,0.0,0.0,0.0,1.0,0.0,2.0,0.0,0.0,2.0,2.5,0.0,0.0,0.0,3.0,0.0,2.5,2.5,3.0,2.5,2.0,4.0,1.0,4.0,0.0,0.0,4.0,0.0,0.0,3.5,2.5,1.0,3.5,2.5,0.0,0.0,0.0,0.0,0.0,0.0,0.0,0.0,0.0,0.0,0.0,0.0,0.0,0.0,0.0,0.0,0.0,4.0,4.0,0.0
Student_701,1.5,2.0,4.0,4.0,2.5,3.0,3.0,0.0,3.0,4.0,4.0,1.5,3.0,3.0,3.0,4.0,4.0,2.5,3.5,3.5,2.0,0.0,0.0,0.0,3.5,3.0,0.0,2.5,3.5,3.0,0.0,2.5,3.0,0.0,0.0,0.0,0.0,0.0,0.0,0.0,3.0,0.0,0.0,0.0,3.0,3.0,0.0,0.0,3.5,0.0,3.0,0.0,0.0,0.0,0.0,4.0,0.0,2.0,4.0,3.0,4.0,4.0,4.0,3.5,4.0,0.0,0.0,3.5,0.0,0.0,4.0,3.0,2.0,3.0,3.5,3.5,0.0,0.0,0.0,0.0,0.0,0.0,0.0,0.0,0.0,0.0,0.0,0.0,0.0,0.0,0.0,0.0,2.5,2.5,0.0
Student_702,3.5,3.0,3.5,3.5,2.5,4.0,3.0,0.0,2.5,3.0,3.5,2.5,3.0,4.0,2.5,3.0,2.0,3.0,3.0,3.5,2.0,0.0,0.0,0.0,1.5,3.0,2.0,3.5,3.5,4.0,0.0,0.0,0.0,3.5,0.0,0.0,0.0,3.5,0.0,0.0,0.0,0.0,0.0,0.0,0.0,3.5,0.0,0.0,4.0,4.0,0.0,3.0,0.0,0.0,0.0,4.0,0.0,3.5,4.0,4.0,3.5,4.0,4.0,4.0,4.0,0.0,0.0,4.0,0.0,0.0,0.0,3.0,2.5,2.5,4.0,0.0,0.0,0.0,0.0,0.0,0.0,0.0,3.5,0.0,0.0,0.0,0.0,0.0,0.0,0.0,0.0,0.0,3.0,3.5,0.0
Student_703,3.0,4.0,3.5,2.0,2.5,4.0,3.0,0.0,2.0,2.0,1.5,3.0,3.0,2.0,3.0,2.5,2.0,2.5,3.0,2.5,3.0,0.0,0.0,0.0,4.0,2.0,2.5,3.5,3.5,2.5,0.0,0.0,1.5,0.0,2.5,0.0,0.0,3.5,0.0,0.0,0.0,0.0,0.0,0.0,0.0,0.0,0.0,0.0,0.0,0.0,2.5,4.0,0.0,0.0,0.0,3.5,0.0,1.0,1.5,2.0,3.0,3.5,3.5,3.0,4.0,0.0,0.0,4.0,0.0,0.0,2.0,2.0,1.5,3.0,2.5,0.0,0.0,0.0,0.0,0.0,0.0,0.0,0.0,0.0,0.0,0.0,0.0,0.0,0.0,0.0,0.0,0.0,3.0,2.5,0.0
Student_704,4.0,3.5,2.0,1.0,1.5,4.0,2.0,0.0,1.0,1.0,2.5,1.5,4.0,2.0,2.5,2.0,1.5,1.5,2.0,2.0,3.0,0.0,0.0,0.0,1.0,2.0,0.0,2.5,2.5,2.5,0.0,0.0,0.0,2.5,0.0,3.5,1.5,0.0,2.0,1.5,3.0,0.0,0.0,0.0,0.0,0.0,0.0,0.0,0.0,0.0,0.0,0.0,2.5,0.0,0.0,4.0,0.0,1.5,1.0,2.0,2.5,3.5,3.5,2.0,3.0,0.0,0.0,3.5,0.0,0.0,0.0,2.5,3.0,2.0,1.0,0.0,0.0,0.0,0.0,0.0,0.0,0.0,0.0,0.0,0.0,0.0,0.0,4.0,0.0,0.0,0.0,0.0,3.0,3.5,0.0
Student_705,3.0,3.0,2.5,3.5,2.5,3.0,4.0,4.0,3.5,3.0,3.5,3.0,2.5,2.5,4.0,4.0,4.0,3.5,4.0,3.5,3.5,0.0,0.0,0.0,4.0,4.0,0.0,3.5,1.0,3.0,0.0,3.5,4.0,0.0,0.0,0.0,0.0,0.0,0.0,0.0,4.0,0.0,0.0,0.0,3.5,3.5,0.0,4.0,0.0,3.0,0.0,0.0,0.0,0.0,0.0,3.5,0.0,2.5,4.0,3.5,4.0,4.0,4.0,4.0,4.0,0.0,0.0,3.5,0.0,0.0,0.0,3.5,3.5,4.0,2.5,0.0,0.0,0.0,0.0,0.0,0.0,0.0,0.0,0.0,0.0,0.0,0.0,0.0,0.0,0.0,4.0,0.0,4.0,3.5,0.0
Student_706,3.5,2.5,0.0,0.0,0.0,0.0,0.0,0.0,0.0,0.0,0.0,0.0,0.0,0.0,0.0,0.0,0.0,0.0,0.0,0.0,0.0,0.0,0.0,0.0,0.0,0.0,0.0,0.0,0.0,0.0,0.0,0.0,0.0,0.0,0.0,0.0,0.0,0.0,0.0,0.0,0.0,0.0,0.0,0.0,0.0,0.0,0.0,0.0,0.0,0.0,0.0,0.0,0.0,0.0,0.0,0.0,0.0,0.0,0.0,0.0,0.0,0.0,0.0,0.0,0.0,0.0,0.0,0.0,0.0,0.0,0.0,3.5,1.0,0.0,0.0,0.0,0.0,0.0,0.0,0.0,0.0,0.0,0.0,0.0,0.0,0.0,0.0,0.0,0.0,0.0,0.0,0.0,2.0,3.0,0.0
Student_707,0.0,0.0,2.0,0.0,2.5,0.0,4.0,0.0,0.0,0.0,0.0,0.0,0.0,2.0,3.5,3.25,3.5,0.0,2.75,2.0,0.0,0.0,0.0,0.0,0.0,0.0,3.75,0.0,0.0,0.0,0.0,0.0,0.0,0.0,0.0,0.0,0.0,0.0,0.0,0.0,0.0,0.0,0.0,0.0,0.0,2.5,0.0,0.0,0.0,0.0,0.0,0.0,0.0,0.0,0.0,0.0,0.0,0.0,0.0,0.0,3.25,3.5,4.0,3.5,4.0,4.0,4.0,3.5,0.0,0.0,0.0,2.5,3.5,0.0,3.5,0.0,0.0,0.0,4.0,0.0,0.0,0.0,0.0,0.0,0.0,0.0,0.0,0.0,0.0,0.0,0.0,0.0,0.0,0.0,3.0
Student_708,3.5,3.5,3.5,2.0,3.5,3.5,4.0,0.0,2.5,2.5,3.0,3.5,2.5,4.0,3.5,3.5,3.0,3.5,3.5,3.0,0.0,0.0,0.0,0.0,2.5,3.5,0.0,4.0,3.0,4.0,0.0,2.0,2.0,0.0,0.0,0.0,0.0,0.0,0.0,0.0,4.0,0.0,0.0,0.0,0.0,3.0,0.0,0.0,3.5,3.5,0.0,0.0,2.0,0.0,0.0,4.0,0.0,2.0,3.5,3.5,3.5,3.5,4.0,3.5,4.0,0.0,0.0,3.5,0.0,0.0,3.5,3.0,3.5,3.0,3.5,0.0,0.0,0.0,3.5,0.0,0.0,0.0,0.0,0.0,0.0,0.0,0.0,0.0,0.0,0.0,0.0,0.0,4.0,4.0,0.0
Student_709,3.0,3.5,3.0,3.5,2.5,3.5,2.5,0.0,4.0,3.5,3.0,3.0,4.0,3.5,1.5,2.0,2.5,1.0,3.0,2.0,3.5,0.0,0.0,0.0,4.0,3.0,3.0,2.0,2.5,3.5,2.0,0.0,0.0,0.0,2.5,3.0,0.0,0.0,0.0,0.0,2.0,0.0,1.5,0.0,0.0,0.0,0.0,0.0,0.0,0.0,0.0,2.0,0.0,0.0,0.0,3.0,0.0,2.5,1.5,1.5,2.5,3.0,4.0,4.0,4.0,0.0,0.0,2.5,0.0,0.0,0.0,4.0,4.0,2.5,2.5,0.0,0.0,0.0,0.0,0.0,0.0,0.0,0.0,0.0,0.0,0.0,3.0,0.0,0.0,0.0,0.0,0.0,4.0,4.0,0.0
Student_71,3.5,4.0,0.0,0.0,0.0,0.0,0.0,0.0,0.0,0.0,2.0,0.0,0.0,0.0,0.0,0.0,0.0,0.0,0.0,0.0,0.0,0.0,0.0,0.0,0.0,0.0,0.0,0.0,0.0,0.0,0.0,0.0,0.0,0.0,0.0,0.0,0.0,0.0,0.0,0.0,0.0,0.0,0.0,0.0,0.0,0.0,0.0,0.0,0.0,0.0,0.0,0.0,0.0,0.0,0.0,0.0,0.0,0.0,0.0,0.0,0.0,0.0,0.0,0.0,0.0,0.0,0.0,0.0,0.0,0.0,0.0,4.0,3.0,0.0,0.0,0.0,0.0,0.0,0.0,0.0,0.0,0.0,0.0,0.0,0.0,0.0,0.0,0.0,0.0,0.0,0.0,0.0,4.0,3.5,0.0
Student_710,3.5,3.0,3.5,4.0,3.0,3.5,4.0,0.0,2.5,3.5,3.5,3.0,4.0,3.0,4.0,3.0,3.0,2.5,3.0,4.0,0.0,0.0,0.0,0.0,4.0,3.5,4.0,3.0,3.0,4.0,0.0,4.0,4.0,0.0,4.0,0.0,0.0,0.0,0.0,0.0,4.0,0.0,0.0,0.0,4.0,4.0,0.0,0.0,0.0,0.0,3.5,0.0,0.0,0.0,0.0,4.0,0.0,3.5,4.0,4.0,3.0,4.0,3.5,4.0,4.0,0.0,0.0,4.0,0.0,0.0,0.0,3.5,4.0,4.0,3.5,0.0,4.0,0.0,0.0,0.0,0.0,0.0,0.0,0.0,0.0,0.0,0.0,0.0,0.0,0.0,0.0,0.0,3.5,4.0,0.0
Student_711,4.0,4.0,4.0,4.0,3.5,4.0,3.0,4.0,3.5,3.0,2.0,3.0,4.0,3.0,2.0,3.5,3.5,3.0,3.5,3.5,3.0,0.0,0.0,0.0,3.5,4.0,3.5,3.5,3.25,0.0,0.0,0.0,3.5,0.0,0.0,0.0,0.0,0.0,0.0,0.0,3.0,0.0,0.0,0.0,0.0,0.0,0.0,2.75,3.5,0.0,3.0,0.0,0.0,0.0,4.0,4.0,0.0,4.0,3.5,4.0,4.0,3.0,4.0,3.0,4.0,0.0,4.0,4.0,0.0,0.0,0.0,3.5,4.0,4.0,3.5,0.0,0.0,0.0,4.0,0.0,0.0,0.0,0.0,0.0,0.0,0.0,0.0,0.0,0.0,0.0,0.0,0.0,4.0,0.0,0.0
Student_712,3.0,0.0,3.5,2.0,3.5,4.0,1.0,2.5,2.5,2.5,3.0,3.5,3.0,3.0,2.5,3.5,3.5,2.5,4.0,3.5,3.5,0.0,0.0,0.0,3.5,2.5,0.0,4.0,2.5,0.0,0.0,0.0,3.0,0.0,0.0,0.0,0.0,0.0,0.0,0.0,3.0,0.0,0.0,0.0,4.0,4.0,0.0,0.0,0.0,3.0,0.0,0.0,3.0,0.0,4.0,3.0,0.0,2.0,2.5,4.0,4.0,4.0,4.0,1.5,4.0,0.0,4.0,4.0,0.0,0.0,0.0,3.0,3.0,4.0,2.5,0.0,0.0,0.0,0.0,0.0,0.0,0.0,0.0,0.0,0.0,0.0,0.0,0.0,0.0,0.0,4.0,0.0,3.0,0.0,0.0
Student_713,3.0,4.0,3.0,3.0,2.5,4.0,1.5,2.5,2.5,3.0,1.5,2.5,3.0,2.0,2.5,3.5,3.0,3.0,3.0,3.5,0.0,0.0,0.0,0.0,3.5,3.0,2.0,3.5,3.5,0.0,0.0,0.0,0.0,0.0,0.0,0.0,0.0,0.0,0.0,0.0,0.0,0.0,0.0,0.0,2.5,3.0,3.5,0.0,0.0,3.0,1.5,0.0,0.0,0.0,4.0,3.5,4.0,1.0,2.0,3.5,4.0,4.0,4.0,4.0,4.0,0.0,0.0,3.5,0.0,3.0,0.0,2.0,3.5,3.5,3.0,0.0,2.0,0.0,0.0,0.0,0.0,0.0,0.0,0.0,0.0,0.0,0.0,0.0,0.0,0.0,0.0,0.0,2.0,4.0,0.0
Student_714,2.0,3.0,2.5,3.5,3.0,4.0,2.5,3.5,2.5,1.0,1.5,1.0,3.5,2.5,3.0,2.5,1.0,2.75,1.0,2.0,1.5,0.0,0.0,0.0,3.5,1.0,2.0,3.5,3.0,0.0,0.0,0.0,0.0,0.0,0.0,0.0,0.0,0.0,0.0,0.0,0.0,0.0,0.0,0.0,1.75,0.0,0.0,2.0,0.0,0.0,0.0,0.0,2.0,2.5,3.5,4.0,4.0,2.5,3.5,4.0,4.0,3.0,4.0,2.5,4.0,0.0,3.0,3.5,0.0,0.0,4.0,4.0,2.0,4.0,2.5,0.0,0.0,0.0,0.0,0.0,0.0,0.0,0.0,0.0,0.0,0.0,0.0,4.0,0.0,0.0,0.0,0.0,4.0,4.0,0.0
Student_715,1.5,2.0,3.0,4.0,2.5,3.0,3.5,0.0,2.5,2.5,2.5,2.5,2.5,2.0,2.5,3.5,1.5,2.5,2.0,2.5,0.0,0.0,0.0,0.0,2.0,2.5,2.0,3.0,2.0,3.5,0.0,3.5,3.0,0.0,0.0,0.0,0.0,0.0,0.0,4.0,0.0,0.0,0.0,0.0,0.0,2.5,3.5,4.0,0.0,0.0,0.0,0.0,0.0,0.0,0.0,4.0,0.0,2.5,2.5,2.0,2.0,3.5,3.0,2.5,4.0,0.0,0.0,4.0,0.0,0.0,2.0,2.5,2.5,2.0,3.5,0.0,0.0,3.0,0.0,0.0,0.0,0.0,0.0,0.0,0.0,0.0,0.0,0.0,0.0,0.0,0.0,0.0,3.5,2.0,0.0
Student_716,2.0,3.0,0.0,0.0,0.0,0.0,0.0,0.0,0.0,0.0,0.0,0.0,0.0,0.0,0.0,0.0,0.0,0.0,0.0,0.0,0.0,0.0,0.0,0.0,0.0,0.0,0.0,0.0,0.0,0.0,0.0,0.0,0.0,0.0,0.0,0.0,0.0,0.0,0.0,0.0,0.0,0.0,0.0,0.0,0.0,0.0,0.0,0.0,0.0,0.0,0.0,0.0,0.0,0.0,0.0,0.0,0.0,0.0,0.0,0.0,0.0,0.0,0.0,0.0,0.0,0.0,0.0,0.0,0.0,0.0,0.0,3.5,2.5,0.0,0.0,0.0,0.0,0.0,0.0,0.0,0.0,0.0,0.0,0.0,0.0,0.0,0.0,0.0,0.0,0.0,0.0,0.0,2.0,2.5,0.0
Student_717,3.0,3.0,0.0,0.0,0.0,0.0,0.0,0.0,0.0,0.0,0.0,0.0,0.0,0.0,0.0,0.0,0.0,0.0,0.0,0.0,0.0,0.0,0.0,0.0,0.0,0.0,0.0,0.0,0.0,0.0,0.0,0.0,0.0,0.0,0.0,0.0,0.0,0.0,0.0,0.0,0.0,0.0,0.0,0.0,0.0,0.0,0.0,0.0,0.0,0.0,0.0,0.0,0.0,0.0,0.0,0.0,0.0,0.0,0.0,0.0,0.0,0.0,0.0,0.0,0.0,0.0,0.0,0.0,0.0,0.0,0.0,1.5,2.0,0.0,0.0,0.0,0.0,0.0,0.0,0.0,0.0,0.0,0.0,0.0,0.0,0.0,0.0,0.0,0.0,0.0,0.0,0.0,2.5,3.0,0.0
Student_718,0.0,0.0,4.0,3.5,0.0,2.5,1.5,0.0,1.5,2.0,0.0,0.0,1.0,0.0,1.5,1.0,1.0,1.0,0.0,1.0,2.0,0.0,0.0,0.0,2.5,1.5,0.0,3.0,1.0,0.0,0.0,0.0,1.5,0.0,0.0,0.0,1.5,1.5,0.0,0.0,0.0,0.0,0.0,0.0,1.0,2.5,3.0,0.0,0.0,0.0,0.0,0.0,0.0,0.0,4.0,3.0,4.0,0.0,1.0,3.5,1.0,0.0,0.0,0.0,0.0,0.0,0.0,0.0,0.0,0.0,0.0,0.0,0.0,0.0,1.0,0.0,0.0,0.0,4.0,0.0,0.0,0.0,0.0,0.0,0.0,0.0,0.0,0.0,0.0,0.0,0.0,0.0,0.0,0.0,0.0
Student_719,4.0,4.0,3.5,3.5,3.0,3.5,4.0,3.5,4.0,4.0,2.5,4.0,4.0,3.5,2.5,3.0,4.0,3.0,4.0,3.0,3.5,0.0,0.0,0.0,3.0,2.5,3.5,3.0,2.5,0.0,0.0,0.0,3.75,0.0,0.0,0.0,0.0,0.0,0.0,0.0,3.5,0.0,0.0,0.0,0.0,0.0,0.0,3.75,4.0,0.0,3.75,0.0,0.0,0.0,4.0,4.0,0.0,4.0,4.0,4.0,4.0,2.0,4.0,2.5,4.0,0.0,4.0,4.0,0.0,0.0,0.0,3.5,3.5,4.0,3.5,0.0,0.0,0.0,4.0,0.0,0.0,0.0,0.0,0.0,0.0,0.0,0.0,0.0,0.0,0.0,0.0,0.0,3.5,4.0,0.0
Student_72,3.0,3.5,0.0,0.0,0.0,0.0,0.0,0.0,0.0,0.0,0.0,0.0,0.0,0.0,0.0,0.0,0.0,0.0,0.0,0.0,0.0,0.0,0.0,0.0,0.0,0.0,0.0,0.0,0.0,0.0,0.0,0.0,0.0,0.0,0.0,0.0,0.0,0.0,0.0,0.0,0.0,0.0,0.0,0.0,0.0,0.0,0.0,0.0,0.0,0.0,0.0,0.0,0.0,0.0,0.0,0.0,0.0,0.0,0.0,0.0,0.0,0.0,0.0,1.5,0.0,0.0,0.0,0.0,0.0,0.0,0.0,3.0,1.0,0.0,0.0,0.0,0.0,0.0,0.0,0.0,0.0,0.0,0.0,0.0,0.0,0.0,0.0,0.0,0.0,0.0,0.0,0.0,3.0,1.5,0.0
Student_720,3.0,4.0,4.0,2.5,4.0,4.0,4.0,0.0,3.0,2.0,3.5,2.5,3.5,4.0,2.0,3.0,3.0,2.5,3.5,3.0,0.0,0.0,0.0,0.0,4.0,1.5,0.0,3.5,2.5,3.0,0.0,2.5,4.0,0.0,0.0,0.0,0.0,0.0,0.0,0.0,0.0,0.0,0.0,0.0,0.0,0.0,0.0,0.0,4.0,0.0,3.5,3.0,0.0,0.0,0.0,4.0,0.0,3.5,3.0,3.5,4.0,3.5,4.0,4.0,4.0,0.0,0.0,4.0,0.0,0.0,4.0,3.0,4.0,4.0,4.0,0.0,0.0,0.0,0.0,0.0,0.0,4.0,0.0,0.0,0.0,0.0,0.0,0.0,0.0,0.0,0.0,0.0,3.5,4.0,0.0
Student_721,2.0,2.0,0.0,0.0,0.0,0.0,0.0,0.0,0.0,0.0,0.0,0.0,0.0,0.0,0.0,0.0,0.0,0.0,0.0,0.0,0.0,0.0,0.0,0.0,0.0,0.0,0.0,0.0,0.0,0.0,0.0,0.0,0.0,0.0,0.0,0.0,0.0,0.0,0.0,0.0,0.0,0.0,0.0,0.0,0.0,0.0,0.0,0.0,0.0,0.0,0.0,0.0,0.0,0.0,0.0,0.0,0.0,0.0,0.0,0.0,0.0,0.0,0.0,0.0,0.0,0.0,0.0,0.0,0.0,0.0,0.0,2.5,1.5,0.0,0.0,0.0,0.0,0.0,0.0,0.0,0.0,0.0,0.0,0.0,0.0,0.0,0.0,0.0,0.0,0.0,0.0,0.0,3.5,4.0,0.0
Student_722,3.0,4.0,3.0,3.5,1.0,4.0,2.5,2.0,1.5,2.0,2.5,2.0,2.0,2.0,2.0,2.0,1.0,1.5,1.5,1.5,2.5,0.0,0.0,0.0,2.0,1.0,0.0,3.5,1.5,1.0,0.0,3.0,0.0,0.0,0.0,0.0,0.0,3.5,0.0,0.0,0.0,0.0,1.5,0.0,0.0,1.5,0.0,0.0,0.0,1.5,0.0,0.0,0.0,0.0,0.0,3.0,0.0,2.0,1.5,2.5,2.5,3.5,4.0,1.5,4.0,0.0,0.0,3.5,0.0,0.0,3.0,3.5,2.0,2.5,3.0,0.0,0.0,0.0,0.0,0.0,4.0,0.0,0.0,0.0,0.0,0.0,0.0,0.0,0.0,0.0,0.0,0.0,4.0,4.0,0.0
Student_723,3.5,3.5,0.0,0.0,0.0,0.0,0.0,0.0,2.0,0.0,0.0,0.0,0.0,0.0,0.0,0.0,0.0,0.0,0.0,0.0,0.0,0.0,0.0,0.0,0.0,0.0,0.0,0.0,0.0,0.0,0.0,0.0,0.0,0.0,0.0,0.0,0.0,0.0,0.0,0.0,0.0,0.0,0.0,0.0,0.0,0.0,0.0,0.0,0.0,0.0,0.0,0.0,0.0,0.0,0.0,0.0,0.0,0.0,0.0,0.0,0.0,0.0,0.0,0.0,0.0,0.0,0.0,0.0,0.0,0.0,0.0,1.5,2.0,0.0,0.0,0.0,0.0,0.0,0.0,0.0,0.0,0.0,0.0,0.0,0.0,0.0,0.0,0.0,0.0,0.0,0.0,0.0,3.5,3.5,0.0
Student_724,2.5,2.5,2.5,3.0,2.0,4.0,2.5,0.0,3.5,2.5,3.5,2.5,2.5,2.5,1.0,4.0,2.0,3.0,1.5,0.0,0.0,0.0,0.0,0.0,2.5,3.0,2.0,4.0,0.0,3.0,0.0,0.0,0.0,0.0,0.0,0.0,3.5,0.0,0.0,0.0,0.0,0.0,0.0,0.0,0.0,0.0,0.0,0.0,0.0,0.0,0.0,0.0,0.0,0.0,0.0,4.0,0.0,2.0,3.0,2.5,3.5,4.0,4.0,3.0,3.5,0.0,0.0,4.0,0.0,0.0,2.5,3.0,3.0,0.0,3.0,0.0,0.0,0.0,3.5,0.0,0.0,0.0,0.0,0.0,0.0,0.0,0.0,0.0,0.0,0.0,0.0,0.0,2.5,3.0,0.0
Student_725,0.0,0.0,2.5,1.5,2.0,4.0,2.5,0.0,1.5,2.5,2.5,2.5,2.5,2.5,2.0,1.0,1.5,1.0,2.5,2.5,0.0,0.0,0.0,0.0,1.5,1.0,3.5,3.0,2.0,3.0,0.0,2.5,1.0,0.0,4.0,0.0,3.0,2.5,0.0,0.0,0.0,0.0,0.0,0.0,1.0,0.0,0.0,0.0,1.5,0.0,0.0,0.0,0.0,0.0,0.0,3.5,0.0,2.0,1.5,3.5,0.0,3.0,4.0,3.5,4.0,0.0,0.0,4.0,0.0,0.0,2.5,2.5,2.0,0.0,0.0,0.0,0.0,0.0,0.0,0.0,0.0,0.0,0.0,0.0,0.0,0.0,0.0,0.0,0.0,0.0,0.0,0.0,0.0,0.0,0.0
Student_726,4.0,4.0,3.5,3.5,3.5,4.0,2.5,4.0,3.0,3.0,3.0,2.5,4.0,3.0,3.5,3.0,3.0,3.5,3.5,3.5,3.0,0.0,0.0,0.0,4.0,4.0,0.0,1.5,2.5,0.0,0.0,0.0,2.5,0.0,0.0,0.0,3.0,0.0,0.0,0.0,0.0,0.0,0.0,0.0,4.0,3.5,0.0,0.0,0.0,3.0,0.0,0.0,0.0,4.0,4.0,4.0,0.0,3.5,3.0,4.0,2.0,3.5,4.0,3.0,4.0,0.0,4.0,4.0,0.0,0.0,0.0,4.0,3.5,4.0,3.5,0.0,0.0,0.0,4.0,0.0,0.0,0.0,0.0,0.0,0.0,0.0,0.0,0.0,0.0,0.0,0.0,0.0,4.0,3.0,0.0
Student_727,2.5,4.0,0.0,0.0,0.0,0.0,0.0,0.0,0.0,0.0,0.0,0.0,0.0,0.0,0.0,0.0,0.0,0.0,0.0,0.0,0.0,0.0,0.0,0.0,0.0,0.0,0.0,0.0,0.0,0.0,0.0,0.0,0.0,0.0,0.0,0.0,0.0,0.0,0.0,0.0,0.0,0.0,0.0,0.0,0.0,0.0,0.0,0.0,0.0,0.0,0.0,0.0,0.0,0.0,0.0,0.0,0.0,0.0,0.0,0.0,0.0,0.0,0.0,0.0,0.0,0.0,0.0,0.0,0.0,0.0,0.0,1.5,1.5,0.0,0.0,0.0,0.0,0.0,0.0,0.0,0.0,0.0,0.0,0.0,0.0,0.0,0.0,0.0,0.0,0.0,0.0,0.0,2.5,3.5,0.0
Student_728,3.5,3.0,3.5,2.5,2.0,3.0,3.0,2.5,3.5,4.0,2.0,2.0,3.0,1.5,2.5,2.5,3.5,2.5,4.0,3.0,0.0,0.0,0.0,0.0,4.0,2.0,0.0,4.0,2.5,0.0,0.0,3.0,0.0,0.0,0.0,0.0,0.0,0.0,0.0,0.0,2.5,0.0,0.0,0.0,0.0,3.5,0.0,2.5,4.0,3.5,0.0,0.0,0.0,0.0,4.0,4.0,4.0,2.0,1.0,4.0,3.5,2.5,4.0,2.5,4.0,0.0,0.0,4.0,0.0,2.5,0.0,2.0,1.5,3.0,1.0,0.0,0.0,0.0,0.0,0.0,0.0,0.0,0.0,0.0,0.0,0.0,0.0,0.0,0.0,0.0,4.0,0.0,3.5,3.5,0.0
Student_729,3.0,0.0,3.75,4.0,3.5,4.0,2.5,3.5,4.0,1.0,3.5,2.5,3.5,3.0,4.0,4.0,4.0,3.5,3.0,3.0,3.0,0.0,0.0,0.0,4.0,4.0,3.0,4.0,3.75,0.0,0.0,0.0,3.75,0.0,0.0,0.0,4.0,0.0,0.0,0.0,0.0,0.0,0.0,0.0,4.0,0.0,0.0,0.0,0.0,3.25,0.0,0.0,0.0,4.0,4.0,4.0,0.0,4.0,4.0,4.0,3.5,4.0,4.0,4.0,3.0,0.0,4.0,4.0,0.0,0.0,0.0,3.75,3.5,4.0,3.0,0.0,0.0,0.0,0.0,0.0,0.0,0.0,0.0,0.0,0.0,0.0,0.0,0.0,0.0,0.0,0.0,0.0,4.0,0.0,0.0
Student_73,3.0,3.5,3.0,2.0,2.5,2.0,2.5,0.0,2.5,2.0,4.0,3.5,4.0,3.0,2.5,4.0,3.5,2.0,3.5,3.0,2.5,0.0,0.0,0.0,3.5,3.0,0.0,3.5,3.0,3.5,0.0,0.0,3.5,0.0,0.0,0.0,0.0,0.0,0.0,0.0,2.0,0.0,0.0,0.0,2.5,2.5,0.0,0.0,4.0,0.0,3.5,3.5,0.0,0.0,0.0,4.0,0.0,4.0,3.0,3.5,4.0,3.5,4.0,4.0,4.0,0.0,0.0,3.5,0.0,0.0,0.0,4.0,4.0,2.5,3.5,0.0,0.0,0.0,0.0,0.0,0.0,0.0,0.0,0.0,0.0,0.0,0.0,4.0,0.0,0.0,0.0,0.0,2.5,1.5,0.0
Student_730,3.5,4.0,3.0,2.0,2.5,3.5,2.5,3.5,3.0,3.0,2.0,2.5,3.0,2.0,2.5,2.5,3.0,2.0,4.0,2.0,0.0,0.0,0.0,0.0,3.0,1.0,4.0,3.0,1.5,0.0,0.0,0.0,0.0,0.0,0.0,0.0,0.0,0.0,0.0,0.0,2.5,0.0,0.0,0.0,1.5,0.0,0.0,2.0,0.0,0.0,2.0,2.5,0.0,0.0,3.5,3.0,4.0,2.0,1.5,4.0,4.0,3.5,4.0,3.5,4.0,0.0,0.0,4.0,0.0,0.0,4.0,4.0,4.0,4.0,3.0,0.0,0.0,0.0,0.0,0.0,0.0,0.0,0.0,0.0,0.0,0.0,0.0,0.0,0.0,0.0,0.0,0.0,3.5,4.0,0.0
Student_731,4.0,3.5,0.0,0.0,0.0,0.0,0.0,0.0,0.0,0.0,0.0,0.0,0.0,0.0,0.0,0.0,0.0,0.0,0.0,0.0,0.0,0.0,0.0,0.0,0.0,0.0,0.0,0.0,0.0,0.0,0.0,0.0,0.0,0.0,0.0,0.0,0.0,0.0,0.0,0.0,0.0,0.0,0.0,0.0,0.0,0.0,0.0,0.0,0.0,0.0,0.0,0.0,0.0,0.0,0.0,0.0,0.0,0.0,0.0,0.0,0.0,0.0,0.0,0.0,0.0,0.0,0.0,0.0,0.0,0.0,0.0,3.0,2.0,0.0,0.0,0.0,0.0,0.0,0.0,0.0,0.0,0.0,0.0,0.0,0.0,0.0,0.0,0.0,0.0,0.0,0.0,0.0,2.0,4.0,0.0
Student_732,2.0,3.5,2.5,2.5,1.5,2.0,2.5,3.5,1.5,2.0,1.5,1.0,2.0,1.0,3.0,1.5,1.0,1.5,2.0,1.5,0.0,0.0,0.0,0.0,2.0,3.0,0.0,3.0,3.5,1.0,0.0,0.0,0.0,0.0,0.0,0.0,2.0,0.0,0.0,0.0,0.0,0.0,0.0,0.0,0.0,2.0,0.0,3.5,0.0,2.5,0.0,0.0,0.0,3.0,4.0,4.0,4.0,1.5,1.5,2.5,2.5,3.0,4.0,3.0,3.5,0.0,0.0,3.0,0.0,2.0,0.0,3.0,2.5,4.0,2.0,0.0,0.0,0.0,0.0,0.0,0.0,3.0,0.0,0.0,0.0,0.0,0.0,0.0,0.0,0.0,0.0,0.0,3.0,3.5,0.0
Student_733,4.0,4.0,4.0,4.0,3.0,3.5,3.0,3.5,2.0,2.0,3.0,3.0,2.5,3.25,3.0,3.5,3.5,3.5,3.0,3.5,2.5,0.0,0.0,0.0,4.0,3.5,3.0,3.5,3.0,0.0,0.0,0.0,3.0,0.0,0.0,0.0,3.75,0.0,0.0,0.0,0.0,0.0,0.0,0.0,0.0,0.0,0.0,3.25,3.25,0.0,2.0,0.0,0.0,0.0,4.0,4.0,0.0,3.0,2.0,4.0,3.5,2.5,4.0,3.0,4.0,0.0,4.0,3.5,0.0,0.0,0.0,3.5,3.5,4.0,3.0,0.0,0.0,0.0,4.0,0.0,0.0,0.0,0.0,0.0,0.0,0.0,0.0,0.0,0.0,0.0,0.0,0.0,4.0,4.0,0.0
Student_734,4.0,3.5,4.0,4.0,2.5,4.0,3.5,0.0,4.0,4.0,4.0,3.0,4.0,4.0,3.5,4.0,4.0,4.0,4.0,4.0,3.0,0.0,0.0,0.0,4.0,4.0,0.0,4.0,4.0,4.0,0.0,0.0,0.0,0.0,0.0,0.0,0.0,0.0,0.0,0.0,3.5,0.0,4.0,0.0,4.0,4.0,0.0,4.0,3.0,0.0,0.0,4.0,0.0,0.0,0.0,4.0,0.0,1.5,3.5,4.0,4.0,4.0,4.0,3.5,4.0,0.0,0.0,4.0,0.0,0.0,0.0,2.5,2.0,4.0,4.0,4.0,0.0,0.0,0.0,0.0,0.0,0.0,0.0,0.0,0.0,0.0,0.0,0.0,0.0,0.0,0.0,0.0,4.0,4.0,0.0
Student_735,3.5,3.5,0.0,2.5,2.0,4.0,2.5,0.0,2.5,2.0,4.0,2.5,1.5,4.0,2.5,3.0,2.5,2.0,3.5,3.0,3.5,0.0,0.0,0.0,2.5,3.0,0.0,3.5,3.5,4.0,0.0,3.0,0.0,0.0,3.5,0.0,0.0,0.0,0.0,0.0,3.5,0.0,0.0,0.0,2.5,4.0,0.0,3.5,3.0,0.0,0.0,0.0,0.0,0.0,0.0,4.0,0.0,1.5,3.0,4.0,2.5,3.5,4.0,4.0,0.0,0.0,0.0,4.0,0.0,0.0,0.0,3.0,4.0,3.5,3.5,0.0,0.0,0.0,0.0,0.0,0.0,0.0,0.0,4.0,0.0,0.0,0.0,0.0,0.0,0.0,0.0,0.0,4.0,4.0,0.0
Student_736,2.5,4.0,2.5,1.0,0.0,4.0,2.0,3.5,2.0,4.0,3.0,3.0,3.0,2.0,1.5,4.0,2.5,2.0,2.5,1.5,2.0,0.0,0.0,0.0,3.0,2.0,0.0,1.0,3.5,4.0,0.0,3.5,0.0,0.0,0.0,0.0,0.0,0.0,0.0,0.0,3.5,0.0,0.0,0.0,0.0,3.5,0.0,0.0,3.0,0.0,0.0,0.0,0.0,3.0,4.0,3.0,4.0,1.5,3.5,3.0,2.5,3.5,4.0,2.5,4.0,0.0,0.0,4.0,0.0,0.0,0.0,2.5,2.0,3.0,2.5,0.0,0.0,0.0,0.0,3.0,0.0,0.0,0.0,0.0,0.0,0.0,0.0,0.0,0.0,0.0,0.0,0.0,2.5,3.5,0.0
Student_737,3.5,3.0,2.5,2.0,2.5,3.0,3.5,0.0,1.5,2.5,2.0,2.5,4.0,2.5,1.5,2.5,3.5,2.0,3.5,2.0,0.0,0.0,0.0,0.0,4.0,1.5,2.5,2.5,4.0,3.0,3.5,0.0,0.0,0.0,4.0,3.5,0.0,0.0,0.0,0.0,3.0,0.0,0.0,0.0,0.0,0.0,0.0,0.0,0.0,0.0,1.5,3.5,0.0,0.0,0.0,4.0,0.0,1.0,1.0,1.0,3.0,4.0,3.5,4.0,4.0,0.0,0.0,4.0,0.0,0.0,3.5,3.0,1.5,2.5,3.5,0.0,0.0,0.0,0.0,0.0,0.0,3.0,0.0,0.0,0.0,0.0,0.0,0.0,0.0,0.0,0.0,0.0,3.5,3.5,0.0
Student_738,2.5,3.5,3.5,2.0,2.5,2.0,3.0,0.0,4.0,2.5,2.5,2.5,2.5,3.5,3.5,3.0,3.0,3.0,4.0,3.0,0.0,0.0,0.0,0.0,2.5,3.0,0.0,4.0,2.0,3.5,0.0,0.0,3.0,0.0,3.5,0.0,0.0,3.5,0.0,0.0,2.5,0.0,0.0,0.0,0.0,1.5,0.0,0.0,3.5,0.0,3.5,0.0,0.0,0.0,0.0,3.0,0.0,1.5,1.0,3.5,3.0,3.5,4.0,2.0,4.0,0.0,0.0,3.0,0.0,0.0,1.0,2.5,1.5,2.5,2.5,0.0,0.0,0.0,0.0,0.0,0.0,4.0,0.0,0.0,0.0,0.0,0.0,0.0,0.0,0.0,0.0,0.0,3.0,3.0,0.0
Student_739,4.0,4.0,2.0,1.0,2.5,3.0,2.0,0.0,1.5,1.5,1.5,1.0,1.0,2.5,1.0,2.0,2.5,1.0,2.5,1.5,0.0,0.0,0.0,0.0,2.0,1.5,3.0,3.0,2.0,3.0,0.0,2.0,0.0,3.0,0.0,0.0,0.0,0.0,0.0,0.0,4.0,0.0,0.0,0.0,0.0,0.0,0.0,0.0,0.0,0.0,1.0,2.5,3.0,0.0,0.0,3.0,0.0,1.0,1.0,1.5,4.0,4.0,3.5,3.5,3.5,0.0,0.0,3.5,0.0,0.0,3.5,2.5,2.5,3.0,3.5,0.0,0.0,0.0,0.0,0.0,0.0,0.0,0.0,0.0,0.0,3.0,0.0,0.0,0.0,0.0,0.0,0.0,3.5,3.5,0.0
Student_74,0.0,0.0,3.5,1.5,1.5,4.0,1.5,3.5,2.0,2.5,3.5,1.5,3.5,3.0,1.5,3.5,2.5,3.5,3.5,4.0,0.0,0.0,0.0,0.0,3.0,4.0,0.0,4.0,4.0,0.0,0.0,3.5,3.5,0.0,0.0,4.0,0.0,0.0,0.0,0.0,4.0,0.0,0.0,0.0,0.0,3.5,0.0,0.0,4.0,0.0,0.0,0.0,0.0,0.0,4.0,4.0,4.0,3.0,3.0,3.5,3.0,2.5,4.0,2.0,4.0,0.0,0.0,3.5,0.0,1.5,0.0,3.0,2.5,1.5,2.5,0.0,0.0,0.0,0.0,0.0,0.0,0.0,0.0,0.0,0.0,0.0,3.5,0.0,0.0,0.0,0.0,0.0,0.0,0.0,0.0
Student_740,3.0,4.0,2.5,2.5,2.5,2.0,3.0,0.0,0.0,2.5,3.5,3.5,2.5,2.0,2.5,4.0,3.0,3.5,3.0,3.5,0.0,0.0,0.0,0.0,3.5,0.0,0.0,3.5,2.5,3.0,0.0,0.0,0.0,0.0,0.0,2.5,0.0,0.0,0.0,0.0,0.0,0.0,0.0,0.0,0.0,0.0,0.0,0.0,4.0,0.0,3.0,0.0,0.0,0.0,0.0,4.0,0.0,2.0,2.5,3.5,0.0,4.0,4.0,4.0,4.0,0.0,0.0,3.5,0.0,0.0,3.0,2.0,3.0,2.0,2.5,0.0,0.0,0.0,0.0,0.0,0.0,0.0,0.0,0.0,0.0,0.0,0.0,0.0,0.0,0.0,3.5,0.0,3.5,4.0,0.0
Student_741,3.5,3.5,2.5,3.5,2.0,3.5,3.0,0.0,3.5,2.0,2.0,2.5,4.0,2.0,2.5,1.0,2.0,0.0,1.5,1.5,0.0,0.0,4.0,0.0,3.0,1.0,0.0,1.5,0.0,2.0,0.0,0.0,0.0,0.0,0.0,0.0,1.5,0.0,0.0,0.0,2.5,0.0,0.0,0.0,0.0,0.0,3.0,1.5,0.0,0.0,0.0,1.0,0.0,0.0,0.0,4.0,0.0,1.0,1.0,1.5,3.0,3.5,3.5,3.0,4.0,0.0,0.0,3.5,0.0,0.0,3.0,2.5,2.0,0.0,2.5,0.0,0.0,0.0,0.0,0.0,0.0,0.0,0.0,0.0,0.0,0.0,0.0,0.0,0.0,0.0,0.0,0.0,4.0,3.0,0.0
Student_742,3.0,3.5,4.0,3.5,3.5,4.0,3.0,0.0,3.5,4.0,4.0,4.0,3.0,3.5,3.5,4.0,3.5,3.5,4.0,3.5,3.0,0.0,0.0,0.0,4.0,2.5,3.5,2.0,3.0,3.5,0.0,2.0,3.0,0.0,0.0,0.0,0.0,4.0,0.0,4.0,2.5,0.0,0.0,0.0,0.0,0.0,0.0,0.0,0.0,0.0,0.0,0.0,4.0,0.0,0.0,4.0,0.0,3.5,3.5,2.0,4.0,3.5,3.5,4.0,4.0,0.0,0.0,3.5,0.0,0.0,0.0,3.0,4.0,3.5,3.5,0.0,3.0,0.0,0.0,0.0,0.0,0.0,0.0,0.0,0.0,0.0,0.0,0.0,0.0,0.0,0.0,0.0,3.5,2.0,0.0
Student_743,2.0,4.0,0.0,0.0,0.0,0.0,0.0,0.0,1.5,0.0,0.0,0.0,0.0,0.0,0.0,0.0,0.0,0.0,0.0,0.0,0.0,0.0,0.0,0.0,0.0,0.0,0.0,0.0,0.0,0.0,0.0,0.0,0.0,0.0,0.0,0.0,0.0,0.0,0.0,0.0,0.0,0.0,0.0,0.0,0.0,0.0,0.0,0.0,0.0,0.0,0.0,0.0,0.0,0.0,0.0,0.0,0.0,0.0,0.0,0.0,0.0,0.0,0.0,0.0,0.0,0.0,0.0,0.0,0.0,0.0,0.0,2.0,3.0,0.0,0.0,0.0,0.0,0.0,0.0,0.0,0.0,0.0,0.0,0.0,0.0,0.0,0.0,0.0,0.0,0.0,0.0,0.0,2.5,2.0,0.0
Student_744,3.5,3.5,3.5,1.0,3.5,1.5,4.0,0.0,2.5,3.0,3.0,3.5,2.5,3.5,2.5,3.5,3.5,3.5,3.5,4.0,0.0,0.0,0.0,0.0,4.0,4.0,0.0,4.0,3.0,3.0,0.0,3.0,0.0,0.0,0.0,0.0,0.0,0.0,0.0,0.0,3.5,0.0,0.0,0.0,3.5,4.0,4.0,0.0,0.0,4.0,3.0,0.0,0.0,0.0,0.0,4.0,0.0,3.5,4.0,3.5,4.0,4.0,4.0,4.0,4.0,0.0,0.0,2.5,0.0,0.0,3.0,3.5,3.5,4.0,3.0,0.0,0.0,0.0,0.0,0.0,0.0,0.0,0.0,0.0,0.0,0.0,0.0,0.0,0.0,0.0,2.0,0.0,3.5,4.0,0.0
Student_745,4.0,4.0,3.5,3.5,3.0,3.0,3.5,3.5,4.0,3.5,3.0,3.0,3.5,3.5,2.5,3.0,3.5,4.0,4.0,4.0,3.0,0.0,0.0,0.0,3.5,3.5,0.0,4.0,3.5,0.0,0.0,0.0,3.0,0.0,0.0,0.0,0.0,0.0,0.0,0.0,2.5,0.0,0.0,0.0,0.0,4.0,3.5,3.5,0.0,0.0,2.0,0.0,0.0,0.0,4.0,4.0,4.0,3.5,3.0,4.0,3.5,4.0,4.0,4.0,4.0,0.0,4.0,4.0,0.0,0.0,0.0,3.0,3.5,3.5,3.0,0.0,0.0,0.0,0.0,0.0,0.0,0.0,0.0,0.0,0.0,0.0,0.0,0.0,0.0,0.0,4.0,0.0,4.0,3.0,0.0
Student_746,3.5,2.0,2.0,2.0,2.5,2.0,1.0,0.0,2.5,1.5,1.5,1.0,2.5,1.5,2.5,2.0,1.5,2.0,2.5,2.0,0.0,0.0,0.0,0.0,2.0,2.0,3.0,3.5,1.0,1.5,0.0,3.0,2.0,0.0,0.0,4.0,0.0,0.0,0.0,0.0,0.0,0.0,0.0,0.0,0.0,2.0,0.0,0.0,1.5,3.0,0.0,0.0,0.0,0.0,0.0,4.0,0.0,1.5,2.0,2.5,1.0,3.5,4.0,1.5,3.5,0.0,0.0,4.0,0.0,0.0,2.0,2.0,2.0,1.5,2.5,0.0,0.0,0.0,4.0,0.0,0.0,0.0,0.0,0.0,0.0,0.0,0.0,0.0,0.0,0.0,0.0,0.0,4.0,3.0,0.0
Student_747,0.0,4.0,3.5,3.0,4.0,3.5,1.0,3.5,1.75,1.5,3.0,2.5,3.5,2.5,1.0,2.0,1.5,1.5,2.0,2.0,2.0,0.0,0.0,0.0,3.0,2.5,2.0,3.0,2.25,0.0,0.0,2.0,0.0,0.0,0.0,3.75,0.0,0.0,0.0,0.0,3.0,3.0,0.0,0.0,0.0,0.0,0.0,0.0,2.25,0.0,0.0,0.0,0.0,0.0,3.75,3.25,0.0,2.0,2.0,4.0,3.5,3.0,4.0,2.5,4.0,0.0,4.0,2.5,0.0,0.0,0.0,4.0,3.5,2.0,3.0,3.25,0.0,0.0,0.0,0.0,0.0,0.0,0.0,0.0,0.0,0.0,3.5,0.0,0.0,0.0,0.0,0.0,3.5,0.0,0.0
Student_748,2.5,2.5,3.0,2.0,3.0,3.0,2.0,2.5,2.0,1.5,2.5,2.5,1.5,2.5,2.0,2.5,2.0,2.0,3.0,2.0,2.5,0.0,0.0,0.0,3.5,1.5,1.0,3.5,2.0,2.0,0.0,2.0,2.5,0.0,0.0,0.0,0.0,0.0,0.0,1.0,0.0,0.0,0.0,0.0,0.0,0.0,0.0,0.0,0.0,2.5,0.0,0.0,0.0,4.0,0.0,3.5,0.0,1.5,1.5,4.0,3.0,3.0,4.0,3.0,3.5,0.0,0.0,4.0,0.0,0.0,2.0,2.0,1.5,2.0,3.0,0.0,0.0,0.0,0.0,0.0,0.0,0.0,0.0,0.0,0.0,0.0,0.0,0.0,0.0,0.0,3.5,0.0,2.5,3.0,0.0
Student_749,3.0,3.5,2.0,3.5,1.5,3.5,2.0,2.5,3.0,1.5,3.0,3.0,3.0,3.5,3.0,2.5,2.5,2.0,2.0,1.5,3.0,0.0,0.0,0.0,3.5,1.5,2.5,4.0,4.0,0.0,0.0,2.5,2.0,0.0,0.0,0.0,0.0,0.0,0.0,0.0,2.5,0.0,0.0,0.0,0.0,0.0,0.0,0.0,3.0,2.5,0.0,0.0,0.0,0.0,3.5,3.5,4.0,1.5,1.0,2.5,2.0,2.0,4.0,2.5,4.0,0.0,3.5,4.0,0.0,0.0,0.0,3.0,1.0,4.0,2.0,0.0,0.0,0.0,3.5,0.0,0.0,0.0,0.0,0.0,0.0,0.0,0.0,0.0,0.0,0.0,0.0,0.0,3.0,3.5,0.0
Student_75,0.0,0.0,2.0,0.0,2.0,0.0,2.0,0.0,0.0,0.0,0.0,0.0,0.0,2.5,2.0,3.25,2.75,0.0,2.0,2.0,0.0,0.0,0.0,0.0,0.0,0.0,4.0,0.0,0.0,0.0,0.0,0.0,0.0,0.0,0.0,0.0,0.0,0.0,0.0,0.0,0.0,0.0,0.0,0.0,0.0,2.0,0.0,0.0,0.0,0.0,0.0,0.0,0.0,0.0,0.0,0.0,0.0,0.0,0.0,0.0,2.5,3.5,4.0,3.5,4.0,4.0,4.0,4.0,0.0,0.0,0.0,3.5,4.0,0.0,2.0,0.0,0.0,0.0,0.0,0.0,0.0,0.0,0.0,0.0,0.0,0.0,0.0,0.0,0.0,0.0,0.0,0.0,0.0,0.0,4.0
Student_750,4.0,3.5,3.5,3.0,1.5,3.5,3.5,4.0,3.5,3.0,3.0,2.0,4.0,3.0,2.0,4.0,3.0,3.5,4.0,4.0,0.0,0.0,0.0,0.0,4.0,4.0,0.0,4.0,2.5,0.0,0.0,3.0,4.0,0.0,0.0,0.0,0.0,0.0,0.0,0.0,4.0,0.0,0.0,0.0,4.0,3.5,0.0,0.0,4.0,0.0,0.0,0.0,0.0,0.0,4.0,3.5,4.0,3.0,3.5,2.5,3.5,3.5,4.0,3.5,4.0,0.0,0.0,4.0,0.0,2.5,0.0,3.0,2.0,2.5,3.5,0.0,0.0,0.0,0.0,0.0,0.0,0.0,0.0,0.0,0.0,0.0,3.5,0.0,0.0,0.0,0.0,0.0,2.5,4.0,0.0
Student_751,3.0,3.5,4.0,1.5,2.0,4.0,3.0,0.0,4.0,4.0,4.0,1.5,3.0,3.0,2.5,4.0,4.0,2.5,2.5,3.0,0.0,0.0,0.0,0.0,3.0,2.0,0.0,4.0,3.5,4.0,0.0,3.5,0.0,0.0,0.0,0.0,3.5,3.5,0.0,0.0,4.0,0.0,4.0,0.0,0.0,0.0,0.0,0.0,0.0,0.0,3.5,4.0,0.0,0.0,0.0,3.5,0.0,1.0,2.5,3.5,3.5,3.0,4.0,4.0,4.0,0.0,0.0,4.0,0.0,0.0,4.0,2.5,1.5,2.0,1.5,0.0,0.0,0.0,4.0,0.0,0.0,0.0,0.0,0.0,0.0,0.0,0.0,0.0,0.0,0.0,0.0,0.0,4.0,4.0,0.0
Student_752,4.0,3.0,3.5,3.0,2.0,4.0,1.5,3.5,1.25,1.0,1.0,1.5,3.5,1.5,2.0,1.5,2.0,0.0,1.25,3.0,1.5,0.0,0.0,0.0,3.5,1.5,0.0,3.5,2.0,0.0,0.0,0.0,0.0,0.0,0.0,3.0,2.75,2.0,0.0,0.0,0.0,0.0,0.0,0.0,0.0,1.0,0.0,3.5,0.0,0.0,0.0,0.0,0.0,3.0,3.5,3.0,0.0,1.5,1.5,4.0,2.5,1.5,4.0,1.5,4.0,0.0,3.0,4.0,0.0,0.0,0.0,2.5,2.0,3.0,3.0,0.0,0.0,0.0,0.0,0.0,0.0,0.0,0.0,0.0,0.0,0.0,0.0,0.0,0.0,0.0,0.0,0.0,4.0,4.0,0.0
Student_753,3.5,4.0,2.5,3.0,1.0,4.0,2.5,1.0,2.5,1.0,2.5,2.0,3.0,1.0,2.0,1.5,3.5,3.5,2.0,2.5,0.0,0.0,0.0,0.0,2.0,2.0,2.5,4.0,2.0,1.5,0.0,0.0,3.5,0.0,3.5,4.0,0.0,0.0,0.0,0.0,2.0,0.0,3.5,0.0,0.0,0.0,3.5,0.0,0.0,0.0,0.0,0.0,0.0,0.0,0.0,3.5,0.0,1.5,2.0,3.5,3.5,2.5,4.0,3.5,4.0,0.0,0.0,4.0,0.0,0.0,2.5,2.0,2.0,3.5,1.0,0.0,0.0,0.0,3.5,0.0,0.0,0.0,0.0,0.0,0.0,0.0,0.0,0.0,0.0,0.0,0.0,0.0,4.0,4.0,0.0
Student_754,3.0,3.5,3.5,3.0,1.5,4.0,2.0,3.5,2.5,1.5,3.5,4.0,2.0,3.0,2.0,4.0,2.5,2.0,3.0,4.0,2.5,0.0,0.0,0.0,2.5,3.5,3.5,2.0,2.0,2.5,0.0,0.0,0.0,0.0,2.0,0.0,0.0,0.0,0.0,0.0,0.0,3.5,3.5,0.0,4.0,4.0,0.0,4.0,0.0,0.0,0.0,0.0,0.0,0.0,0.0,3.5,0.0,3.5,3.0,4.0,3.5,3.5,4.0,2.0,4.0,0.0,0.0,3.5,0.0,0.0,0.0,2.5,3.0,2.0,4.0,0.0,0.0,0.0,0.0,0.0,0.0,0.0,0.0,3.0,0.0,0.0,0.0,0.0,0.0,0.0,0.0,0.0,2.5,3.0,0.0
Student_755,1.0,1.5,3.5,1.0,3.0,1.0,2.5,0.0,1.5,1.0,2.5,3.0,3.5,2.0,2.0,2.0,2.5,1.5,2.0,2.0,0.0,0.0,0.0,0.0,2.0,3.0,2.5,3.5,2.5,2.0,0.0,2.5,0.0,0.0,0.0,0.0,0.0,4.0,0.0,0.0,0.0,0.0,1.0,0.0,0.0,1.5,2.0,0.0,0.0,0.0,0.0,1.0,0.0,0.0,0.0,3.0,0.0,2.0,3.5,3.0,3.0,4.0,4.0,4.0,4.0,0.0,0.0,4.0,0.0,0.0,1.5,2.5,1.0,1.0,2.0,0.0,0.0,0.0,0.0,0.0,0.0,0.0,4.0,0.0,0.0,0.0,0.0,0.0,0.0,0.0,0.0,0.0,2.5,2.0,0.0
Student_756,4.0,3.0,3.5,2.5,1.0,4.0,3.0,0.0,2.5,3.5,3.0,3.5,2.5,2.5,2.0,2.0,0.0,1.0,4.0,3.0,0.0,0.0,0.0,0.0,4.0,1.5,2.0,3.0,0.0,3.5,3.5,0.0,3.5,0.0,0.0,3.5,0.0,0.0,0.0,0.0,0.0,0.0,2.5,0.0,0.0,0.0,0.0,0.0,0.0,0.0,0.0,3.0,0.0,0.0,0.0,4.0,0.0,2.0,2.5,2.0,2.5,3.0,3.0,2.5,3.5,0.0,0.0,4.0,0.0,0.0,0.0,2.5,3.0,0.0,2.5,0.0,0.0,0.0,0.0,0.0,0.0,0.0,0.0,0.0,0.0,0.0,0.0,0.0,0.0,0.0,4.0,0.0,4.0,3.5,0.0
Student_757,3.5,4.0,3.5,1.0,2.5,4.0,2.5,2.5,2.0,1.5,2.5,1.5,3.5,3.0,1.0,3.5,3.0,2.0,2.0,2.5,2.5,0.0,0.0,0.0,4.0,3.0,2.0,1.0,2.0,0.0,0.0,2.0,0.0,0.0,0.0,0.0,0.0,0.0,0.0,0.0,2.5,0.0,0.0,0.0,2.5,0.0,0.0,3.0,0.0,0.0,1.5,0.0,0.0,0.0,4.0,4.0,4.0,1.0,2.5,4.0,3.0,4.0,4.0,3.0,4.0,0.0,4.0,4.0,0.0,0.0,0.0,3.0,2.0,2.0,3.0,0.0,0.0,0.0,4.0,0.0,0.0,0.0,0.0,0.0,0.0,0.0,0.0,0.0,0.0,0.0,0.0,0.0,2.0,4.0,0.0
Student_758,4.0,2.5,4.0,3.0,2.5,4.0,2.5,4.0,2.0,1.0,3.5,3.5,3.5,3.0,2.5,2.0,2.5,2.5,3.5,2.5,1.5,0.0,0.0,0.0,3.0,2.5,0.0,4.0,3.5,0.0,0.0,0.0,3.0,0.0,0.0,0.0,0.0,0.0,0.0,0.0,3.0,0.0,0.0,0.0,0.0,1.0,3.5,0.0,2.0,2.5,0.0,0.0,0.0,0.0,4.0,4.0,4.0,2.0,2.5,3.5,2.5,1.0,4.0,4.0,4.0,0.0,0.0,4.0,0.0,0.0,0.0,4.0,3.5,2.5,4.0,0.0,0.0,0.0,0.0,0.0,0.0,0.0,0.0,0.0,0.0,0.0,0.0,0.0,0.0,0.0,3.5,0.0,3.0,3.0,0.0
Student_759,4.0,3.5,3.0,3.0,4.0,4.0,3.5,4.0,1.5,2.0,3.0,2.5,3.0,2.5,2.0,3.0,3.75,2.0,2.75,1.75,2.25,0.0,0.0,0.0,3.25,3.0,2.5,3.25,3.5,0.0,0.0,3.0,0.0,0.0,0.0,0.0,0.0,0.0,0.0,0.0,2.75,0.0,0.0,0.0,1.5,0.0,0.0,0.0,3.25,0.0,2.5,0.0,0.0,0.0,4.0,4.0,0.0,2.5,1.0,2.5,3.5,3.0,2.5,3.5,4.0,0.0,4.0,4.0,0.0,0.0,0.0,3.5,3.5,4.0,4.0,0.0,0.0,0.0,4.0,0.0,0.0,0.0,0.0,0.0,0.0,0.0,0.0,0.0,0.0,0.0,0.0,0.0,4.0,3.0,0.0
Student_76,3.0,2.5,3.5,4.0,2.5,3.5,2.5,0.0,3.0,2.0,3.5,2.5,1.0,2.5,2.0,2.5,2.0,3.0,3.0,1.5,2.0,0.0,0.0,0.0,2.0,1.0,3.0,1.5,2.0,2.5,0.0,2.5,0.0,0.0,3.5,0.0,0.0,0.0,0.0,0.0,0.0,0.0,0.0,0.0,0.0,1.0,0.0,3.0,3.5,4.0,0.0,0.0,0.0,0.0,0.0,4.0,0.0,1.5,3.0,1.5,4.0,3.0,3.5,2.5,4.0,0.0,0.0,4.0,0.0,0.0,0.0,2.0,2.0,1.5,3.5,0.0,0.0,0.0,0.0,0.0,0.0,0.0,0.0,0.0,0.0,0.0,0.0,3.5,0.0,0.0,0.0,0.0,2.0,1.0,0.0
Student_760,0.0,0.0,4.0,3.0,3.5,4.0,3.5,4.0,3.5,3.5,3.5,3.0,3.0,3.5,3.5,3.5,3.0,3.5,3.0,3.5,3.0,0.0,0.0,0.0,4.0,4.0,3.5,3.5,3.25,0.0,0.0,0.0,4.0,0.0,0.0,0.0,0.0,0.0,0.0,0.0,0.0,0.0,0.0,0.0,0.0,4.0,0.0,4.0,3.25,0.0,3.0,0.0,0.0,0.0,4.0,4.0,0.0,3.0,3.5,4.0,3.0,3.5,4.0,2.5,4.0,0.0,4.0,3.5,0.0,0.0,0.0,3.5,4.0,4.0,3.0,0.0,0.0,0.0,3.75,0.0,0.0,0.0,0.0,0.0,0.0,0.0,0.0,0.0,0.0,0.0,0.0,0.0,4.0,3.5,0.0
Student_761,0.0,0.0,1.5,0.0,3.5,0.0,3.0,3.5,0.0,0.0,0.0,0.0,0.0,2.0,3.0,0.0,3.0,0.0,1.0,1.5,0.0,0.0,0.0,0.0,0.0,0.0,2.75,0.0,0.0,0.0,0.0,0.0,0.0,0.0,0.0,0.0,0.0,0.0,0.0,0.0,0.0,0.0,0.0,0.0,0.0,3.0,0.0,0.0,0.0,0.0,0.0,0.0,0.0,0.0,0.0,0.0,0.0,0.0,0.0,0.0,3.5,0.0,0.0,0.0,4.0,0.0,4.0,4.0,0.0,0.0,0.0,0.0,0.0,0.0,3.0,0.0,0.0,0.0,0.0,0.0,0.0,0.0,0.0,0.0,0.0,0.0,3.5,0.0,0.0,0.0,0.0,0.0,0.0,0.0,0.0
Student_762,1.5,3.5,3.0,1.0,2.5,4.0,1.0,0.0,3.0,1.5,1.5,1.0,3.0,2.0,3.0,2.0,2.5,2.5,1.0,1.0,0.0,0.0,0.0,0.0,1.5,2.0,1.0,2.0,2.0,1.5,0.0,0.0,0.0,0.0,0.0,4.0,3.5,1.5,0.0,0.0,0.0,0.0,0.0,0.0,0.0,0.0,1.5,2.5,0.0,0.0,0.0,2.0,0.0,0.0,0.0,4.0,0.0,1.0,1.0,2.5,3.5,3.0,3.0,2.5,3.5,0.0,0.0,4.0,0.0,0.0,1.0,3.0,1.5,2.0,1.0,0.0,0.0,0.0,0.0,0.0,0.0,3.5,0.0,0.0,0.0,0.0,0.0,0.0,0.0,0.0,0.0,0.0,4.0,3.0,0.0
Student_763,2.5,1.0,1.5,2.0,1.0,4.0,1.5,0.0,2.0,2.5,2.5,1.5,4.0,2.0,3.0,2.0,1.5,1.0,1.0,2.0,0.0,0.0,0.0,0.0,3.5,1.5,3.0,2.5,2.0,2.0,0.0,0.0,0.0,0.0,0.0,1.5,0.0,2.0,0.0,0.0,2.0,0.0,0.0,0.0,0.0,0.0,0.0,1.0,3.0,0.0,0.0,2.5,0.0,0.0,0.0,3.0,0.0,1.0,1.0,2.0,4.0,1.0,2.5,2.0,3.5,0.0,0.0,4.0,0.0,1.0,0.0,3.5,2.5,2.5,3.0,0.0,0.0,0.0,0.0,0.0,0.0,0.0,0.0,0.0,0.0,0.0,0.0,3.5,0.0,0.0,0.0,0.0,3.0,2.5,0.0
Student_764,2.5,3.0,4.0,4.0,1.5,2.0,1.5,2.0,3.5,3.5,3.0,3.0,2.5,4.0,2.0,3.5,3.5,2.5,4.0,4.0,0.0,0.0,0.0,0.0,3.5,1.5,2.5,4.0,2.5,3.5,0.0,3.0,0.0,0.0,0.0,0.0,3.5,0.0,0.0,0.0,0.0,0.0,0.0,0.0,0.0,0.0,3.5,3.5,0.0,0.0,0.0,0.0,0.0,0.0,4.0,4.0,4.0,3.5,2.0,4.0,3.5,2.5,4.0,3.0,4.0,0.0,4.0,3.5,0.0,0.0,4.0,1.5,3.0,3.5,2.5,0.0,0.0,0.0,0.0,0.0,0.0,0.0,0.0,0.0,0.0,0.0,4.0,0.0,0.0,0.0,0.0,0.0,0.0,0.0,0.0
Student_765,3.0,3.5,2.5,2.0,2.0,1.5,1.0,0.0,1.5,2.0,2.0,2.5,3.0,1.5,2.0,2.0,1.0,1.5,3.0,1.5,0.0,0.0,0.0,0.0,2.0,1.0,2.0,3.5,1.0,1.0,0.0,2.0,0.0,2.0,0.0,0.0,0.0,0.0,0.0,0.0,1.0,0.0,0.0,0.0,0.0,0.0,2.0,0.0,0.0,0.0,1.5,1.0,0.0,0.0,0.0,3.0,0.0,1.0,2.5,3.0,1.5,2.5,4.0,1.0,4.0,0.0,0.0,4.0,0.0,1.5,2.0,2.0,1.5,1.0,1.5,0.0,0.0,0.0,0.0,0.0,4.0,0.0,0.0,0.0,0.0,0.0,0.0,0.0,0.0,0.0,0.0,0.0,2.5,3.0,0.0
Student_766,3.0,0.0,3.5,1.5,1.0,1.0,1.5,3.25,3.5,1.25,2.0,2.0,1.25,1.5,1.0,2.0,2.5,1.75,1.5,1.0,0.0,0.0,0.0,0.0,3.5,1.0,1.5,3.0,2.5,0.0,0.0,2.0,0.0,0.0,0.0,0.0,0.0,0.0,0.0,0.0,3.0,0.0,0.0,0.0,1.5,0.0,0.0,4.0,0.0,0.0,0.0,0.0,0.0,4.0,4.0,4.0,0.0,1.0,1.75,3.0,2.5,2.0,4.0,1.0,4.0,0.0,1.0,2.0,0.0,0.0,1.0,2.5,3.5,3.0,2.0,0.0,0.0,0.0,0.0,0.0,0.0,0.0,0.0,0.0,0.0,0.0,0.0,0.0,0.0,0.0,2.5,0.0,2.0,2.5,0.0
Student_767,4.0,4.0,3.5,2.5,3.0,3.0,3.5,0.0,2.0,2.0,4.0,2.0,4.0,3.0,3.5,2.5,3.5,2.0,3.0,3.5,3.5,0.0,4.0,0.0,3.5,3.5,0.0,4.0,3.0,2.0,0.0,2.5,2.0,0.0,0.0,0.0,0.0,0.0,0.0,0.0,0.0,0.0,0.0,0.0,2.5,4.0,3.0,0.0,0.0,0.0,3.0,0.0,0.0,0.0,0.0,4.0,0.0,2.0,3.0,3.5,4.0,3.5,4.0,4.0,4.0,0.0,0.0,4.0,0.0,3.0,0.0,4.0,4.0,1.0,3.5,0.0,0.0,0.0,0.0,0.0,0.0,0.0,0.0,0.0,0.0,0.0,0.0,0.0,0.0,0.0,0.0,0.0,4.0,4.0,0.0
Student_768,4.0,4.0,3.5,3.0,1.5,4.0,3.0,1.5,3.5,4.0,2.0,2.0,3.0,3.0,2.0,3.0,3.5,1.5,4.0,2.5,3.0,0.0,0.0,0.0,3.5,2.5,2.5,4.0,2.0,0.0,0.0,2.5,0.0,0.0,4.0,0.0,0.0,0.0,0.0,0.0,2.0,0.0,0.0,0.0,0.0,0.0,0.0,0.0,3.0,0.0,0.0,0.0,0.0,3.5,4.0,4.0,4.0,1.0,1.5,4.0,4.0,3.5,4.0,2.5,4.0,0.0,2.0,3.0,0.0,0.0,0.0,1.5,1.5,4.0,2.5,0.0,0.0,0.0,0.0,0.0,0.0,0.0,0.0,0.0,0.0,0.0,0.0,4.0,0.0,0.0,0.0,0.0,4.0,4.0,0.0
Student_769,3.0,1.5,2.0,1.5,1.0,3.5,2.5,0.0,2.0,1.0,2.0,1.5,3.0,2.0,1.0,3.0,2.5,1.0,1.0,2.0,1.5,0.0,0.0,0.0,1.0,3.0,0.0,1.0,1.0,2.5,0.0,0.0,1.5,0.0,0.0,0.0,0.0,0.0,0.0,0.0,3.0,0.0,0.0,0.0,0.0,0.0,1.5,0.0,1.5,0.0,0.0,1.0,2.5,0.0,0.0,2.5,0.0,2.0,1.0,1.0,3.5,3.0,3.0,1.5,3.5,0.0,0.0,3.5,0.0,0.0,2.0,3.5,1.5,2.5,1.0,0.0,0.0,0.0,0.0,0.0,0.0,4.0,0.0,0.0,0.0,0.0,0.0,0.0,0.0,0.0,0.0,0.0,2.5,3.0,0.0
Student_77,3.5,3.5,2.5,2.5,2.0,4.0,3.5,0.0,3.0,2.5,2.5,3.0,2.0,2.0,3.0,2.5,1.5,3.0,2.0,2.0,2.0,0.0,0.0,0.0,2.5,1.0,0.0,3.5,3.0,4.0,0.0,2.0,1.5,0.0,0.0,0.0,0.0,3.5,0.0,0.0,2.5,0.0,0.0,0.0,3.5,4.0,0.0,0.0,0.0,3.5,0.0,0.0,0.0,0.0,0.0,4.0,0.0,1.0,1.5,3.5,3.5,3.0,4.0,3.5,4.0,0.0,0.0,3.5,0.0,0.0,0.0,4.0,3.5,1.5,3.5,0.0,0.0,0.0,0.0,0.0,0.0,0.0,0.0,3.5,0.0,0.0,0.0,0.0,0.0,0.0,0.0,0.0,3.0,3.5,0.0
Student_770,4.0,4.0,3.5,2.0,2.5,3.5,2.5,0.0,3.0,1.0,3.0,1.0,2.0,2.5,2.5,2.5,3.5,2.0,3.0,4.0,0.0,0.0,0.0,0.0,2.0,3.5,3.0,3.0,2.5,3.0,0.0,0.0,0.0,0.0,3.0,3.5,3.5,0.0,0.0,0.0,0.0,0.0,0.0,0.0,3.0,0.0,0.0,0.0,0.0,0.0,3.0,0.0,2.5,0.0,0.0,4.0,0.0,1.0,1.0,2.5,4.0,4.0,4.0,3.0,4.0,0.0,0.0,3.5,0.0,1.5,0.0,3.5,2.0,3.5,4.0,0.0,0.0,0.0,4.0,0.0,0.0,0.0,0.0,0.0,0.0,0.0,0.0,0.0,0.0,0.0,0.0,0.0,4.0,4.0,0.0
Student_771,4.0,4.0,4.0,4.0,3.5,3.5,2.0,3.5,2.25,2.5,3.0,2.5,4.0,3.0,3.5,2.75,2.75,2.25,3.0,2.75,2.0,0.0,0.0,0.0,3.0,1.75,0.0,3.5,3.25,0.0,0.0,0.0,0.0,0.0,0.0,0.0,3.25,0.0,0.0,0.0,0.0,3.75,3.75,0.0,0.0,1.0,0.0,0.0,0.0,2.25,0.0,3.5,0.0,0.0,4.0,4.0,0.0,1.5,1.5,4.0,3.5,4.0,4.0,3.0,4.0,0.0,4.0,4.0,0.0,0.0,0.0,3.5,3.5,4.0,4.0,0.0,0.0,0.0,0.0,0.0,0.0,0.0,0.0,0.0,0.0,0.0,4.0,0.0,0.0,0.0,0.0,0.0,4.0,4.0,0.0
Student_772,3.5,4.0,0.0,0.0,0.0,0.0,0.0,0.0,0.0,0.0,0.0,0.0,0.0,0.0,0.0,0.0,0.0,0.0,0.0,0.0,0.0,0.0,0.0,0.0,0.0,0.0,0.0,0.0,0.0,0.0,0.0,0.0,0.0,0.0,0.0,0.0,0.0,0.0,0.0,0.0,0.0,0.0,0.0,0.0,0.0,0.0,0.0,0.0,0.0,0.0,0.0,0.0,0.0,0.0,0.0,0.0,0.0,0.0,0.0,0.0,0.0,0.0,0.0,0.0,0.0,0.0,0.0,0.0,0.0,0.0,0.0,4.0,3.5,0.0,0.0,0.0,0.0,0.0,0.0,0.0,0.0,0.0,0.0,0.0,0.0,0.0,0.0,0.0,0.0,0.0,0.0,0.0,3.0,4.0,0.0
Student_773,1.0,1.0,2.5,3.5,2.0,2.0,2.5,2.0,2.0,1.5,3.0,1.5,2.0,2.0,1.5,3.0,3.5,3.0,1.0,2.5,2.5,0.0,0.0,0.0,2.5,1.5,0.0,3.0,2.5,3.0,0.0,0.0,0.0,0.0,0.0,0.0,0.0,2.0,0.0,0.0,2.5,0.0,0.0,0.0,0.0,2.0,1.0,0.0,3.5,0.0,1.5,1.5,0.0,0.0,0.0,4.0,0.0,2.0,1.0,1.5,1.5,2.0,4.0,2.0,4.0,0.0,0.0,3.5,0.0,0.0,0.0,2.0,1.0,2.0,2.5,0.0,0.0,0.0,0.0,0.0,0.0,0.0,0.0,0.0,0.0,0.0,0.0,0.0,0.0,0.0,0.0,0.0,1.5,2.0,0.0
Student_774,2.0,2.0,3.0,3.0,3.0,4.0,3.5,0.0,3.0,1.5,2.5,2.5,3.5,3.0,3.5,3.0,4.0,3.0,4.0,3.5,3.0,0.0,0.0,0.0,2.5,3.5,0.0,4.0,3.0,4.0,0.0,0.0,0.0,0.0,0.0,0.0,0.0,0.0,0.0,0.0,4.0,0.0,0.0,0.0,4.0,4.0,0.0,4.0,0.0,0.0,0.0,0.0,0.0,0.0,0.0,4.0,0.0,1.5,3.0,4.0,2.5,4.0,4.0,3.5,4.0,0.0,0.0,4.0,0.0,0.0,0.0,2.5,2.0,4.0,3.0,0.0,0.0,0.0,0.0,0.0,0.0,0.0,0.0,0.0,0.0,0.0,0.0,3.0,0.0,0.0,0.0,0.0,2.0,3.5,0.0
Student_775,3.5,3.0,2.0,1.5,1.0,2.0,2.0,0.0,1.0,2.5,2.5,2.5,1.5,2.5,3.0,2.0,1.5,2.5,3.0,2.5,0.0,0.0,0.0,0.0,2.5,1.0,2.0,2.5,1.5,2.5,0.0,0.0,2.5,0.0,3.0,0.0,0.0,0.0,0.0,0.0,3.5,0.0,0.0,0.0,2.5,0.0,0.0,0.0,2.5,0.0,2.0,0.0,0.0,0.0,0.0,4.0,0.0,1.0,3.5,3.5,1.0,3.0,4.0,1.5,4.0,0.0,0.0,3.5,0.0,0.0,2.0,3.0,2.5,3.0,2.5,0.0,3.0,0.0,0.0,0.0,0.0,0.0,0.0,0.0,0.0,0.0,0.0,0.0,0.0,0.0,0.0,0.0,2.5,2.5,0.0
Student_776,4.0,4.0,3.0,0.0,0.0,4.0,3.0,0.0,2.5,3.0,3.0,0.0,2.5,0.0,2.5,2.5,2.0,2.5,4.0,3.5,0.0,0.0,0.0,0.0,4.0,3.5,3.5,3.0,3.0,3.5,0.0,0.0,4.0,0.0,4.0,4.0,0.0,0.0,0.0,0.0,4.0,0.0,0.0,0.0,0.0,0.0,0.0,0.0,0.0,0.0,3.5,3.0,0.0,0.0,0.0,4.0,0.0,4.0,3.0,4.0,3.0,0.0,0.0,0.0,0.0,0.0,0.0,4.0,0.0,0.0,3.5,0.0,4.0,4.0,4.0,0.0,0.0,0.0,0.0,0.0,0.0,0.0,0.0,0.0,0.0,0.0,0.0,0.0,0.0,0.0,0.0,0.0,4.0,4.0,0.0
Student_777,4.0,4.0,2.5,3.0,2.0,4.0,2.0,3.5,2.5,2.5,2.5,2.5,4.0,2.5,2.5,4.0,3.0,2.5,4.0,4.0,1.5,0.0,0.0,0.0,3.5,3.0,0.0,4.0,3.5,0.0,0.0,0.0,0.0,0.0,0.0,0.0,2.0,0.0,0.0,0.0,0.0,0.0,0.0,0.0,3.0,3.5,3.5,0.0,0.0,2.5,2.0,0.0,0.0,0.0,4.0,3.5,4.0,2.0,3.5,3.0,3.0,4.0,4.0,3.5,4.0,0.0,3.0,3.0,0.0,0.0,0.0,3.5,3.0,2.5,2.5,0.0,0.0,0.0,0.0,0.0,4.0,0.0,0.0,0.0,0.0,0.0,0.0,0.0,0.0,0.0,0.0,0.0,3.5,4.0,0.0
Student_778,3.5,3.5,3.0,4.0,2.5,4.0,0.0,0.0,1.5,1.0,3.0,3.0,4.0,3.0,2.5,2.5,2.5,1.5,3.5,3.0,0.0,0.0,0.0,0.0,2.5,3.0,4.0,0.0,3.5,2.5,0.0,0.0,0.0,3.0,0.0,0.0,0.0,0.0,0.0,0.0,2.5,3.5,0.0,0.0,0.0,0.0,0.0,3.5,2.5,0.0,1.5,2.5,0.0,0.0,0.0,3.5,0.0,2.5,2.5,2.5,3.0,4.0,4.0,4.0,4.0,0.0,0.0,3.5,0.0,0.0,0.0,4.0,4.0,4.0,4.0,0.0,0.0,3.5,0.0,0.0,0.0,4.0,0.0,0.0,0.0,0.0,0.0,0.0,0.0,0.0,0.0,0.0,4.0,4.0,0.0
Student_779,4.0,4.0,3.5,1.5,1.5,2.5,3.0,2.5,2.0,2.5,3.0,3.0,3.0,2.5,3.0,2.5,2.5,3.0,3.0,3.0,2.5,0.0,0.0,0.0,2.0,1.0,0.0,3.5,3.0,3.5,0.0,3.0,0.0,0.0,0.0,4.0,0.0,0.0,0.0,0.0,3.5,0.0,0.0,0.0,1.5,2.5,2.0,0.0,0.0,0.0,3.0,0.0,0.0,0.0,0.0,3.5,0.0,2.0,3.0,3.0,4.0,3.0,4.0,2.5,4.0,0.0,0.0,3.5,0.0,0.0,0.0,2.0,3.5,3.5,2.5,0.0,0.0,0.0,0.0,0.0,3.0,0.0,0.0,0.0,0.0,0.0,0.0,0.0,0.0,0.0,0.0,0.0,4.0,4.0,0.0
Student_78,4.0,3.5,3.5,3.5,4.0,4.0,4.0,4.0,4.0,4.0,4.0,4.0,4.0,4.0,4.0,3.0,4.0,3.5,4.0,4.0,3.0,0.0,0.0,0.0,4.0,4.0,0.0,4.0,3.5,0.0,0.0,3.0,0.0,0.0,2.5,3.5,0.0,0.0,0.0,0.0,3.0,0.0,0.0,0.0,4.0,4.0,0.0,0.0,0.0,0.0,0.0,0.0,0.0,0.0,4.0,3.5,4.0,4.0,4.0,4.0,4.0,4.0,4.0,4.0,4.0,0.0,0.0,3.5,0.0,0.0,0.0,4.0,4.0,3.5,4.0,0.0,0.0,0.0,0.0,0.0,0.0,0.0,0.0,0.0,0.0,0.0,0.0,0.0,0.0,0.0,3.0,0.0,4.0,4.0,0.0
Student_780,0.0,0.0,3.0,0.0,0.0,0.0,2.0,0.0,2.0,3.0,0.0,1.5,3.0,1.5,2.5,2.0,2.0,3.5,2.5,2.0,1.0,0.0,0.0,0.0,3.0,3.5,1.5,4.0,1.5,2.5,0.0,3.5,0.0,0.0,3.5,4.0,0.0,0.0,0.0,0.0,0.0,0.0,0.0,0.0,0.0,0.0,2.0,0.0,0.0,1.5,0.0,0.0,0.0,0.0,0.0,3.0,0.0,1.0,1.5,3.0,2.5,0.0,0.0,0.0,0.0,0.0,0.0,4.0,0.0,0.0,1.5,0.0,0.0,0.0,0.0,0.0,0.0,0.0,0.0,0.0,0.0,0.0,0.0,0.0,0.0,0.0,0.0,0.0,0.0,0.0,0.0,0.0,0.0,0.0,0.0
Student_781,0.0,4.0,4.0,3.0,2.5,3.5,2.5,3.0,1.5,1.0,2.0,2.0,2.0,1.5,2.0,1.5,1.0,3.5,2.0,2.25,0.0,0.0,0.0,0.0,3.0,3.0,3.5,3.5,2.5,0.0,0.0,2.25,0.0,0.0,0.0,0.0,0.0,0.0,0.0,0.0,3.5,0.0,0.0,0.0,2.5,0.0,0.0,0.0,0.0,0.0,0.0,3.5,0.0,2.75,4.0,3.5,0.0,2.0,1.5,3.0,3.5,3.0,4.0,2.5,4.0,0.0,4.0,4.0,0.0,0.0,3.5,2.5,3.5,3.0,2.5,0.0,0.0,0.0,0.0,0.0,0.0,0.0,0.0,3.0,0.0,0.0,0.0,0.0,0.0,0.0,0.0,0.0,0.0,4.0,0.0
Student_782,2.0,3.5,3.0,4.0,2.5,3.5,2.0,2.0,2.0,3.5,3.5,2.0,3.0,3.5,1.5,3.5,3.0,2.0,3.0,2.5,0.0,0.0,0.0,0.0,2.0,1.0,0.0,3.5,3.0,0.0,0.0,0.0,0.0,0.0,0.0,0.0,0.0,0.0,0.0,0.0,3.0,0.0,0.0,0.0,3.0,3.0,0.0,2.0,0.0,0.0,2.5,3.0,0.0,0.0,3.5,3.75,0.0,2.0,2.0,4.0,4.0,4.0,4.0,1.5,4.0,0.0,4.0,2.5,0.0,0.0,1.5,3.5,3.0,3.5,3.0,0.0,0.0,0.0,0.0,0.0,0.0,0.0,0.0,0.0,0.0,0.0,4.0,0.0,0.0,0.0,0.0,0.0,3.5,0.0,0.0
Student_783,3.0,0.0,3.0,3.5,3.0,2.0,3.5,4.0,4.0,3.0,4.0,3.0,3.5,3.0,3.0,4.0,3.5,3.5,4.0,4.0,3.0,0.0,0.0,0.0,4.0,4.0,4.0,4.0,2.0,0.0,0.0,0.0,3.5,0.0,0.0,0.0,0.0,0.0,0.0,0.0,0.0,0.0,0.0,0.0,3.5,4.0,0.0,3.5,0.0,0.0,3.0,0.0,0.0,0.0,3.75,4.0,4.0,4.0,2.5,4.0,3.5,4.0,4.0,4.0,4.0,0.0,4.0,4.0,0.0,0.0,0.0,4.0,4.0,3.5,3.0,0.0,0.0,0.0,0.0,0.0,0.0,0.0,0.0,0.0,0.0,0.0,0.0,4.0,0.0,0.0,0.0,0.0,3.5,4.0,0.0
Student_784,4.0,4.0,2.0,4.0,1.5,3.5,1.5,4.0,2.0,1.5,1.0,3.0,2.0,2.0,2.5,2.0,3.0,2.25,2.5,3.0,1.5,0.0,0.0,0.0,2.5,3.0,0.0,3.75,2.0,0.0,0.0,0.0,0.0,0.0,0.0,0.0,0.0,0.0,0.0,0.0,0.0,0.0,0.0,0.0,1.75,3.0,1.5,1.0,0.0,0.0,0.0,0.0,0.0,2.0,4.0,4.0,0.0,4.0,3.0,4.0,3.5,3.5,4.0,4.0,4.0,0.0,4.0,4.0,0.0,0.0,2.0,4.0,3.5,2.5,3.5,0.0,0.0,0.0,0.0,0.0,0.0,0.0,0.0,0.0,0.0,0.0,4.0,0.0,0.0,0.0,0.0,0.0,4.0,4.0,0.0
Student_785,4.0,4.0,4.0,4.0,4.0,4.0,4.0,4.0,4.0,4.0,4.0,4.0,3.0,4.0,3.0,3.5,4.0,4.0,4.0,4.0,0.0,0.0,0.0,0.0,4.0,4.0,0.0,4.0,3.5,0.0,0.0,0.0,4.0,0.0,0.0,0.0,3.5,0.0,0.0,0.0,0.0,0.0,0.0,0.0,4.0,4.0,0.0,4.0,0.0,0.0,0.0,0.0,0.0,3.5,4.0,4.0,4.0,4.0,4.0,4.0,4.0,4.0,4.0,4.0,4.0,0.0,4.0,4.0,0.0,3.0,0.0,4.0,4.0,4.0,3.5,0.0,0.0,0.0,0.0,0.0,0.0,0.0,0.0,0.0,0.0,0.0,0.0,0.0,0.0,0.0,0.0,0.0,3.5,3.0,0.0
Student_786,3.0,2.5,0.0,0.0,0.0,0.0,0.0,0.0,0.0,0.0,2.5,0.0,0.0,0.0,0.0,0.0,0.0,0.0,0.0,0.0,0.0,0.0,0.0,0.0,0.0,0.0,0.0,0.0,0.0,0.0,0.0,0.0,0.0,0.0,0.0,0.0,0.0,0.0,0.0,0.0,0.0,0.0,1.5,0.0,0.0,0.0,0.0,0.0,0.0,0.0,0.0,0.0,0.0,0.0,0.0,0.0,0.0,0.0,0.0,0.0,0.0,2.5,2.5,0.0,0.0,0.0,0.0,2.5,0.0,0.0,0.0,2.5,3.0,2.0,0.0,0.0,0.0,0.0,0.0,0.0,0.0,0.0,0.0,0.0,0.0,0.0,0.0,0.0,0.0,0.0,0.0,0.0,2.0,3.0,0.0
Student_787,3.5,4.0,2.5,2.0,2.5,3.0,2.0,0.0,2.5,1.5,2.5,2.0,3.0,1.5,1.5,1.5,3.0,2.5,1.5,1.5,2.0,0.0,0.0,0.0,2.5,3.0,2.5,1.5,1.0,2.0,0.0,0.0,0.0,0.0,3.5,3.5,0.0,0.0,0.0,0.0,0.0,0.0,0.0,0.0,0.0,0.0,2.0,0.0,0.0,0.0,0.0,1.5,2.0,0.0,0.0,3.5,0.0,2.0,1.0,2.5,3.0,3.5,3.5,3.5,4.0,0.0,0.0,3.5,0.0,0.0,2.0,2.0,1.0,2.0,1.5,0.0,0.0,0.0,0.0,0.0,0.0,0.0,0.0,3.0,0.0,0.0,0.0,0.0,0.0,0.0,0.0,0.0,4.0,4.0,0.0
Student_788,0.0,0.0,0.0,0.0,3.5,3.0,4.0,3.5,3.5,2.5,2.5,2.5,3.5,0.0,2.5,3.5,4.0,2.5,3.5,4.0,3.0,0.0,0.0,0.0,4.0,4.0,0.0,4.0,2.75,0.0,0.0,3.0,3.0,0.0,0.0,0.0,0.0,0.0,0.0,0.0,0.0,0.0,0.0,0.0,4.0,4.0,0.0,0.0,0.0,3.0,3.5,0.0,0.0,0.0,4.0,4.0,0.0,3.0,3.0,4.0,3.5,0.0,4.0,0.0,4.0,0.0,0.0,0.0,0.0,3.0,0.0,0.0,0.0,3.5,4.0,0.0,0.0,0.0,0.0,0.0,0.0,0.0,0.0,0.0,0.0,0.0,0.0,0.0,0.0,0.0,0.0,0.0,4.0,0.0,0.0
Student_789,2.0,2.5,4.0,2.5,3.0,4.0,2.5,0.0,3.0,1.5,2.5,2.5,4.0,3.0,3.0,2.5,1.5,3.5,2.5,2.5,0.0,0.0,0.0,0.0,4.0,2.0,4.0,3.0,3.0,3.0,0.0,3.0,2.0,0.0,2.5,0.0,3.5,0.0,0.0,0.0,0.0,0.0,0.0,0.0,2.0,0.0,3.5,0.0,0.0,0.0,0.0,0.0,0.0,0.0,0.0,3.5,0.0,3.0,2.5,3.5,4.0,3.5,4.0,4.0,4.0,0.0,0.0,4.0,0.0,1.0,0.0,3.5,3.0,2.5,2.5,0.0,0.0,3.5,0.0,0.0,0.0,0.0,0.0,0.0,0.0,0.0,0.0,0.0,0.0,0.0,0.0,0.0,2.5,2.5,0.0
Student_79,2.5,4.0,4.0,3.5,3.5,2.0,2.5,4.0,4.0,3.5,4.0,3.0,3.5,3.5,3.0,4.0,2.5,3.5,4.0,3.0,2.5,0.0,0.0,0.0,3.5,4.0,4.0,4.0,4.0,4.0,0.0,4.0,0.0,0.0,0.0,0.0,1.0,0.0,0.0,0.0,0.0,0.0,0.0,0.0,0.0,0.0,0.0,3.5,0.0,0.0,0.0,0.0,0.0,0.0,4.0,4.0,4.0,1.5,2.5,3.0,4.0,4.0,4.0,3.5,4.0,0.0,0.0,4.0,0.0,0.0,0.0,4.0,3.0,2.0,4.0,0.0,0.0,0.0,4.0,0.0,0.0,0.0,0.0,0.0,0.0,0.0,0.0,0.0,0.0,0.0,0.0,0.0,2.5,2.0,0.0
Student_790,3.5,2.5,4.0,2.5,1.0,3.0,2.5,3.0,3.5,2.0,2.5,1.5,2.0,1.5,2.5,3.5,2.0,3.0,1.0,1.5,0.0,0.0,0.0,0.0,1.5,1.5,2.0,2.5,2.5,2.0,0.0,1.0,0.0,0.0,3.5,0.0,0.0,0.0,0.0,0.0,3.0,0.0,0.0,0.0,0.0,0.0,2.0,0.0,0.0,2.0,0.0,0.0,3.0,0.0,0.0,4.0,0.0,1.5,1.0,3.0,3.0,3.5,3.0,2.5,4.0,0.0,0.0,3.5,0.0,1.0,0.0,1.5,2.0,3.0,2.5,0.0,0.0,0.0,0.0,0.0,0.0,0.0,0.0,0.0,0.0,0.0,0.0,0.0,0.0,0.0,0.0,3.0,3.5,3.5,0.0
Student_791,2.0,3.0,4.0,4.0,3.0,3.0,2.5,3.5,4.0,3.0,4.0,3.0,4.0,4.0,3.0,4.0,4.0,3.5,3.5,4.0,0.0,0.0,0.0,0.0,3.0,2.0,4.0,4.0,2.0,2.5,0.0,3.0,3.0,0.0,0.0,0.0,0.0,0.0,0.0,0.0,0.0,0.0,0.0,0.0,0.0,3.0,4.0,4.0,3.0,0.0,0.0,0.0,0.0,0.0,0.0,4.0,0.0,4.0,2.5,3.5,3.5,4.0,4.0,3.0,4.0,0.0,0.0,3.5,0.0,4.0,0.0,3.0,3.5,3.0,3.0,0.0,3.5,0.0,0.0,0.0,0.0,0.0,0.0,0.0,0.0,0.0,0.0,0.0,0.0,0.0,0.0,0.0,4.0,3.5,0.0
Student_792,0.0,0.0,2.5,3.5,3.5,3.5,4.0,4.0,3.5,2.5,3.5,3.0,4.0,3.5,3.5,3.75,3.75,4.0,3.0,2.5,4.0,0.0,0.0,0.0,4.0,3.25,3.5,4.0,3.0,0.0,0.0,0.0,2.25,0.0,0.0,0.0,0.0,0.0,0.0,0.0,2.75,0.0,0.0,0.0,0.0,0.0,0.0,4.0,3.5,0.0,0.0,0.0,0.0,3.25,4.0,4.0,0.0,4.0,2.0,3.5,3.75,3.5,4.0,4.0,4.0,0.0,4.0,4.0,0.0,0.0,0.0,3.0,4.0,4.0,2.5,0.0,0.0,0.0,3.75,0.0,0.0,0.0,0.0,0.0,0.0,0.0,0.0,0.0,0.0,0.0,0.0,0.0,0.0,0.0,0.0
Student_793,4.0,4.0,3.5,4.0,3.5,3.5,4.0,4.0,4.0,3.5,3.5,3.0,4.0,4.0,4.0,3.0,4.0,4.0,4.0,4.0,3.0,0.0,0.0,0.0,3.5,3.5,0.0,3.5,3.5,0.0,0.0,0.0,3.5,0.0,0.0,0.0,4.0,0.0,0.0,0.0,0.0,0.0,0.0,0.0,0.0,4.0,0.0,3.5,0.0,0.0,0.0,3.5,0.0,4.0,4.0,4.0,0.0,4.0,3.5,4.0,4.0,3.5,4.0,3.0,4.0,0.0,4.0,4.0,0.0,0.0,0.0,4.0,3.5,4.0,4.0,0.0,0.0,0.0,0.0,0.0,0.0,0.0,0.0,0.0,0.0,0.0,0.0,0.0,0.0,0.0,4.0,0.0,4.0,4.0,0.0
Student_794,3.5,4.0,2.5,3.0,3.5,2.5,4.0,3.0,3.0,2.5,3.5,3.5,4.0,3.0,3.0,3.0,4.0,3.5,3.5,3.5,2.5,0.0,0.0,0.0,2.5,2.5,0.0,2.5,3.0,2.5,0.0,0.0,0.0,0.0,3.0,4.0,0.0,3.5,0.0,0.0,3.0,0.0,2.0,0.0,0.0,3.5,3.5,0.0,0.0,2.0,0.0,0.0,0.0,0.0,0.0,3.5,0.0,2.5,2.5,3.5,3.5,3.5,4.0,2.5,4.0,0.0,0.0,3.0,0.0,0.0,0.0,2.0,3.0,4.0,2.5,0.0,0.0,0.0,0.0,0.0,0.0,0.0,0.0,0.0,0.0,0.0,0.0,0.0,0.0,0.0,3.5,0.0,4.0,3.5,0.0
Student_795,3.0,1.5,0.0,0.0,1.0,3.5,2.0,1.5,2.5,1.0,1.5,1.0,3.0,1.0,2.0,1.0,1.0,3.0,1.25,1.0,1.25,0.0,0.0,0.0,3.5,1.5,1.0,3.5,3.0,0.0,0.0,3.0,0.0,0.0,0.0,0.0,0.0,0.0,0.0,0.0,3.0,0.0,0.0,0.0,2.5,2.0,0.0,0.0,0.0,2.0,2.0,0.0,0.0,2.0,3.0,3.0,4.0,1.0,0.0,4.0,3.5,1.0,4.0,1.0,4.0,0.0,0.0,4.0,0.0,0.0,0.0,0.0,0.0,3.5,2.5,0.0,0.0,0.0,0.0,0.0,0.0,0.0,0.0,0.0,0.0,0.0,0.0,2.0,0.0,0.0,0.0,0.0,3.0,2.5,0.0
Student_796,0.0,0.0,4.0,0.0,0.0,0.0,3.0,0.0,0.0,0.0,0.0,0.0,3.5,0.0,3.0,0.0,1.0,1.5,2.5,2.5,2.5,0.0,0.0,0.0,2.5,0.0,4.0,4.0,2.5,2.5,0.0,0.0,2.5,0.0,0.0,0.0,4.0,0.0,0.0,0.0,0.0,0.0,2.5,0.0,0.0,0.0,3.0,0.0,0.0,0.0,0.0,0.0,0.0,0.0,3.5,3.5,4.0,0.0,0.0,3.0,3.0,0.0,3.5,0.0,4.0,0.0,4.0,4.0,0.0,0.0,0.0,0.0,0.0,0.0,3.5,0.0,0.0,0.0,0.0,0.0,0.0,0.0,0.0,0.0,0.0,0.0,0.0,4.0,0.0,0.0,0.0,0.0,0.0,0.0,0.0
Student_797,4.0,4.0,3.5,3.5,2.5,3.0,2.5,3.5,2.0,3.0,3.0,3.0,3.0,3.0,1.5,2.0,3.5,1.5,3.5,2.5,2.0,0.0,0.0,0.0,2.5,1.0,0.0,4.0,4.0,2.0,0.0,0.0,2.0,0.0,0.0,0.0,0.0,0.0,0.0,0.0,4.0,0.0,0.0,0.0,1.5,3.5,2.5,1.5,0.0,0.0,2.0,0.0,0.0,0.0,0.0,3.5,0.0,3.5,2.0,2.5,4.0,4.0,4.0,2.5,4.0,0.0,0.0,4.0,0.0,0.0,0.0,3.0,2.0,4.0,2.0,0.0,0.0,0.0,0.0,0.0,0.0,0.0,0.0,0.0,0.0,0.0,0.0,0.0,0.0,0.0,0.0,0.0,2.5,3.5,0.0
Student_798,4.0,3.0,3.5,2.0,3.5,4.0,2.0,2.5,2.5,2.0,3.0,3.0,3.5,2.5,2.5,2.5,3.5,2.0,3.0,2.0,0.0,0.0,0.0,0.0,1.0,1.0,0.0,3.0,3.5,3.0,0.0,0.0,0.0,0.0,0.0,0.0,0.0,3.0,0.0,0.0,2.5,0.0,0.0,0.0,0.0,2.0,0.0,2.5,0.0,0.0,3.0,4.0,3.0,0.0,0.0,4.0,0.0,2.0,1.0,1.0,4.0,4.0,4.0,3.5,4.0,0.0,0.0,4.0,0.0,0.0,2.5,4.0,3.0,2.5,3.0,0.0,0.0,0.0,0.0,0.0,0.0,0.0,0.0,4.0,0.0,0.0,0.0,0.0,0.0,0.0,0.0,0.0,4.0,4.0,0.0
Student_799,4.0,3.0,4.0,3.5,3.0,4.0,2.0,2.5,2.5,2.0,2.5,2.5,2.0,3.5,2.5,3.0,2.5,2.5,3.5,4.0,3.0,0.0,0.0,0.0,2.0,4.0,0.0,4.0,3.0,0.0,0.0,0.0,3.5,0.0,0.0,0.0,0.0,0.0,0.0,0.0,1.5,0.0,0.0,0.0,2.5,4.0,0.0,0.0,4.0,3.5,0.0,0.0,0.0,0.0,4.0,4.0,4.0,1.0,3.0,1.0,3.0,2.5,4.0,3.0,4.0,0.0,0.0,4.0,0.0,0.0,0.0,2.5,3.5,4.0,3.0,0.0,0.0,0.0,0.0,0.0,0.0,0.0,0.0,0.0,0.0,0.0,0.0,0.0,0.0,0.0,3.0,0.0,4.0,4.0,0.0
Student_8,1.0,4.0,0.0,0.0,0.0,0.0,0.0,0.0,3.0,0.0,2.0,0.0,0.0,0.0,0.0,0.0,0.0,0.0,0.0,0.0,0.0,0.0,0.0,0.0,0.0,0.0,0.0,0.0,0.0,0.0,0.0,0.0,0.0,0.0,0.0,0.0,0.0,0.0,0.0,0.0,0.0,0.0,0.0,0.0,0.0,0.0,0.0,0.0,0.0,0.0,0.0,0.0,0.0,0.0,0.0,0.0,0.0,0.0,0.0,0.0,0.0,0.0,0.0,0.0,0.0,0.0,0.0,0.0,0.0,0.0,0.0,4.0,2.5,0.0,0.0,0.0,0.0,0.0,0.0,0.0,0.0,0.0,0.0,0.0,0.0,0.0,0.0,0.0,0.0,0.0,0.0,0.0,2.5,2.0,0.0
Student_80,0.0,0.0,4.0,3.5,3.0,3.5,3.0,3.5,2.5,2.5,3.0,2.5,3.5,2.5,2.0,3.0,3.0,2.5,2.0,2.5,2.5,0.0,0.0,0.0,3.0,4.0,3.0,3.0,2.0,0.0,0.0,0.0,0.0,0.0,0.0,0.0,3.25,3.5,0.0,0.0,0.0,0.0,0.0,0.0,2.75,0.0,0.0,0.0,2.75,0.0,0.0,3.25,0.0,0.0,4.0,4.0,0.0,2.5,3.0,3.5,3.0,3.5,4.0,2.5,4.0,0.0,4.0,3.5,0.0,0.0,0.0,3.0,4.0,4.0,2.5,0.0,0.0,0.0,3.5,0.0,0.0,0.0,0.0,0.0,0.0,0.0,0.0,0.0,0.0,0.0,0.0,0.0,0.0,0.0,0.0
Student_800,2.5,2.5,3.5,3.0,1.5,3.0,1.0,2.0,2.5,2.0,3.0,1.0,3.0,2.0,2.0,1.5,2.0,1.0,3.0,1.0,0.0,0.0,0.0,0.0,4.0,2.5,2.5,3.5,2.0,1.0,0.0,3.0,1.0,0.0,0.0,1.5,1.5,0.0,0.0,0.0,0.0,0.0,0.0,0.0,1.0,0.0,0.0,2.5,0.0,0.0,0.0,0.0,0.0,0.0,0.0,3.0,0.0,1.0,1.5,1.5,1.5,1.5,4.0,1.5,3.5,0.0,0.0,3.5,0.0,0.0,2.0,1.0,2.0,2.5,1.5,0.0,0.0,0.0,0.0,3.5,0.0,0.0,0.0,0.0,0.0,0.0,0.0,0.0,0.0,0.0,0.0,0.0,3.0,3.5,0.0
Student_801,2.5,4.0,3.5,3.5,2.0,3.5,4.0,0.0,2.0,3.5,3.0,1.5,2.5,3.0,2.0,3.5,4.0,2.5,4.0,3.0,0.0,0.0,0.0,0.0,1.5,2.5,3.0,4.0,2.5,3.0,0.0,0.0,2.5,0.0,0.0,0.0,0.0,0.0,0.0,1.5,0.0,0.0,0.0,0.0,0.0,3.0,3.5,2.5,0.0,0.0,2.0,0.0,0.0,0.0,0.0,4.0,0.0,1.5,2.5,3.0,3.0,4.0,4.0,3.5,4.0,0.0,0.0,4.0,0.0,0.0,2.5,2.0,4.0,3.5,3.0,0.0,0.0,0.0,4.0,0.0,0.0,0.0,0.0,0.0,0.0,0.0,0.0,0.0,0.0,0.0,0.0,0.0,4.0,3.0,0.0
Student_802,2.0,2.5,3.5,2.5,3.5,4.0,2.5,2.0,3.0,2.5,1.5,0.0,1.5,2.0,2.5,2.5,3.0,2.75,3.0,3.75,2.75,0.0,0.0,0.0,2.5,3.25,2.5,4.0,3.5,0.0,0.0,2.75,0.0,0.0,0.0,3.75,0.0,0.0,0.0,0.0,3.0,0.0,0.0,0.0,2.5,0.0,0.0,0.0,3.75,3.0,0.0,0.0,0.0,0.0,4.0,4.0,0.0,1.5,1.5,3.0,3.5,2.0,4.0,2.5,4.0,0.0,3.5,4.0,0.0,0.0,0.0,3.0,3.5,4.0,2.0,0.0,0.0,0.0,0.0,0.0,3.25,0.0,0.0,0.0,0.0,0.0,0.0,0.0,0.0,0.0,0.0,0.0,0.0,0.0,0.0
Student_803,3.5,3.5,2.5,3.5,3.0,3.0,2.5,3.5,2.5,2.5,3.0,2.5,3.0,2.5,2.0,2.0,1.5,3.0,3.0,2.0,1.0,0.0,0.0,0.0,3.0,2.5,0.0,3.5,2.5,0.0,0.0,3.5,2.5,0.0,0.0,0.0,3.0,0.0,0.0,0.0,0.0,0.0,0.0,0.0,3.5,4.0,0.0,2.5,0.0,0.0,0.0,0.0,0.0,0.0,3.5,3.5,4.0,2.5,2.5,2.5,2.5,3.5,4.0,2.5,4.0,0.0,0.0,4.0,0.0,0.0,0.0,3.5,2.0,2.5,3.5,0.0,0.0,0.0,3.5,0.0,0.0,0.0,0.0,0.0,0.0,0.0,0.0,0.0,0.0,0.0,0.0,0.0,2.5,3.5,0.0
Student_804,3.5,4.0,3.0,4.0,2.5,3.5,2.5,3.0,3.0,2.5,3.5,3.0,4.0,2.5,2.0,2.5,1.0,2.5,2.5,2.0,2.5,0.0,0.0,0.0,3.0,3.5,0.0,1.5,2.0,0.0,0.0,2.75,0.0,0.0,0.0,0.0,0.0,0.0,0.0,0.0,3.0,0.0,0.0,0.0,0.0,3.0,0.0,2.5,2.75,3.0,0.0,0.0,0.0,0.0,4.0,4.0,0.0,2.5,1.0,3.5,2.5,3.0,4.0,2.25,4.0,0.0,3.0,4.0,0.0,0.0,0.0,3.5,3.5,4.0,3.0,0.0,0.0,0.0,0.0,0.0,0.0,0.0,0.0,3.5,0.0,0.0,0.0,0.0,0.0,0.0,0.0,0.0,0.0,4.0,0.0
Student_805,3.0,3.5,3.0,2.5,4.0,2.5,2.5,3.5,2.5,1.5,3.5,4.0,2.0,3.0,2.0,2.0,2.5,1.5,4.0,2.5,3.5,0.0,0.0,0.0,2.5,1.5,4.0,4.0,1.5,2.5,0.0,0.0,2.5,0.0,0.0,0.0,0.0,0.0,0.0,0.0,0.0,0.0,0.0,0.0,2.5,2.5,4.0,3.5,0.0,0.0,1.5,0.0,0.0,0.0,0.0,4.0,0.0,3.0,3.0,3.5,4.0,3.5,4.0,3.5,4.0,0.0,0.0,4.0,0.0,0.0,0.0,4.0,4.0,4.0,4.0,0.0,0.0,0.0,0.0,0.0,0.0,0.0,0.0,0.0,0.0,0.0,0.0,4.0,0.0,0.0,0.0,0.0,3.0,3.5,0.0
Student_806,3.0,2.5,3.5,3.0,3.0,4.0,3.5,0.0,3.0,3.0,3.5,3.5,4.0,3.5,3.0,1.5,3.0,2.5,3.5,3.0,0.0,0.0,0.0,0.0,3.5,1.5,3.0,3.5,2.5,3.0,0.0,0.0,2.5,0.0,2.5,0.0,0.0,3.5,0.0,0.0,3.5,0.0,2.5,0.0,0.0,0.0,4.0,0.0,0.0,0.0,0.0,0.0,0.0,0.0,0.0,3.5,0.0,4.0,1.5,3.0,2.0,4.0,3.5,4.0,4.0,0.0,0.0,4.0,0.0,0.0,3.5,4.0,3.0,2.0,4.0,0.0,0.0,0.0,4.0,0.0,0.0,0.0,0.0,0.0,0.0,0.0,0.0,0.0,0.0,0.0,0.0,0.0,4.0,3.5,0.0
Student_807,4.0,4.0,3.5,3.5,3.5,4.0,2.5,3.5,3.5,2.5,4.0,3.0,3.5,3.5,3.5,3.0,3.0,2.5,3.5,2.5,3.0,0.0,0.0,0.0,3.5,2.0,3.0,3.0,1.0,0.0,0.0,0.0,1.5,0.0,0.0,0.0,0.0,0.0,0.0,0.0,2.5,0.0,0.0,0.0,1.5,0.0,3.5,1.0,0.0,0.0,0.0,0.0,0.0,0.0,3.5,3.0,4.0,3.0,4.0,3.0,4.0,4.0,4.0,2.5,4.0,0.0,0.0,4.0,0.0,0.0,0.0,3.0,3.5,4.0,4.0,0.0,0.0,0.0,0.0,0.0,0.0,0.0,0.0,0.0,0.0,0.0,0.0,0.0,0.0,0.0,4.0,0.0,3.0,3.5,0.0
Student_808,4.0,3.5,3.5,1.0,2.0,1.5,1.0,3.0,3.0,1.5,3.0,1.5,2.0,2.5,3.5,1.0,3.0,3.0,3.0,2.5,2.5,0.0,0.0,0.0,2.0,1.5,3.5,3.0,3.0,4.0,0.0,2.0,2.5,0.0,3.0,0.0,3.0,0.0,0.0,0.0,0.0,0.0,0.0,0.0,0.0,0.0,0.0,3.5,3.0,0.0,0.0,0.0,0.0,0.0,0.0,4.0,0.0,1.5,4.0,3.0,4.0,2.5,3.5,2.5,2.5,0.0,0.0,3.5,0.0,0.0,0.0,3.0,2.5,3.5,3.0,0.0,0.0,0.0,0.0,0.0,0.0,0.0,0.0,0.0,0.0,0.0,0.0,0.0,0.0,0.0,0.0,0.0,3.5,3.5,0.0
Student_809,3.0,3.5,3.5,3.0,3.5,3.5,2.5,3.5,2.0,2.5,3.0,2.0,3.0,3.5,2.5,2.5,3.0,3.5,3.0,2.0,2.0,0.0,0.0,0.0,2.0,2.0,0.0,3.5,3.0,0.0,0.0,0.0,2.75,0.0,0.0,0.0,2.5,0.0,0.0,0.0,0.0,0.0,0.0,0.0,0.0,3.0,0.0,0.0,0.0,0.0,3.0,0.0,0.0,2.5,3.75,4.0,0.0,1.5,2.5,4.0,2.5,3.5,4.0,4.0,4.0,0.0,4.0,4.0,0.0,0.0,0.0,4.0,2.5,1.0,3.0,0.0,0.0,0.0,0.0,0.0,0.0,0.0,0.0,0.0,0.0,0.0,0.0,0.0,0.0,0.0,0.0,0.0,3.5,3.0,0.0
Student_81,0.0,0.0,0.0,0.0,0.0,0.0,0.0,0.0,0.0,0.0,0.0,0.0,0.0,0.0,0.0,0.0,0.0,0.0,0.0,0.0,0.0,0.0,0.0,0.0,0.0,0.0,0.0,0.0,3.5,4.0,0.0,3.5,0.0,0.0,0.0,3.5,2.5,0.0,0.0,0.0,0.0,0.0,0.0,0.0,3.5,0.0,0.0,0.0,0.0,0.0,0.0,0.0,0.0,0.0,0.0,4.0,0.0,0.0,0.0,0.0,3.5,0.0,0.0,0.0,0.0,0.0,0.0,0.0,0.0,0.0,0.0,0.0,0.0,0.0,0.0,0.0,0.0,0.0,0.0,0.0,0.0,0.0,0.0,0.0,0.0,0.0,0.0,0.0,0.0,0.0,0.0,0.0,0.0,0.0,0.0
Student_810,4.0,3.0,2.5,1.0,2.5,3.5,2.5,0.0,2.0,2.0,2.0,2.0,3.0,2.0,2.0,3.0,2.0,1.5,2.0,2.0,0.0,0.0,0.0,0.0,2.0,1.0,4.0,4.0,2.0,2.0,0.0,3.0,2.0,0.0,0.0,0.0,0.0,3.5,0.0,0.0,3.5,0.0,0.0,0.0,0.0,0.0,0.0,2.5,3.5,0.0,0.0,0.0,0.0,0.0,0.0,4.0,0.0,2.5,3.0,3.5,1.5,3.5,4.0,2.0,4.0,0.0,0.0,4.0,0.0,0.0,3.0,2.0,1.5,2.5,2.5,0.0,0.0,0.0,0.0,0.0,0.0,0.0,0.0,0.0,0.0,0.0,0.0,0.0,0.0,0.0,2.5,0.0,4.0,3.5,0.0
Student_811,3.0,1.5,3.5,2.0,3.0,3.0,3.5,2.0,2.0,3.0,3.0,3.0,3.0,4.0,2.5,3.0,2.5,2.5,2.5,1.5,0.0,0.0,0.0,0.0,1.5,1.0,4.0,3.0,3.0,1.5,0.0,0.0,0.0,0.0,0.0,0.0,0.0,0.0,0.0,0.0,0.0,0.0,0.0,0.0,2.0,3.0,0.0,0.0,0.0,0.0,0.0,0.0,0.0,0.0,0.0,4.0,0.0,1.5,2.5,3.5,3.5,3.0,4.0,2.5,4.0,0.0,0.0,4.0,0.0,2.0,0.0,3.0,2.0,4.0,3.5,0.0,0.0,0.0,0.0,0.0,0.0,0.0,0.0,0.0,0.0,0.0,0.0,3.5,0.0,0.0,0.0,0.0,2.5,1.5,0.0
Student_812,0.0,0.0,0.0,0.0,0.0,0.0,0.0,0.0,2.0,0.0,0.0,0.0,0.0,0.0,0.0,3.0,1.5,2.5,0.0,2.0,0.0,0.0,0.0,0.0,1.0,2.5,2.0,3.0,2.0,0.0,0.0,0.0,0.0,0.0,0.0,3.5,0.0,0.0,0.0,0.0,2.0,3.0,0.0,0.0,0.0,0.0,0.0,0.0,0.0,0.0,3.0,0.0,0.0,0.0,0.0,4.0,0.0,0.0,0.0,1.0,4.0,0.0,0.0,0.0,0.0,0.0,0.0,0.0,0.0,0.0,3.5,0.0,2.0,2.5,2.0,0.0,0.0,0.0,0.0,0.0,0.0,0.0,0.0,0.0,0.0,0.0,0.0,0.0,0.0,0.0,0.0,0.0,0.0,0.0,0.0
Student_813,4.0,4.0,3.0,4.0,3.0,4.0,3.0,3.5,1.5,1.0,2.5,2.5,3.5,2.5,3.0,2.0,2.5,1.5,2.0,1.0,0.0,0.0,0.0,0.0,1.0,1.5,0.0,2.5,2.0,0.0,0.0,1.5,0.0,0.0,0.0,0.0,0.0,0.0,0.0,0.0,2.5,0.0,0.0,0.0,0.0,2.5,1.5,3.5,2.75,0.0,0.0,0.0,0.0,0.0,4.0,4.0,0.0,4.0,3.5,4.0,3.0,3.5,4.0,2.0,4.0,0.0,4.0,4.0,0.0,0.0,4.0,4.0,3.5,2.0,3.5,0.0,0.0,0.0,4.0,0.0,0.0,0.0,0.0,0.0,0.0,0.0,0.0,0.0,0.0,0.0,0.0,0.0,4.0,3.5,0.0
Student_814,0.0,0.0,4.0,4.0,2.0,3.0,3.0,2.75,3.0,2.5,4.0,2.5,3.0,2.5,2.5,2.75,3.0,2.0,2.0,1.5,0.0,0.0,0.0,0.0,2.5,2.0,1.5,3.75,2.0,0.0,0.0,2.0,0.0,0.0,0.0,0.0,3.0,0.0,0.0,0.0,0.0,0.0,0.0,0.0,0.0,3.5,3.0,0.0,0.0,2.5,0.0,2.75,0.0,0.0,4.0,4.0,0.0,1.0,2.0,2.0,2.0,2.5,4.0,4.0,3.5,0.0,3.0,4.0,0.0,3.5,0.0,2.5,3.5,2.5,3.5,3.0,0.0,0.0,0.0,0.0,0.0,0.0,0.0,0.0,0.0,0.0,0.0,0.0,0.0,0.0,0.0,0.0,0.0,0.0,0.0
Student_815,2.0,3.5,2.0,2.0,1.5,4.0,2.5,3.0,3.0,1.0,2.5,2.5,3.0,1.5,1.0,1.5,1.5,2.5,1.5,2.0,0.0,0.0,0.0,0.0,1.5,1.5,4.0,2.5,3.0,4.0,0.0,2.5,2.5,0.0,2.5,0.0,0.0,0.0,0.0,0.0,0.0,0.0,0.0,0.0,0.0,3.5,3.0,0.0,2.5,0.0,0.0,0.0,0.0,0.0,0.0,4.0,0.0,1.5,2.0,2.5,3.5,2.0,4.0,2.0,3.5,0.0,0.0,4.0,0.0,2.5,0.0,3.5,2.5,2.5,2.5,0.0,0.0,0.0,0.0,0.0,0.0,0.0,0.0,0.0,0.0,0.0,0.0,0.0,0.0,0.0,0.0,0.0,2.0,4.0,0.0
Student_816,4.0,2.5,3.5,2.5,3.0,3.0,2.0,0.0,1.5,1.0,2.0,4.0,4.0,2.5,2.0,0.0,0.0,0.0,2.5,3.0,0.0,0.0,0.0,0.0,3.0,0.0,2.5,4.0,2.5,3.0,0.0,0.0,0.0,4.0,0.0,0.0,0.0,0.0,0.0,0.0,2.0,0.0,3.5,0.0,0.0,0.0,0.0,0.0,0.0,0.0,0.0,0.0,0.0,0.0,0.0,4.0,0.0,2.0,1.5,3.0,2.0,3.0,4.0,3.5,4.0,0.0,0.0,4.0,0.0,1.5,0.0,4.0,4.0,2.0,3.0,0.0,0.0,0.0,0.0,0.0,0.0,0.0,0.0,0.0,0.0,0.0,0.0,0.0,0.0,0.0,3.0,0.0,4.0,3.0,0.0
Student_817,3.0,4.0,3.5,4.0,3.5,2.5,1.5,3.5,2.5,1.5,2.5,3.5,1.5,3.0,2.5,2.0,3.0,2.25,4.0,3.0,0.0,0.0,0.0,1.0,2.0,3.0,0.0,3.0,2.5,0.0,0.0,0.0,2.25,0.0,0.0,0.0,0.0,0.0,0.0,0.0,3.0,0.0,0.0,0.0,2.0,0.0,0.0,3.5,0.0,0.0,2.0,0.0,0.0,0.0,4.0,4.0,0.0,2.5,3.0,3.25,3.5,3.0,3.5,3.0,4.0,0.0,4.0,3.0,0.0,0.0,3.5,3.0,4.0,4.0,3.0,3.0,0.0,0.0,3.5,0.0,0.0,0.0,0.0,0.0,0.0,0.0,0.0,0.0,0.0,0.0,0.0,0.0,4.0,0.0,0.0
Student_818,3.0,3.5,2.5,1.5,3.5,2.5,3.5,0.0,2.5,2.0,3.0,3.5,2.5,2.5,3.0,2.5,3.0,2.5,2.0,3.0,0.0,0.0,0.0,0.0,2.0,3.5,0.0,2.0,2.5,1.0,0.0,3.5,0.0,0.0,0.0,0.0,0.0,0.0,0.0,0.0,2.0,0.0,0.0,0.0,2.0,2.0,0.0,3.0,2.5,0.0,1.5,0.0,0.0,0.0,0.0,4.0,0.0,1.0,3.0,3.0,4.0,3.5,3.5,3.5,4.0,0.0,0.0,3.5,0.0,0.0,4.0,3.0,3.5,3.0,3.0,0.0,1.5,0.0,0.0,0.0,0.0,0.0,0.0,0.0,0.0,0.0,0.0,0.0,0.0,0.0,0.0,0.0,3.0,3.5,0.0
Student_819,3.0,3.0,0.0,0.0,0.0,0.0,0.0,0.0,0.0,0.0,0.0,0.0,0.0,0.0,0.0,0.0,0.0,0.0,0.0,0.0,0.0,0.0,0.0,0.0,0.0,0.0,0.0,0.0,0.0,0.0,0.0,0.0,0.0,0.0,0.0,0.0,0.0,0.0,0.0,0.0,0.0,0.0,0.0,0.0,0.0,0.0,0.0,0.0,0.0,0.0,0.0,0.0,0.0,0.0,0.0,0.0,0.0,0.0,0.0,0.0,0.0,0.0,0.0,0.0,0.0,0.0,0.0,0.0,0.0,0.0,0.0,2.5,1.5,0.0,0.0,0.0,0.0,0.0,0.0,0.0,0.0,0.0,0.0,0.0,0.0,0.0,0.0,0.0,0.0,0.0,0.0,0.0,2.0,4.0,0.0
Student_82,3.5,3.5,3.5,2.0,4.0,3.0,3.0,4.0,3.0,2.5,2.5,3.0,3.5,2.0,4.0,3.0,3.5,3.5,4.0,3.0,3.0,0.0,0.0,0.0,4.0,1.5,4.0,4.0,3.0,0.0,0.0,0.0,3.0,0.0,0.0,0.0,0.0,0.0,0.0,0.0,3.0,0.0,0.0,0.0,0.0,0.0,3.0,0.0,0.0,0.0,2.0,0.0,0.0,2.5,4.0,4.0,4.0,3.0,2.5,4.0,4.0,4.0,4.0,3.5,4.0,0.0,4.0,4.0,0.0,0.0,0.0,4.0,4.0,4.0,3.0,0.0,0.0,0.0,0.0,0.0,0.0,0.0,0.0,0.0,0.0,0.0,0.0,0.0,0.0,0.0,0.0,0.0,3.5,4.0,0.0
Student_820,3.5,3.5,0.0,0.0,0.0,0.0,0.0,0.0,0.0,0.0,0.0,0.0,0.0,0.0,0.0,0.0,0.0,0.0,0.0,0.0,0.0,0.0,0.0,0.0,0.0,0.0,0.0,0.0,0.0,0.0,0.0,0.0,0.0,0.0,0.0,0.0,0.0,0.0,0.0,0.0,0.0,0.0,0.0,0.0,0.0,0.0,0.0,0.0,0.0,0.0,0.0,0.0,0.0,0.0,0.0,0.0,0.0,0.0,0.0,0.0,0.0,0.0,0.0,0.0,0.0,0.0,0.0,0.0,0.0,0.0,0.0,3.5,2.5,0.0,0.0,0.0,0.0,0.0,0.0,0.0,0.0,0.0,0.0,0.0,0.0,0.0,0.0,0.0,0.0,0.0,0.0,0.0,2.5,3.0,0.0
Student_821,4.0,4.0,3.0,1.0,3.5,3.5,3.0,0.0,3.5,2.0,2.0,2.0,3.5,2.0,0.0,3.0,2.0,2.5,1.5,2.5,0.0,0.0,0.0,0.0,2.5,3.0,0.0,3.0,2.5,3.0,0.0,0.0,0.0,0.0,0.0,0.0,0.0,0.0,0.0,0.0,0.0,0.0,4.0,0.0,2.5,0.0,0.0,0.0,0.0,0.0,2.5,0.0,0.0,0.0,0.0,4.0,0.0,2.0,3.5,3.5,4.0,3.0,4.0,3.5,4.0,0.0,0.0,4.0,0.0,0.0,2.5,3.0,2.0,4.0,4.0,0.0,0.0,0.0,0.0,0.0,0.0,0.0,0.0,0.0,0.0,0.0,0.0,3.5,0.0,0.0,0.0,0.0,4.0,4.0,0.0
Student_822,0.0,0.0,3.5,0.0,0.0,3.5,0.0,0.0,4.0,0.0,0.0,0.0,3.0,0.0,0.0,0.0,0.0,1.0,3.5,0.0,0.0,0.0,0.0,0.0,3.0,1.0,1.0,2.0,2.0,2.0,0.0,0.0,0.0,0.0,0.0,0.0,0.0,0.0,0.0,0.0,0.0,0.0,0.0,0.0,0.0,1.0,1.0,2.0,0.0,0.0,0.0,1.5,0.0,0.0,0.0,3.0,0.0,0.0,2.5,3.5,1.0,0.0,0.0,0.0,0.0,0.0,0.0,3.0,0.0,0.0,0.0,0.0,0.0,0.0,0.0,0.0,0.0,0.0,0.0,0.0,0.0,0.0,0.0,0.0,0.0,0.0,0.0,0.0,0.0,0.0,0.0,0.0,0.0,0.0,0.0
Student_823,3.5,2.0,2.5,3.5,3.5,3.5,2.0,0.0,3.0,2.5,3.5,3.0,2.0,2.5,2.0,3.0,1.5,2.5,2.0,2.5,0.0,0.0,0.0,0.0,2.0,3.0,1.0,3.0,2.5,2.5,0.0,0.0,2.0,0.0,1.0,0.0,0.0,4.0,0.0,0.0,1.0,0.0,0.0,0.0,0.0,0.0,0.0,3.5,0.0,0.0,0.0,2.0,0.0,0.0,0.0,4.0,0.0,2.0,3.5,3.0,2.5,3.0,4.0,3.0,3.0,0.0,0.0,3.5,0.0,0.0,2.0,2.5,2.0,2.5,1.5,0.0,4.0,0.0,0.0,0.0,0.0,0.0,0.0,0.0,0.0,0.0,0.0,0.0,0.0,0.0,0.0,0.0,3.0,3.0,0.0
Student_824,2.0,3.0,2.5,1.5,2.0,2.0,4.0,0.0,1.5,2.0,3.5,2.5,3.5,2.5,2.5,2.5,1.5,3.0,2.0,3.5,0.0,0.0,0.0,0.0,2.5,3.0,0.0,3.0,3.0,3.0,0.0,0.0,2.0,0.0,0.0,3.0,0.0,0.0,0.0,0.0,2.5,0.0,0.0,0.0,0.0,0.0,3.5,0.0,3.5,0.0,0.0,0.0,0.0,0.0,0.0,4.0,0.0,2.0,3.5,1.0,1.5,4.0,4.0,3.0,4.0,0.0,0.0,3.5,0.0,1.0,2.5,2.5,1.5,4.0,2.5,0.0,0.0,0.0,4.0,0.0,0.0,0.0,0.0,0.0,0.0,0.0,0.0,0.0,0.0,0.0,0.0,0.0,2.5,3.0,0.0
Student_825,4.0,4.0,2.5,3.0,1.0,2.5,2.5,3.0,1.0,2.0,3.0,2.0,2.5,3.0,1.5,3.5,3.0,2.5,3.0,4.0,0.0,0.0,0.0,0.0,2.0,4.0,3.5,3.5,1.5,2.0,0.0,0.0,2.5,0.0,0.0,2.0,0.0,0.0,0.0,0.0,0.0,0.0,0.0,0.0,0.0,3.5,2.0,0.0,3.5,0.0,2.5,0.0,0.0,0.0,0.0,2.0,0.0,2.5,4.0,3.0,3.5,3.0,4.0,2.5,4.0,0.0,0.0,4.0,0.0,3.0,0.0,3.0,3.5,3.0,3.0,0.0,0.0,0.0,0.0,0.0,0.0,0.0,0.0,0.0,0.0,0.0,0.0,0.0,0.0,0.0,0.0,0.0,4.0,4.0,0.0
Student_826,3.0,4.0,3.0,3.5,2.5,4.0,3.0,3.5,2.0,3.0,4.0,2.0,3.0,4.0,2.0,3.5,2.5,2.5,3.0,4.0,2.5,0.0,0.0,0.0,2.0,1.0,1.5,2.0,2.5,0.0,0.0,2.5,0.0,0.0,0.0,0.0,0.0,0.0,0.0,0.0,2.5,0.0,0.0,0.0,2.0,0.0,0.0,0.0,0.0,2.5,0.0,0.0,0.0,4.0,3.5,4.0,4.0,3.5,3.5,3.0,4.0,3.0,4.0,3.0,4.0,0.0,3.5,4.0,0.0,0.0,0.0,3.0,2.5,2.0,3.5,0.0,0.0,0.0,0.0,0.0,0.0,0.0,0.0,0.0,0.0,0.0,3.5,0.0,0.0,0.0,0.0,0.0,3.0,3.0,0.0
Student_827,3.5,3.5,3.5,2.0,2.0,4.0,2.0,0.0,1.5,2.0,3.0,2.5,2.5,2.5,2.5,2.5,1.5,2.0,1.0,1.5,2.5,0.0,0.0,0.0,2.0,1.5,1.0,2.5,2.0,2.5,0.0,0.0,0.0,2.0,1.5,0.0,0.0,3.0,0.0,0.0,0.0,0.0,2.5,0.0,0.0,0.0,0.0,0.0,0.0,0.0,0.0,1.5,0.0,0.0,0.0,2.5,0.0,1.0,2.5,2.0,3.5,3.0,4.0,2.5,4.0,0.0,0.0,4.0,0.0,0.0,1.0,2.5,1.0,1.5,3.0,0.0,0.0,0.0,0.0,0.0,0.0,0.0,0.0,0.0,0.0,0.0,0.0,0.0,0.0,0.0,0.0,0.0,3.0,3.0,0.0
Student_828,3.0,1.0,4.0,2.5,2.5,3.0,2.5,3.0,2.0,3.5,3.0,2.0,2.0,2.5,1.0,2.0,2.75,3.75,1.5,1.5,0.0,0.0,0.0,0.0,3.5,1.5,1.5,3.75,2.75,0.0,0.0,3.0,0.0,0.0,4.0,0.0,4.0,0.0,0.0,0.0,0.0,0.0,2.5,0.0,0.0,2.75,0.0,0.0,2.5,0.0,0.0,0.0,0.0,0.0,3.5,3.5,0.0,3.0,1.5,3.75,3.0,3.5,4.0,2.0,4.0,0.0,4.0,4.0,0.0,0.0,0.0,3.5,3.0,2.5,2.0,0.0,0.0,0.0,0.0,0.0,0.0,0.0,0.0,0.0,0.0,0.0,0.0,4.0,0.0,0.0,0.0,0.0,2.5,2.5,0.0
Student_829,0.0,0.0,3.0,3.0,3.0,4.0,4.0,4.0,2.5,2.5,3.0,3.5,4.0,3.5,4.0,0.0,3.5,2.75,3.5,3.0,3.25,0.0,0.0,0.0,3.5,3.5,3.5,2.5,3.75,0.0,0.0,0.0,0.0,0.0,0.0,0.0,0.0,0.0,0.0,0.0,0.0,0.0,0.0,0.0,4.0,0.0,0.0,0.0,0.0,0.0,0.0,0.0,0.0,0.0,4.0,4.0,0.0,4.0,3.0,2.25,4.0,4.0,4.0,4.0,4.0,4.0,3.5,4.0,0.0,0.0,0.0,4.0,4.0,1.75,3.5,0.0,0.0,0.0,0.0,0.0,0.0,0.0,0.0,0.0,0.0,0.0,0.0,0.0,0.0,0.0,0.0,0.0,0.0,0.0,0.0
Student_83,4.0,4.0,4.0,4.0,2.0,4.0,3.5,4.0,3.0,1.0,3.0,4.0,4.0,1.5,3.5,3.5,3.0,3.5,4.0,4.0,2.75,0.0,0.0,0.0,2.0,2.75,3.5,2.0,2.25,0.0,0.0,0.0,2.75,0.0,0.0,0.0,0.0,0.0,0.0,0.0,0.0,0.0,0.0,0.0,3.0,4.0,0.0,2.5,0.0,0.0,2.5,0.0,0.0,0.0,4.0,4.0,0.0,1.5,3.0,3.5,4.0,3.0,4.0,2.0,2.5,0.0,3.0,4.0,0.0,0.0,0.0,3.5,2.0,4.0,2.5,0.0,3.5,0.0,0.0,0.0,0.0,0.0,0.0,0.0,0.0,0.0,0.0,0.0,0.0,0.0,0.0,0.0,4.0,4.0,0.0
Student_830,2.0,4.0,0.0,0.0,0.0,0.0,0.0,0.0,0.0,0.0,0.0,0.0,0.0,0.0,0.0,0.0,0.0,0.0,0.0,0.0,0.0,0.0,0.0,0.0,0.0,0.0,0.0,0.0,0.0,0.0,0.0,0.0,0.0,0.0,0.0,0.0,0.0,0.0,0.0,0.0,0.0,0.0,0.0,0.0,0.0,0.0,0.0,0.0,0.0,0.0,0.0,0.0,0.0,0.0,0.0,0.0,0.0,0.0,0.0,0.0,0.0,0.0,0.0,0.0,0.0,0.0,0.0,0.0,0.0,0.0,0.0,1.5,2.0,0.0,0.0,0.0,0.0,0.0,0.0,0.0,0.0,0.0,0.0,0.0,0.0,0.0,0.0,0.0,0.0,0.0,0.0,0.0,3.5,3.5,0.0
Student_831,0.0,0.0,4.0,4.0,3.0,4.0,3.5,4.0,3.0,4.0,3.0,3.0,3.5,3.5,3.0,1.0,4.0,2.5,3.0,2.5,3.0,0.0,0.0,0.0,3.0,3.0,3.5,3.0,2.0,0.0,0.0,0.0,3.25,0.0,0.0,0.0,3.25,3.5,0.0,0.0,0.0,0.0,0.0,0.0,0.0,0.0,0.0,0.0,2.5,0.0,0.0,3.0,0.0,0.0,4.0,4.0,0.0,3.5,3.0,4.0,4.0,3.0,4.0,2.5,4.0,0.0,4.0,3.5,0.0,0.0,0.0,4.0,3.5,4.0,2.5,0.0,0.0,0.0,3.5,0.0,0.0,0.0,0.0,0.0,0.0,0.0,0.0,0.0,0.0,0.0,0.0,0.0,0.0,0.0,0.0
Student_832,4.0,4.0,4.0,3.0,3.0,4.0,3.0,4.0,4.0,3.5,4.0,3.5,4.0,4.0,3.0,3.5,3.0,0.0,3.5,3.5,0.0,0.0,0.0,0.0,4.0,3.5,0.0,3.0,2.0,3.5,0.0,0.0,0.0,0.0,0.0,0.0,0.0,0.0,0.0,0.0,0.0,0.0,0.0,0.0,0.0,3.5,0.0,0.0,0.0,3.0,3.0,1.5,3.0,0.0,0.0,4.0,0.0,3.0,3.0,3.5,3.5,4.0,4.0,3.5,4.0,0.0,0.0,4.0,0.0,0.0,4.0,4.0,3.5,0.0,4.0,0.0,0.0,0.0,0.0,4.0,0.0,0.0,0.0,0.0,0.0,0.0,0.0,0.0,0.0,0.0,0.0,0.0,4.0,3.5,0.0
Student_833,4.0,4.0,3.5,2.5,3.0,3.0,1.5,3.0,2.0,1.5,2.0,3.0,2.0,2.5,1.5,2.5,2.5,0.0,2.5,1.75,0.0,0.0,0.0,0.0,3.0,3.0,3.0,3.5,2.0,0.0,0.0,2.0,0.0,0.0,0.0,0.0,0.0,0.0,0.0,0.0,2.5,0.0,0.0,0.0,0.0,0.0,3.0,3.5,0.0,0.0,1.5,0.0,0.0,0.0,4.0,3.5,0.0,1.5,1.5,4.0,4.0,2.0,4.0,1.5,4.0,0.0,4.0,4.0,0.0,0.0,3.5,2.5,2.0,4.0,1.5,0.0,0.0,0.0,0.0,0.0,0.0,0.0,0.0,0.0,0.0,0.0,0.0,0.0,0.0,0.0,0.0,0.0,4.0,4.0,0.0
Student_834,4.0,4.0,4.0,1.0,3.5,4.0,1.0,3.5,1.0,1.0,2.0,2.5,3.0,1.5,2.0,1.0,3.5,3.0,3.0,2.25,1.75,0.0,0.0,0.0,4.0,2.5,2.5,4.0,2.75,0.0,0.0,3.25,0.0,0.0,0.0,3.75,3.75,0.0,0.0,0.0,0.0,0.0,0.0,0.0,3.75,0.0,0.0,0.0,3.25,0.0,0.0,0.0,0.0,0.0,4.0,4.0,0.0,1.75,2.5,3.75,3.5,2.5,2.5,2.5,4.0,0.0,4.0,3.5,0.0,0.0,0.0,4.0,2.0,4.0,3.0,0.0,0.0,0.0,4.0,0.0,0.0,0.0,0.0,0.0,0.0,0.0,0.0,0.0,0.0,0.0,0.0,0.0,0.0,3.0,0.0
Student_835,2.5,4.0,4.0,1.5,2.0,4.0,2.0,2.5,2.5,2.75,1.5,2.0,2.5,1.5,1.5,1.0,2.5,1.0,3.0,1.25,0.0,0.0,0.0,0.0,2.5,3.0,2.0,3.0,2.5,0.0,0.0,0.0,0.0,0.0,4.0,0.0,0.0,0.0,0.0,0.0,2.0,0.0,0.0,0.0,2.5,3.25,0.0,0.0,2.5,2.0,0.0,0.0,0.0,0.0,3.5,3.5,0.0,3.0,1.5,3.5,3.5,2.0,4.0,2.5,4.0,0.0,3.5,3.5,0.0,0.0,0.0,3.0,1.5,3.0,2.0,0.0,0.0,0.0,3.5,0.0,0.0,0.0,0.0,0.0,0.0,0.0,0.0,0.0,0.0,0.0,0.0,0.0,0.0,0.0,0.0
Student_836,0.0,0.0,0.0,2.25,2.5,0.0,0.0,0.0,0.0,0.0,0.0,0.0,3.25,0.0,3.0,0.0,0.0,2.75,3.0,2.25,0.0,0.0,0.0,3.25,3.25,2.25,0.0,3.5,3.75,0.0,0.0,3.0,0.0,0.0,0.0,0.0,0.0,0.0,0.0,0.0,0.0,0.0,0.0,0.0,0.0,0.0,0.0,0.0,0.0,0.0,0.0,0.0,0.0,0.0,4.0,4.0,0.0,0.0,0.0,0.0,0.0,0.0,0.0,0.0,0.0,0.0,0.0,0.0,0.0,0.0,0.0,0.0,0.0,0.0,3.5,0.0,0.0,0.0,0.0,0.0,0.0,0.0,0.0,0.0,0.0,0.0,0.0,0.0,0.0,0.0,0.0,0.0,0.0,0.0,0.0
Student_837,3.0,4.0,0.0,0.0,0.0,0.0,0.0,0.0,0.0,0.0,0.0,0.0,0.0,0.0,0.0,0.0,0.0,0.0,0.0,0.0,0.0,0.0,0.0,0.0,0.0,0.0,0.0,0.0,0.0,0.0,0.0,0.0,0.0,0.0,0.0,0.0,0.0,0.0,0.0,0.0,0.0,0.0,0.0,0.0,0.0,0.0,0.0,0.0,0.0,0.0,0.0,0.0,0.0,0.0,0.0,0.0,0.0,0.0,0.0,0.0,0.0,0.0,0.0,0.0,0.0,0.0,0.0,0.0,0.0,0.0,0.0,2.0,4.0,0.0,0.0,0.0,0.0,0.0,0.0,0.0,0.0,0.0,0.0,0.0,0.0,0.0,0.0,0.0,0.0,0.0,0.0,0.0,2.5,2.5,0.0
Student_838,4.0,0.0,3.5,4.0,3.0,3.5,3.0,4.0,3.0,3.5,3.5,4.0,4.0,4.0,3.5,1.5,3.5,3.75,3.5,3.5,0.0,0.0,0.0,0.0,3.0,4.0,2.0,3.25,3.25,0.0,0.0,2.75,3.5,0.0,0.0,4.0,0.0,0.0,0.0,0.0,3.0,0.0,0.0,0.0,3.5,4.0,0.0,0.0,0.0,0.0,0.0,0.0,0.0,0.0,4.0,3.75,0.0,3.0,2.0,3.25,4.0,2.0,4.0,1.5,4.0,0.0,4.0,3.0,0.0,0.0,0.0,3.0,4.0,3.5,3.0,0.0,0.0,0.0,0.0,0.0,0.0,0.0,0.0,2.75,0.0,0.0,0.0,0.0,0.0,0.0,0.0,0.0,0.0,4.0,0.0
Student_839,0.0,0.0,3.5,1.5,1.0,4.0,2.5,0.0,1.5,1.0,3.0,2.0,2.5,2.0,1.0,2.5,2.0,1.0,1.5,2.0,0.0,0.0,0.0,0.0,2.0,2.5,2.5,1.5,1.0,1.0,0.0,0.0,0.0,0.0,0.0,3.0,0.0,1.0,0.0,0.0,3.0,0.0,0.0,0.0,0.0,0.0,0.0,1.5,0.0,0.0,1.5,1.0,0.0,0.0,0.0,2.5,0.0,3.0,2.5,2.5,3.0,2.5,4.0,3.5,3.5,0.0,0.0,4.0,0.0,2.0,0.0,1.5,1.0,2.0,2.5,0.0,0.0,0.0,0.0,0.0,0.0,0.0,0.0,0.0,0.0,0.0,0.0,0.0,0.0,0.0,0.0,0.0,0.0,0.0,0.0
Student_84,2.0,3.5,3.5,3.0,2.0,3.5,1.5,0.0,2.0,3.0,1.5,1.0,2.5,1.5,3.5,2.5,3.0,1.5,2.5,3.0,2.0,0.0,0.0,0.0,3.0,2.0,2.5,4.0,3.0,3.5,0.0,0.0,3.0,0.0,4.0,0.0,0.0,0.0,0.0,0.0,2.0,0.0,0.0,0.0,0.0,0.0,4.0,3.0,0.0,0.0,0.0,3.0,0.0,0.0,0.0,4.0,0.0,1.0,2.5,2.0,2.5,4.0,4.0,3.5,4.0,0.0,0.0,4.0,0.0,0.0,0.0,3.5,3.5,3.0,3.0,0.0,0.0,0.0,0.0,0.0,0.0,0.0,0.0,0.0,0.0,0.0,0.0,0.0,0.0,0.0,3.5,0.0,4.0,3.5,0.0
Student_840,3.0,3.5,3.0,1.0,1.5,4.0,2.0,0.0,2.0,1.5,1.5,3.0,2.0,2.5,1.5,1.0,1.5,1.5,1.0,2.0,0.0,0.0,0.0,0.0,3.0,2.5,2.5,3.5,3.5,2.0,0.0,0.0,3.0,0.0,0.0,0.0,2.5,3.0,0.0,0.0,0.0,0.0,0.0,0.0,0.0,0.0,3.0,0.0,0.0,0.0,2.0,2.0,0.0,0.0,0.0,3.5,0.0,1.5,1.0,1.0,3.5,3.0,4.0,3.0,4.0,0.0,0.0,4.0,0.0,0.0,2.5,2.0,1.0,2.0,3.0,0.0,0.0,0.0,0.0,0.0,0.0,0.0,0.0,0.0,0.0,0.0,4.0,0.0,0.0,0.0,0.0,0.0,4.0,3.0,0.0
Student_841,4.0,3.5,3.5,3.5,1.5,2.5,2.5,2.5,3.5,3.5,1.0,1.0,3.0,1.5,3.0,3.0,3.5,2.5,4.0,3.5,0.0,0.0,0.0,0.0,4.0,2.5,0.0,4.0,2.0,3.0,0.0,3.0,1.5,0.0,0.0,0.0,0.0,0.0,0.0,0.0,2.0,0.0,0.0,0.0,0.0,3.0,0.0,0.0,0.0,0.0,2.0,0.0,0.0,0.0,4.0,4.0,0.0,1.0,2.5,4.0,2.0,2.5,4.0,1.0,3.5,0.0,4.0,3.0,0.0,2.0,0.0,2.5,1.0,2.5,2.0,0.0,0.0,0.0,0.0,0.0,0.0,4.0,0.0,0.0,0.0,0.0,0.0,0.0,0.0,0.0,0.0,0.0,4.0,1.5,0.0
Student_842,3.5,2.5,3.0,2.0,2.5,3.5,2.0,0.0,2.0,2.0,3.5,2.5,2.5,2.5,3.0,3.5,1.5,1.0,1.5,1.5,0.0,0.0,0.0,0.0,3.0,1.0,0.0,2.5,1.5,1.5,0.0,0.0,0.0,0.0,2.0,0.0,0.0,0.0,0.0,0.0,1.5,0.0,0.0,0.0,2.0,0.0,0.0,2.0,2.5,0.0,1.5,0.0,0.0,0.0,0.0,3.0,0.0,3.0,1.5,3.5,3.0,4.0,4.0,4.0,4.0,0.0,0.0,4.0,0.0,1.0,2.5,2.5,2.0,2.0,3.0,0.0,0.0,0.0,0.0,0.0,0.0,0.0,0.0,0.0,0.0,0.0,0.0,0.0,0.0,0.0,0.0,0.0,2.0,3.0,0.0
Student_843,4.0,3.5,0.0,0.0,0.0,0.0,0.0,0.0,0.0,0.0,0.0,0.0,0.0,0.0,0.0,0.0,0.0,0.0,0.0,0.0,0.0,0.0,0.0,0.0,0.0,0.0,0.0,0.0,0.0,0.0,0.0,0.0,0.0,0.0,0.0,0.0,0.0,0.0,0.0,0.0,0.0,0.0,0.0,0.0,0.0,0.0,0.0,0.0,0.0,0.0,0.0,0.0,0.0,0.0,0.0,0.0,0.0,0.0,0.0,0.0,0.0,0.0,0.0,0.0,0.0,0.0,0.0,0.0,0.0,0.0,0.0,3.5,2.0,0.0,0.0,0.0,0.0,0.0,0.0,0.0,0.0,0.0,0.0,0.0,0.0,0.0,0.0,0.0,0.0,0.0,0.0,0.0,4.0,4.0,0.0
Student_844,1.5,3.0,3.0,4.0,2.0,4.0,1.5,0.0,3.0,3.0,3.5,2.0,2.5,2.5,1.0,3.0,3.5,3.0,2.0,2.5,3.5,0.0,4.0,0.0,2.5,1.5,2.5,3.5,2.5,4.0,0.0,4.0,0.0,0.0,0.0,0.0,0.0,0.0,0.0,0.0,2.0,2.0,0.0,0.0,0.0,0.0,0.0,3.5,0.0,0.0,3.0,3.5,0.0,0.0,0.0,3.5,0.0,3.0,1.0,2.0,2.5,3.5,4.0,3.5,4.0,0.0,0.0,3.5,0.0,0.0,0.0,3.5,3.0,2.0,2.5,0.0,0.0,0.0,0.0,0.0,0.0,0.0,0.0,0.0,0.0,0.0,0.0,0.0,0.0,0.0,0.0,0.0,2.5,2.0,0.0
Student_845,4.0,4.0,1.0,1.0,1.5,2.0,2.5,0.0,1.5,2.0,1.5,1.5,2.5,2.5,4.0,3.0,3.0,1.5,2.0,2.5,4.0,0.0,0.0,0.0,1.0,2.0,0.0,4.0,2.5,2.5,0.0,2.5,0.0,0.0,3.5,0.0,0.0,0.0,0.0,0.0,3.0,0.0,3.0,0.0,1.0,0.0,1.5,0.0,0.0,0.0,0.0,0.0,0.0,0.0,0.0,4.0,0.0,2.5,3.0,3.5,3.5,2.5,3.0,3.5,4.0,0.0,0.0,4.0,0.0,0.0,2.0,3.0,3.0,1.5,2.0,0.0,0.0,0.0,0.0,0.0,0.0,0.0,0.0,0.0,0.0,0.0,0.0,0.0,0.0,3.5,0.0,0.0,3.0,4.0,0.0
Student_846,4.0,4.0,2.5,2.0,1.5,4.0,3.0,0.0,2.0,1.0,2.5,2.5,2.5,2.0,3.0,1.0,3.0,1.5,2.0,2.0,0.0,0.0,0.0,0.0,2.0,2.5,4.0,3.0,2.0,1.5,0.0,0.0,0.0,0.0,3.0,4.0,0.0,0.0,0.0,0.0,3.5,4.0,0.0,0.0,0.0,0.0,0.0,2.0,0.0,0.0,0.0,2.0,0.0,0.0,0.0,4.0,0.0,1.5,1.5,1.0,3.0,1.0,4.0,2.0,4.0,0.0,0.0,4.0,2.0,0.0,0.0,1.5,2.5,1.5,3.0,0.0,0.0,2.0,0.0,0.0,0.0,0.0,0.0,0.0,0.0,0.0,0.0,0.0,0.0,0.0,0.0,0.0,2.0,4.0,0.0
Student_847,3.5,3.0,3.0,1.0,1.5,3.5,2.0,0.0,3.0,2.5,2.0,1.0,2.5,1.0,1.0,3.0,3.5,2.5,3.0,1.0,0.0,0.0,0.0,0.0,3.0,3.0,2.5,3.0,3.0,2.5,0.0,3.5,0.0,0.0,2.5,0.0,0.0,0.0,0.0,0.0,2.0,0.0,3.0,0.0,2.5,0.0,0.0,0.0,0.0,2.0,0.0,0.0,0.0,0.0,0.0,4.0,0.0,2.0,2.0,3.5,4.0,3.5,4.0,3.0,3.5,0.0,0.0,3.0,0.0,0.0,2.5,2.5,2.5,2.0,3.0,0.0,0.0,0.0,0.0,0.0,0.0,0.0,4.0,0.0,0.0,0.0,0.0,0.0,0.0,0.0,0.0,0.0,3.0,3.5,0.0
Student_848,4.0,4.0,3.0,1.0,1.5,4.0,4.0,2.5,2.5,2.0,2.5,3.0,3.0,2.5,2.5,2.5,3.0,2.5,3.0,3.0,0.0,0.0,0.0,0.0,3.5,1.5,0.0,4.0,3.0,2.0,0.0,0.0,0.0,0.0,4.0,3.5,0.0,0.0,0.0,0.0,3.5,0.0,3.5,0.0,0.0,2.5,3.5,0.0,0.0,0.0,0.0,4.0,0.0,0.0,0.0,2.0,0.0,1.5,3.5,4.0,3.5,1.0,4.0,3.0,4.0,0.0,0.0,4.0,0.0,0.0,3.5,2.5,2.5,3.5,2.0,0.0,0.0,0.0,4.0,0.0,0.0,0.0,0.0,0.0,0.0,0.0,0.0,0.0,0.0,0.0,0.0,0.0,4.0,4.0,0.0
Student_849,4.0,4.0,3.5,1.0,2.0,4.0,1.0,0.0,2.5,2.0,1.5,1.5,2.0,2.0,2.0,2.0,1.5,1.5,3.0,1.5,1.5,0.0,4.0,0.0,1.0,1.5,2.5,3.5,2.0,3.0,0.0,3.5,1.5,0.0,0.0,0.0,3.0,0.0,0.0,0.0,0.0,0.0,0.0,0.0,0.0,0.0,2.0,1.5,3.0,3.0,0.0,0.0,0.0,0.0,0.0,3.0,0.0,1.5,2.0,3.5,3.0,1.0,4.0,3.5,4.0,0.0,0.0,4.0,0.0,0.0,0.0,2.5,2.0,2.5,3.0,0.0,0.0,0.0,0.0,0.0,0.0,0.0,0.0,0.0,0.0,0.0,0.0,0.0,0.0,0.0,0.0,0.0,4.0,4.0,0.0
Student_85,3.5,4.0,2.5,1.5,2.5,3.0,2.5,3.5,2.0,2.5,2.0,2.0,3.0,2.5,3.0,2.5,2.5,3.75,4.0,2.5,0.0,0.0,0.0,0.0,3.75,3.0,0.0,3.0,2.5,0.0,0.0,3.5,3.25,0.0,0.0,0.0,0.0,0.0,0.0,0.0,3.5,0.0,0.0,0.0,0.0,2.5,3.5,3.75,0.0,0.0,0.0,0.0,0.0,0.0,4.0,4.0,0.0,1.5,3.5,3.75,3.5,4.0,2.5,3.5,4.0,0.0,3.5,2.0,0.0,3.0,0.0,4.0,4.0,3.5,4.0,0.0,0.0,0.0,0.0,0.0,0.0,0.0,0.0,0.0,0.0,0.0,0.0,4.0,0.0,0.0,0.0,0.0,4.0,0.0,0.0
Student_850,4.0,4.0,0.0,0.0,0.0,0.0,0.0,0.0,0.0,0.0,0.0,0.0,0.0,0.0,0.0,0.0,0.0,0.0,0.0,0.0,0.0,0.0,0.0,0.0,0.0,0.0,0.0,0.0,0.0,0.0,0.0,0.0,0.0,0.0,0.0,0.0,0.0,0.0,0.0,0.0,0.0,0.0,0.0,0.0,0.0,0.0,0.0,0.0,0.0,0.0,0.0,0.0,0.0,0.0,0.0,0.0,0.0,0.0,0.0,0.0,0.0,0.0,0.0,0.0,0.0,0.0,0.0,0.0,0.0,0.0,0.0,4.0,3.0,0.0,0.0,0.0,0.0,0.0,0.0,0.0,0.0,0.0,0.0,0.0,0.0,0.0,0.0,0.0,0.0,0.0,0.0,0.0,3.0,2.5,0.0
Student_851,4.0,4.0,2.5,2.0,2.5,4.0,3.0,0.0,3.0,1.5,2.5,1.5,3.0,3.0,2.5,0.0,3.5,0.0,3.0,2.5,0.0,0.0,0.0,0.0,3.0,2.0,2.5,0.0,3.0,3.5,0.0,0.0,0.0,0.0,4.0,0.0,0.0,0.0,0.0,0.0,3.5,0.0,0.0,0.0,0.0,0.0,0.0,0.0,0.0,0.0,0.0,2.0,0.0,0.0,0.0,4.0,0.0,1.5,3.5,3.0,3.5,3.0,4.0,3.0,4.0,0.0,0.0,4.0,0.0,0.0,3.0,3.0,2.0,2.5,1.5,0.0,0.0,0.0,0.0,0.0,3.5,0.0,0.0,0.0,0.0,0.0,0.0,0.0,0.0,0.0,0.0,0.0,4.0,4.0,0.0
Student_852,3.5,3.5,3.0,2.0,3.0,3.0,2.5,0.0,3.0,2.0,3.0,2.0,2.5,4.0,3.0,2.0,4.0,3.0,3.5,3.5,0.0,0.0,0.0,0.0,2.0,3.0,3.0,3.5,1.5,3.0,0.0,0.0,0.0,0.0,0.0,0.0,0.0,0.0,0.0,0.0,0.0,0.0,0.0,0.0,2.0,4.0,3.0,3.5,0.0,0.0,2.5,0.0,2.0,0.0,0.0,4.0,0.0,2.0,3.0,3.0,2.5,4.0,4.0,2.5,3.5,0.0,0.0,3.5,0.0,0.0,3.0,4.0,3.0,3.5,2.5,0.0,4.0,0.0,0.0,0.0,0.0,0.0,0.0,0.0,0.0,0.0,0.0,0.0,0.0,0.0,0.0,0.0,3.0,4.0,0.0
Student_853,3.0,3.5,3.0,3.0,3.0,3.5,3.5,0.0,2.0,2.5,3.0,3.5,3.0,3.5,2.5,1.5,2.5,2.5,3.5,3.0,0.0,0.0,0.0,0.0,3.0,3.0,3.5,3.5,3.0,3.5,0.0,0.0,3.0,0.0,0.0,3.5,0.0,0.0,0.0,0.0,2.0,0.0,0.0,0.0,0.0,0.0,2.5,2.5,0.0,0.0,0.0,2.0,0.0,0.0,0.0,4.0,0.0,2.5,1.0,3.0,3.5,3.0,4.0,4.0,4.0,0.0,0.0,4.0,0.0,0.0,3.0,3.5,4.0,2.0,2.0,0.0,0.0,0.0,0.0,0.0,0.0,0.0,0.0,0.0,0.0,0.0,0.0,4.0,0.0,0.0,0.0,0.0,4.0,3.5,0.0
Student_854,0.0,0.0,0.0,0.0,2.0,3.5,3.0,0.0,3.0,3.5,4.0,2.5,1.5,4.0,3.5,4.0,3.5,3.5,4.0,3.5,0.0,0.0,0.0,0.0,4.0,2.5,4.0,3.5,3.5,3.0,4.0,0.0,2.5,0.0,3.5,0.0,0.0,0.0,0.0,0.0,2.5,3.5,0.0,0.0,0.0,0.0,0.0,0.0,0.0,0.0,0.0,4.0,0.0,0.0,0.0,4.0,0.0,3.5,3.0,2.0,2.0,0.0,4.0,0.0,0.0,0.0,0.0,4.0,0.0,0.0,3.5,0.0,0.0,3.0,0.0,0.0,0.0,0.0,0.0,4.0,0.0,0.0,0.0,0.0,0.0,0.0,0.0,0.0,0.0,0.0,0.0,0.0,0.0,0.0,0.0
Student_855,0.0,0.0,2.0,0.0,0.0,0.0,2.5,0.0,0.0,1.5,0.0,0.0,3.0,0.0,0.0,1.0,0.0,2.0,2.0,0.0,2.0,0.0,0.0,0.0,2.0,2.5,2.0,3.5,1.5,3.0,0.0,2.5,0.0,0.0,2.5,0.0,3.0,0.0,0.0,0.0,0.0,0.0,0.0,0.0,0.0,0.0,2.0,0.0,2.0,0.0,0.0,0.0,0.0,0.0,0.0,4.0,0.0,2.0,0.0,3.0,2.5,0.0,0.0,0.0,0.0,0.0,0.0,3.5,0.0,0.0,0.0,0.0,0.0,0.0,0.0,0.0,0.0,0.0,0.0,0.0,0.0,0.0,0.0,0.0,0.0,0.0,0.0,0.0,0.0,0.0,0.0,0.0,0.0,0.0,0.0
Student_856,3.0,4.0,3.0,3.5,3.0,4.0,2.5,4.0,3.5,2.5,3.0,3.0,4.0,2.5,1.0,2.5,3.5,3.0,3.0,3.5,2.5,0.0,0.0,0.0,3.0,3.5,0.0,3.5,2.75,0.0,0.0,0.0,0.0,0.0,0.0,0.0,0.0,0.0,0.0,0.0,3.0,0.0,0.0,0.0,0.0,2.5,0.0,3.25,4.0,3.0,0.0,3.5,0.0,0.0,4.0,3.0,0.0,3.5,2.0,4.0,3.0,3.0,4.0,2.5,4.0,0.0,4.0,4.0,0.0,0.0,0.0,3.0,4.0,4.0,2.0,0.0,4.0,0.0,0.0,0.0,0.0,0.0,0.0,0.0,0.0,0.0,0.0,0.0,0.0,0.0,0.0,0.0,0.0,4.0,0.0
Student_857,4.0,1.5,3.0,3.5,3.0,2.0,2.0,0.0,2.5,3.5,4.0,2.5,3.0,2.5,3.0,3.0,3.5,3.5,2.5,3.0,3.0,0.0,0.0,0.0,3.0,3.0,3.0,3.0,2.5,3.5,0.0,0.0,3.5,0.0,0.0,0.0,0.0,0.0,0.0,0.0,0.0,0.0,0.0,0.0,3.5,2.5,4.0,4.0,0.0,0.0,4.0,0.0,0.0,0.0,0.0,3.5,0.0,2.5,2.0,2.0,3.5,2.5,4.0,3.5,3.5,0.0,0.0,3.5,0.0,0.0,0.0,2.0,3.5,1.0,1.5,0.0,0.0,0.0,0.0,0.0,0.0,0.0,0.0,0.0,0.0,3.5,0.0,0.0,0.0,0.0,0.0,0.0,4.0,2.5,0.0
Student_858,3.5,3.5,4.0,3.5,4.0,3.5,4.0,4.0,3.0,3.0,3.0,3.0,3.0,3.0,4.0,2.0,3.5,2.75,4.0,4.0,2.25,4.0,0.0,0.0,3.5,2.75,0.0,3.5,3.5,0.0,0.0,3.5,2.0,0.0,0.0,0.0,0.0,0.0,0.0,0.0,0.0,0.0,0.0,0.0,3.75,3.25,0.0,3.5,0.0,0.0,0.0,0.0,0.0,0.0,4.0,4.0,0.0,2.5,2.5,3.75,4.0,3.5,4.0,3.0,4.0,0.0,4.0,4.0,0.0,0.0,0.0,3.5,3.5,4.0,2.5,0.0,0.0,0.0,3.75,0.0,0.0,0.0,0.0,0.0,0.0,0.0,4.0,0.0,0.0,0.0,0.0,0.0,4.0,4.0,0.0
Student_859,3.0,4.0,3.5,1.5,1.5,3.5,3.0,3.0,3.5,3.0,3.5,2.5,4.0,3.0,3.0,1.0,2.0,1.5,3.0,3.5,2.5,0.0,0.0,0.0,4.0,2.5,0.0,3.0,4.0,0.0,0.0,4.0,0.0,0.0,0.0,0.0,0.0,0.0,0.0,0.0,3.0,0.0,0.0,0.0,0.0,3.5,3.5,2.5,4.0,0.0,0.0,0.0,0.0,0.0,4.0,4.0,4.0,3.5,2.5,3.0,2.5,3.0,4.0,2.5,4.0,0.0,0.0,4.0,0.0,0.0,0.0,3.5,4.0,3.5,3.5,0.0,0.0,0.0,0.0,0.0,0.0,3.5,0.0,0.0,0.0,0.0,0.0,0.0,0.0,0.0,0.0,0.0,4.0,3.5,0.0
Student_86,4.0,4.0,0.0,0.0,0.0,0.0,0.0,0.0,0.0,0.0,0.0,0.0,0.0,0.0,0.0,0.0,0.0,0.0,0.0,0.0,0.0,0.0,0.0,0.0,0.0,0.0,0.0,0.0,0.0,0.0,0.0,0.0,0.0,0.0,0.0,0.0,0.0,0.0,0.0,0.0,0.0,0.0,0.0,0.0,0.0,0.0,0.0,0.0,0.0,0.0,0.0,0.0,0.0,0.0,0.0,0.0,0.0,0.0,0.0,0.0,0.0,0.0,0.0,0.0,0.0,0.0,0.0,0.0,0.0,0.0,0.0,2.5,3.5,0.0,0.0,0.0,0.0,0.0,0.0,0.0,0.0,0.0,0.0,0.0,0.0,0.0,0.0,0.0,0.0,0.0,0.0,0.0,4.0,4.0,0.0
Student_860,3.5,4.0,4.0,1.5,3.5,3.0,3.5,4.0,2.0,3.0,3.0,2.5,2.5,2.5,3.0,2.5,3.5,1.5,4.0,3.0,1.5,0.0,0.0,0.0,2.5,2.5,1.0,4.0,1.5,0.0,0.0,0.0,2.0,0.0,0.0,0.0,0.0,0.0,0.0,0.0,0.0,0.0,0.0,0.0,1.0,3.0,0.0,3.0,0.0,0.0,2.0,0.0,0.0,0.0,4.0,3.0,4.0,2.5,1.5,4.0,3.0,4.0,4.0,4.0,4.0,0.0,0.0,4.0,0.0,0.0,0.0,4.0,4.0,3.0,3.0,0.0,0.0,0.0,4.0,0.0,0.0,0.0,0.0,0.0,0.0,0.0,0.0,0.0,0.0,0.0,0.0,0.0,3.0,3.5,0.0
Student_861,2.0,3.0,3.5,0.0,1.5,4.0,2.0,0.0,2.5,1.5,3.0,1.5,1.0,2.0,2.0,1.5,3.0,2.5,3.0,3.0,0.0,0.0,0.0,0.0,3.0,2.0,2.0,3.0,1.5,3.5,0.0,3.0,0.0,3.0,0.0,0.0,3.0,0.0,0.0,0.0,0.0,0.0,0.0,0.0,2.0,0.0,3.0,0.0,0.0,0.0,2.5,0.0,0.0,0.0,0.0,4.0,0.0,1.0,2.0,2.5,3.5,3.0,4.0,3.0,4.0,0.0,0.0,3.0,0.0,0.0,1.0,2.5,3.5,3.5,3.0,0.0,0.0,0.0,0.0,0.0,0.0,4.0,0.0,0.0,0.0,0.0,0.0,0.0,0.0,0.0,0.0,0.0,3.5,3.5,0.0
Student_862,0.0,0.0,2.5,3.5,3.0,3.5,4.0,4.0,3.5,4.0,3.5,3.5,4.0,3.5,3.5,4.0,3.25,4.0,4.0,3.5,3.0,0.0,0.0,0.0,3.75,4.0,0.0,3.5,2.75,0.0,0.0,3.0,0.0,0.0,0.0,0.0,0.0,0.0,0.0,0.0,3.0,0.0,0.0,0.0,4.0,3.5,0.0,4.0,0.0,0.0,0.0,0.0,0.0,3.5,4.0,3.75,0.0,3.5,3.0,4.0,4.0,0.0,0.0,0.0,0.0,0.0,4.0,4.0,0.0,0.0,0.0,3.5,0.0,4.0,4.0,0.0,0.0,0.0,0.0,0.0,0.0,0.0,0.0,3.5,0.0,0.0,0.0,0.0,0.0,0.0,0.0,0.0,0.0,0.0,0.0
Student_863,4.0,3.5,0.0,0.0,0.0,0.0,0.0,0.0,0.0,0.0,3.5,0.0,0.0,0.0,0.0,0.0,0.0,0.0,0.0,0.0,0.0,0.0,0.0,0.0,0.0,0.0,0.0,0.0,0.0,0.0,0.0,0.0,0.0,0.0,0.0,0.0,0.0,0.0,0.0,0.0,0.0,0.0,0.0,0.0,0.0,0.0,0.0,0.0,0.0,0.0,0.0,0.0,0.0,0.0,0.0,0.0,0.0,0.0,0.0,0.0,0.0,2.5,4.0,0.0,0.0,0.0,0.0,0.0,0.0,0.0,0.0,4.0,4.0,0.0,0.0,0.0,0.0,0.0,0.0,0.0,0.0,0.0,0.0,0.0,0.0,0.0,0.0,0.0,0.0,0.0,0.0,0.0,3.0,2.0,0.0
Student_864,4.0,4.0,3.0,1.5,2.5,4.0,2.5,0.0,3.0,3.0,3.0,3.5,3.5,3.0,3.5,2.5,2.0,3.0,1.0,3.0,0.0,0.0,3.5,0.0,3.0,2.5,0.0,3.5,3.0,3.5,0.0,0.0,3.5,0.0,0.0,0.0,0.0,0.0,0.0,0.0,3.5,0.0,0.0,0.0,4.0,3.5,3.5,0.0,4.0,0.0,3.0,0.0,0.0,0.0,0.0,3.0,0.0,1.5,1.5,4.0,3.5,2.5,4.0,3.0,4.0,0.0,0.0,4.0,0.0,0.0,2.5,2.0,2.0,3.5,3.0,0.0,0.0,0.0,0.0,0.0,0.0,0.0,0.0,0.0,0.0,0.0,0.0,0.0,0.0,0.0,0.0,0.0,3.0,4.0,0.0
Student_865,2.5,3.0,3.0,2.0,3.0,4.0,3.0,3.0,3.0,2.0,3.5,3.5,3.0,2.5,2.0,3.5,2.0,2.0,3.5,2.0,2.5,0.0,0.0,0.0,2.5,1.0,0.0,3.5,2.0,3.5,0.0,0.0,2.5,0.0,0.0,0.0,3.5,0.0,0.0,0.0,0.0,0.0,0.0,0.0,2.5,3.5,3.5,1.0,0.0,3.5,0.0,0.0,0.0,0.0,0.0,4.0,0.0,3.0,4.0,4.0,3.0,4.0,3.5,4.0,4.0,0.0,0.0,4.0,0.0,0.0,0.0,3.0,4.0,3.0,3.0,0.0,0.0,0.0,0.0,0.0,0.0,0.0,0.0,0.0,0.0,0.0,0.0,4.0,0.0,0.0,0.0,0.0,4.0,3.5,0.0
Student_866,3.5,0.0,0.0,0.0,2.5,4.0,0.0,0.0,2.0,3.5,4.0,2.5,3.0,3.0,4.0,3.0,1.5,4.0,4.0,3.0,3.0,0.0,4.0,0.0,3.5,3.5,2.5,3.5,3.0,4.0,0.0,3.0,0.0,4.0,0.0,0.0,0.0,4.0,0.0,0.0,0.0,0.0,4.0,0.0,0.0,2.0,0.0,3.5,0.0,0.0,0.0,0.0,0.0,0.0,0.0,4.0,0.0,0.0,1.5,2.0,4.0,0.0,0.0,3.5,4.0,0.0,0.0,3.5,0.0,0.0,0.0,0.0,0.0,4.0,0.0,0.0,0.0,0.0,0.0,0.0,0.0,0.0,0.0,0.0,0.0,0.0,0.0,0.0,0.0,0.0,0.0,0.0,0.0,0.0,0.0
Student_867,3.5,3.5,2.0,3.0,1.0,0.0,2.5,2.5,1.0,2.5,3.0,0.0,1.5,0.0,1.0,1.5,1.5,3.5,1.5,3.5,0.0,0.0,0.0,0.0,3.0,3.0,4.0,3.5,2.0,1.0,0.0,0.0,0.0,0.0,1.5,0.0,0.0,0.0,0.0,2.5,0.0,0.0,2.5,0.0,3.0,4.0,0.0,0.0,1.5,0.0,0.0,0.0,0.0,0.0,0.0,4.0,0.0,3.0,3.0,3.0,3.0,2.5,0.0,0.0,4.0,0.0,0.0,4.0,0.0,0.0,3.0,0.0,0.0,2.5,3.0,0.0,0.0,0.0,0.0,0.0,0.0,3.5,0.0,0.0,0.0,0.0,0.0,0.0,0.0,0.0,0.0,0.0,0.0,0.0,0.0
Student_868,3.0,1.5,1.0,1.5,1.0,4.0,2.0,2.5,1.5,2.0,1.5,2.0,2.0,2.0,1.5,1.0,2.5,1.5,2.5,2.0,0.0,0.0,0.0,0.0,3.0,1.0,3.0,2.5,1.0,1.0,0.0,2.5,0.0,0.0,2.0,0.0,3.5,0.0,0.0,0.0,0.0,0.0,0.0,0.0,2.5,0.0,0.0,0.0,0.0,3.5,0.0,0.0,0.0,2.5,0.0,3.0,0.0,2.5,3.0,3.5,2.0,2.5,4.0,3.0,4.0,0.0,0.0,3.0,0.0,0.0,1.5,1.5,1.5,2.5,2.5,0.0,0.0,0.0,0.0,0.0,0.0,0.0,3.5,0.0,0.0,0.0,0.0,0.0,0.0,0.0,0.0,0.0,2.0,2.0,0.0
Student_869,4.0,4.0,3.5,3.5,3.0,2.5,2.5,0.0,2.5,3.0,2.5,2.5,2.5,2.5,2.0,3.0,2.5,2.5,3.5,3.0,3.0,0.0,0.0,0.0,2.0,3.0,3.0,3.5,3.5,3.0,0.0,0.0,3.5,0.0,0.0,0.0,0.0,0.0,0.0,0.0,0.0,0.0,0.0,0.0,0.0,3.5,4.0,4.0,0.0,0.0,3.5,2.5,0.0,0.0,0.0,3.5,0.0,3.5,1.0,1.5,3.5,3.0,4.0,3.0,4.0,0.0,0.0,4.0,0.0,0.0,0.0,2.5,3.5,3.0,2.5,0.0,0.0,0.0,0.0,0.0,4.0,0.0,0.0,0.0,0.0,0.0,0.0,0.0,0.0,0.0,0.0,0.0,2.0,3.0,0.0
Student_87,4.0,2.5,3.0,2.0,2.5,3.5,3.0,4.0,1.75,2.0,3.0,2.5,4.0,2.5,2.5,2.5,3.75,1.0,3.0,1.75,0.0,0.0,0.0,0.0,3.75,2.25,2.5,3.25,3.5,0.0,0.0,3.0,0.0,0.0,0.0,0.0,0.0,0.0,0.0,0.0,2.75,0.0,0.0,0.0,1.75,2.0,0.0,0.0,3.0,0.0,0.0,0.0,0.0,3.5,4.0,4.0,0.0,3.0,2.0,4.0,3.5,2.5,4.0,2.5,4.0,0.0,4.0,3.5,0.0,0.0,0.0,3.0,2.5,4.0,3.0,0.0,0.0,0.0,4.0,0.0,0.0,0.0,0.0,0.0,0.0,0.0,0.0,0.0,0.0,0.0,0.0,0.0,3.0,4.0,0.0
Student_870,0.0,0.0,3.5,1.0,2.5,3.5,1.5,2.5,1.5,1.0,2.5,1.5,2.0,2.5,1.5,3.0,2.5,2.0,2.5,1.5,0.0,0.0,0.0,0.0,3.0,4.0,0.0,4.0,4.0,2.5,0.0,0.0,1.5,0.0,0.0,0.0,0.0,0.0,0.0,0.0,2.5,0.0,0.0,0.0,0.0,2.5,2.0,2.5,0.0,1.5,0.0,1.0,0.0,0.0,0.0,3.0,0.0,2.0,2.0,3.0,2.0,2.5,4.0,1.5,4.0,0.0,0.0,3.5,0.0,0.0,2.5,2.5,3.0,3.5,2.5,0.0,0.0,0.0,0.0,0.0,0.0,4.0,0.0,0.0,0.0,0.0,0.0,0.0,0.0,0.0,0.0,0.0,0.0,0.0,0.0
Student_871,0.0,0.0,2.0,0.0,1.5,0.0,0.0,0.0,1.5,2.0,0.0,1.0,0.0,0.0,1.5,1.0,0.0,1.5,0.0,1.0,0.0,0.0,0.0,0.0,2.0,0.0,0.0,2.5,2.0,1.0,0.0,1.0,0.0,2.5,0.0,0.0,2.5,0.0,0.0,0.0,3.5,0.0,0.0,0.0,0.0,0.0,0.0,2.0,0.0,0.0,0.0,1.5,1.0,0.0,0.0,4.0,0.0,0.0,1.0,0.0,3.0,0.0,0.0,0.0,0.0,0.0,0.0,3.5,0.0,1.5,0.0,0.0,0.0,0.0,2.0,0.0,0.0,0.0,0.0,0.0,0.0,4.0,0.0,0.0,0.0,0.0,0.0,0.0,0.0,0.0,0.0,0.0,0.0,0.0,0.0
Student_872,3.0,3.0,2.5,2.0,1.5,4.0,2.5,0.0,1.0,1.5,3.0,2.0,3.0,3.0,2.0,0.0,1.5,0.0,3.0,1.0,0.0,0.0,0.0,0.0,2.5,3.5,3.5,2.5,0.0,2.5,0.0,0.0,0.0,0.0,2.5,3.5,0.0,0.0,0.0,0.0,4.0,0.0,1.0,0.0,0.0,0.0,0.0,0.0,0.0,0.0,0.0,2.0,0.0,0.0,0.0,4.0,0.0,2.5,2.0,2.0,2.0,2.0,4.0,3.5,4.0,0.0,0.0,4.0,0.0,0.0,4.0,3.0,2.5,2.0,2.0,0.0,4.0,0.0,0.0,0.0,0.0,0.0,0.0,0.0,0.0,0.0,0.0,0.0,0.0,0.0,0.0,0.0,4.0,4.0,0.0
Student_873,4.0,4.0,3.0,3.0,2.0,2.0,2.0,2.5,2.0,3.0,2.5,2.5,3.5,3.5,1.0,2.0,3.5,1.5,4.0,2.0,0.0,0.0,0.0,0.0,3.5,1.0,1.5,4.0,2.0,0.0,0.0,2.0,0.0,0.0,0.0,0.0,0.0,0.0,0.0,0.0,2.0,0.0,0.0,0.0,0.0,2.5,0.0,1.5,2.5,0.0,0.0,0.0,0.0,1.5,4.0,3.0,4.0,2.0,2.5,3.5,2.0,3.5,4.0,2.5,4.0,0.0,4.0,4.0,0.0,0.0,0.0,3.5,2.5,4.0,2.5,0.0,0.0,0.0,0.0,0.0,0.0,0.0,0.0,0.0,0.0,0.0,0.0,0.0,0.0,0.0,0.0,0.0,4.0,4.0,0.0
Student_874,2.5,3.5,3.5,3.5,3.5,4.0,1.5,3.0,1.5,3.0,3.5,3.0,4.0,3.5,2.0,2.5,1.5,2.5,3.5,3.0,2.0,0.0,0.0,0.0,3.5,2.0,1.5,1.5,3.0,2.0,0.0,1.0,1.5,0.0,0.0,0.0,0.0,0.0,0.0,0.0,0.0,0.0,0.0,0.0,1.5,2.5,0.0,0.0,2.5,0.0,0.0,2.0,0.0,0.0,0.0,3.5,0.0,2.0,3.0,3.0,2.0,4.0,4.0,3.5,3.5,0.0,0.0,3.0,0.0,0.0,0.0,3.0,2.5,1.0,4.0,0.0,0.0,0.0,0.0,0.0,0.0,0.0,0.0,0.0,0.0,0.0,0.0,0.0,0.0,0.0,0.0,0.0,3.0,4.0,0.0
Student_875,3.5,3.0,0.0,0.0,0.0,0.0,0.0,0.0,0.0,0.0,0.0,0.0,0.0,0.0,0.0,0.0,0.0,0.0,0.0,0.0,0.0,0.0,0.0,0.0,0.0,0.0,0.0,0.0,0.0,0.0,0.0,0.0,0.0,0.0,0.0,0.0,0.0,0.0,0.0,0.0,0.0,0.0,0.0,0.0,0.0,0.0,0.0,0.0,0.0,0.0,0.0,0.0,0.0,0.0,0.0,0.0,0.0,0.0,0.0,0.0,0.0,0.0,0.0,0.0,0.0,0.0,0.0,0.0,0.0,0.0,0.0,2.0,2.0,0.0,0.0,0.0,0.0,0.0,0.0,0.0,0.0,0.0,0.0,0.0,0.0,0.0,0.0,0.0,0.0,0.0,0.0,0.0,3.0,3.0,0.0
Student_876,0.0,0.0,3.5,3.0,3.5,3.0,4.0,4.0,2.75,3.0,3.5,3.5,3.5,3.0,4.0,2.5,3.5,3.0,2.75,2.25,0.0,0.0,0.0,0.0,4.0,1.5,2.75,3.75,2.75,0.0,0.0,2.25,1.5,0.0,3.5,0.0,0.0,0.0,0.0,0.0,2.75,0.0,0.0,0.0,3.75,3.75,0.0,0.0,0.0,0.0,0.0,0.0,0.0,0.0,4.0,4.0,0.0,3.5,2.5,3.25,2.5,3.0,3.5,4.0,4.0,4.0,4.0,4.0,0.0,0.0,0.0,3.5,4.0,3.0,3.5,0.0,0.0,0.0,0.0,0.0,0.0,0.0,0.0,0.0,0.0,0.0,0.0,0.0,0.0,0.0,0.0,0.0,0.0,0.0,0.0
Student_877,2.5,4.0,2.5,1.0,1.5,4.0,2.0,0.0,2.5,2.0,1.0,2.5,4.0,2.5,2.5,1.0,1.0,1.5,2.5,2.5,0.0,0.0,0.0,0.0,2.0,2.0,3.5,2.0,2.5,2.5,3.5,0.0,0.0,0.0,3.0,0.0,0.0,2.0,0.0,0.0,4.0,0.0,0.0,0.0,0.0,0.0,0.0,2.0,0.0,0.0,0.0,3.5,0.0,0.0,0.0,3.0,0.0,3.0,3.5,3.5,2.0,1.5,3.5,2.5,4.0,0.0,0.0,4.0,0.0,1.5,0.0,2.5,2.0,2.5,2.0,0.0,0.0,0.0,0.0,0.0,0.0,0.0,0.0,0.0,0.0,0.0,3.0,0.0,0.0,0.0,0.0,0.0,3.5,3.5,0.0
Student_878,3.0,2.0,2.5,2.0,2.5,3.5,2.0,0.0,1.0,1.5,3.0,1.0,4.0,3.0,1.5,1.5,2.0,2.0,1.0,2.0,0.0,0.0,0.0,0.0,2.0,1.5,2.0,1.5,1.5,3.0,0.0,0.0,1.5,0.0,0.0,1.5,0.0,0.0,0.0,0.0,1.0,0.0,0.0,0.0,0.0,0.0,2.5,2.0,0.0,0.0,1.0,0.0,0.0,0.0,0.0,3.0,0.0,2.0,1.0,2.0,3.0,4.0,4.0,2.0,4.0,0.0,0.0,3.5,0.0,0.0,3.0,3.0,3.0,4.0,2.5,0.0,0.0,0.0,0.0,0.0,0.0,3.5,0.0,0.0,0.0,0.0,0.0,0.0,0.0,0.0,0.0,0.0,3.5,2.5,0.0
Student_879,0.0,0.0,2.0,0.0,1.0,0.0,2.5,0.0,0.0,0.0,0.0,0.0,0.0,2.5,3.0,4.0,3.25,0.0,2.5,2.75,0.0,0.0,0.0,0.0,0.0,0.0,2.5,0.0,0.0,0.0,0.0,0.0,0.0,0.0,0.0,0.0,0.0,0.0,0.0,0.0,0.0,0.0,0.0,0.0,0.0,3.5,0.0,0.0,0.0,0.0,0.0,0.0,0.0,0.0,0.0,0.0,0.0,0.0,0.0,0.0,3.5,2.5,4.0,2.25,4.0,4.0,3.5,4.0,0.0,0.0,0.0,3.5,2.0,0.0,3.0,0.0,0.0,0.0,0.0,0.0,0.0,0.0,0.0,0.0,0.0,0.0,0.0,0.0,0.0,0.0,0.0,0.0,0.0,0.0,4.0
Student_88,4.0,3.5,3.5,3.0,1.5,3.5,2.0,3.5,3.5,3.5,2.5,2.0,3.0,3.0,2.5,3.5,2.5,2.0,4.0,2.5,3.0,0.0,0.0,0.0,4.0,3.0,1.0,2.0,2.5,4.0,0.0,3.5,0.0,0.0,0.0,0.0,0.0,0.0,0.0,0.0,2.0,0.0,0.0,0.0,3.0,0.0,0.0,0.0,0.0,3.0,0.0,0.0,0.0,0.0,4.0,4.0,4.0,2.5,2.5,4.0,4.0,4.0,4.0,4.0,4.0,0.0,3.5,3.0,0.0,0.0,0.0,3.5,4.0,2.5,3.0,0.0,0.0,0.0,0.0,0.0,0.0,0.0,0.0,0.0,0.0,0.0,0.0,0.0,0.0,0.0,0.0,0.0,4.0,4.0,0.0
Student_880,4.0,3.0,3.5,1.0,3.5,3.5,3.5,0.0,3.5,2.5,3.5,3.0,4.0,3.0,3.5,3.5,3.5,3.5,4.0,3.0,3.5,0.0,0.0,0.0,2.5,3.5,3.5,3.5,3.0,3.5,0.0,0.0,0.0,0.0,0.0,0.0,0.0,4.0,0.0,0.0,0.0,0.0,0.0,0.0,4.0,4.0,3.5,0.0,4.0,2.0,0.0,0.0,0.0,0.0,0.0,4.0,0.0,3.0,4.0,4.0,3.5,4.0,4.0,4.0,4.0,0.0,0.0,4.0,0.0,0.0,0.0,3.5,3.0,3.0,3.5,0.0,0.0,0.0,4.0,0.0,0.0,0.0,0.0,0.0,0.0,0.0,0.0,0.0,0.0,0.0,0.0,0.0,4.0,3.5,0.0
Student_881,4.0,3.5,0.0,0.0,0.0,0.0,0.0,0.0,0.0,0.0,0.0,0.0,0.0,0.0,0.0,0.0,0.0,0.0,0.0,0.0,0.0,0.0,0.0,0.0,0.0,0.0,0.0,0.0,0.0,0.0,0.0,0.0,0.0,0.0,0.0,0.0,0.0,0.0,0.0,0.0,0.0,0.0,0.0,0.0,0.0,0.0,0.0,0.0,0.0,0.0,0.0,0.0,0.0,0.0,0.0,0.0,0.0,0.0,0.0,0.0,0.0,0.0,0.0,0.0,0.0,0.0,0.0,0.0,0.0,0.0,0.0,2.5,4.0,0.0,0.0,0.0,0.0,0.0,0.0,0.0,0.0,0.0,0.0,0.0,0.0,0.0,0.0,0.0,0.0,0.0,0.0,0.0,2.0,2.5,0.0
Student_882,3.0,2.5,2.5,2.0,1.5,3.0,1.5,0.0,2.0,2.0,2.5,1.0,2.0,1.5,1.0,2.5,1.0,2.5,2.0,2.5,0.0,0.0,0.0,0.0,2.0,1.0,1.5,3.5,2.5,2.5,0.0,0.0,0.0,0.0,2.0,0.0,0.0,0.0,0.0,0.0,3.0,0.0,0.0,0.0,1.0,0.0,1.5,0.0,0.0,0.0,2.5,1.5,0.0,0.0,0.0,4.0,0.0,1.5,2.0,3.5,1.0,3.0,4.0,2.5,4.0,0.0,0.0,3.0,0.0,0.0,1.5,3.0,2.0,3.0,2.0,3.0,0.0,0.0,0.0,0.0,0.0,0.0,0.0,0.0,0.0,0.0,0.0,0.0,0.0,0.0,0.0,0.0,2.5,2.5,0.0
Student_883,0.0,0.0,4.0,3.0,4.0,4.0,3.5,4.0,3.0,1.5,3.0,3.5,3.5,3.0,2.5,2.5,3.0,3.25,3.5,2.5,3.0,3.5,0.0,4.0,3.25,3.5,0.0,4.0,3.0,0.0,0.0,0.0,3.0,0.0,0.0,3.25,0.0,0.0,0.0,0.0,0.0,0.0,3.25,0.0,0.0,0.0,0.0,0.0,0.0,0.0,4.0,0.0,0.0,0.0,4.0,4.0,0.0,3.5,3.0,3.75,4.0,0.0,0.0,4.0,4.0,0.0,0.0,4.0,0.0,0.0,0.0,0.0,4.0,4.0,4.0,0.0,0.0,0.0,0.0,0.0,0.0,0.0,0.0,0.0,0.0,0.0,0.0,0.0,0.0,0.0,0.0,0.0,0.0,0.0,0.0
Student_884,0.0,0.0,2.5,4.0,2.0,3.0,4.0,4.0,2.75,2.5,1.5,2.0,2.5,3.0,2.5,3.0,3.5,2.25,3.0,3.25,1.75,0.0,0.0,0.0,4.0,3.0,0.0,4.0,3.0,0.0,0.0,0.0,0.0,0.0,0.0,0.0,0.0,0.0,0.0,0.0,0.0,0.0,0.0,0.0,4.0,4.0,0.0,4.0,0.0,3.5,3.0,0.0,0.0,0.0,4.0,3.75,0.0,2.5,2.5,2.25,3.0,4.0,3.5,3.5,3.5,4.0,4.0,4.0,0.0,0.0,3.75,3.5,3.0,3.5,3.5,0.0,0.0,0.0,0.0,0.0,0.0,0.0,0.0,0.0,0.0,0.0,4.0,0.0,0.0,0.0,0.0,0.0,0.0,0.0,0.0
Student_885,4.0,3.0,2.0,1.5,3.5,4.0,2.0,2.5,3.0,1.5,1.5,1.5,2.5,1.5,1.5,1.0,1.0,1.0,2.5,2.0,0.0,0.0,0.0,0.0,2.0,1.5,2.5,3.5,1.0,1.5,0.0,1.5,2.0,0.0,0.0,4.0,0.0,0.0,0.0,0.0,3.0,0.0,0.0,0.0,0.0,0.0,2.5,0.0,2.5,0.0,0.0,0.0,0.0,0.0,0.0,3.5,0.0,1.0,2.5,3.5,3.5,2.5,4.0,2.5,3.5,0.0,0.0,3.5,0.0,0.0,2.5,3.0,3.5,1.5,2.0,0.0,0.0,2.5,0.0,0.0,0.0,0.0,0.0,0.0,0.0,0.0,0.0,0.0,0.0,0.0,0.0,0.0,3.5,3.0,0.0
Student_886,0.0,4.0,3.0,4.0,2.0,4.0,1.5,2.5,1.0,1.5,2.0,2.25,1.5,2.5,2.5,2.0,2.25,1.75,2.0,2.0,0.0,0.0,0.0,0.0,3.5,2.5,2.0,3.5,2.75,0.0,0.0,2.75,0.0,0.0,0.0,0.0,0.0,0.0,0.0,0.0,2.75,0.0,0.0,0.0,0.0,0.0,0.0,4.0,3.25,0.0,1.5,0.0,0.0,0.0,4.0,4.0,0.0,1.5,2.0,3.5,2.5,3.0,4.0,2.5,4.0,0.0,3.5,4.0,0.0,2.0,0.0,3.5,3.0,3.0,2.0,3.75,0.0,0.0,0.0,0.0,0.0,0.0,0.0,0.0,0.0,0.0,0.0,0.0,0.0,0.0,0.0,0.0,1.5,0.0,0.0
Student_887,3.0,4.0,3.5,2.0,2.0,4.0,3.0,4.0,3.0,4.0,2.0,2.0,2.5,1.0,3.5,2.0,3.5,2.0,4.0,1.5,3.0,0.0,0.0,0.0,3.0,1.0,2.5,4.0,2.5,0.0,0.0,0.0,0.0,0.0,4.0,0.0,0.0,0.0,0.0,0.0,2.0,0.0,0.0,0.0,0.0,0.0,0.0,0.0,3.0,0.0,0.0,2.0,0.0,3.0,3.5,3.5,4.0,2.0,2.5,4.0,4.0,3.5,4.0,3.0,4.0,0.0,2.5,3.5,0.0,0.0,0.0,3.0,3.0,3.5,2.5,0.0,0.0,0.0,0.0,0.0,0.0,0.0,0.0,0.0,0.0,0.0,0.0,4.0,0.0,0.0,0.0,0.0,3.5,3.0,0.0
Student_888,3.5,3.5,3.5,3.5,4.0,4.0,3.0,0.0,3.5,4.0,3.5,4.0,3.0,2.5,4.0,4.0,3.0,3.0,2.5,4.0,0.0,0.0,0.0,0.0,3.5,3.5,3.0,3.5,2.5,3.0,0.0,0.0,3.5,0.0,3.0,0.0,0.0,0.0,0.0,0.0,3.0,0.0,0.0,0.0,4.0,3.5,0.0,3.5,0.0,0.0,0.0,3.0,0.0,0.0,0.0,4.0,0.0,3.5,4.0,4.0,3.0,4.0,4.0,4.0,4.0,0.0,0.0,4.0,0.0,0.0,0.0,3.5,3.0,4.0,3.5,0.0,0.0,0.0,0.0,0.0,0.0,0.0,0.0,0.0,0.0,0.0,0.0,2.5,0.0,0.0,0.0,0.0,3.0,4.0,0.0
Student_889,2.5,2.0,4.0,3.0,2.0,4.0,1.5,2.5,3.5,3.0,4.0,2.5,1.5,3.0,1.5,3.0,3.5,3.0,4.0,4.0,0.0,0.0,0.0,0.0,4.0,3.0,3.0,4.0,1.5,0.0,0.0,0.0,2.0,0.0,0.0,0.0,2.5,0.0,0.0,0.0,0.0,0.0,0.0,0.0,0.0,0.0,2.5,0.0,0.0,0.0,0.0,4.0,4.0,0.0,4.0,3.0,4.0,3.0,2.0,4.0,3.0,3.5,4.0,3.5,4.0,0.0,0.0,4.0,0.0,0.0,2.5,2.5,2.5,2.5,2.5,0.0,0.0,0.0,0.0,0.0,0.0,0.0,0.0,0.0,0.0,0.0,0.0,0.0,0.0,0.0,3.0,0.0,2.0,3.0,0.0
Student_89,3.0,0.0,3.5,4.0,3.0,2.5,3.5,4.0,3.0,3.5,4.0,2.0,3.0,3.5,3.5,2.0,4.0,2.75,3.0,2.5,0.0,0.0,0.0,3.75,3.5,2.5,1.5,3.5,3.0,0.0,0.0,2.5,2.0,0.0,0.0,4.0,0.0,0.0,0.0,0.0,0.0,0.0,0.0,0.0,0.0,4.0,0.0,1.75,0.0,0.0,0.0,0.0,0.0,0.0,4.0,4.0,0.0,2.0,3.0,4.0,4.0,2.5,3.5,2.5,4.0,0.0,4.0,3.5,0.0,0.0,0.0,4.0,3.5,2.5,3.5,0.0,0.0,0.0,0.0,0.0,0.0,0.0,0.0,0.0,0.0,0.0,4.0,0.0,0.0,0.0,0.0,0.0,4.0,0.0,0.0
Student_890,0.0,0.0,3.5,3.5,3.5,3.0,3.5,4.0,2.5,3.0,3.0,2.5,4.0,4.0,3.5,2.75,3.75,3.25,3.75,3.0,0.0,0.0,0.0,0.0,3.75,3.0,1.5,3.25,3.5,0.0,0.0,2.5,3.0,0.0,0.0,0.0,0.0,0.0,0.0,0.0,3.0,0.0,0.0,0.0,0.0,3.75,0.0,4.0,0.0,0.0,0.0,3.75,0.0,0.0,4.0,3.75,0.0,3.0,1.0,2.25,3.5,3.5,4.0,3.5,4.0,4.0,4.0,4.0,0.0,0.0,0.0,4.0,4.0,4.0,3.5,0.0,0.0,0.0,0.0,0.0,0.0,0.0,0.0,2.75,0.0,0.0,0.0,0.0,0.0,0.0,0.0,0.0,0.0,0.0,0.0
Student_891,4.0,0.0,3.5,4.0,2.0,3.0,3.5,3.5,4.0,3.5,3.0,2.5,3.0,4.0,2.5,4.0,4.0,4.0,4.0,4.0,3.0,0.0,0.0,0.0,4.0,2.5,3.5,4.0,2.5,3.0,0.0,3.0,0.0,0.0,0.0,0.0,0.0,0.0,0.0,0.0,3.0,0.0,0.0,0.0,0.0,0.0,0.0,3.0,0.0,0.0,2.5,0.0,0.0,0.0,4.0,4.0,4.0,2.0,2.5,4.0,3.0,3.5,4.0,2.5,4.0,0.0,3.5,4.0,0.0,0.0,0.0,3.0,2.0,3.5,2.5,0.0,0.0,0.0,0.0,0.0,0.0,0.0,0.0,0.0,0.0,0.0,0.0,4.0,0.0,0.0,0.0,0.0,4.0,4.0,0.0
Student_892,3.0,3.5,3.0,4.0,4.0,3.5,3.5,3.5,3.5,4.0,4.0,4.0,3.0,4.0,4.0,4.0,3.5,3.5,4.0,4.0,0.0,0.0,0.0,0.0,4.0,4.0,3.5,4.0,3.0,4.0,0.0,3.5,4.0,0.0,0.0,0.0,0.0,0.0,0.0,0.0,3.0,0.0,0.0,0.0,0.0,3.0,0.0,4.0,3.0,0.0,3.5,0.0,0.0,0.0,0.0,4.0,0.0,1.0,4.0,3.5,2.5,4.0,4.0,3.5,3.5,0.0,0.0,4.0,0.0,0.0,0.0,3.5,2.5,2.5,4.0,0.0,0.0,0.0,0.0,0.0,0.0,0.0,0.0,0.0,0.0,0.0,0.0,0.0,0.0,0.0,4.0,0.0,2.5,4.0,0.0
Student_893,0.0,0.0,2.5,4.0,3.5,4.0,4.0,4.0,2.25,2.5,4.0,2.0,3.5,3.0,2.5,3.0,3.75,2.25,1.5,2.75,0.0,0.0,0.0,0.0,3.75,3.5,2.0,3.75,3.0,0.0,0.0,0.0,0.0,0.0,4.0,0.0,0.0,0.0,0.0,0.0,3.5,0.0,0.0,0.0,3.5,0.0,0.0,4.0,0.0,0.0,0.0,2.75,0.0,0.0,4.0,4.0,0.0,2.5,2.5,4.0,3.5,3.5,3.5,3.5,4.0,4.0,4.0,4.0,0.0,0.0,4.0,3.5,4.0,4.0,3.5,0.0,0.0,0.0,0.0,0.0,0.0,0.0,0.0,0.0,0.0,0.0,0.0,0.0,0.0,0.0,0.0,0.0,0.0,0.0,0.0
Student_894,2.0,3.0,2.5,1.5,2.0,3.0,2.5,0.0,2.5,2.0,2.0,1.5,2.0,1.0,1.0,1.0,1.0,1.0,2.0,2.5,0.0,0.0,0.0,0.0,1.0,1.0,1.0,1.0,1.5,3.0,0.0,0.0,0.0,0.0,1.0,0.0,2.0,0.0,0.0,1.5,3.0,0.0,1.0,0.0,0.0,0.0,0.0,1.5,0.0,0.0,1.0,0.0,0.0,0.0,0.0,3.5,0.0,1.0,2.5,1.0,2.5,4.0,3.5,2.5,3.5,0.0,0.0,2.0,0.0,0.0,0.0,2.0,2.0,1.0,3.0,4.0,0.0,0.0,0.0,0.0,0.0,0.0,0.0,0.0,0.0,0.0,0.0,0.0,0.0,0.0,0.0,0.0,3.0,3.0,0.0
Student_895,4.0,4.0,2.5,3.5,2.0,3.0,3.5,3.0,2.0,1.0,3.0,2.5,2.5,3.0,2.0,3.0,3.5,2.0,3.0,2.5,0.0,0.0,0.0,0.0,2.0,3.5,2.0,3.0,1.0,2.0,0.0,0.0,3.0,0.0,0.0,4.0,2.5,0.0,0.0,0.0,0.0,0.0,0.0,0.0,1.0,2.5,0.0,0.0,0.0,3.0,1.5,0.0,0.0,0.0,0.0,3.5,0.0,2.0,2.0,3.0,4.0,3.5,4.0,3.0,4.0,0.0,0.0,4.0,0.0,0.0,0.0,4.0,3.0,3.0,3.0,0.0,0.0,0.0,0.0,0.0,0.0,0.0,2.5,0.0,0.0,0.0,0.0,0.0,0.0,0.0,0.0,0.0,3.5,3.0,0.0
Student_896,3.5,3.5,3.5,4.0,3.0,3.0,4.0,4.0,3.0,3.5,4.0,3.0,3.0,3.0,3.5,3.5,3.5,2.5,4.0,3.5,3.0,0.0,0.0,0.0,3.5,4.0,2.5,2.0,4.0,4.0,0.0,4.0,0.0,0.0,0.0,0.0,0.0,0.0,0.0,0.0,3.0,0.0,0.0,0.0,0.0,0.0,0.0,4.0,0.0,4.0,0.0,0.0,0.0,0.0,4.0,4.0,4.0,2.5,3.5,2.5,3.5,4.0,4.0,4.0,4.0,0.0,0.0,4.0,0.0,0.0,0.0,4.0,4.0,3.0,4.0,0.0,0.0,0.0,0.0,0.0,3.0,0.0,0.0,0.0,0.0,0.0,0.0,0.0,0.0,0.0,0.0,0.0,3.0,3.5,0.0
Student_897,1.0,2.0,4.0,3.0,3.5,2.5,2.5,1.5,3.0,2.5,2.5,2.0,2.0,3.0,3.0,2.0,3.5,2.0,3.5,4.0,0.0,0.0,0.0,0.0,3.0,3.5,0.0,3.5,2.0,4.0,0.0,3.5,0.0,0.0,3.5,0.0,3.5,0.0,0.0,4.0,0.0,0.0,0.0,0.0,0.0,4.0,0.0,3.0,0.0,3.5,0.0,0.0,0.0,0.0,0.0,4.0,0.0,1.5,2.0,4.0,2.0,3.5,4.0,1.0,4.0,0.0,0.0,3.5,0.0,1.0,0.0,2.0,2.0,3.0,4.0,0.0,0.0,0.0,0.0,0.0,0.0,0.0,0.0,0.0,0.0,0.0,3.5,0.0,0.0,0.0,0.0,0.0,3.0,3.0,0.0
Student_898,4.0,4.0,4.0,3.5,4.0,4.0,4.0,4.0,4.0,4.0,4.0,3.5,3.5,3.5,4.0,4.0,3.5,3.5,4.0,3.5,4.0,0.0,0.0,0.0,4.0,4.0,0.0,4.0,3.5,4.0,0.0,0.0,3.5,0.0,0.0,3.5,4.0,0.0,0.0,0.0,0.0,0.0,0.0,0.0,3.5,3.5,0.0,0.0,4.0,3.0,0.0,0.0,0.0,0.0,0.0,4.0,0.0,3.5,4.0,4.0,4.0,3.0,4.0,4.0,4.0,0.0,0.0,4.0,0.0,0.0,0.0,4.0,4.0,4.0,3.5,0.0,0.0,0.0,0.0,0.0,0.0,0.0,0.0,4.0,0.0,0.0,0.0,0.0,0.0,0.0,0.0,0.0,4.0,4.0,0.0
Student_899,2.5,2.0,3.0,2.0,3.0,2.0,2.5,2.5,2.5,0.0,2.0,2.5,3.0,2.5,2.0,3.0,1.5,1.5,2.5,2.5,1.5,0.0,0.0,0.0,2.0,1.0,0.0,4.0,2.0,1.5,0.0,0.0,3.0,0.0,0.0,0.0,1.5,0.0,0.0,0.0,0.0,0.0,0.0,0.0,1.5,3.0,0.0,0.0,2.5,2.5,0.0,0.0,0.0,3.0,0.0,4.0,0.0,1.0,2.5,2.5,3.5,3.5,4.0,3.0,4.0,0.0,0.0,3.0,0.0,0.0,0.0,2.5,3.0,1.5,2.5,0.0,0.0,0.0,0.0,0.0,0.0,0.0,0.0,0.0,0.0,0.0,4.0,0.0,0.0,0.0,0.0,0.0,2.0,2.0,0.0
Student_9,0.0,0.0,3.5,0.0,0.0,4.0,0.0,4.0,2.5,2.5,0.0,3.0,3.5,3.5,4.0,3.0,3.75,2.0,0.0,3.0,2.5,0.0,0.0,0.0,3.5,2.5,0.0,3.5,3.0,0.0,0.0,0.0,2.5,0.0,0.0,0.0,3.5,0.0,0.0,0.0,0.0,0.0,0.0,0.0,0.0,4.0,0.0,0.0,0.0,0.0,0.0,0.0,0.0,4.0,4.0,4.0,0.0,0.0,0.0,3.0,0.0,0.0,0.0,0.0,0.0,0.0,4.0,3.5,0.0,0.0,0.0,0.0,0.0,0.0,0.0,0.0,4.0,0.0,0.0,0.0,0.0,0.0,0.0,0.0,0.0,0.0,0.0,0.0,0.0,0.0,0.0,0.0,0.0,0.0,3.5
Student_90,3.0,2.0,3.5,3.5,3.5,4.0,2.5,0.0,3.5,3.5,4.0,3.0,3.0,4.0,3.5,4.0,4.0,3.5,3.5,3.5,0.0,0.0,4.0,0.0,4.0,3.0,2.0,1.5,4.0,3.0,3.5,3.5,0.0,3.5,0.0,0.0,3.5,0.0,0.0,0.0,0.0,2.5,3.5,0.0,0.0,0.0,0.0,0.0,0.0,0.0,0.0,0.0,0.0,0.0,0.0,4.0,0.0,3.5,3.0,2.0,3.5,4.0,4.0,4.0,4.0,0.0,0.0,4.0,0.0,0.0,2.5,3.0,3.5,4.0,4.0,0.0,0.0,0.0,0.0,0.0,0.0,0.0,0.0,0.0,0.0,0.0,0.0,0.0,0.0,0.0,0.0,0.0,2.5,3.5,0.0
Student_900,3.5,4.0,2.5,0.0,3.5,0.0,3.0,4.0,0.0,0.0,0.0,0.0,0.0,2.5,3.5,0.0,2.0,0.0,3.0,3.0,0.0,0.0,0.0,0.0,0.0,0.0,2.75,0.0,0.0,0.0,0.0,0.0,0.0,0.0,0.0,0.0,0.0,0.0,0.0,0.0,0.0,0.0,0.0,0.0,0.0,3.5,0.0,0.0,0.0,0.0,0.0,0.0,0.0,0.0,0.0,0.0,0.0,0.0,0.0,0.0,3.5,3.5,4.0,2.5,4.0,0.0,3.5,4.0,0.0,0.0,0.0,2.5,2.0,0.0,4.0,0.0,0.0,0.0,0.0,0.0,0.0,0.0,0.0,0.0,0.0,0.0,0.0,4.0,0.0,0.0,0.0,0.0,4.0,4.0,0.0
Student_901,3.0,4.0,2.5,3.0,2.0,3.5,2.0,2.5,2.5,2.5,2.5,2.5,1.0,2.0,3.5,2.5,3.0,1.0,3.0,3.0,0.0,0.0,0.0,0.0,2.5,1.0,4.0,2.0,3.0,1.5,0.0,0.0,0.0,0.0,4.0,2.0,0.0,0.0,0.0,0.0,3.0,1.0,0.0,0.0,0.0,0.0,1.0,0.0,0.0,0.0,1.0,0.0,0.0,0.0,0.0,4.0,0.0,2.0,1.0,2.0,2.0,4.0,3.0,3.5,4.0,0.0,0.0,3.0,0.0,0.0,4.0,2.5,2.0,2.5,2.5,0.0,0.0,0.0,0.0,0.0,0.0,0.0,0.0,0.0,0.0,0.0,0.0,0.0,0.0,0.0,0.0,0.0,3.5,4.0,0.0
Student_902,0.0,0.0,2.0,2.5,1.0,3.5,2.5,3.0,3.0,2.5,2.5,1.0,3.0,2.5,2.5,2.5,1.5,3.0,3.0,2.5,0.0,0.0,0.0,0.0,2.0,1.0,2.0,3.0,1.5,3.0,0.0,2.0,0.0,0.0,0.0,0.0,0.0,0.0,0.0,0.0,1.0,0.0,0.0,0.0,0.0,0.0,0.0,1.0,2.5,0.0,0.0,2.0,0.0,3.5,0.0,4.0,0.0,2.0,1.0,2.0,1.5,1.5,4.0,1.0,3.5,0.0,0.0,3.5,0.0,0.0,2.0,2.5,1.0,1.0,1.0,0.0,0.0,0.0,0.0,0.0,0.0,0.0,0.0,0.0,0.0,0.0,0.0,0.0,0.0,0.0,0.0,0.0,0.0,0.0,0.0
Student_903,1.0,3.0,0.0,1.0,3.0,3.0,2.0,0.0,2.0,2.0,2.5,2.5,2.5,2.5,1.0,0.0,2.0,2.5,2.5,2.0,0.0,0.0,0.0,0.0,1.0,1.0,2.5,3.5,0.0,2.5,0.0,0.0,0.0,0.0,4.0,0.0,0.0,1.0,0.0,0.0,2.0,0.0,0.0,0.0,1.0,0.0,2.0,0.0,0.0,0.0,2.0,0.0,0.0,0.0,0.0,3.5,0.0,1.0,2.5,3.0,3.5,4.0,4.0,3.0,0.0,0.0,0.0,4.0,0.0,0.0,0.0,3.0,3.5,3.5,2.0,0.0,0.0,0.0,0.0,0.0,0.0,0.0,0.0,0.0,0.0,0.0,0.0,0.0,0.0,0.0,0.0,0.0,4.0,4.0,0.0
Student_904,1.5,2.0,3.5,2.0,2.0,2.5,3.0,0.0,1.0,3.0,2.0,3.0,3.0,2.0,1.0,1.5,1.0,1.5,1.5,2.0,0.0,0.0,0.0,0.0,1.5,1.0,1.0,2.0,2.0,2.5,0.0,0.0,2.0,0.0,0.0,1.5,0.0,1.0,0.0,0.0,2.0,1.0,0.0,0.0,0.0,0.0,1.5,0.0,0.0,0.0,0.0,0.0,0.0,0.0,0.0,3.0,0.0,1.5,2.0,3.0,1.0,4.0,4.0,4.0,4.0,0.0,0.0,4.0,0.0,0.0,1.5,2.5,3.5,3.0,2.0,0.0,0.0,0.0,0.0,0.0,0.0,0.0,0.0,0.0,4.0,0.0,0.0,0.0,0.0,0.0,0.0,0.0,2.5,4.0,0.0
Student_905,4.0,3.0,4.0,3.5,4.0,4.0,4.0,3.5,0.0,4.0,4.0,4.0,3.5,3.5,3.0,0.0,3.0,2.5,4.0,4.0,0.0,0.0,0.0,0.0,3.5,2.5,0.0,4.0,3.0,0.0,0.0,2.5,0.0,0.0,0.0,0.0,0.0,0.0,0.0,0.0,2.5,0.0,0.0,0.0,4.0,3.5,0.0,0.0,0.0,0.0,0.0,0.0,0.0,0.0,4.0,4.0,4.0,3.0,3.5,4.0,4.0,4.0,4.0,4.0,4.0,0.0,0.0,4.0,0.0,2.0,0.0,3.5,4.0,0.0,4.0,0.0,0.0,0.0,0.0,0.0,0.0,0.0,0.0,0.0,0.0,0.0,0.0,4.0,0.0,0.0,0.0,0.0,4.0,2.5,0.0
Student_906,3.5,3.5,3.5,2.5,2.0,3.0,2.0,4.0,3.0,2.5,3.5,2.0,3.0,3.0,2.5,3.0,2.0,3.0,3.5,3.5,2.0,0.0,0.0,0.0,2.5,4.0,0.0,1.0,2.5,0.0,0.0,0.0,3.0,0.0,0.0,3.5,3.0,0.0,0.0,0.0,0.0,0.0,0.0,0.0,3.5,3.5,0.0,3.0,0.0,0.0,0.0,0.0,0.0,0.0,4.0,4.0,4.0,3.0,3.5,3.0,3.0,4.0,4.0,2.5,4.0,0.0,0.0,3.5,0.0,0.0,0.0,2.5,2.5,3.0,2.5,0.0,0.0,0.0,4.0,0.0,0.0,0.0,0.0,0.0,0.0,0.0,0.0,0.0,0.0,0.0,0.0,0.0,3.0,2.5,0.0
Student_907,3.0,3.0,2.5,1.0,3.5,3.0,2.0,3.0,3.0,1.5,1.5,2.5,2.5,2.0,2.0,2.0,2.5,2.5,1.5,1.5,3.0,0.0,0.0,0.0,4.0,2.5,0.0,3.5,2.0,0.0,0.0,0.0,2.0,0.0,0.0,0.0,0.0,0.0,0.0,0.0,2.5,0.0,0.0,0.0,0.0,2.0,0.0,0.0,0.0,3.0,0.0,0.0,0.0,4.0,4.0,4.0,0.0,2.0,2.5,4.0,3.5,4.0,4.0,3.5,4.0,0.0,4.0,3.5,0.0,0.0,0.0,4.0,4.0,4.0,3.5,0.0,0.0,0.0,0.0,0.0,0.0,0.0,0.0,0.0,0.0,0.0,0.0,0.0,0.0,0.0,0.0,0.0,4.0,4.0,2.75
Student_908,0.0,0.0,0.0,0.0,0.0,3.5,4.0,0.0,2.75,2.5,0.0,2.5,0.0,3.0,2.5,3.5,3.5,2.5,4.0,3.5,3.25,0.0,0.0,0.0,2.5,3.5,3.0,3.5,3.0,0.0,0.0,2.5,3.5,0.0,0.0,0.0,0.0,0.0,0.0,0.0,0.0,0.0,0.0,0.0,4.0,4.0,0.0,4.0,0.0,0.0,0.0,0.0,0.0,0.0,4.0,4.0,0.0,2.5,2.0,0.0,3.5,0.0,0.0,0.0,0.0,0.0,4.0,2.5,0.0,0.0,0.0,0.0,0.0,3.5,3.5,0.0,0.0,0.0,0.0,0.0,0.0,0.0,0.0,0.0,0.0,0.0,0.0,4.0,0.0,0.0,0.0,0.0,0.0,0.0,0.0
Student_909,2.0,1.0,2.0,3.0,2.0,2.0,1.0,1.0,1.5,1.5,3.0,2.0,2.5,2.0,1.5,1.5,1.0,1.5,1.0,1.0,0.0,0.0,4.0,0.0,3.5,2.0,0.0,3.5,2.5,2.5,0.0,1.0,0.0,0.0,1.0,4.0,0.0,0.0,0.0,0.0,2.5,0.0,0.0,0.0,0.0,2.5,2.5,0.0,1.0,0.0,0.0,0.0,0.0,0.0,0.0,4.0,0.0,1.0,2.0,3.0,1.0,3.5,4.0,4.0,4.0,0.0,0.0,3.0,0.0,0.0,2.5,2.0,3.0,2.0,1.0,0.0,0.0,0.0,0.0,0.0,0.0,0.0,0.0,0.0,0.0,0.0,0.0,0.0,0.0,0.0,0.0,0.0,3.5,3.0,0.0
Student_91,4.0,4.0,0.0,4.0,3.0,2.5,3.0,4.0,3.5,4.0,4.0,2.5,3.5,3.5,3.5,3.5,3.5,3.0,3.5,2.5,0.0,0.0,0.0,0.0,3.5,3.0,4.0,4.0,3.0,0.0,0.0,0.0,0.0,0.0,4.0,0.0,0.0,0.0,0.0,0.0,3.5,0.0,0.0,0.0,3.0,0.0,0.0,3.5,0.0,4.0,0.0,0.0,0.0,0.0,4.0,4.0,4.0,2.0,1.5,4.0,0.0,0.0,0.0,0.0,0.0,0.0,4.0,3.5,0.0,0.0,3.5,0.0,0.0,4.0,0.0,0.0,0.0,0.0,0.0,0.0,0.0,0.0,0.0,0.0,0.0,0.0,4.0,0.0,0.0,0.0,0.0,0.0,3.5,0.0,0.0
Student_910,3.5,4.0,2.5,3.5,3.0,3.0,2.5,4.0,3.5,1.0,3.0,2.5,2.5,3.5,4.0,3.0,3.5,4.0,2.5,3.5,0.0,0.0,0.0,0.0,4.0,1.0,0.0,4.0,3.5,0.0,0.0,0.0,0.0,0.0,0.0,0.0,0.0,0.0,0.0,0.0,3.0,0.0,0.0,0.0,4.0,3.5,0.0,0.0,0.0,3.5,4.0,0.0,0.0,0.0,4.0,4.0,4.0,3.0,3.5,4.0,4.0,4.0,4.0,4.0,4.0,0.0,4.0,4.0,0.0,0.0,4.0,4.0,4.0,4.0,4.0,0.0,0.0,0.0,4.0,0.0,0.0,0.0,0.0,0.0,0.0,0.0,0.0,0.0,0.0,0.0,0.0,0.0,4.0,4.0,0.0
Student_911,2.5,2.5,0.0,0.0,0.0,0.0,0.0,0.0,0.0,0.0,0.0,0.0,0.0,0.0,0.0,0.0,0.0,0.0,0.0,0.0,0.0,0.0,0.0,0.0,0.0,0.0,0.0,0.0,0.0,0.0,0.0,0.0,0.0,0.0,0.0,0.0,0.0,0.0,0.0,0.0,0.0,0.0,0.0,0.0,0.0,0.0,0.0,0.0,0.0,0.0,0.0,0.0,0.0,0.0,0.0,0.0,0.0,0.0,0.0,0.0,0.0,0.0,0.0,0.0,0.0,0.0,0.0,0.0,0.0,0.0,0.0,3.5,2.0,0.0,0.0,0.0,0.0,0.0,0.0,0.0,0.0,0.0,0.0,0.0,0.0,0.0,0.0,0.0,0.0,0.0,0.0,0.0,3.5,3.5,0.0
Student_912,0.0,0.0,4.0,3.5,3.5,3.5,3.0,4.0,1.75,1.0,2.0,3.0,3.0,3.0,3.75,3.0,2.75,1.5,2.75,3.0,0.0,3.75,0.0,0.0,3.5,2.0,2.25,2.0,2.25,0.0,0.0,3.0,4.0,0.0,0.0,0.0,0.0,0.0,0.0,0.0,0.0,0.0,0.0,0.0,4.0,3.0,0.0,0.0,0.0,0.0,0.0,0.0,0.0,0.0,4.0,4.0,0.0,2.5,2.0,2.0,4.0,4.0,4.0,1.0,4.0,3.5,2.0,4.0,0.0,0.0,0.0,3.5,3.0,4.0,4.0,0.0,0.0,0.0,0.0,0.0,0.0,0.0,0.0,0.0,0.0,0.0,0.0,0.0,0.0,0.0,0.0,0.0,0.0,0.0,0.0
Student_913,3.0,3.0,3.5,2.5,3.5,2.5,4.0,0.0,3.0,2.0,3.0,3.0,2.5,3.0,2.5,3.0,2.5,2.5,3.0,2.5,3.5,0.0,0.0,0.0,2.0,2.5,0.0,4.0,2.5,2.5,0.0,4.0,0.0,0.0,0.0,0.0,0.0,0.0,0.0,0.0,3.0,4.0,0.0,0.0,4.0,3.5,3.5,0.0,0.0,0.0,0.0,0.0,0.0,3.0,0.0,4.0,0.0,2.0,2.0,2.5,3.5,3.0,3.5,2.5,4.0,0.0,0.0,2.5,0.0,0.0,0.0,3.5,4.0,3.0,2.5,0.0,0.0,0.0,0.0,0.0,0.0,0.0,0.0,0.0,0.0,0.0,0.0,4.0,0.0,0.0,0.0,0.0,4.0,3.5,0.0
Student_914,2.0,3.0,2.5,2.5,2.0,2.0,1.5,1.5,3.5,2.0,2.5,1.0,1.5,2.0,1.5,1.5,3.0,1.0,1.5,1.0,3.0,0.0,0.0,0.0,4.0,1.0,3.5,4.0,1.5,2.0,0.0,2.0,0.0,0.0,0.0,4.0,0.0,0.0,0.0,0.0,0.0,0.0,3.5,0.0,0.0,3.0,2.0,2.5,0.0,0.0,0.0,0.0,0.0,0.0,0.0,3.0,0.0,1.0,1.0,4.0,1.5,3.5,4.0,1.0,4.0,0.0,0.0,4.0,0.0,0.0,0.0,2.5,2.0,2.0,2.5,0.0,0.0,0.0,0.0,0.0,0.0,0.0,0.0,2.0,0.0,0.0,0.0,0.0,0.0,0.0,0.0,0.0,3.0,2.0,0.0
Student_915,0.0,0.0,4.0,3.5,2.5,3.5,4.0,3.0,3.5,3.5,3.5,3.5,3.5,3.0,3.0,4.0,3.5,4.0,3.5,4.0,0.0,0.0,0.0,0.0,4.0,3.5,0.0,3.5,2.5,0.0,0.0,0.0,0.0,0.0,0.0,0.0,0.0,0.0,0.0,0.0,3.0,0.0,4.0,0.0,0.0,4.0,3.5,0.0,0.0,3.0,0.0,0.0,3.5,0.0,3.5,3.5,0.0,4.0,3.0,4.0,2.5,3.5,4.0,3.0,4.0,0.0,4.0,4.0,0.0,0.0,3.5,3.5,2.5,4.0,2.5,0.0,0.0,0.0,0.0,0.0,0.0,0.0,0.0,0.0,0.0,0.0,0.0,0.0,0.0,0.0,3.0,0.0,4.0,0.0,0.0
Student_916,2.5,3.5,2.0,3.0,2.5,3.0,3.0,3.0,2.0,2.5,3.0,3.0,2.0,3.5,2.0,2.5,4.0,4.0,3.5,2.0,0.0,0.0,0.0,0.0,2.5,4.0,4.0,4.0,3.5,3.5,0.0,0.0,0.0,0.0,0.0,3.0,0.0,0.0,0.0,0.0,0.0,0.0,0.0,0.0,3.5,4.0,3.5,2.0,0.0,2.0,0.0,0.0,0.0,0.0,0.0,4.0,0.0,2.0,2.5,3.0,2.0,3.5,3.5,2.5,4.0,0.0,0.0,0.0,0.0,0.0,0.0,3.5,2.5,3.5,2.0,0.0,0.0,0.0,3.0,0.0,0.0,0.0,0.0,0.0,0.0,0.0,0.0,0.0,0.0,0.0,0.0,0.0,3.0,3.5,0.0
Student_917,1.5,3.0,0.0,0.0,0.0,0.0,0.0,0.0,0.0,0.0,0.0,0.0,0.0,0.0,0.0,0.0,0.0,0.0,0.0,0.0,0.0,0.0,0.0,0.0,0.0,0.0,0.0,0.0,0.0,0.0,0.0,0.0,0.0,0.0,0.0,0.0,0.0,0.0,0.0,0.0,0.0,0.0,0.0,0.0,0.0,0.0,0.0,0.0,0.0,0.0,0.0,0.0,0.0,0.0,0.0,0.0,0.0,0.0,0.0,0.0,0.0,0.0,0.0,0.0,0.0,0.0,0.0,0.0,0.0,0.0,0.0,2.0,2.5,0.0,0.0,0.0,0.0,0.0,0.0,0.0,0.0,0.0,0.0,0.0,0.0,0.0,0.0,0.0,0.0,0.0,0.0,0.0,3.0,4.0,0.0
Student_918,3.5,4.0,3.5,3.5,3.5,3.5,4.0,4.0,4.0,4.0,3.0,4.0,4.0,4.0,3.0,3.5,3.5,3.0,4.0,4.0,4.0,0.0,0.0,0.0,4.0,4.0,0.0,4.0,4.0,0.0,0.0,0.0,3.5,0.0,4.0,0.0,0.0,0.0,0.0,0.0,3.0,0.0,0.0,0.0,4.0,4.0,3.5,0.0,0.0,0.0,0.0,0.0,0.0,0.0,4.0,4.0,4.0,4.0,4.0,4.0,3.5,4.0,4.0,3.5,4.0,0.0,4.0,4.0,0.0,0.0,0.0,4.0,4.0,4.0,4.0,0.0,0.0,0.0,4.0,0.0,0.0,0.0,0.0,0.0,0.0,0.0,0.0,0.0,0.0,0.0,0.0,0.0,3.5,4.0,0.0
Student_919,0.0,0.0,0.0,3.5,0.0,2.5,2.0,0.0,2.0,2.5,4.0,0.0,3.0,2.0,2.5,2.0,2.5,2.0,3.5,2.0,0.0,0.0,0.0,0.0,2.5,4.0,0.0,3.5,2.5,1.0,0.0,0.0,0.0,0.0,3.5,3.0,0.0,0.0,0.0,0.0,3.5,0.0,1.5,0.0,0.0,2.0,3.0,0.0,0.0,0.0,0.0,4.0,0.0,0.0,0.0,4.0,0.0,2.0,3.0,3.0,3.0,0.0,3.5,0.0,3.5,0.0,0.0,4.0,0.0,0.0,3.0,0.0,3.0,0.0,1.0,0.0,0.0,0.0,4.0,0.0,0.0,0.0,0.0,0.0,0.0,0.0,0.0,0.0,0.0,0.0,0.0,0.0,0.0,0.0,0.0
Student_92,2.5,3.5,2.5,2.0,1.0,3.5,2.0,0.0,1.5,2.5,2.0,1.5,3.5,2.0,2.0,2.5,1.0,2.0,2.0,1.5,0.0,0.0,0.0,0.0,1.0,2.0,3.0,2.5,1.0,2.5,0.0,0.0,0.0,0.0,2.5,3.0,0.0,1.0,0.0,4.0,3.5,1.0,0.0,0.0,0.0,0.0,0.0,0.0,0.0,0.0,0.0,0.0,0.0,0.0,0.0,4.0,0.0,1.5,1.0,2.0,4.0,3.0,3.0,2.0,3.5,0.0,0.0,3.0,0.0,0.0,2.5,2.0,1.5,3.5,2.5,0.0,0.0,0.0,0.0,0.0,0.0,3.5,0.0,0.0,0.0,0.0,0.0,0.0,0.0,0.0,0.0,0.0,3.5,3.0,0.0
Student_920,3.0,2.5,3.5,2.5,2.5,4.0,3.0,3.0,3.5,3.5,2.0,2.0,3.5,2.5,2.0,2.5,2.0,2.0,3.5,3.5,2.0,0.0,0.0,0.0,3.25,3.5,0.0,3.5,2.5,0.0,0.0,0.0,2.5,0.0,0.0,0.0,0.0,0.0,0.0,0.0,3.5,0.0,0.0,0.0,0.0,4.0,2.0,0.0,0.0,0.0,2.5,0.0,0.0,4.0,4.0,4.0,0.0,1.5,4.0,4.0,2.5,4.0,4.0,2.5,4.0,0.0,3.5,4.0,0.0,0.0,0.0,4.0,3.5,4.0,3.5,0.0,0.0,0.0,0.0,0.0,0.0,0.0,0.0,0.0,0.0,0.0,0.0,0.0,0.0,0.0,2.5,0.0,4.0,3.5,0.0
Student_921,1.0,0.0,3.5,3.5,2.5,3.0,1.5,3.0,2.5,1.0,4.0,2.5,3.5,2.5,2.0,2.0,3.0,1.0,1.0,1.5,0.0,0.0,0.0,0.0,3.0,2.5,1.0,3.0,2.5,0.0,0.0,2.75,0.0,0.0,0.0,0.0,3.25,0.0,0.0,0.0,0.0,0.0,0.0,0.0,0.0,0.0,0.0,3.25,1.75,0.0,1.25,0.0,0.0,0.0,4.0,4.0,0.0,2.0,2.0,2.0,2.0,3.5,4.0,2.5,4.0,0.0,4.0,2.5,0.0,0.0,1.5,3.0,3.0,2.5,3.5,0.0,0.0,0.0,0.0,0.0,0.0,0.0,0.0,0.0,0.0,0.0,0.0,0.0,0.0,0.0,0.0,0.0,3.0,0.0,0.0
Student_922,3.0,0.0,4.0,3.5,3.5,3.5,3.5,3.0,3.5,4.0,2.5,2.5,3.0,4.0,3.0,2.5,3.5,2.5,3.5,4.0,0.0,0.0,0.0,0.0,4.0,3.5,0.0,3.5,3.0,4.0,0.0,0.0,0.0,0.0,0.0,0.0,0.0,0.0,0.0,0.0,2.5,0.0,0.0,0.0,0.0,4.0,0.0,3.5,4.0,0.0,0.0,3.0,0.0,0.0,4.0,4.0,0.0,3.0,2.5,4.0,4.0,2.5,4.0,3.5,4.0,0.0,4.0,4.0,0.0,2.0,0.0,3.5,3.0,3.5,2.0,3.5,0.0,0.0,0.0,0.0,0.0,0.0,0.0,0.0,0.0,0.0,0.0,0.0,0.0,0.0,0.0,0.0,4.0,4.0,0.0
Student_923,1.0,2.0,0.0,0.0,0.0,0.0,0.0,0.0,0.0,0.0,1.5,0.0,0.0,0.0,0.0,0.0,0.0,0.0,0.0,0.0,0.0,0.0,0.0,0.0,0.0,0.0,0.0,0.0,0.0,0.0,0.0,0.0,0.0,0.0,0.0,0.0,0.0,0.0,0.0,0.0,0.0,0.0,0.0,0.0,0.0,0.0,0.0,0.0,0.0,0.0,0.0,0.0,0.0,0.0,0.0,0.0,0.0,0.0,0.0,0.0,0.0,0.0,0.0,0.0,4.0,0.0,0.0,0.0,0.0,0.0,0.0,1.0,1.0,1.5,0.0,0.0,0.0,0.0,0.0,0.0,0.0,0.0,0.0,0.0,0.0,0.0,0.0,0.0,0.0,0.0,0.0,0.0,3.5,3.5,0.0
Student_924,3.0,2.5,3.0,2.0,1.5,2.5,2.0,0.0,2.5,1.0,1.5,2.0,3.0,1.0,1.0,1.0,3.0,1.5,2.5,1.5,0.0,0.0,0.0,0.0,1.5,1.0,0.0,1.5,2.5,1.0,0.0,0.0,1.0,0.0,0.0,3.0,2.5,0.0,0.0,0.0,2.0,0.0,0.0,0.0,0.0,0.0,0.0,1.0,2.5,0.0,2.5,0.0,0.0,0.0,0.0,4.0,0.0,1.5,2.5,2.0,1.5,3.5,4.0,3.5,4.0,0.0,0.0,2.0,0.0,0.0,1.5,3.0,3.0,3.0,2.0,0.0,0.0,0.0,0.0,2.5,0.0,0.0,0.0,0.0,0.0,0.0,0.0,0.0,0.0,0.0,0.0,0.0,3.0,1.5,0.0
Student_925,3.0,3.5,3.5,4.0,2.5,3.5,2.0,3.5,2.5,1.0,2.0,2.0,2.0,2.5,1.5,1.5,2.5,3.5,1.0,1.0,1.0,0.0,0.0,0.0,2.5,4.0,0.0,3.0,3.0,3.5,0.0,0.0,0.0,0.0,0.0,0.0,0.0,0.0,0.0,0.0,3.5,0.0,0.0,0.0,0.0,3.5,3.5,0.0,0.0,2.5,2.0,0.0,0.0,0.0,4.0,4.0,4.0,4.0,2.0,3.5,3.0,2.0,4.0,2.0,4.0,0.0,0.0,4.0,0.0,0.0,0.0,4.0,4.0,1.0,4.0,0.0,0.0,0.0,0.0,0.0,0.0,0.0,0.0,3.5,0.0,0.0,0.0,0.0,0.0,0.0,0.0,0.0,4.0,4.0,0.0
Student_926,4.0,4.0,4.0,2.5,4.0,4.0,4.0,4.0,4.0,3.0,3.0,3.5,4.0,3.0,3.0,3.5,4.0,4.0,4.0,4.0,4.0,0.0,0.0,0.0,4.0,4.0,4.0,4.0,4.0,0.0,0.0,0.0,0.0,0.0,4.0,0.0,0.0,0.0,0.0,0.0,4.0,0.0,0.0,0.0,4.0,0.0,0.0,3.5,0.0,0.0,0.0,0.0,0.0,3.5,4.0,3.0,4.0,3.5,4.0,4.0,4.0,3.0,4.0,4.0,4.0,0.0,4.0,4.0,0.0,0.0,0.0,4.0,4.0,3.5,4.0,0.0,0.0,0.0,0.0,0.0,0.0,0.0,0.0,0.0,0.0,0.0,3.5,0.0,0.0,0.0,0.0,0.0,4.0,4.0,0.0
Student_927,3.0,4.0,3.0,3.5,2.5,3.5,3.0,4.0,2.0,1.0,2.5,2.5,2.5,3.0,2.5,2.0,3.0,2.0,2.0,1.5,2.5,0.0,0.0,0.0,4.0,3.5,1.5,3.5,1.5,0.0,0.0,2.0,0.0,0.0,0.0,0.0,2.5,0.0,0.0,0.0,0.0,0.0,0.0,0.0,1.0,0.0,0.0,4.0,4.0,0.0,0.0,0.0,0.0,0.0,3.0,4.0,4.0,1.5,3.0,4.0,3.5,3.5,4.0,2.0,4.0,0.0,3.5,4.0,0.0,0.0,0.0,2.5,3.5,2.5,2.5,0.0,0.0,0.0,4.0,0.0,0.0,0.0,0.0,0.0,0.0,0.0,0.0,0.0,0.0,0.0,0.0,0.0,3.5,3.5,0.0
Student_928,4.0,3.5,3.5,4.0,3.0,3.5,4.0,3.0,2.5,1.0,4.0,3.0,3.0,4.0,3.0,4.0,4.0,2.5,4.0,3.5,3.0,0.0,0.0,0.0,2.0,3.5,3.5,4.0,2.5,3.5,0.0,0.0,0.0,0.0,0.0,0.0,0.0,0.0,0.0,3.5,0.0,0.0,0.0,0.0,0.0,3.5,3.0,4.0,4.0,0.0,4.0,0.0,0.0,0.0,0.0,4.0,0.0,2.5,2.5,4.0,2.0,2.5,4.0,2.5,3.5,0.0,0.0,4.0,0.0,0.0,0.0,2.0,4.0,4.0,3.0,4.0,0.0,0.0,0.0,0.0,0.0,0.0,0.0,0.0,0.0,0.0,0.0,0.0,0.0,0.0,0.0,0.0,4.0,4.0,0.0
Student_929,2.5,2.5,2.5,2.5,2.5,3.0,2.0,1.5,1.5,2.5,2.5,2.0,2.0,2.0,1.5,3.0,1.0,1.5,3.5,1.0,1.0,0.0,0.0,0.0,1.5,1.5,0.0,3.0,1.0,3.0,0.0,0.0,0.0,0.0,3.5,0.0,0.0,2.0,0.0,0.0,0.0,0.0,0.0,0.0,0.0,2.0,0.0,0.0,3.5,3.5,0.0,0.0,2.5,0.0,0.0,4.0,0.0,2.0,1.5,2.0,2.5,2.5,4.0,2.5,3.5,0.0,0.0,4.0,0.0,1.0,0.0,2.5,1.0,2.0,1.5,0.0,0.0,0.0,0.0,0.0,2.5,0.0,0.0,0.0,0.0,0.0,0.0,0.0,0.0,0.0,0.0,0.0,3.0,3.0,0.0
Student_93,4.0,2.5,4.0,3.5,2.5,4.0,3.5,0.0,1.5,2.5,4.0,3.0,4.0,4.0,2.0,3.5,2.5,2.0,3.5,2.5,2.5,0.0,0.0,0.0,3.0,3.0,3.0,3.0,1.0,2.5,2.5,0.0,3.5,0.0,4.0,3.5,0.0,0.0,0.0,0.0,3.0,0.0,0.0,0.0,0.0,0.0,0.0,0.0,0.0,0.0,0.0,2.5,0.0,0.0,0.0,4.0,0.0,2.0,1.0,2.0,2.0,3.5,3.0,3.0,4.0,0.0,0.0,4.0,0.0,0.0,0.0,3.5,4.0,3.0,3.0,0.0,0.0,0.0,0.0,4.0,0.0,0.0,0.0,0.0,0.0,0.0,0.0,0.0,0.0,0.0,0.0,0.0,4.0,3.0,0.0
Student_930,4.0,4.0,3.0,4.0,3.0,3.5,2.5,2.5,2.75,1.0,2.0,1.5,3.0,2.75,2.5,2.5,2.0,1.5,3.75,2.0,3.0,0.0,0.0,0.0,4.0,1.0,0.0,3.5,2.0,0.0,0.0,0.0,0.0,0.0,0.0,0.0,0.0,0.0,0.0,0.0,4.0,0.0,0.0,0.0,0.0,4.0,2.5,4.0,4.0,0.0,2.5,0.0,0.0,0.0,4.0,4.0,0.0,3.5,3.5,4.0,3.0,3.5,4.0,2.5,4.0,0.0,4.0,4.0,0.0,0.0,0.0,2.5,2.5,3.0,2.0,0.0,0.0,0.0,3.5,0.0,0.0,0.0,0.0,0.0,0.0,0.0,0.0,0.0,0.0,0.0,0.0,0.0,4.0,3.5,0.0
Student_931,3.5,4.0,3.0,2.0,3.5,3.0,3.0,4.0,1.5,2.5,2.0,2.5,3.0,3.0,3.0,2.5,2.0,2.0,3.0,2.5,3.0,0.0,0.0,0.0,1.5,3.0,3.5,3.5,2.0,0.0,0.0,0.0,0.0,0.0,0.0,0.0,0.0,0.0,0.0,0.0,0.0,0.0,0.0,0.0,0.0,0.0,0.0,0.0,0.0,0.0,0.0,0.0,0.0,0.0,4.0,3.75,0.0,3.5,3.5,4.0,4.0,3.0,4.0,4.0,4.0,0.0,3.0,4.0,0.0,0.0,0.0,4.0,4.0,3.5,3.5,0.0,0.0,0.0,0.0,0.0,0.0,0.0,0.0,4.0,0.0,0.0,0.0,0.0,0.0,0.0,0.0,0.0,4.0,4.0,1.5
Student_932,3.5,4.0,4.0,4.0,4.0,3.5,3.0,4.0,4.0,2.5,3.0,3.5,4.0,4.0,2.5,4.0,4.0,3.0,4.0,3.5,1.5,0.0,0.0,0.0,2.5,4.0,0.0,4.0,2.75,0.0,0.0,0.0,3.75,0.0,0.0,4.0,3.75,0.0,0.0,0.0,0.0,0.0,0.0,0.0,0.0,4.0,0.0,4.0,0.0,0.0,0.0,3.25,0.0,0.0,4.0,4.0,0.0,3.5,4.0,4.0,4.0,3.5,4.0,3.0,4.0,0.0,4.0,4.0,0.0,0.0,0.0,4.0,4.0,3.5,3.0,3.5,0.0,0.0,0.0,0.0,0.0,0.0,0.0,0.0,0.0,0.0,0.0,0.0,0.0,0.0,0.0,0.0,0.0,0.0,0.0
Student_933,4.0,3.0,0.0,0.0,0.0,0.0,0.0,0.0,0.0,0.0,0.0,0.0,0.0,0.0,0.0,0.0,0.0,0.0,0.0,0.0,0.0,0.0,0.0,0.0,0.0,0.0,0.0,0.0,0.0,0.0,0.0,0.0,0.0,0.0,0.0,0.0,0.0,0.0,0.0,0.0,0.0,0.0,0.0,0.0,0.0,0.0,0.0,0.0,0.0,0.0,0.0,0.0,0.0,0.0,0.0,0.0,0.0,0.0,0.0,0.0,0.0,0.0,0.0,0.0,0.0,0.0,0.0,0.0,0.0,0.0,0.0,2.0,2.0,0.0,0.0,0.0,0.0,0.0,0.0,0.0,0.0,0.0,0.0,0.0,0.0,0.0,0.0,0.0,0.0,0.0,0.0,0.0,2.0,3.5,0.0
Student_934,4.0,3.0,0.0,0.0,0.0,0.0,0.0,0.0,0.0,0.0,0.0,0.0,0.0,0.0,0.0,0.0,0.0,0.0,0.0,0.0,0.0,0.0,0.0,0.0,0.0,0.0,0.0,0.0,0.0,0.0,0.0,0.0,0.0,0.0,0.0,0.0,0.0,0.0,0.0,0.0,0.0,0.0,0.0,0.0,0.0,0.0,0.0,0.0,0.0,0.0,0.0,0.0,0.0,0.0,0.0,0.0,0.0,0.0,0.0,0.0,0.0,0.0,0.0,0.0,0.0,0.0,0.0,0.0,0.0,0.0,0.0,2.0,1.5,1.5,2.0,0.0,0.0,0.0,0.0,0.0,0.0,0.0,0.0,0.0,0.0,0.0,0.0,0.0,0.0,0.0,0.0,0.0,3.5,2.5,0.0
Student_935,0.0,0.0,3.0,0.0,2.5,0.0,3.5,0.0,1.0,1.0,2.0,3.0,2.0,3.5,4.0,2.5,3.5,3.5,2.5,2.5,0.0,0.0,4.0,0.0,4.0,3.0,3.5,2.5,3.5,3.5,3.0,0.0,0.0,0.0,0.0,3.5,0.0,0.0,0.0,0.0,3.0,0.0,3.5,0.0,0.0,0.0,4.0,0.0,0.0,0.0,0.0,3.5,0.0,0.0,0.0,4.0,0.0,2.5,2.0,3.0,4.0,0.0,4.0,0.0,4.0,0.0,0.0,3.5,0.0,2.5,0.0,0.0,4.0,3.5,3.0,0.0,0.0,0.0,0.0,0.0,0.0,0.0,0.0,0.0,0.0,0.0,0.0,0.0,0.0,0.0,0.0,0.0,0.0,0.0,0.0
Student_936,4.0,2.5,2.5,1.0,2.5,2.0,1.0,0.0,2.0,2.0,2.5,2.0,2.0,2.0,1.0,2.0,2.5,2.5,2.5,2.5,0.0,0.0,0.0,0.0,1.0,1.0,0.0,2.5,1.5,2.0,0.0,2.5,0.0,0.0,2.0,0.0,0.0,1.0,0.0,0.0,2.0,0.0,1.0,0.0,0.0,1.0,0.0,0.0,0.0,0.0,1.5,0.0,0.0,0.0,0.0,2.5,0.0,2.0,2.5,1.5,2.0,3.5,4.0,3.0,3.5,0.0,0.0,3.5,0.0,0.0,2.5,2.0,2.0,1.5,3.0,0.0,0.0,2.5,0.0,0.0,0.0,0.0,0.0,0.0,0.0,0.0,0.0,2.0,0.0,0.0,0.0,0.0,3.5,2.5,0.0
Student_937,4.0,4.0,2.5,3.0,1.0,3.5,2.0,0.0,1.5,2.5,4.0,2.0,2.5,2.0,3.0,4.0,3.0,2.0,4.0,2.5,3.0,0.0,0.0,0.0,2.0,3.0,2.0,3.5,1.5,2.5,0.0,0.0,0.0,0.0,0.0,0.0,0.0,2.5,0.0,1.5,2.5,0.0,0.0,0.0,3.0,0.0,2.5,0.0,0.0,0.0,0.0,2.5,0.0,0.0,0.0,4.0,0.0,3.0,2.5,3.0,3.5,3.5,4.0,4.0,4.0,0.0,0.0,4.0,0.0,0.0,0.0,2.5,1.0,4.0,3.0,0.0,0.0,0.0,0.0,0.0,0.0,0.0,0.0,0.0,0.0,0.0,0.0,0.0,0.0,0.0,0.0,0.0,2.5,4.0,0.0
Student_938,4.0,4.0,0.0,0.0,0.0,0.0,0.0,0.0,0.0,0.0,0.0,0.0,0.0,0.0,0.0,0.0,0.0,0.0,0.0,0.0,0.0,0.0,0.0,0.0,0.0,0.0,0.0,0.0,0.0,0.0,0.0,0.0,0.0,0.0,0.0,0.0,0.0,0.0,0.0,0.0,0.0,0.0,0.0,0.0,0.0,0.0,0.0,0.0,0.0,0.0,0.0,0.0,0.0,0.0,0.0,0.0,0.0,0.0,0.0,0.0,0.0,0.0,0.0,0.0,0.0,0.0,0.0,0.0,0.0,0.0,0.0,3.0,3.0,0.0,0.0,0.0,0.0,0.0,0.0,0.0,0.0,0.0,0.0,0.0,0.0,0.0,0.0,0.0,0.0,0.0,0.0,0.0,3.5,4.0,0.0
Student_939,3.5,3.5,4.0,3.5,4.0,3.5,4.0,3.0,3.0,2.5,3.5,2.5,2.5,3.0,3.0,2.5,4.0,2.5,4.0,4.0,0.0,0.0,0.0,0.0,4.0,3.5,0.0,4.0,3.0,0.0,0.0,3.0,0.0,0.0,0.0,0.0,0.0,0.0,0.0,0.0,3.0,0.0,0.0,0.0,0.0,3.5,0.0,0.0,4.0,0.0,0.0,0.0,0.0,0.0,4.0,4.0,4.0,4.0,3.5,4.0,3.5,4.0,4.0,3.5,4.0,0.0,0.0,4.0,0.0,0.0,4.0,3.5,4.0,4.0,3.5,0.0,0.0,0.0,0.0,0.0,0.0,4.0,0.0,0.0,0.0,0.0,0.0,0.0,0.0,0.0,0.0,0.0,4.0,4.0,0.0
Student_94,0.0,0.0,4.0,3.0,3.5,3.5,4.0,4.0,4.0,3.5,3.5,4.0,4.0,3.5,4.0,4.0,4.0,4.0,3.5,4.0,4.0,0.0,0.0,0.0,4.0,4.0,3.75,4.0,3.5,0.0,0.0,0.0,0.0,0.0,0.0,0.0,0.0,0.0,0.0,0.0,0.0,0.0,0.0,0.0,0.0,4.0,0.0,4.0,0.0,0.0,3.0,0.0,0.0,4.0,4.0,4.0,0.0,4.0,4.0,4.0,4.0,3.5,4.0,4.0,4.0,0.0,4.0,4.0,0.0,0.0,0.0,3.5,4.0,4.0,3.5,0.0,0.0,0.0,4.0,0.0,0.0,0.0,0.0,0.0,0.0,0.0,0.0,4.0,0.0,0.0,0.0,0.0,4.0,0.0,0.0
Student_940,4.0,4.0,3.5,4.0,4.0,4.0,4.0,0.0,4.0,4.0,4.0,4.0,4.0,2.5,4.0,4.0,4.0,4.0,4.0,4.0,0.0,0.0,0.0,0.0,3.5,4.0,0.0,4.0,2.5,4.0,0.0,4.0,0.0,0.0,0.0,0.0,0.0,0.0,0.0,0.0,0.0,0.0,0.0,0.0,0.0,4.0,3.5,0.0,0.0,0.0,4.0,0.0,0.0,0.0,0.0,4.0,0.0,0.0,4.0,4.0,4.0,4.0,4.0,4.0,4.0,0.0,0.0,4.0,0.0,0.0,4.0,4.0,4.0,4.0,4.0,4.0,0.0,0.0,0.0,0.0,0.0,0.0,0.0,0.0,0.0,0.0,0.0,0.0,0.0,0.0,0.0,0.0,4.0,4.0,0.0
Student_941,2.0,4.0,3.0,2.0,3.0,4.0,2.5,0.0,2.5,2.5,4.0,3.5,3.0,3.5,3.0,3.5,3.0,2.0,3.0,3.0,0.0,0.0,0.0,0.0,4.0,3.0,3.0,2.5,2.5,3.5,0.0,0.0,0.0,0.0,0.0,4.0,0.0,0.0,0.0,0.0,2.5,0.0,0.0,0.0,0.0,0.0,3.5,0.0,0.0,0.0,0.0,3.0,3.0,0.0,0.0,4.0,0.0,2.5,2.0,3.5,3.5,3.5,4.0,4.0,4.0,0.0,0.0,4.0,0.0,1.5,0.0,3.0,4.0,2.0,3.5,0.0,0.0,0.0,0.0,0.0,0.0,0.0,0.0,4.0,0.0,0.0,0.0,0.0,0.0,0.0,0.0,0.0,4.0,2.5,0.0
Student_942,3.0,3.5,3.0,1.0,1.0,3.5,2.0,3.0,2.5,1.0,2.5,2.5,1.5,2.0,2.0,1.5,1.0,2.0,2.0,2.5,0.0,0.0,0.0,0.0,1.5,2.5,3.5,1.5,1.5,2.5,0.0,2.5,3.0,0.0,0.0,0.0,0.0,0.0,0.0,0.0,2.5,0.0,0.0,0.0,0.0,0.0,0.0,2.0,2.0,0.0,1.0,0.0,0.0,0.0,0.0,3.0,0.0,1.5,1.5,2.5,3.0,2.5,4.0,3.0,3.5,0.0,0.0,3.5,0.0,0.0,2.5,3.0,3.0,3.0,2.5,0.0,0.0,0.0,0.0,0.0,3.0,0.0,0.0,0.0,0.0,0.0,0.0,0.0,0.0,0.0,0.0,0.0,2.5,3.0,0.0
Student_943,0.0,0.0,0.0,0.0,0.0,0.0,0.0,0.0,1.0,0.0,0.0,0.0,0.0,0.0,0.0,2.5,3.0,2.0,2.0,1.0,0.0,0.0,0.0,0.0,1.0,1.0,0.0,2.5,2.0,2.5,0.0,0.0,0.0,0.0,3.0,0.0,0.0,0.0,0.0,0.0,3.5,0.0,1.5,0.0,0.0,2.0,0.0,2.5,0.0,0.0,2.0,0.0,0.0,0.0,0.0,4.0,0.0,0.0,0.0,3.5,2.0,0.0,0.0,0.0,0.0,0.0,0.0,0.0,0.0,0.0,1.5,0.0,0.0,0.0,0.0,0.0,0.0,0.0,0.0,0.0,0.0,0.0,0.0,0.0,0.0,0.0,0.0,0.0,0.0,0.0,0.0,0.0,0.0,0.0,0.0
Student_944,4.0,0.0,3.0,2.0,1.0,2.5,3.0,3.0,3.0,3.0,3.0,2.0,3.5,2.5,3.0,4.0,3.5,3.0,4.0,4.0,0.0,0.0,0.0,0.0,3.0,3.0,0.0,4.0,3.0,4.0,0.0,0.0,3.0,0.0,0.0,0.0,0.0,0.0,0.0,0.0,3.0,0.0,0.0,0.0,3.0,3.5,0.0,2.5,0.0,0.0,0.0,0.0,0.0,0.0,4.0,3.0,4.0,2.0,2.0,4.0,4.0,3.5,4.0,2.5,3.5,0.0,3.5,4.0,0.0,0.0,4.0,3.5,2.0,3.0,2.5,0.0,0.0,0.0,0.0,0.0,0.0,0.0,0.0,0.0,0.0,0.0,0.0,0.0,0.0,0.0,4.0,0.0,4.0,3.0,0.0
Student_945,3.0,3.0,3.5,2.0,2.5,3.0,3.5,0.0,3.0,3.5,4.0,3.5,3.0,3.0,3.5,3.5,3.0,3.0,4.0,4.0,3.5,0.0,4.0,0.0,3.5,4.0,3.0,4.0,2.0,4.0,0.0,0.0,4.0,0.0,4.0,0.0,3.0,0.0,0.0,0.0,0.0,0.0,0.0,0.0,4.0,0.0,4.0,3.5,0.0,0.0,0.0,0.0,0.0,0.0,0.0,4.0,0.0,3.5,2.5,4.0,2.0,4.0,3.0,3.0,4.0,0.0,0.0,4.0,0.0,0.0,0.0,3.5,3.0,4.0,2.5,0.0,0.0,0.0,0.0,0.0,0.0,0.0,0.0,0.0,0.0,0.0,0.0,0.0,0.0,0.0,0.0,0.0,2.5,2.5,0.0
Student_946,0.0,0.0,0.0,0.0,0.0,4.0,1.5,2.0,4.0,2.5,4.0,0.0,2.5,4.0,0.0,2.5,2.0,3.0,3.0,3.0,0.0,0.0,0.0,0.0,4.0,3.0,0.0,4.0,3.5,0.0,0.0,2.0,3.5,0.0,0.0,0.0,3.0,0.0,0.0,0.0,0.0,0.0,0.0,0.0,0.0,3.0,4.0,0.0,3.5,0.0,0.0,0.0,0.0,0.0,4.0,4.0,4.0,1.5,1.0,2.5,3.0,0.0,0.0,0.0,0.0,0.0,3.5,4.0,0.0,0.0,3.5,1.0,0.0,0.0,0.0,0.0,0.0,0.0,4.0,0.0,0.0,0.0,0.0,0.0,0.0,0.0,0.0,0.0,0.0,0.0,1.0,0.0,0.0,0.0,0.0
Student_947,3.5,4.0,4.0,4.0,2.0,4.0,3.0,3.0,2.5,2.5,4.0,3.0,4.0,3.0,2.0,2.0,2.5,2.0,3.5,3.5,2.5,0.0,0.0,0.0,2.5,2.5,2.0,3.5,2.5,0.0,0.0,0.0,0.0,0.0,3.5,0.0,0.0,0.0,0.0,0.0,0.0,0.0,0.0,0.0,0.0,3.5,0.0,0.0,3.0,0.0,2.5,0.0,0.0,4.0,3.0,3.0,4.0,1.0,3.0,3.5,3.0,2.5,4.0,1.5,4.0,0.0,0.0,4.0,0.0,0.0,0.0,2.0,2.5,2.5,3.0,0.0,0.0,0.0,0.0,0.0,0.0,0.0,0.0,0.0,0.0,0.0,0.0,0.0,0.0,0.0,3.0,0.0,3.0,3.5,0.0
Student_948,4.0,4.0,2.5,1.0,2.5,3.5,3.0,0.0,3.0,3.0,3.0,1.5,2.0,1.0,1.0,0.0,1.5,2.5,3.0,2.5,0.0,0.0,0.0,0.0,2.0,1.5,0.0,3.5,0.0,2.0,0.0,0.0,0.0,0.0,0.0,0.0,0.0,0.0,0.0,3.0,0.0,0.0,0.0,0.0,2.5,3.0,0.0,0.0,4.0,0.0,0.0,2.5,0.0,0.0,0.0,4.0,0.0,2.5,2.5,3.0,2.5,4.0,4.0,3.5,4.0,0.0,0.0,4.0,0.0,0.0,3.0,2.5,3.0,2.0,2.5,0.0,3.0,0.0,0.0,0.0,0.0,0.0,0.0,0.0,0.0,0.0,0.0,0.0,0.0,0.0,0.0,0.0,3.5,3.5,0.0
Student_949,0.0,0.0,3.5,3.5,3.0,3.5,3.5,4.0,1.5,1.5,3.5,2.5,3.5,3.0,3.5,1.0,3.5,2.5,2.75,2.0,0.0,2.5,0.0,2.0,2.25,1.75,0.0,3.5,3.5,0.0,0.0,0.0,0.0,0.0,0.0,0.0,0.0,0.0,0.0,0.0,0.0,0.0,2.5,0.0,0.0,3.5,0.0,0.0,0.0,3.75,0.0,0.0,1.75,0.0,4.0,4.0,0.0,2.0,1.5,4.0,4.0,3.5,4.0,3.5,4.0,4.0,4.0,4.0,0.0,0.0,0.0,4.0,4.0,3.5,4.0,0.0,0.0,0.0,0.0,0.0,0.0,0.0,0.0,0.0,0.0,0.0,0.0,0.0,0.0,0.0,0.0,0.0,0.0,0.0,2.75
Student_95,4.0,3.5,0.0,0.0,0.0,0.0,0.0,0.0,0.0,0.0,0.0,0.0,0.0,0.0,0.0,0.0,0.0,0.0,0.0,0.0,0.0,0.0,0.0,0.0,0.0,0.0,0.0,0.0,0.0,0.0,0.0,0.0,0.0,0.0,0.0,0.0,0.0,0.0,0.0,0.0,0.0,0.0,0.0,0.0,0.0,0.0,0.0,0.0,0.0,0.0,0.0,0.0,0.0,0.0,0.0,0.0,0.0,0.0,0.0,0.0,0.0,0.0,0.0,0.0,0.0,0.0,0.0,0.0,0.0,0.0,0.0,2.0,3.0,0.0,0.0,0.0,0.0,0.0,0.0,0.0,0.0,0.0,0.0,0.0,0.0,0.0,0.0,0.0,0.0,0.0,0.0,0.0,3.0,3.5,0.0
Student_950,4.0,4.0,3.0,2.5,1.0,2.5,2.5,2.5,3.0,3.5,3.5,1.5,3.0,3.0,2.0,2.5,2.5,3.0,3.5,3.5,2.5,0.0,0.0,0.0,3.5,1.0,0.0,2.5,2.0,2.5,0.0,3.0,2.0,0.0,0.0,3.5,2.5,0.0,0.0,0.0,0.0,0.0,0.0,0.0,0.0,3.0,0.0,3.0,3.5,0.0,0.0,0.0,0.0,0.0,0.0,2.0,0.0,2.0,1.5,2.0,4.0,2.5,4.0,2.0,3.5,0.0,0.0,3.5,0.0,0.0,0.0,2.0,2.0,2.5,3.5,0.0,0.0,0.0,0.0,0.0,0.0,0.0,2.5,0.0,0.0,0.0,0.0,0.0,0.0,0.0,0.0,0.0,4.0,3.0,0.0
Student_951,0.0,0.0,2.0,0.0,0.0,3.0,2.0,0.0,3.5,0.0,0.0,0.0,2.0,0.0,2.0,1.5,1.5,2.5,2.5,2.5,0.0,0.0,0.0,0.0,2.0,2.5,1.5,1.5,1.5,1.0,0.0,2.0,0.0,0.0,0.0,0.0,0.0,0.0,0.0,0.0,1.5,0.0,0.0,0.0,0.0,0.0,0.0,0.0,2.0,2.5,1.0,3.0,0.0,0.0,0.0,3.0,0.0,0.0,2.0,2.5,3.5,0.0,0.0,0.0,0.0,0.0,0.0,3.5,0.0,0.0,3.0,0.0,0.0,3.0,0.0,0.0,0.0,0.0,0.0,0.0,0.0,0.0,0.0,0.0,0.0,0.0,0.0,0.0,0.0,0.0,0.0,0.0,0.0,0.0,0.0
Student_952,4.0,4.0,3.0,3.0,3.5,4.0,3.5,0.0,3.0,3.0,3.0,3.0,3.0,3.5,2.5,4.0,3.0,4.0,4.0,4.0,0.0,0.0,0.0,0.0,4.0,4.0,4.0,4.0,3.5,4.0,0.0,0.0,4.0,0.0,4.0,0.0,0.0,0.0,0.0,0.0,4.0,0.0,0.0,0.0,0.0,0.0,0.0,0.0,0.0,0.0,4.0,4.0,4.0,0.0,0.0,4.0,0.0,4.0,3.5,3.0,4.0,3.5,4.0,4.0,4.0,0.0,0.0,3.5,0.0,0.0,3.5,4.0,4.0,3.5,4.0,0.0,0.0,0.0,0.0,0.0,0.0,0.0,0.0,4.0,0.0,0.0,0.0,0.0,0.0,0.0,0.0,0.0,3.5,4.0,0.0
Student_953,4.0,4.0,0.0,4.0,2.5,3.5,3.5,3.5,0.0,3.0,4.0,3.5,4.0,4.0,3.5,0.0,3.75,3.5,4.0,3.0,0.0,0.0,0.0,0.0,4.0,3.5,3.0,3.5,3.75,0.0,0.0,0.0,0.0,0.0,0.0,0.0,0.0,0.0,0.0,0.0,0.0,0.0,0.0,0.0,0.0,0.0,0.0,0.0,0.0,0.0,0.0,0.0,3.0,0.0,4.0,4.0,0.0,4.0,3.5,4.0,3.5,4.0,4.0,4.0,4.0,0.0,4.0,3.5,0.0,0.0,0.0,4.0,4.0,3.5,0.0,0.0,0.0,0.0,4.0,0.0,0.0,0.0,0.0,0.0,0.0,0.0,0.0,0.0,0.0,0.0,0.0,0.0,4.0,4.0,0.0
Student_954,3.0,1.5,3.5,1.0,1.0,3.0,2.5,2.0,1.5,1.5,2.0,1.5,2.0,3.0,1.5,1.5,3.0,2.0,3.0,2.5,2.5,0.0,0.0,0.0,3.0,4.0,0.0,4.0,2.0,2.5,0.0,0.0,1.5,0.0,0.0,0.0,2.5,0.0,0.0,0.0,0.0,0.0,0.0,0.0,0.0,3.0,2.5,0.0,4.0,1.0,0.0,3.5,0.0,0.0,0.0,4.0,0.0,1.5,2.0,3.0,2.5,2.5,4.0,3.0,4.0,0.0,0.0,4.0,0.0,0.0,0.0,1.5,2.5,1.5,2.5,0.0,0.0,0.0,0.0,0.0,3.5,0.0,0.0,0.0,0.0,0.0,0.0,0.0,0.0,0.0,0.0,0.0,4.0,2.5,0.0
Student_955,4.0,3.5,3.0,3.0,3.0,4.0,3.5,0.0,2.0,2.5,2.5,2.5,2.0,2.5,3.0,3.5,3.5,2.5,3.5,3.0,0.0,0.0,0.0,0.0,2.0,1.0,3.0,3.0,2.0,3.0,0.0,2.5,3.0,0.0,0.0,0.0,0.0,0.0,0.0,0.0,0.0,0.0,0.0,0.0,0.0,3.0,0.0,0.0,3.0,0.0,2.5,2.5,0.0,0.0,0.0,4.0,0.0,4.0,3.5,2.5,4.0,4.0,4.0,3.5,4.0,0.0,0.0,3.5,0.0,0.0,2.5,3.5,4.0,4.0,4.0,0.0,0.0,0.0,0.0,0.0,0.0,3.5,0.0,0.0,0.0,0.0,0.0,0.0,0.0,0.0,0.0,0.0,4.0,2.5,0.0
Student_956,0.0,0.0,3.5,0.0,4.0,3.0,2.5,0.0,2.5,2.5,0.0,0.0,4.0,0.0,3.0,3.5,0.0,1.5,3.5,4.0,2.0,0.0,0.0,0.0,4.0,3.5,0.0,4.0,2.0,0.0,0.0,2.0,0.0,0.0,4.0,0.0,0.0,0.0,0.0,0.0,2.0,0.0,0.0,0.0,0.0,4.0,2.5,0.0,0.0,2.0,2.0,3.0,0.0,0.0,4.0,4.0,0.0,1.0,0.0,2.5,0.0,0.0,0.0,0.0,0.0,0.0,4.0,3.5,0.0,0.0,0.0,0.0,0.0,0.0,3.0,0.0,0.0,0.0,0.0,0.0,0.0,0.0,0.0,0.0,0.0,0.0,0.0,0.0,0.0,0.0,2.5,0.0,3.5,4.0,0.0
Student_957,3.0,3.0,3.5,3.0,2.5,1.0,2.5,4.0,4.0,3.0,4.0,3.5,3.5,2.5,4.0,3.5,3.5,4.0,3.5,3.5,0.0,0.0,0.0,0.0,4.0,1.0,0.0,4.0,2.0,0.0,0.0,3.0,3.0,0.0,0.0,0.0,0.0,0.0,0.0,0.0,3.0,0.0,0.0,0.0,0.0,3.5,0.0,3.5,0.0,0.0,4.0,0.0,0.0,0.0,3.5,4.0,4.0,2.5,3.0,3.5,3.5,2.5,4.0,2.5,4.0,0.0,4.0,3.5,0.0,0.0,2.0,3.0,2.5,3.5,3.5,0.0,0.0,0.0,0.0,0.0,0.0,0.0,0.0,0.0,0.0,0.0,0.0,0.0,0.0,0.0,1.5,0.0,3.5,3.5,0.0
Student_958,4.0,0.0,3.0,3.0,3.5,3.5,2.0,0.0,3.5,2.0,2.5,3.0,2.0,4.0,3.0,2.5,4.0,2.5,4.0,4.0,0.0,0.0,0.0,0.0,2.0,3.5,4.0,4.0,3.0,0.0,0.0,0.0,0.0,0.0,0.0,0.0,0.0,0.0,0.0,0.0,0.0,0.0,0.0,0.0,1.5,3.5,0.0,3.0,3.5,3.5,0.0,0.0,0.0,0.0,4.0,4.0,4.0,4.0,2.5,3.0,3.0,0.0,0.0,0.0,0.0,0.0,0.0,4.0,0.0,0.0,3.5,0.0,0.0,4.0,3.0,0.0,0.0,0.0,0.0,0.0,0.0,0.0,0.0,0.0,0.0,0.0,0.0,0.0,0.0,0.0,0.0,0.0,0.0,0.0,0.0
Student_959,4.0,3.5,3.5,4.0,2.5,4.0,3.0,0.0,4.0,3.0,4.0,3.5,4.0,3.5,3.0,4.0,3.0,3.0,4.0,2.5,4.0,0.0,0.0,0.0,3.0,2.0,3.5,3.5,3.5,3.5,4.0,3.5,0.0,0.0,4.0,0.0,0.0,0.0,0.0,3.5,3.5,0.0,0.0,0.0,0.0,0.0,0.0,0.0,0.0,0.0,2.5,0.0,0.0,0.0,0.0,4.0,0.0,3.5,2.0,3.5,3.5,4.0,4.0,3.5,4.0,0.0,0.0,4.0,0.0,0.0,0.0,4.0,4.0,2.0,3.0,0.0,0.0,0.0,3.0,0.0,0.0,0.0,0.0,0.0,0.0,0.0,0.0,0.0,0.0,0.0,0.0,0.0,4.0,4.0,0.0
Student_96,3.5,4.0,0.0,0.0,0.0,0.0,0.0,0.0,0.0,0.0,0.0,0.0,0.0,0.0,0.0,0.0,0.0,0.0,0.0,0.0,0.0,0.0,0.0,0.0,0.0,0.0,0.0,0.0,0.0,0.0,0.0,0.0,0.0,0.0,0.0,0.0,0.0,0.0,0.0,0.0,0.0,0.0,0.0,0.0,0.0,0.0,0.0,0.0,0.0,0.0,0.0,0.0,0.0,0.0,0.0,0.0,0.0,0.0,0.0,0.0,0.0,0.0,0.0,2.5,0.0,0.0,0.0,0.0,0.0,0.0,0.0,3.0,2.0,0.0,0.0,0.0,0.0,0.0,0.0,0.0,0.0,0.0,0.0,0.0,0.0,0.0,0.0,0.0,0.0,0.0,0.0,0.0,4.0,3.0,0.0
Student_960,0.0,0.0,3.5,3.0,2.5,4.0,3.5,3.5,2.25,1.0,3.5,3.0,4.0,3.0,3.5,4.0,3.5,1.5,3.0,4.0,2.5,0.0,0.0,0.0,3.25,1.75,3.5,4.0,2.5,0.0,0.0,3.5,0.0,0.0,0.0,0.0,4.0,0.0,0.0,0.0,0.0,0.0,0.0,0.0,0.0,0.0,0.0,0.0,4.0,2.5,0.0,0.0,0.0,4.0,4.0,4.0,0.0,2.0,1.0,2.5,3.5,2.5,4.0,1.0,4.0,0.0,4.0,3.5,0.0,0.0,0.0,2.5,2.5,4.0,3.5,0.0,0.0,0.0,4.0,0.0,0.0,0.0,0.0,0.0,0.0,0.0,0.0,0.0,0.0,0.0,0.0,0.0,4.0,0.0,0.0
Student_961,3.5,3.5,3.0,3.5,2.5,4.0,1.0,0.0,1.0,2.0,2.5,2.5,1.0,2.0,1.0,2.5,1.5,1.5,2.5,2.5,0.0,0.0,0.0,0.0,2.0,2.5,0.0,3.5,1.5,2.0,0.0,0.0,0.0,0.0,0.0,0.0,0.0,3.0,0.0,2.0,2.0,0.0,0.0,0.0,0.0,2.0,0.0,2.5,3.0,0.0,0.0,0.0,2.0,0.0,0.0,4.0,0.0,1.5,1.0,1.0,4.0,2.5,4.0,3.5,4.0,0.0,0.0,3.5,0.0,1.5,0.0,2.5,3.0,4.0,2.0,0.0,0.0,0.0,0.0,0.0,0.0,0.0,0.0,0.0,0.0,0.0,0.0,0.0,0.0,0.0,4.0,0.0,4.0,3.5,0.0
Student_962,0.0,0.0,4.0,4.0,3.5,4.0,3.0,4.0,3.25,1.0,1.5,4.0,2.5,3.75,4.0,4.0,3.75,3.75,3.75,2.75,0.0,0.0,0.0,3.75,2.75,3.5,3.5,3.75,2.75,0.0,0.0,0.0,0.0,0.0,0.0,0.0,0.0,0.0,0.0,0.0,0.0,4.0,0.0,0.0,4.0,3.0,0.0,3.5,0.0,3.25,0.0,0.0,0.0,0.0,4.0,4.0,0.0,3.5,3.75,3.75,4.0,4.0,3.5,4.0,4.0,4.0,3.5,4.0,0.0,0.0,0.0,4.0,4.0,4.0,4.0,0.0,0.0,0.0,0.0,0.0,0.0,0.0,0.0,0.0,0.0,0.0,0.0,4.0,0.0,0.0,0.0,0.0,0.0,0.0,0.0
Student_963,4.0,4.0,2.5,2.0,1.0,4.0,4.0,0.0,3.0,2.0,4.0,3.0,3.0,2.5,1.0,2.0,1.0,2.0,2.5,2.5,0.0,0.0,0.0,0.0,2.5,3.0,3.5,3.5,1.5,1.0,0.0,0.0,0.0,0.0,4.0,0.0,0.0,0.0,0.0,0.0,4.0,0.0,2.0,0.0,2.0,0.0,0.0,2.5,0.0,0.0,2.0,0.0,0.0,0.0,0.0,3.5,0.0,3.0,3.0,3.0,2.0,2.0,4.0,2.5,4.0,0.0,0.0,2.5,0.0,0.0,2.0,3.5,2.5,3.5,2.0,0.0,0.0,0.0,0.0,0.0,0.0,0.0,0.0,0.0,0.0,0.0,3.0,0.0,0.0,0.0,0.0,0.0,4.0,3.5,0.0
Student_964,3.5,3.5,2.0,3.5,2.0,2.5,1.0,0.0,1.0,2.5,2.0,2.5,3.5,1.5,1.0,1.5,3.5,3.5,3.5,2.5,0.0,0.0,0.0,0.0,3.5,1.0,2.5,2.5,3.0,4.0,0.0,2.0,2.5,0.0,0.0,3.5,0.0,0.0,0.0,0.0,2.5,0.0,0.0,0.0,0.0,0.0,0.0,3.0,2.5,0.0,0.0,0.0,0.0,0.0,0.0,4.0,0.0,2.0,4.0,3.5,3.5,4.0,4.0,3.5,3.0,0.0,0.0,3.0,0.0,0.0,1.5,2.0,1.0,2.0,2.0,0.0,0.0,0.0,0.0,0.0,0.0,0.0,0.0,0.0,0.0,0.0,0.0,4.0,0.0,0.0,0.0,0.0,4.0,3.5,0.0
Student_965,3.5,3.5,2.5,2.5,2.0,4.0,3.0,0.0,3.5,2.5,0.0,2.5,2.5,0.0,3.5,0.0,0.0,0.0,3.5,3.0,0.0,0.0,0.0,0.0,3.0,3.5,0.0,3.0,0.0,3.5,0.0,0.0,0.0,0.0,0.0,0.0,0.0,3.5,0.0,0.0,3.5,0.0,3.0,0.0,2.5,3.5,0.0,0.0,0.0,0.0,0.0,2.0,0.0,0.0,0.0,3.5,0.0,3.0,4.0,4.0,3.5,3.5,4.0,3.5,4.0,0.0,0.0,4.0,0.0,0.0,0.0,3.0,2.5,2.5,2.5,0.0,0.0,0.0,0.0,0.0,0.0,0.0,0.0,0.0,0.0,0.0,2.0,0.0,0.0,0.0,0.0,0.0,3.5,3.0,0.0
Student_966,4.0,4.0,3.5,2.0,2.5,2.5,4.0,3.5,4.0,4.0,3.0,2.0,4.0,3.0,2.5,3.5,3.5,2.0,4.0,4.0,3.0,0.0,0.0,0.0,4.0,3.5,0.0,4.0,3.0,0.0,0.0,0.0,4.0,0.0,4.0,0.0,0.0,0.0,0.0,0.0,2.5,0.0,0.0,0.0,3.5,4.0,3.5,0.0,0.0,0.0,0.0,0.0,0.0,0.0,4.0,4.0,4.0,2.0,3.5,4.0,3.5,4.0,4.0,4.0,4.0,0.0,3.5,3.5,0.0,0.0,0.0,4.0,4.0,4.0,2.5,0.0,0.0,0.0,0.0,0.0,0.0,0.0,0.0,0.0,0.0,0.0,3.5,0.0,0.0,0.0,0.0,0.0,3.0,4.0,0.0
Student_967,0.0,0.0,4.0,4.0,4.0,3.0,4.0,3.5,4.0,3.0,4.0,3.0,4.0,3.0,3.0,4.0,3.5,3.5,3.5,3.0,3.5,0.0,0.0,0.0,4.0,3.0,3.5,3.5,2.5,0.0,0.0,3.5,0.0,0.0,0.0,0.0,0.0,0.0,0.0,0.0,4.0,0.0,0.0,0.0,0.0,0.0,0.0,4.0,0.0,0.0,2.0,0.0,0.0,0.0,4.0,4.0,0.0,3.5,4.0,4.0,4.0,4.0,4.0,3.5,4.0,0.0,4.0,4.0,0.0,0.0,0.0,4.0,4.0,3.5,3.5,0.0,0.0,0.0,0.0,0.0,0.0,0.0,0.0,0.0,0.0,0.0,0.0,4.0,0.0,0.0,0.0,0.0,0.0,0.0,0.0
Student_968,0.0,0.0,0.0,0.0,0.0,3.0,4.0,3.0,2.5,0.0,0.0,0.0,4.0,0.0,3.5,3.0,4.0,2.5,0.0,3.0,3.0,0.0,0.0,0.0,3.5,2.5,0.0,4.0,3.0,0.0,0.0,3.5,3.5,0.0,0.0,0.0,0.0,0.0,0.0,0.0,0.0,0.0,0.0,0.0,4.0,4.0,0.0,0.0,0.0,0.0,3.0,0.0,0.0,0.0,4.0,4.0,4.0,4.0,2.5,4.0,3.5,0.0,4.0,0.0,4.0,0.0,4.0,3.5,0.0,2.5,0.0,0.0,0.0,0.0,0.0,0.0,0.0,0.0,0.0,0.0,0.0,0.0,0.0,0.0,0.0,0.0,0.0,0.0,0.0,0.0,3.0,0.0,0.0,0.0,0.0
Student_969,2.0,4.0,2.5,1.0,2.5,3.5,1.0,0.0,2.0,2.5,3.0,2.0,3.5,2.0,1.0,3.5,1.0,3.5,2.0,1.5,0.0,0.0,0.0,0.0,2.0,1.0,3.0,2.0,1.5,2.0,0.0,0.0,0.0,0.0,1.0,0.0,0.0,0.0,0.0,0.0,3.0,1.0,2.0,0.0,0.0,0.0,0.0,2.0,0.0,0.0,0.0,1.0,0.0,0.0,0.0,4.0,0.0,2.0,1.0,1.5,1.5,3.5,3.5,3.0,4.0,0.0,0.0,4.0,0.0,0.0,2.5,3.5,2.5,2.5,2.0,0.0,0.0,0.0,0.0,0.0,0.0,4.0,0.0,0.0,0.0,0.0,0.0,0.0,0.0,0.0,0.0,0.0,3.0,3.5,0.0
Student_97,0.0,0.0,4.0,0.0,3.5,0.0,3.0,0.0,0.0,0.0,0.0,0.0,0.0,3.5,3.0,0.0,3.5,0.0,4.0,2.75,0.0,0.0,0.0,0.0,0.0,0.0,4.0,0.0,0.0,0.0,0.0,0.0,0.0,0.0,0.0,0.0,0.0,0.0,0.0,0.0,0.0,0.0,0.0,0.0,0.0,3.5,0.0,0.0,0.0,0.0,0.0,0.0,0.0,0.0,0.0,0.0,0.0,0.0,0.0,0.0,3.75,4.0,4.0,4.0,4.0,4.0,4.0,4.0,0.0,0.0,0.0,4.0,4.0,0.0,3.5,0.0,0.0,0.0,3.75,0.0,0.0,0.0,0.0,0.0,0.0,0.0,0.0,0.0,0.0,0.0,0.0,0.0,0.0,0.0,3.75
Student_970,4.0,3.5,4.0,3.5,3.0,4.0,4.0,3.5,3.5,3.5,4.0,2.0,3.5,3.5,4.0,3.0,3.5,3.5,4.0,4.0,4.0,0.0,0.0,0.0,4.0,4.0,4.0,4.0,3.0,0.0,0.0,4.0,0.0,0.0,0.0,0.0,0.0,0.0,0.0,0.0,2.5,0.0,0.0,0.0,0.0,0.0,0.0,0.0,4.0,2.0,0.0,0.0,0.0,4.0,4.0,4.0,4.0,3.0,3.5,4.0,4.0,4.0,4.0,4.0,4.0,0.0,4.0,3.5,0.0,0.0,0.0,3.0,3.5,4.0,3.5,0.0,0.0,0.0,0.0,0.0,0.0,0.0,0.0,0.0,0.0,0.0,0.0,0.0,0.0,0.0,4.0,0.0,3.5,4.0,0.0
Student_971,2.0,2.0,0.0,0.0,0.0,0.0,0.0,0.0,0.0,0.0,0.0,0.0,0.0,0.0,0.0,0.0,0.0,0.0,0.0,0.0,0.0,0.0,0.0,0.0,0.0,0.0,0.0,0.0,0.0,0.0,0.0,0.0,0.0,0.0,0.0,0.0,0.0,0.0,0.0,0.0,0.0,0.0,0.0,0.0,0.0,0.0,0.0,0.0,0.0,0.0,0.0,0.0,0.0,0.0,0.0,0.0,0.0,0.0,0.0,0.0,0.0,0.0,0.0,0.0,0.0,0.0,0.0,0.0,0.0,0.0,0.0,3.5,2.5,0.0,0.0,0.0,0.0,0.0,0.0,0.0,0.0,0.0,0.0,0.0,0.0,0.0,0.0,0.0,0.0,0.0,0.0,0.0,3.0,3.0,0.0
Student_972,3.5,3.0,3.5,2.0,2.5,2.5,2.5,0.0,2.0,2.5,2.5,2.0,3.5,3.0,3.5,2.5,3.0,2.5,3.0,3.5,0.0,0.0,0.0,0.0,2.0,3.0,3.0,4.0,2.5,3.5,0.0,2.5,0.0,0.0,0.0,0.0,0.0,3.5,0.0,2.0,3.0,0.0,0.0,0.0,0.0,0.0,0.0,0.0,0.0,0.0,2.5,1.5,0.0,0.0,0.0,4.0,0.0,1.5,3.5,3.0,3.5,3.0,4.0,3.5,3.5,0.0,0.0,4.0,0.0,0.0,3.0,2.5,3.0,4.0,3.5,0.0,0.0,4.0,0.0,0.0,0.0,0.0,0.0,0.0,0.0,0.0,0.0,0.0,0.0,0.0,0.0,0.0,3.5,3.5,0.0
Student_973,0.0,0.0,3.5,3.0,3.0,4.0,3.0,3.5,1.75,2.0,2.5,2.0,4.0,3.5,3.0,4.0,3.5,2.5,3.5,3.0,2.75,0.0,0.0,0.0,2.5,4.0,2.5,4.0,3.0,0.0,0.0,3.0,2.75,0.0,0.0,0.0,0.0,0.0,0.0,0.0,0.0,0.0,0.0,0.0,3.5,3.5,0.0,0.0,4.0,0.0,0.0,0.0,0.0,0.0,4.0,4.0,0.0,2.0,1.5,3.5,4.0,3.0,4.0,3.5,4.0,0.0,4.0,4.0,0.0,0.0,0.0,4.0,3.5,4.0,3.5,0.0,4.0,0.0,0.0,0.0,0.0,0.0,0.0,0.0,0.0,0.0,0.0,0.0,0.0,0.0,0.0,0.0,4.0,4.0,0.0
Student_974,3.5,4.0,3.5,2.5,2.5,3.0,2.5,3.5,3.0,2.5,2.5,3.5,2.0,3.5,2.0,3.0,3.0,2.0,3.0,1.5,2.5,0.0,0.0,0.0,3.5,1.5,1.5,2.0,2.5,0.0,0.0,1.5,1.75,0.0,0.0,0.0,0.0,0.0,0.0,0.0,2.5,0.0,0.0,0.0,0.0,0.0,0.0,0.0,3.5,0.0,0.0,0.0,0.0,4.0,4.0,3.5,0.0,2.5,3.0,4.0,2.5,3.5,4.0,4.0,4.0,0.0,3.5,4.0,0.0,0.0,0.0,3.0,4.0,3.0,3.5,0.0,0.0,0.0,3.75,0.0,0.0,0.0,0.0,0.0,0.0,0.0,0.0,0.0,0.0,0.0,0.0,0.0,2.5,3.5,0.0
Student_975,2.5,3.0,0.0,0.0,0.0,0.0,0.0,0.0,0.0,0.0,0.0,0.0,0.0,0.0,0.0,0.0,0.0,0.0,0.0,0.0,0.0,0.0,0.0,0.0,0.0,0.0,0.0,0.0,0.0,0.0,0.0,0.0,0.0,0.0,0.0,0.0,0.0,0.0,0.0,0.0,0.0,0.0,0.0,0.0,0.0,0.0,0.0,0.0,0.0,0.0,0.0,0.0,0.0,0.0,0.0,0.0,0.0,0.0,0.0,0.0,0.0,0.0,0.0,0.0,0.0,0.0,0.0,0.0,0.0,0.0,0.0,2.5,3.0,0.0,0.0,0.0,0.0,0.0,0.0,0.0,0.0,0.0,0.0,0.0,0.0,0.0,0.0,0.0,0.0,0.0,0.0,0.0,2.0,2.5,0.0
Student_976,2.5,3.0,3.5,2.5,3.5,3.5,1.5,1.5,2.0,1.5,1.5,1.5,2.5,2.0,3.5,2.0,3.5,2.5,3.0,3.0,0.0,0.0,0.0,0.0,2.5,1.5,3.5,3.5,1.5,3.0,0.0,0.0,0.0,0.0,0.0,0.0,0.0,0.0,0.0,0.0,3.5,0.0,0.0,0.0,3.0,0.0,0.0,2.0,0.0,0.0,2.5,0.0,0.0,0.0,4.0,4.0,0.0,2.0,1.5,4.0,2.5,2.5,4.0,1.5,3.5,0.0,0.0,3.0,0.0,0.0,2.5,2.5,2.0,2.0,2.0,0.0,4.0,0.0,0.0,0.0,0.0,0.0,0.0,0.0,0.0,0.0,0.0,0.0,0.0,0.0,0.0,0.0,3.5,2.0,0.0
Student_977,4.0,2.0,4.0,4.0,3.5,4.0,3.0,3.5,3.5,1.5,4.0,3.0,4.0,3.0,3.0,2.5,3.5,2.0,4.0,3.0,0.0,0.0,0.0,0.0,4.0,3.0,3.5,4.0,3.0,0.0,0.0,0.0,2.5,0.0,0.0,0.0,0.0,0.0,0.0,0.0,0.0,0.0,0.0,0.0,2.5,3.5,3.5,0.0,0.0,0.0,3.5,0.0,0.0,0.0,4.0,4.0,4.0,2.5,3.0,4.0,3.5,4.0,4.0,2.5,3.5,0.0,0.0,4.0,0.0,0.0,3.0,3.0,3.0,2.5,3.0,0.0,0.0,0.0,0.0,0.0,0.0,0.0,0.0,0.0,0.0,0.0,0.0,0.0,0.0,0.0,0.0,0.0,2.5,3.5,0.0
Student_978,3.5,3.5,2.5,2.5,1.5,2.0,3.5,3.5,3.5,3.5,2.0,1.5,4.0,2.0,1.0,2.0,1.0,3.0,3.0,2.0,0.0,0.0,0.0,0.0,4.0,3.0,2.5,4.0,1.0,0.0,0.0,0.0,2.5,0.0,0.0,0.0,0.0,0.0,0.0,0.0,0.0,0.0,0.0,0.0,0.0,3.5,2.5,0.0,0.0,0.0,2.0,0.0,0.0,2.0,4.0,4.0,4.0,2.0,2.0,3.5,3.5,3.0,4.0,3.0,4.0,0.0,3.5,4.0,0.0,0.0,2.0,2.5,3.0,2.5,2.5,0.0,0.0,0.0,4.0,0.0,0.0,0.0,0.0,0.0,0.0,0.0,0.0,0.0,0.0,0.0,0.0,0.0,4.0,3.0,0.0
Student_979,3.0,4.0,4.0,4.0,3.0,3.0,3.5,0.0,2.0,3.5,4.0,3.0,3.5,3.0,4.0,4.0,3.5,3.5,3.5,2.5,0.0,0.0,0.0,0.0,4.0,4.0,4.0,3.5,4.0,3.5,0.0,0.0,0.0,0.0,0.0,0.0,0.0,3.0,0.0,0.0,2.5,0.0,0.0,0.0,0.0,0.0,4.0,3.5,0.0,0.0,3.5,2.0,0.0,0.0,0.0,4.0,0.0,3.5,3.0,2.5,1.0,4.0,4.0,3.5,4.0,0.0,0.0,3.0,0.0,3.0,0.0,2.5,2.0,2.5,3.5,0.0,0.0,0.0,4.0,0.0,0.0,0.0,0.0,0.0,0.0,0.0,0.0,0.0,0.0,0.0,0.0,0.0,2.5,3.0,0.0
Student_98,3.0,3.0,3.0,1.0,3.0,3.5,1.0,2.5,1.0,1.5,1.0,2.5,2.5,2.5,2.0,2.25,2.0,2.0,1.25,3.75,0.0,0.0,0.0,1.0,3.0,1.5,0.0,4.0,2.5,0.0,0.0,1.75,0.0,0.0,0.0,0.0,0.0,0.0,0.0,0.0,2.0,0.0,3.5,0.0,0.0,0.0,0.0,0.0,0.0,0.0,0.0,3.5,0.0,2.25,4.0,4.0,4.0,1.5,2.0,2.5,2.5,2.5,3.5,2.5,3.0,0.0,4.0,3.5,0.0,0.0,4.0,2.5,2.0,2.0,3.5,0.0,0.0,0.0,0.0,0.0,0.0,0.0,0.0,0.0,0.0,0.0,3.0,0.0,0.0,0.0,0.0,0.0,3.5,3.5,0.0
Student_980,4.0,3.5,4.0,4.0,3.5,4.0,4.0,0.0,3.5,4.0,4.0,4.0,4.0,4.0,3.0,4.0,3.5,3.5,4.0,4.0,3.5,0.0,0.0,0.0,4.0,3.5,4.0,4.0,3.5,4.0,0.0,3.5,3.5,0.0,0.0,0.0,0.0,0.0,0.0,0.0,3.5,0.0,0.0,0.0,0.0,0.0,0.0,4.0,3.5,0.0,4.0,0.0,0.0,0.0,0.0,4.0,0.0,3.0,2.5,3.5,4.0,3.5,4.0,3.5,4.0,0.0,0.0,3.5,0.0,0.0,0.0,3.5,4.0,4.0,2.0,0.0,3.0,0.0,0.0,0.0,0.0,0.0,0.0,0.0,0.0,0.0,0.0,0.0,0.0,0.0,0.0,0.0,4.0,4.0,0.0
Student_981,2.5,3.0,3.0,3.0,3.0,2.5,3.0,4.0,2.5,2.5,3.5,2.5,2.0,2.5,1.0,2.0,0.0,0.0,0.0,3.5,2.0,0.0,0.0,0.0,2.5,1.0,2.5,3.5,2.0,3.5,0.0,0.0,0.0,0.0,0.0,0.0,0.0,4.0,0.0,0.0,0.0,0.0,0.0,0.0,0.0,3.5,4.0,3.5,0.0,0.0,2.5,2.5,0.0,0.0,0.0,4.0,0.0,1.0,2.5,3.5,2.5,3.0,4.0,2.5,4.0,0.0,0.0,3.0,0.0,0.0,0.0,3.0,2.5,0.0,2.5,0.0,0.0,0.0,0.0,0.0,0.0,0.0,4.0,0.0,0.0,0.0,0.0,0.0,0.0,0.0,0.0,0.0,4.0,3.0,0.0
Student_982,3.0,2.5,3.0,3.5,3.0,4.0,3.5,0.0,4.0,4.0,3.5,3.0,2.5,3.5,3.0,3.5,3.5,4.0,4.0,4.0,0.0,0.0,0.0,0.0,4.0,4.0,3.5,4.0,3.0,3.5,0.0,3.5,3.0,0.0,0.0,3.5,0.0,0.0,0.0,0.0,2.5,0.0,0.0,0.0,0.0,0.0,4.0,3.5,0.0,0.0,0.0,0.0,0.0,0.0,0.0,4.0,0.0,3.5,3.0,3.0,4.0,4.0,3.5,4.0,4.0,0.0,0.0,4.0,0.0,0.0,3.5,4.0,4.0,3.0,3.0,0.0,0.0,0.0,0.0,0.0,0.0,0.0,0.0,0.0,0.0,0.0,0.0,0.0,0.0,0.0,4.0,0.0,3.0,2.5,0.0
Student_983,4.0,3.5,0.0,0.0,0.0,4.0,2.5,0.0,2.0,1.0,3.5,0.0,0.0,3.5,3.5,2.5,3.0,2.0,2.5,2.5,0.0,0.0,0.0,0.0,3.5,0.0,3.0,3.0,3.0,4.0,0.0,0.0,0.0,0.0,3.5,0.0,0.0,0.0,0.0,0.0,4.0,0.0,4.0,0.0,0.0,0.0,0.0,0.0,0.0,0.0,3.5,3.0,3.0,0.0,0.0,4.0,0.0,2.0,3.0,1.5,0.0,0.0,0.0,0.0,0.0,0.0,0.0,4.0,0.0,3.0,0.0,0.0,3.5,0.0,0.0,0.0,0.0,0.0,0.0,0.0,0.0,0.0,0.0,0.0,0.0,0.0,0.0,0.0,0.0,0.0,0.0,0.0,0.0,0.0,0.0
Student_984,3.0,4.0,3.5,2.0,4.0,2.5,3.0,0.0,3.0,3.0,2.5,2.5,3.5,3.0,2.5,3.5,3.5,3.0,3.5,2.5,0.0,0.0,0.0,0.0,3.0,4.0,0.0,4.0,3.5,4.0,0.0,2.5,0.0,0.0,0.0,0.0,0.0,0.0,0.0,0.0,4.0,0.0,0.0,0.0,3.5,4.0,3.5,3.0,0.0,0.0,3.0,0.0,0.0,0.0,0.0,4.0,0.0,2.0,3.0,4.0,4.0,3.5,3.5,3.0,4.0,0.0,0.0,4.0,0.0,0.0,3.5,2.5,3.5,3.5,4.0,0.0,3.5,0.0,0.0,0.0,0.0,0.0,0.0,0.0,0.0,0.0,0.0,0.0,0.0,0.0,0.0,0.0,4.0,4.0,0.0
Student_985,1.5,1.5,4.0,1.5,2.5,1.0,3.0,0.0,1.5,1.5,3.0,2.0,2.5,2.5,1.0,2.5,1.0,2.0,2.0,2.0,0.0,0.0,0.0,0.0,2.5,2.0,0.0,1.5,2.5,2.5,0.0,2.0,0.0,2.5,0.0,3.0,2.0,0.0,0.0,0.0,2.0,0.0,0.0,0.0,0.0,0.0,0.0,0.0,4.0,0.0,1.5,0.0,2.0,0.0,0.0,4.0,0.0,2.5,2.0,2.5,3.0,3.5,3.5,2.5,3.5,0.0,0.0,4.0,0.0,0.0,2.5,2.0,1.0,1.5,1.5,0.0,0.0,0.0,0.0,0.0,0.0,4.0,0.0,0.0,0.0,0.0,0.0,0.0,0.0,0.0,0.0,0.0,2.5,2.5,0.0
Student_986,3.5,3.5,3.5,2.5,2.5,3.5,2.5,4.0,3.0,3.0,3.5,3.5,3.5,3.0,3.0,3.5,4.0,4.0,4.0,3.5,3.0,0.0,0.0,0.0,2.5,2.0,0.0,4.0,2.5,4.0,0.0,3.0,0.0,0.0,0.0,0.0,0.0,0.0,0.0,0.0,2.5,0.0,0.0,0.0,4.0,4.0,0.0,3.0,0.0,0.0,3.5,0.0,0.0,0.0,3.0,4.0,4.0,3.5,3.5,2.5,4.0,4.0,4.0,4.0,4.0,0.0,0.0,4.0,0.0,0.0,0.0,4.0,4.0,2.0,4.0,0.0,0.0,0.0,0.0,0.0,0.0,0.0,0.0,0.0,0.0,0.0,0.0,0.0,0.0,0.0,3.5,0.0,3.0,3.0,0.0
Student_987,3.5,3.0,3.0,1.5,2.0,4.0,1.5,0.0,1.0,2.0,2.0,2.5,2.0,1.5,2.5,2.5,2.0,2.0,3.0,1.5,0.0,0.0,0.0,0.0,2.0,4.0,1.5,2.0,1.5,1.0,0.0,2.5,1.5,0.0,3.0,0.0,0.0,0.0,0.0,0.0,2.0,0.0,0.0,0.0,0.0,0.0,0.0,2.0,3.0,0.0,0.0,0.0,0.0,0.0,0.0,3.5,0.0,2.0,2.5,2.0,1.5,0.0,0.0,0.0,0.0,0.0,0.0,4.0,0.0,0.0,2.5,0.0,0.0,2.0,3.5,0.0,0.0,0.0,0.0,0.0,0.0,0.0,0.0,0.0,0.0,0.0,0.0,0.0,0.0,0.0,0.0,0.0,0.0,0.0,0.0
Student_988,3.5,0.0,3.5,2.0,1.5,4.0,3.5,3.0,3.0,3.0,4.0,2.5,4.0,4.0,4.0,2.5,3.5,3.5,3.0,3.0,0.0,0.0,0.0,0.0,3.5,3.0,0.0,4.0,3.0,3.5,0.0,0.0,0.0,0.0,0.0,0.0,0.0,0.0,0.0,0.0,2.5,0.0,0.0,0.0,0.0,4.0,0.0,4.0,4.0,0.0,3.0,0.0,0.0,0.0,4.0,4.0,0.0,3.5,2.5,4.0,4.0,2.5,4.0,2.0,4.0,0.0,4.0,4.0,0.0,2.5,0.0,3.0,4.0,3.5,3.5,0.0,4.0,0.0,0.0,0.0,0.0,0.0,0.0,0.0,0.0,0.0,0.0,0.0,0.0,0.0,0.0,0.0,4.0,4.0,0.0
Student_989,0.0,0.0,0.0,0.0,0.0,0.0,0.0,0.0,2.5,1.75,0.0,0.0,3.5,2.0,2.5,1.0,2.75,1.5,1.75,1.75,0.0,0.0,0.0,0.0,3.25,1.75,1.5,3.75,2.25,0.0,0.0,2.0,0.0,0.0,4.0,0.0,0.0,0.0,0.0,0.0,0.0,0.0,0.0,0.0,0.0,2.5,0.0,0.0,3.25,0.0,0.0,0.0,0.0,2.75,4.0,3.5,0.0,0.0,2.5,4.0,1.5,0.0,0.0,0.0,0.0,0.0,4.0,4.0,0.0,0.0,0.0,0.0,1.5,0.0,0.0,0.0,0.0,0.0,0.0,0.0,0.0,0.0,0.0,0.0,0.0,0.0,0.0,0.0,0.0,0.0,0.0,0.0,0.0,0.0,0.0
Student_99,4.0,4.0,3.0,2.5,3.0,3.5,3.0,4.0,1.75,2.5,2.5,2.5,2.0,4.0,3.0,1.0,2.5,2.5,3.0,2.5,2.0,0.0,0.0,0.0,3.25,2.75,3.5,3.5,4.0,0.0,0.0,3.25,1.75,0.0,0.0,0.0,0.0,0.0,0.0,0.0,3.0,0.0,0.0,0.0,0.0,0.0,0.0,1.75,0.0,0.0,2.5,0.0,0.0,0.0,3.75,4.0,0.0,3.75,2.5,4.0,4.0,2.5,4.0,4.0,4.0,0.0,4.0,4.0,0.0,0.0,0.0,3.0,4.0,4.0,3.25,0.0,0.0,0.0,0.0,0.0,0.0,0.0,0.0,0.0,0.0,0.0,0.0,0.0,0.0,0.0,0.0,0.0,4.0,4.0,0.0
Student_990,0.0,0.0,0.0,0.0,2.0,4.0,1.5,0.0,0.0,1.5,2.5,2.0,1.5,2.0,1.0,1.0,0.0,1.0,1.0,1.5,0.0,0.0,0.0,0.0,4.0,1.0,2.5,1.5,1.0,1.0,2.5,0.0,0.0,0.0,0.0,3.0,0.0,0.0,0.0,0.0,0.0,0.0,1.0,0.0,1.5,0.0,0.0,0.0,1.5,0.0,0.0,0.0,0.0,0.0,0.0,2.0,0.0,1.0,0.0,1.0,1.0,0.0,3.5,1.5,4.0,0.0,0.0,0.0,0.0,0.0,1.5,0.0,2.5,1.0,1.5,0.0,0.0,0.0,0.0,0.0,0.0,3.5,0.0,0.0,0.0,0.0,0.0,0.0,0.0,0.0,0.0,0.0,0.0,0.0,0.0
Student_991,3.0,3.0,3.5,2.5,2.0,2.5,2.5,3.5,3.5,3.0,1.5,1.5,2.5,1.5,4.0,2.5,1.0,3.0,2.5,2.5,0.0,0.0,0.0,0.0,4.0,2.5,1.0,4.0,1.5,0.0,0.0,0.0,0.0,0.0,4.0,0.0,0.0,0.0,0.0,0.0,2.0,0.0,0.0,0.0,1.0,0.0,0.0,3.0,0.0,2.5,0.0,0.0,0.0,0.0,4.0,4.0,4.0,4.0,2.0,4.0,1.0,4.0,4.0,3.0,4.0,0.0,3.0,4.0,0.0,1.0,0.0,4.0,2.5,2.0,2.5,0.0,0.0,0.0,0.0,0.0,0.0,0.0,0.0,0.0,0.0,0.0,0.0,4.0,0.0,0.0,0.0,0.0,3.5,4.0,0.0
Student_992,0.0,4.0,3.5,3.0,3.0,4.0,4.0,4.0,3.0,4.0,3.0,3.0,4.0,4.0,3.5,4.0,3.0,3.0,3.5,2.5,2.5,0.0,0.0,0.0,4.0,3.5,3.0,4.0,3.0,0.0,0.0,0.0,3.5,0.0,0.0,0.0,0.0,0.0,0.0,0.0,0.0,0.0,0.0,0.0,4.0,4.0,4.0,0.0,0.0,0.0,0.0,0.0,0.0,0.0,4.0,4.0,0.0,2.5,3.5,4.0,4.0,4.0,4.0,4.0,4.0,0.0,4.0,4.0,0.0,0.0,0.0,4.0,3.5,3.5,3.5,4.0,0.0,0.0,0.0,0.0,0.0,0.0,0.0,0.0,0.0,0.0,0.0,0.0,0.0,0.0,0.0,0.0,4.0,4.0,0.0
Student_993,1.5,3.0,4.0,4.0,3.5,4.0,3.5,0.0,4.0,4.0,4.0,4.0,4.0,4.0,4.0,4.0,4.0,4.0,3.5,3.5,0.0,0.0,0.0,0.0,4.0,4.0,4.0,4.0,4.0,4.0,2.5,0.0,3.5,0.0,0.0,0.0,3.0,4.0,0.0,0.0,0.0,0.0,0.0,0.0,0.0,0.0,0.0,4.0,0.0,0.0,0.0,3.5,0.0,0.0,0.0,4.0,0.0,3.5,4.0,3.0,4.0,4.0,4.0,4.0,4.0,0.0,0.0,4.0,0.0,4.0,0.0,4.0,3.5,4.0,3.0,0.0,0.0,4.0,0.0,0.0,0.0,0.0,0.0,0.0,0.0,0.0,0.0,0.0,0.0,0.0,0.0,0.0,3.0,3.5,0.0
Student_994,2.0,3.0,3.0,3.5,3.0,4.0,4.0,0.0,3.0,2.5,3.5,3.5,4.0,4.0,4.0,2.0,2.5,3.0,4.0,3.5,0.0,0.0,0.0,0.0,3.0,2.5,3.5,3.5,2.5,3.5,0.0,2.5,3.0,4.0,0.0,0.0,4.0,0.0,0.0,0.0,0.0,0.0,0.0,0.0,0.0,0.0,3.5,0.0,0.0,0.0,0.0,0.0,3.0,0.0,0.0,3.5,0.0,3.0,3.5,4.0,3.5,4.0,4.0,2.5,3.0,0.0,0.0,4.0,0.0,0.0,2.5,3.0,3.0,3.5,4.0,0.0,0.0,0.0,0.0,0.0,0.0,0.0,0.0,0.0,0.0,0.0,3.5,0.0,0.0,0.0,0.0,0.0,2.5,2.5,0.0
Student_995,0.0,0.0,2.5,4.0,1.5,3.0,0.0,0.0,3.0,2.5,2.5,0.0,3.0,3.0,2.5,2.5,3.25,2.5,2.25,2.5,0.0,0.0,0.0,0.0,3.5,0.0,2.5,3.75,2.25,0.0,0.0,3.5,0.0,0.0,0.0,0.0,3.0,0.0,0.0,0.0,0.0,0.0,0.0,0.0,2.5,0.0,0.0,4.0,0.0,0.0,0.0,0.0,0.0,0.0,4.0,4.0,0.0,0.0,2.0,4.0,4.0,0.0,0.0,0.0,0.0,0.0,0.0,0.0,0.0,0.0,0.0,0.0,0.0,0.0,0.0,0.0,0.0,0.0,0.0,0.0,0.0,0.0,0.0,0.0,0.0,0.0,0.0,0.0,0.0,0.0,0.0,0.0,0.0,0.0,0.0
Student_996,3.0,1.5,2.5,3.5,2.0,2.0,3.0,0.0,3.0,3.0,4.0,2.0,4.0,3.0,3.0,3.5,2.0,3.0,3.0,2.0,0.0,0.0,0.0,0.0,4.0,1.5,2.0,2.5,2.5,3.0,0.0,0.0,0.0,0.0,0.0,0.0,0.0,0.0,4.0,0.0,3.0,2.5,2.0,0.0,0.0,0.0,0.0,0.0,0.0,0.0,3.5,2.0,0.0,0.0,0.0,3.5,0.0,1.5,2.0,1.0,2.5,3.5,2.5,3.0,2.0,0.0,0.0,3.5,0.0,2.0,0.0,3.5,2.5,1.0,3.0,0.0,0.0,0.0,0.0,0.0,0.0,0.0,0.0,0.0,0.0,0.0,0.0,3.5,0.0,0.0,0.0,0.0,1.5,2.5,0.0
Student_997,2.5,4.0,3.5,3.0,4.0,3.5,4.0,4.0,3.5,3.5,3.5,3.5,4.0,4.0,2.0,1.5,0.0,2.0,4.0,4.0,4.0,0.0,0.0,0.0,3.5,1.5,2.0,3.5,0.0,0.0,0.0,3.5,0.0,0.0,0.0,0.0,0.0,0.0,0.0,0.0,3.0,0.0,0.0,0.0,0.0,0.0,0.0,2.5,0.0,2.5,0.0,0.0,0.0,0.0,4.0,4.0,4.0,3.0,3.0,3.5,0.0,4.0,4.0,3.5,4.0,0.0,0.0,4.0,0.0,0.0,0.0,4.0,4.0,0.0,4.0,0.0,0.0,2.5,0.0,0.0,0.0,0.0,0.0,0.0,0.0,0.0,0.0,0.0,0.0,0.0,0.0,0.0,2.5,3.5,0.0
Student_998,3.5,3.5,4.0,2.0,3.0,4.0,3.5,4.0,2.5,2.0,3.0,3.0,4.0,3.5,3.0,4.0,4.0,3.5,4.0,4.0,0.0,0.0,0.0,0.0,3.5,4.0,4.0,4.0,3.0,0.0,0.0,0.0,3.5,0.0,0.0,0.0,0.0,0.0,0.0,0.0,0.0,0.0,0.0,0.0,0.0,4.0,4.0,4.0,0.0,0.0,0.0,0.0,0.0,0.0,4.0,4.0,0.0,3.5,4.0,4.0,4.0,3.5,4.0,4.0,4.0,0.0,4.0,4.0,0.0,0.0,3.5,4.0,4.0,3.5,4.0,0.0,0.0,0.0,0.0,0.0,0.0,0.0,0.0,0.0,0.0,0.0,0.0,0.0,0.0,0.0,0.0,0.0,3.0,4.0,0.0
Student_999,0.0,0.0,4.0,0.0,0.0,4.0,4.0,4.0,3.25,3.0,4.0,2.5,4.0,4.0,4.0,3.0,4.0,3.75,3.5,3.0,3.25,0.0,0.0,0.0,4.0,3.75,4.0,3.5,3.25,0.0,0.0,3.5,2.0,0.0,0.0,0.0,0.0,0.0,0.0,0.0,3.5,0.0,0.0,0.0,0.0,0.0,0.0,4.0,3.5,0.0,0.0,0.0,0.0,0.0,4.0,4.0,0.0,4.0,4.0,3.5,3.5,4.0,0.0,4.0,0.0,0.0,4.0,4.0,0.0,0.0,0.0,0.0,0.0,3.25,4.0,0.0,0.0,0.0,3.75,0.0,0.0,0.0,0.0,0.0,0.0,0.0,0.0,0.0,0.0,0.0,0.0,0.0,0.0,0.0,0.0
