Basic_Sciences,Software_Practice,Algorithm_Theory,Systems,Hardware,Social_Cultural,Language_Comm,Math_Calc,Cluster,Student_ID,Cinsiyet,Yıl
0.0,0.0,0.0,0.0,0.0,1.066768008599763,0.0,0.4881488729524206,1,Öğrenci Sınıf Listesi,Erkek,2011.0
0.0,0.0,0.5173533659869819,0.20706226740099917,0.2081071446328196,0.9847089310151659,0.0,0.42300499474110587,13,Öğrenci Sınıf Listesi (1),Erkek,2012.0
0.8909123016428754,0.9346076165908526,0.9651024754237535,0.9314072920781131,0.73392370242808,1.0511719660102214,1.1013754122652428,0.8437512658723786,12,Öğrenci Sınıf Listesi (10),Erkek,2020.0
0.9288813640983464,0.8088298330139726,0.7190180449527097,0.772872301706891,0.7771124841912392,0.565275462377675,0.881767843403943,0.7015898740260507,11,Öğrenci Sınıf Listesi (100),Erkek,2015.0
0.0,0.0,0.0,0.0,0.0,0.6838256465383097,0.0,0.25884918795633866,1,Öğrenci Sınıf Listesi (11),Erkek,2013.0
0.955705923580539,0.9825938685448413,0.955828998220256,0.9874905667058338,0.9534467523818922,1.0666099815376116,1.1037130253851526,0.9012106127378493,3,Öğrenci Sınıf Listesi (12),Kadın,2019.0
0.7794672719100939,0.8140246546720675,0.6959472838981923,0.8325590690642143,0.8874194952562782,1.0793924295004371,1.0875295499396225,0.8684187969722712,12,Öğrenci Sınıf Listesi (13),Kadın,2018.0
0.9281990740740741,0.7583907306700396,0.7277874286206261,0.6917440552353129,0.7119277723690187,1.06091232140101,1.0427704211030715,0.726492558894868,4,Öğrenci Sınıf Listesi (14),Kadın,2020.0
0.8390774040927443,0.6931756891710484,0.6738434253584646,0.7949510270962915,0.673171659302941,1.0322329180861713,1.0195589530683964,0.6575853203910533,4,Öğrenci Sınıf Listesi (15),Erkek,2018.0
1.0392592592592593,1.0135464834148633,0.9132958721015104,0.9217660304932841,0.9015441072003371,0.9170514176052681,1.0887882646964973,0.6766369212589495,16,Öğrenci Sınıf Listesi (16),Erkek,2018.0
0.7606771215481715,0.7496489305950932,0.7585655952416206,0.7740271341858206,0.6991094466407708,0.7843120054247822,0.8078749064564622,0.7601417178930379,2,Öğrenci Sınıf Listesi (17),Erkek,2016.0
0.0,0.0,0.0,0.0,0.0,0.9026498534305687,0.0,0.6597177127546958,1,Öğrenci Sınıf Listesi (18),Erkek,2016.0
1.0105092592592593,0.6237704149171335,0.746327076516191,0.7251400912828085,0.8976979471863542,1.0228631899797602,0.9707023156045538,0.9232626262934668,9,Öğrenci Sınıf Listesi (19),Erkek,2017.0
0.0,0.0,0.8277653855791712,1.0353113370049958,1.040535723164098,0.7932377499844393,0.0,0.805109081691625,5,Öğrenci Sınıf Listesi (2),Erkek,2013.0
0.8486574074074075,0.8402554199803188,0.7691196505147836,0.9205343825801089,1.0266697531189002,0.9702846300315233,0.9882547591028767,0.7499213271130037,16,Öğrenci Sınıf Listesi (20),Erkek,2019.0
0.9899169559636254,0.8992977668378702,0.7874059071078908,0.8710496239993938,0.8045959508711088,0.9732205004676455,1.0184900245868782,0.8643839975057992,12,Öğrenci Sınıf Listesi (21),Erkek,2019.0
0.8447175925925926,0.8130984840577922,0.8028157021391352,0.9493754823428712,0.9364852307338146,1.081724879105896,1.0616359892267746,0.7327260366501767,16,Öğrenci Sınıf Listesi (22),Erkek,2018.0
0.8400000000000001,0.9894256450651936,0.894424094141613,0.9816351817388229,0.9769890386272302,1.0311700927518859,1.0800120645713762,1.0232425154070597,14,Öğrenci Sınıf Listesi (23),Kadın,2019.0
0.9192857142857144,0.8868905218265736,0.8828924406444743,0.8250167443953026,0.7336048543593886,0.9370986128460116,1.0859969309829953,0.7339629195540511,0,Öğrenci Sınıf Listesi (24),Kadın,2017.0
0.7429212962962964,0.6281804618182734,0.7198193202940533,0.7437540219766482,0.6407961040079375,0.9392393799658773,0.9091644283230841,0.5324346686623147,4,Öğrenci Sınıf Listesi (25),Erkek,2013.0
0.8850808756684856,0.9440896623981874,0.9371300814071057,0.8510068211730197,0.8271182455941845,1.1250274882328992,1.1223197315178592,0.7796721429679085,16,Öğrenci Sınıf Listesi (26),Kadın,2017.0
0.9982105395716464,0.6919961452360001,0.6789374365469009,0.7623301107457916,0.5986246798075818,0.8783961266466531,0.9667555245884477,0.7153369894087771,8,Öğrenci Sınıf Listesi (27),Erkek,2016.0
0.9623796296296296,1.0083731618301828,0.9019751536912335,0.9588979293130339,0.8759975348559461,1.017592860992561,1.0824946909121242,0.7517690106074526,16,Öğrenci Sınıf Listesi (28),Erkek,2018.0
1.001990740740741,0.7310357005941769,0.6341010216631234,0.8503841809404117,0.8230992428734951,1.0705018583319887,0.9206652813368202,0.8451499095206367,0,Öğrenci Sınıf Listesi (29),Erkek,2013.0
0.0,0.7038389459231067,0.7373798123512249,0.817658286470989,0.788435153064938,0.839913202960819,0.7528114339007661,0.4938819058407514,2,Öğrenci Sınıf Listesi (3),Kadın,2016.0
0.8374575635443028,0.7380893274252478,0.6958278636563379,0.7058863621953312,0.5707719633493288,0.9632206097407557,0.9554863891594837,0.6902539021810921,8,Öğrenci Sınıf Listesi (30),Kadın,2011.0
1.057431910022671,0.8787501067547222,0.7831754430885367,0.7536533320923354,0.91590922437816,1.0840361314500728,0.9994285203569205,0.9352329267061799,12,Öğrenci Sınıf Listesi (31),Kadın,2016.0
0.9388472222222222,0.7558991346670474,0.7089480887221219,0.7938031865333787,0.7213409299706496,1.0087974201740422,1.0178342677760337,0.6108942657544068,16,Öğrenci Sınıf Listesi (32),Kadın,2016.0
0.9663194444444444,0.8845924564446882,0.9023063426175018,0.9651225829600363,0.8573108440071853,1.0562458381785556,1.0625109509866495,0.9035938166542835,12,Öğrenci Sınıf Listesi (33),Kadın,2017.0
1.0988998280627758,1.029641781401906,1.0729095208517203,1.0702497908992443,1.071295490275749,1.098368537682657,1.086991767777614,1.0962064032610384,17,Öğrenci Sınıf Listesi (34),Erkek,2016.0
0.994289202775651,0.7122969074248426,0.7497562784623528,0.7946152766149422,0.7283750062148684,0.47225987301240224,0.8981318136141334,0.9034666363358035,15,Öğrenci Sınıf Listesi (35),Erkek,2020.0
1.05,0.9101932955143159,0.9155782288795054,0.7117765441909346,0.8324285785312785,0.0,1.0473197315178593,0.9834638548637932,15,Öğrenci Sınıf Listesi (36),Erkek,2022.0
1.033537460779953,0.9017113742335471,0.9935891069403318,0.9348829123762068,0.0,1.0642476011547093,0.9960935297989223,1.026850611022681,19,Öğrenci Sınıf Listesi (37),Erkek,2020.0
0.9454010217527484,0.5768636763767458,0.6640267761658888,0.32353479281406117,0.7283750062148684,0.8513980809237676,0.8911930178656416,0.684742358262046,8,Öğrenci Sınıf Listesi (38),Erkek,2020.0
1.0066833895138516,0.821798987436935,0.6768536131720233,0.88173256607771,0.6243214338984588,1.0376414111258416,0.9875087515058562,0.8386915794274792,9,Öğrenci Sınıf Listesi (39),Kadın,2020.0
1.0308665250282287,0.8026855835076906,0.8765958403982128,0.8411906950415883,0.8746674494549832,1.01396241379646,0.9236410328542212,0.9768496641458978,9,Öğrenci Sınıf Listesi (4),Kadın,2015.0
1.0899998670317559,0.8455085725951342,0.8631873839511396,0.8570568132788713,0.7804017923730736,0.5704554057879171,0.9875087515058562,0.9647731238986429,15,Öğrenci Sınıf Listesi (40),Erkek,2020.0
1.0163233125324522,0.6940337633232269,0.7054914102101281,0.8174945647566794,1.040535723164098,0.6503348269775612,0.9875087515058562,0.8380956819207638,6,Öğrenci Sınıf Listesi (41),Erkek,2020.0
0.897201406659746,0.7296294608372679,0.6323999636235619,0.7972551944774503,0.520267861582049,0.6576517965163191,0.8296094945638127,0.6289731093438973,11,Öğrenci Sınıf Listesi (42),Erkek,2020.0
1.1154768064380571,0.9662150845910814,0.9721336348652737,0.9058974198793713,0.9885089370058929,0.9755022404663416,0.9875087515058562,1.0192390907592312,14,Öğrenci Sınıf Listesi (43),Kadın,2020.0
0.9454010217527484,0.7408071733915013,0.6645878557766983,0.7919753587524341,0.7283750062148684,0.7804017923730735,0.8385471883529849,0.6844378119340628,11,Öğrenci Sınıf Listesi (44),Erkek,2020.0
0.9674351315095496,0.8070264035332795,0.7802645861032494,0.8254143183442035,0.9364821508476884,0.8194218819917269,0.9279241262447078,0.8019636716419729,0,Öğrenci Sınıf Listesi (45),Kadın,2020.0
1.0163233125324522,0.7513252144971441,0.8140505911439255,0.9098916899444632,0.8324285785312785,0.8454352750708296,0.9577164388752819,0.9011141793300926,6,Öğrenci Sınıf Listesi (46),Erkek,2020.0
1.050751609027454,0.9171630430500927,0.9111918325001798,0.8843724839402181,0.8324285785312785,0.4594553646894832,0.9577164388752819,0.9480311672895327,15,Öğrenci Sınıf Listesi (47),Erkek,2020.0
0.9072544692362865,0.7808525141905466,0.8049304961820613,0.9635700198154615,1.040535723164098,0.9104687577685857,0.9577164388752819,0.7543208549812802,16,Öğrenci Sınıf Listesi (48),Erkek,2021.0
0.8923377613255039,0.8183328022705222,0.617955242038761,0.8016282369342248,0.8273610952200551,0.870599414939318,1.0115668478339142,0.6283131718579553,10,Öğrenci Sınıf Listesi (49),Erkek,2020.0
1.0192036730794494,0.9595008505793422,0.9603864183906075,0.9181992909875605,0.8855634011867575,0.9098938432152688,1.037023431922502,0.9839568367057087,18,Öğrenci Sınıf Listesi (5),Erkek,2016.0
0.49915225782917666,0.6455467041611022,0.5957370106541868,0.5641366895053743,0.5381420447325191,0.7024848963172846,0.672045550984719,0.6060158160535285,2,Öğrenci Sınıf Listesi (50),Erkek,2016.0
0.9516887190204039,0.7427206184510335,0.6567844935219039,0.7424853098621195,0.6816298620472172,0.9336676168981549,0.9347341178483208,0.6903973902419702,0,Öğrenci Sınıf Listesi (51),Kadın,2020.0
0.7621944444444444,0.6842559989290953,0.6960333150878337,0.7876361805533553,0.6099996859337745,0.6215167800611809,0.9462296159104875,0.7524729568922988,2,Öğrenci Sınıf Listesi (52),Erkek,2020.0
0.8030833333333333,0.6957465116550622,0.5653924694523009,0.6794806889761215,0.5956465072258623,0.7316150018122763,0.7099847292232558,0.6120169111768962,11,Öğrenci Sınıf Listesi (53),Erkek,2019.0
1.1196337870828281,1.0758427368605767,1.0092474279944594,1.0193681447093907,0.9928148512426097,1.0401891380179091,1.0536506658077212,1.0419638640936297,17,Öğrenci Sınıf Listesi (54),Erkek,2021.0
1.0846452312364898,1.001300602889911,0.9714989954874655,1.0051117894150108,0.9181735651001497,1.051767962159568,1.0177064759925933,1.0570389026159108,14,Öğrenci Sınıf Listesi (55),Erkek,2021.0
0.9690476190476192,0.845572545987985,0.8243404753067999,0.8531468308262812,0.8637876116598263,0.8518453221114032,0.7895162660483862,0.9241494888615601,19,Öğrenci Sınıf Listesi (56),Erkek,2021.0
0.735,0.8040508929338519,0.6559875265352724,0.7477384265698722,0.8662661719398711,0.518739927875223,0.9916195268859279,0.526027906328487,10,Öğrenci Sınıf Listesi (57),Kadın,2022.0
1.05,1.0303876486976848,1.0144993844450734,1.0042725315971923,0.9704831220666983,0.9340784526295945,1.034628492204381,1.0861934533073772,14,Öğrenci Sınıf Listesi (58),Kadın,2022.0
1.0061153614480414,0.860496569051203,0.791040736496047,0.7880530541011077,0.6655647920801149,1.0326889380664341,0.9915157591349026,0.7994115135829184,0,Öğrenci Sınıf Listesi (59),Erkek,2020.0
0.7379166666666668,0.7604168536447239,0.5918224394310493,0.7564685078085682,0.6656619081067385,0.8321804815086448,0.9721570314408435,0.7022440749951537,8,Öğrenci Sınıf Listesi (6),Kadın,2019.0
0.9743055555555556,0.7461123186017431,0.645943634931477,0.7132597810389913,0.6421752836321909,1.0058761052531395,1.0800120645713762,0.7613964221730444,0,Öğrenci Sınıf Listesi (60),Kadın,2020.0
0.8792986924823452,0.6994215259736596,0.6511999391597543,0.8411904613165591,0.572294647740254,0.9104687577685857,0.9368618200338799,0.7513196962039067,8,Öğrenci Sınıf Listesi (61),Erkek,2020.0
1.0177004443922522,0.7472202809339583,0.8288475084333928,0.9072517720819553,0.8324285785312785,1.040535723164098,0.9875087515058562,0.867244435080501,12,Öğrenci Sınıf Listesi (62),Kadın,2021.0
0.8462475278471434,0.7171993471067208,0.6626849690910398,0.9058974198793713,0.572294647740254,0.6030736406543352,0.9259351764730817,0.6831963290528287,11,Öğrenci Sınıf Listesi (63),Kadın,2020.0
0.8841186539916452,0.6398691105643657,0.7102142915704559,0.5176556685024979,0.8844553646894835,0.6740234807313159,0.8934294651595365,0.6821119945621923,11,Öğrenci Sınıf Listesi (64),Erkek,2020.0
1.055571570536754,0.7524016163093737,0.7769445998489075,0.8411904613165591,0.9885089370058929,0.7608917475637466,0.8202907851315936,0.8879078237689898,6,Öğrenci Sınıf Listesi (65),Erkek,2021.0
0.9894692412663507,0.8411047601311624,0.7919764670469568,0.7946152766149422,0.8844553646894835,0.5387753480845715,0.9577164388752819,0.8755109149430842,15,Öğrenci Sınıf Listesi (66),Erkek,2021.0
0.9502209832620487,0.6939889971794702,0.7549286146240953,0.9706043784421833,0.8844553646894835,0.7804017923730735,0.6658125820657569,0.7699252134019764,6,Öğrenci Sınıf Listesi (67),Erkek,2020.0
0.927196729927967,0.821883653744048,0.6194889888492041,0.81426702353812,0.7608184268063183,1.0224164617661167,1.016170007233654,0.877728391014865,9,Öğrenci Sınıf Listesi (68),Kadın,2017.0
1.1075821734024227,1.0289966147230318,1.0753662092947398,1.0401402421035724,1.0581363969436826,1.086195656045376,1.086991767777614,1.0908313140384398,17,Öğrenci Sınıf Listesi (69),Kadın,2016.0
1.0667621915816945,1.0238967328352147,1.0279154200677512,1.0265249574655988,0.9672950991730308,0.9911008749254417,1.0859969309829953,0.9669493733652014,3,Öğrenci Sınıf Listesi (7),Erkek,2016.0
1.0459316475181537,0.9396637294554043,0.8753209964707872,0.8735439405979649,0.9364821508476884,0.9231646228267181,1.075,0.8929673494913969,12,Öğrenci Sınıf Listesi (70),Erkek,2020.0
0.9586214876068291,0.7674197128149868,0.9203567679013014,0.5176556685024979,0.0,1.055068074724461,0.8733003683729792,0.8773654245045807,19,Öğrenci Sınıf Listesi (71),Kadın,2020.0
0.9838230006411705,0.8802119451747263,0.8475792245669964,0.815307677891434,0.0,0.9081000149156846,0.9819378895713673,0.838613009121412,19,Öğrenci Sınıf Listesi (72),Erkek,2020.0
0.9542146656554689,0.6824710013683992,0.6998096958775646,0.815307677891434,0.7804017923730736,0.8479438017075039,0.9960935297989223,0.7553960603442372,0,Öğrenci Sınıf Listesi (73),Erkek,2020.0
0.9952300329625139,0.9658078249188097,0.9240057526101186,0.9122192615492198,1.0133093169730554,1.0835965747378056,1.1231331959197888,0.8970325556725127,3,Öğrenci Sınıf Listesi (74),Kadın,2018.0
0.9491759259259259,0.8519215539220406,0.7701064685561558,0.8004448386226717,0.8800518102721375,1.0837490738594495,1.0304953461222055,0.7341763756422297,16,Öğrenci Sınıf Listesi (75),Kadın,2016.0
1.0254166666666664,0.8688396945214261,0.802018799616792,0.89875655460362,0.7921296573540264,1.0311709206116537,1.0897221498386944,0.8990274144422218,12,Öğrenci Sınıf Listesi (76),Kadın,2020.0
0.985770164159615,0.8819076330467033,0.9178518065234623,0.8283702982474532,0.8161319265233031,0.8958889822644482,0.7752039851867009,0.8274484443916573,6,Öğrenci Sınıf Listesi (77),Erkek,2016.0
1.1196337870828281,1.121662100321388,1.1065553855147519,1.121534680431513,1.1137092482538475,1.1141253285052417,1.1328432811871068,1.0964359442228164,17,Öğrenci Sınıf Listesi (78),Kadın,2018.0
1.0833493587977365,0.8760171617925006,0.8760271314653516,0.7751564568285939,0.840159620740611,0.9443635613422019,1.039255294054868,0.9133000003709905,12,Öğrenci Sınıf Listesi (79),Kadın,2016.0
0.9334169176339828,0.6376826960532836,0.601793385795144,0.6921287356089119,0.5861786933835014,1.034125885745407,0.9767043829227269,0.5925548834109897,4,Öğrenci Sınıf Listesi (8),Erkek,2014.0
0.6447222222222223,0.686611350172203,0.4849182694290953,0.6379146791312995,0.6203140500334319,0.4724132272988529,0.8096726907445365,0.5956932449922614,11,Öğrenci Sınıf Listesi (80),Erkek,2016.0
0.6447222222222223,0.5566759834173265,0.4613852426885302,0.5685776006944914,0.4996696540635329,0.5647801694827943,0.6273573306811625,0.39582510174951435,10,Öğrenci Sınıf Listesi (81),Erkek,2016.0
0.8819307936720401,0.7535412461728986,0.5911354756255964,0.7823084210383463,0.6398105759841951,0.7846251503405552,0.879951559173207,0.5552117038775615,10,Öğrenci Sınıf Listesi (82),Erkek,2016.0
0.6565426093969352,0.6342091943863981,0.5573244399610635,0.7114229063332692,0.7074093755630306,0.9261436468986549,1.0118403140002965,0.6306389995118062,4,Öğrenci Sınıf Listesi (83),Kadın,2016.0
1.0018634280045513,1.0259040379941182,1.014249604427096,0.8254143183442035,0.9364821508476884,0.8341114098606993,0.9675,0.9287944864722648,18,Öğrenci Sınıf Listesi (84),Erkek,2020.0
1.0190775762520523,0.7935765628834669,0.7638470054156419,0.6470695856281223,0.8844553646894835,1.0120619568766982,1.0660836509565261,0.8880788361754485,9,Öğrenci Sınıf Listesi (85),Erkek,2020.0
1.0238975377613526,0.7932925192350848,0.7297138233425583,0.815307677891434,0.8324285785312785,1.0810714463281959,1.075,0.839233615874426,12,Öğrenci Sınıf Listesi (86),Erkek,2020.0
0.7276805555555556,0.8058755344608134,0.7761226103181224,0.7777202743956093,0.7987481898238389,0.7140618845420216,0.9662956857087526,0.7526549721449737,6,Öğrenci Sınıf Listesi (87),Erkek,2016.0
0.4182086484514723,0.6114530305732474,0.5166052119042165,0.6756292045275522,0.5877622391647438,0.7386199338286696,0.9560148180008299,0.5432812916765977,4,Öğrenci Sınıf Listesi (88),Erkek,2016.0
0.7195833333333334,0.7544281049261633,0.6859407967689007,0.6527830648072321,0.7447569530477999,0.7243998992513356,0.904685166832528,0.7333968806796006,2,Öğrenci Sınıf Listesi (89),Erkek,2016.0
1.014668119543813,0.9006351884877023,1.0042164679588952,0.9253586709081095,0.9717419230099684,1.0529562422433807,1.0872472399079263,0.8996105967189998,3,Öğrenci Sınıf Listesi (9),Erkek,2018.0
0.6218055555555556,0.6172515640958542,0.6176663061071549,0.6268794009969961,0.8054667669789599,0.7527376245959122,0.8620336353591734,0.6129213599409106,11,Öğrenci Sınıf Listesi (90),Erkek,2016.0
0.8735164512010591,0.6677723148140434,0.5985446686407018,0.6288899584349665,0.821459856256161,0.4919924779892256,0.7088392179785171,0.42336176309840723,10,Öğrenci Sınıf Listesi (91),Erkek,2016.0
0.8735164512010591,0.857215910481188,0.8389681204356751,0.8241715747836211,0.9377461944108276,0.8074244901341083,0.987929609965615,0.5669118219933014,16,Öğrenci Sınıf Listesi (92),Erkek,2016.0
0.9378228839257439,0.8759096006662376,0.8406507610024161,0.9250706950545952,0.6148270184186876,0.8846224288415027,1.0810561597614108,0.7791312951135895,0,Öğrenci Sınıf Listesi (93),Erkek,2020.0
1.090340333865652,1.098798320603234,1.0512827252929475,1.072919131209758,1.030398729946407,1.021191081862854,1.098631068218128,1.0526615727763984,17,Öğrenci Sınıf Listesi (94),Erkek,2018.0
0.8455275793517939,0.8201500737791799,0.7828176248252514,0.7176265704163212,0.7717402987894967,0.8533922640029922,1.0217083538716014,0.7004747995859507,0,Öğrenci Sınıf Listesi (95),Erkek,2017.0
0.0,0.9239145798002644,1.0362950114683411,0.9026532979432326,0.7141442081104069,0.8331295143563515,0.8609090798859604,1.0298430191053278,5,Öğrenci Sınıf Listesi (96),Kadın,2014.0
1.116096404744368,1.0591547141739597,0.987885427940801,1.0244724133871825,1.0111242985834932,0.9989379542147151,1.042206580611063,1.0798409590482436,14,Öğrenci Sınıf Listesi (97),Erkek,2021.0
0.9187500000000001,0.9794941317207809,0.9599377991103096,0.9123512976587494,0.8766304696043495,1.0001501552918375,1.0158840724622051,0.972270152323587,18,Öğrenci Sınıf Listesi (98),Erkek,2021.0
0.7925728418233549,1.024319044184663,0.9466230761084384,0.9044551182108023,0.967757527898975,1.0320814539442793,1.0324964953437452,0.9841664942967472,18,Öğrenci Sınıf Listesi (99),Kadın,2021.0
1.0569565217391306,1.0007695024218073,0.9834616063296696,0.9350472127217542,0.9779617622403065,0.9547046350467794,1.0872472399079263,0.9457114909025659,3,Öğrenci Sınıf Listesi - 2026-02-01T154703.874,Bilinmiyor,
0.893912037037037,0.7032611247006647,0.6467692980643408,0.7034764364199714,0.6293067307549115,0.707953319626505,0.9737992787876341,0.6906546570691889,11,Öğrenci Sınıf Listesi - 2026-02-01T154706.528,Kadın,2016.0
0.7030797021963631,0.6160731322291847,0.44159164881762925,0.5951804338658748,0.5821944506498236,0.6392225250453792,0.47336461787567297,0.4650913260869362,10,Öğrenci Sınıf Listesi - 2026-02-01T154709.161,Erkek,2011.0
0.7279074074074076,0.601422795346988,0.682202921030057,0.7247880909455083,0.6122334502220808,0.5571181683047122,0.843053014132605,0.5647790217290367,11,Öğrenci Sınıf Listesi - 2026-02-01T154711.660,Bilinmiyor,
0.9515591317765285,0.5952755878487991,0.5606597742883898,0.5654423495230233,0.6460567703078813,0.7593861225759548,0.7772151237721979,0.6117382799461746,4,Öğrenci Sınıf Listesi - 2026-02-01T154713.982,Erkek,2013.0
0.9266720284594675,0.7805829887751551,0.6902150451791982,0.6470695856281223,0.572294647740254,0.9104687577685857,0.9875087515058562,0.8041868156208639,2,Öğrenci Sınıf Listesi - 2026-02-01T154716.618,Erkek,2021.0
1.0679657572749548,0.8955166722471947,0.8496843985499128,0.9058974198793713,0.9364821508476884,0.5045000082864913,0.9279241262447078,0.9295640517696915,15,Öğrenci Sınıf Listesi - 2026-02-01T154719.300,Erkek,2021.0
0.65625,0.8372747897365371,0.8434701203450228,0.7764835027537467,0.9364821508476884,0.9104687577685857,0.893570330241553,0.9360759982145308,19,Öğrenci Sınıf Listesi - 2026-02-01T154721.871,Erkek,2022.0
0.7045658449501546,0.7685456241568043,0.6006163174398822,0.8710127156098046,0.6316902668446054,0.7687718957764131,1.0142340675992216,0.6533737760849042,11,Öğrenci Sınıf Listesi - 2026-02-01T154724.638,Erkek,2020.0
0.7521010371345026,0.8679774535760494,0.7791195732650639,0.8938248965658695,0.8678891336961586,0.8962577381025311,1.01461011880973,0.7776295093851672,0,Öğrenci Sınıf Listesi - 2026-02-01T154727.550,Erkek,2022.0
1.058095238095238,0.9067919244171246,0.8473807332212241,0.9205096198786001,0.9414653100393988,0.8933854313406618,1.0708323545114085,0.946139594609259,12,Öğrenci Sınıf Listesi - 2026-02-01T154730.199,Kadın,2021.0
0.7904120370370371,0.7425982334014112,0.5905346403668275,0.6970946511799407,0.6266393848195341,0.7990926073063181,0.9026266069219254,0.5994918703063185,4,Öğrenci Sınıf Listesi - 2026-02-01T154732.974,Erkek,2017.0
0.0,0.9125677072582092,0.7815408384488408,0.8979118132100322,0.86020738740093,0.9612558978171569,1.0004769285810333,0.7991158902667019,19,Öğrenci Sınıf Listesi - 2026-02-01T154735.688,Erkek,2019.0
0.881027777777778,0.8050832119858151,0.5712653466737838,0.7706083250546866,0.6879794898527222,0.7842004151470183,0.8764103566601366,0.6417588513909028,11,Öğrenci Sınıf Listesi - 2026-02-01T154738.290,Erkek,2020.0
1.0302185888088522,0.91212890565159,0.807222010201881,0.8829952398160732,0.7935328128571402,1.0302306249465754,1.0691279030513798,0.8199021821319893,12,Öğrenci Sınıf Listesi - 2026-02-01T154740.933,Kadın,2020.0
0.9469565217391306,0.719179438542336,0.690378985239647,0.7135452780900012,0.8612351085418458,0.7959799907795168,0.9118519916193591,0.7907595700852007,6,Öğrenci Sınıf Listesi - 2026-02-01T154743.498,Erkek,2020.0
0.9486435185185186,0.6747741626161283,0.6666051378877559,0.8376721995825339,0.771649219867114,0.9203197164125558,0.9766728099431813,0.7886626587782035,8,Öğrenci Sınıf Listesi - 2026-02-01T154746.461,Erkek,2018.0
1.055488101364541,0.7726720670121933,0.6711609962143674,0.8224504697653229,0.813060614848666,0.947153927768888,1.0495181463308985,0.8907536945509882,9,Öğrenci Sınıf Listesi - 2026-02-01T154748.998,Erkek,2018.0
1.0694835237030764,0.6575928425231875,0.61305264380235,0.6401005661106186,0.6517089570975909,0.8965588211873409,0.9946302059847003,0.6647161282096106,4,Öğrenci Sınıf Listesi - 2026-02-01T154751.567,Erkek,2017.0
1.1008436367209053,0.9226337996396896,0.9660308366972897,1.0137802377137606,0.9002892768385511,0.9696543021456476,1.1202561336183614,0.9149862912056147,3,Öğrenci Sınıf Listesi - 2026-02-01T154753.973,Erkek,2018.0
1.0669444444444447,1.0048539028456922,0.9270698439841419,0.9711884324637321,0.9049030551309001,1.027973992386212,1.0432282169394296,0.9020073089433335,3,Öğrenci Sınıf Listesi - 2026-02-01T154756.378,Erkek,2017.0
1.034106206125112,0.9230459904819764,0.9425767627578536,0.9828450538393444,0.9118363482429722,1.0076175635474705,1.1223197315178592,1.0500891386796323,14,Öğrenci Sınıf Listesi - 2026-02-01T154758.911,Erkek,2020.0
0.8442608938477575,0.7854344968511944,0.6260492406552818,0.6693391758243591,0.5366406871143573,0.8751817205215502,0.9175815258474944,0.6965277793460428,8,Öğrenci Sınıf Listesi - 2026-02-01T154801.459,Erkek,2019.0
0.9842151172331111,0.7980267423790984,0.8186999601647597,0.7457065265007246,0.813920520339875,0.7872012159794307,0.8686866707876513,0.8072737288824582,6,Öğrenci Sınıf Listesi - 2026-02-01T154804.631,Erkek,2019.0
0.8156481481481482,0.7905880330686589,0.6311885365652584,0.8324549016237478,0.8615985672821636,1.05674598407488,1.1231331959197888,0.6450987451741524,16,Öğrenci Sınıf Listesi - 2026-02-01T154807.210,Kadın,2018.0
1.0096574074074076,0.8028380614720637,0.7141454424198842,0.730150825421844,0.6543310161598938,1.039671575851869,1.0808410020319246,0.8093652310619285,0,Öğrenci Sınıf Listesi - 2026-02-01T154809.824,Kadın,2020.0
0.910998324443551,0.7561971979389391,0.707374543178566,0.7953070341709929,0.8098226406930017,1.0383657871271588,1.062378850585317,0.8486774754082802,9,Öğrenci Sınıf Listesi - 2026-02-01T154812.621,Kadın,2019.0
1.026201384248717,0.9670059764803179,0.992689518405973,0.9436858810109159,0.8915586293580704,1.0681346190994896,1.0361849584027385,0.9880048197942942,14,Öğrenci Sınıf Listesi - 2026-02-01T154815.086,Kadın,2016.0
0.9286221896105956,0.7940392875145051,0.7324809775580886,0.775877370701168,0.7955606722917187,0.9398742306367244,0.8607425828897395,0.8458190743794246,9,Öğrenci Sınıf Listesi - 2026-02-01T154817.953,Erkek,2019.0
1.054192228925788,0.829372356575028,0.7325800697354151,0.8096526433301446,0.9298093795306126,1.0514221000532538,1.0570437219207212,0.892040263578873,12,Öğrenci Sınıf Listesi - 2026-02-01T154820.400,Kadın,2016.0
0.0,0.5556264845904871,0.46730006452734124,0.6396138265959104,0.59090822783172,0.8269947469607398,0.8422982294138116,0.556400925207958,8,Öğrenci Sınıf Listesi - 2026-02-01T154822.939,Erkek,2016.0
0.7938333333333333,0.5211937929101574,0.5554078359052945,0.6136891846200919,0.652670093262362,0.38410707154975093,0.6970846388581416,0.49696284863877677,10,Öğrenci Sınıf Listesi - 2026-02-01T154825.351,Erkek,2016.0
0.4552777777777778,0.6390896055681541,0.6366893321906406,0.6479261597234435,0.6607043839223984,0.740910329343034,0.761285134725447,0.6305501469443913,2,Öğrenci Sınıf Listesi - 2026-02-01T154827.755,Erkek,2016.0
0.0,0.5042528495686341,0.5256459062805765,0.6199685146541427,0.5654734949914193,0.8643589674559539,0.7998749938637305,0.445075760758281,4,Öğrenci Sınıf Listesi - 2026-02-01T154830.114,Erkek,2016.0
0.7516666666666667,0.5419222273725007,0.5164267113279992,0.5950811846597478,0.585979444598998,0.7769835435287903,0.6957862068240763,0.5918405506440915,8,Öğrenci Sınıf Listesi - 2026-02-01T154832.626,Erkek,2016.0
0.0,0.5671468509199016,0.3765663920788012,0.46246105636562673,0.39615248699365896,0.7616386420188643,0.7531906891811554,0.40734112413218715,4,Öğrenci Sınıf Listesi - 2026-02-01T154835.259,Erkek,2016.0
0.0,0.6626580650630909,0.5935419838952031,0.6227319668826053,0.4833743943309132,0.884286551720068,0.7770268250685962,0.50444351892061,8,Öğrenci Sınıf Listesi - 2026-02-01T154838.011,Erkek,2016.0
0.0,0.48135532993451213,0.4626211348837133,0.614122931542469,0.7342818011284935,0.9814335250076249,1.0011940678779458,0.40580515956617197,4,Öğrenci Sınıf Listesi - 2026-02-01T154840.662,Erkek,2016.0
0.7048839316641752,0.6147695953780572,0.43780093714701096,0.691205079128424,0.6356085984926637,0.6635499815340343,0.9114963973899254,0.34341930916670294,10,Öğrenci Sınıf Listesi - 2026-02-01T154843.351,Erkek,2016.0
0.6294444444444446,0.5075485497599785,0.523278305351906,0.59329713526902,0.652978369477031,0.44051606972161444,0.695340794751289,0.4753436660814684,10,Öğrenci Sınıf Listesi - 2026-02-01T154846.033,Erkek,2016.0
0.7455555555555557,0.6291826837551157,0.6325790224809579,0.6908407340422849,0.5998494041758121,0.7570772009416674,0.8185863774550071,0.683479510372705,2,Öğrenci Sınıf Listesi - 2026-02-01T154848.532,Erkek,2016.0
0.525,0.5125603230669744,0.557149590423676,0.7322394713870777,0.7418090957800559,0.728334052853802,0.7356604008393769,0.4502034991576925,10,Öğrenci Sınıf Listesi - 2026-02-01T154851.131,Erkek,2017.0
0.8966061346453403,0.9767108550004535,0.9764711183283329,0.9736645760043489,0.7810173593973064,1.0249214212558786,1.029816732471623,0.9508369409455211,18,Öğrenci Sınıf Listesi - 2026-02-01T154853.941,Erkek,2021.0
0.8860088382278369,0.8731376529979884,0.9592353798757957,0.9688549951013131,0.8856584859783428,1.0178347819675895,1.0684483844050021,0.9535096208432311,12,Öğrenci Sınıf Listesi - 2026-02-01T154856.470,Erkek,2019.0
0.735,0.898799651861196,0.749549708340882,0.9483728988031678,0.9306986007164595,0.7265194919795577,0.9603587557934571,0.750522914995593,11,Öğrenci Sınıf Listesi - 2026-02-01T154859.103,Erkek,2020.0
1.05,1.0604698468427318,1.0322328896592716,0.9750229959353229,0.8823526823643855,0.9853780694395239,1.0486892088703503,0.9187259876997255,3,Öğrenci Sınıf Listesi - 2026-02-01T154901.608,Erkek,2019.0
0.7608333333333335,0.8377299722213338,0.6649170134005716,0.8432859421826996,0.8919474449732937,1.0832432327197754,1.002911435316184,0.8208826572497645,0,Öğrenci Sınıf Listesi - 2026-02-01T154904.033,Kadın,2019.0
0.9258333333333334,0.9638913196289349,0.9859152758525072,0.861115671889336,0.9403244187219887,1.0553942791806492,0.986372985822482,1.0498133272958166,18,Öğrenci Sınıf Listesi - 2026-02-01T154906.360,Erkek,2013.0
1.038280914963709,1.0626682342494502,1.064269752809798,1.0622550086975788,0.9673176604914298,1.0303858151592225,1.1134231106524708,1.042646163002023,17,Öğrenci Sınıf Listesi - 2026-02-01T154908.887,Erkek,2019.0
1.0569565217391306,0.9247534048275526,0.8224299831499944,0.8810681652454662,0.7380765803127421,0.9064366608262298,1.0476451136803162,0.7659297203514115,0,Öğrenci Sınıf Listesi - 2026-02-01T154911.446,Erkek,2020.0
1.0602385173949656,0.9198637908716992,0.9084338200376298,1.0299130656434756,1.0585763574267497,1.0776624780949013,1.1104753998679935,0.8574464131378255,3,Öğrenci Sınıf Listesi - 2026-02-01T154913.879,Erkek,2018.0
1.0045309471489459,0.9027912110784717,0.684001237621386,0.8235948126318098,0.8657304902208361,0.8947540351801974,0.9837255964311105,0.8278391382218148,0,Öğrenci Sınıf Listesi - 2026-02-01T154916.236,Erkek,2011.0
1.05,0.8427157304889501,0.8926029313966111,0.7559649983682774,0.7970484737624508,0.9311750217265482,0.9589764009033409,0.8735817408095454,9,Öğrenci Sınıf Listesi - 2026-02-01T154918.540,Kadın,2015.0
1.054342399073687,0.7695046019661465,0.6353244466436273,0.7519713366620414,0.797126447162816,0.6784817278805996,0.9010699827787926,0.6480202405303727,10,Öğrenci Sınıf Listesi - 2026-02-01T154921.077,Erkek,2016.0
0.9505224338255259,0.8605840859866252,0.8260708846229645,0.8187665220680268,0.7092701083706381,0.7473414238356645,1.0499960006424858,0.6921982610935498,0,Öğrenci Sınıf Listesi - 2026-02-01T154923.386,Erkek,2014.0
0.8375223571662405,0.7107102999681723,0.6861114801055861,0.6483666465571848,0.6397126373691562,0.6085386346777413,0.9628816866716958,0.6608610479294591,11,Öğrenci Sınıf Listesi - 2026-02-01T154925.720,Erkek,2013.0
1.0806277196525609,0.9385281564395194,0.9102067084082457,0.9113381189563086,0.8233842081769366,0.9148815435445378,0.9969755042580511,0.881907093657664,12,Öğrenci Sınıf Listesi - 2026-02-01T154928.284,Erkek,2014.0
0.9258333333333334,0.8064919124688597,0.5888706267418202,0.8654835916909359,0.8582796600055542,0.644195867006865,0.6613888434286457,0.6261922825615686,11,Öğrenci Sınıf Listesi - 2026-02-01T154930.825,Erkek,2019.0
0.9395923501902583,0.6704445207111784,0.5290868180184942,0.6730279409036923,0.67106854710838,0.8766754300424632,0.8370584511156911,0.49738962918546475,10,Öğrenci Sınıf Listesi - 2026-02-01T154933.450,Kadın,2015.0
0.5946203247536448,0.8443446431254535,0.8186053979781824,0.7753309346641322,0.621427837236137,0.7728580748065831,1.0675588350861296,0.6006806860866561,11,Öğrenci Sınıf Listesi - 2026-02-01T154935.996,Erkek,2014.0
0.6674734557915313,0.6897855480457828,0.525798705095923,0.6578353364133517,0.6580947134692319,0.8249861875887129,1.0110613144133183,0.5642223258943705,4,Öğrenci Sınıf Listesi - 2026-02-01T154938.398,Erkek,2015.0
0.0,0.8489167647053072,0.9176643557938257,0.9323861128499729,0.9694917884356373,0.8746958997054239,1.0128268619343437,1.0008762605811012,19,Öğrenci Sınıf Listesi - 2026-02-01T154940.854,Erkek,2016.0
0.8937499999999999,0.6837094988285473,0.6169108588877656,0.6574847537630891,0.5691547911762929,0.8019013930269846,0.8024771495378471,0.5474948190126391,4,Öğrenci Sınıf Listesi - 2026-02-01T154943.324,Erkek,2018.0
0.8330046296296296,0.823409099854707,0.8420153526446366,0.8887208093504536,0.7904971645049099,0.8621156402267102,1.042567117389584,0.7254847953649468,0,Öğrenci Sınıf Listesi - 2026-02-01T154945.763,Erkek,2017.0
0.9893986069881242,0.8160305046739142,0.6935658916853433,0.7090835974381029,0.7796289802988345,0.8747949236225537,0.926762603847729,0.809571116326616,6,Öğrenci Sınıf Listesi - 2026-02-01T154948.326,Erkek,2019.0
0.9900465432075009,0.851651136024246,0.7021021677727239,0.8301695967253501,0.8089653050986081,0.7942910377332276,0.7510288896430339,0.6917387991612403,11,Öğrenci Sınıf Listesi - 2026-02-01T154950.814,Erkek,2015.0
1.0292102574207493,0.9300585475539855,1.0224919241358008,0.8821508546474371,0.9225015859672306,1.0303205894527574,1.0675588350861296,0.9643458132219697,14,Öğrenci Sınıf Listesi - 2026-02-01T154953.220,Erkek,2016.0
0.7084523809523811,0.6697048173939014,0.5569256356704053,0.7570714151849031,0.0,0.9104687577685857,0.8378557852142875,0.6937679059705758,8,Öğrenci Sınıf Listesi - 2026-02-01T154955.818,Kadın,2021.0
0.8544047656535456,0.6156410669096701,0.6874995069767137,0.6988351524783722,0.0,0.9104687577685857,0.9960935297989223,0.8751007908225797,19,Öğrenci Sınıf Listesi - 2026-02-01T154958.506,Erkek,2021.0
0.5126428593921275,0.5317049104665799,0.43884974464126364,0.632538824582259,0.5821477476136283,0.7777026352622678,0.874563092900924,0.42247167995131557,10,Öğrenci Sınıf Listesi - 2026-02-01T155001.142,Erkek,2016.0
0.6205676718957331,0.6080352344391806,0.5582788403822183,0.673505638621858,0.7077839024471917,0.8722196676323238,0.7573098140543101,0.5244222224679106,4,Öğrenci Sınıf Listesi - 2026-02-01T155003.609,Erkek,2016.0
0.7055405663932168,0.6292757586685069,0.6805960409639342,0.6947167501920011,0.6927997088706662,0.6491598693629721,0.8714857838296911,0.5813073413355321,11,Öğrenci Sınıf Listesi - 2026-02-01T155006.113,Erkek,2016.0
0.6376944444444445,0.5412775963353043,0.506099936618372,0.619262665393758,0.6791694450683745,0.6505195262323737,0.8605418705553377,0.5963848101808856,11,Öğrenci Sınıf Listesi - 2026-02-01T155008.499,Erkek,2016.0
0.6263888888888889,0.7115357808391899,0.6542992138534043,0.7484646260660278,0.7030492972388825,0.6918608161697152,1.0442932469733341,0.6402242215232198,11,Öğrenci Sınıf Listesi - 2026-02-01T155011.028,Erkek,2016.0
0.7048839316641752,0.579909128250601,0.5850578036451712,0.6607677329929791,0.876082050111158,0.7099676939625195,0.712370313020568,0.5383447675616432,11,Öğrenci Sınıf Listesi - 2026-02-01T155013.416,Erkek,2016.0
1.0672842535597205,0.9619304650832847,0.8641593821383544,0.8708388039031333,0.8178453007977673,0.9981793059462273,0.8288426225374201,0.8140893379882043,12,Öğrenci Sınıf Listesi - 2026-02-01T155015.754,Kadın,2011.0
0.9852437228088217,0.4956650452487887,0.49681968441962193,0.6046569460480604,0.6918355035315876,0.9459022088758827,0.8927239460867881,0.6518451457850272,4,Öğrenci Sınıf Listesi - 2026-02-01T155018.425,Erkek,2014.0
0.0,0.41345462945305456,0.0,0.0,0.0,0.7658847241229068,0.0,0.3825135051568488,1,Öğrenci Sınıf Listesi - 2026-02-01T155020.823,Erkek,2011.0
0.0,0.0,0.0,0.0,0.0,0.9300028792921011,0.0,0.43095925968499554,1,Öğrenci Sınıf Listesi - 2026-02-01T155023.146,Erkek,2011.0
0.0,0.0,0.0,0.0,0.0,0.9573559051536336,0.0,0.6025280994872708,1,Öğrenci Sınıf Listesi - 2026-02-01T155025.177,Erkek,2016.0
0.0,0.0,0.0,0.0,0.0,1.066768008599763,0.0,0.8895586296771596,13,Öğrenci Sınıf Listesi - 2026-02-01T155027.512,Kadın,2011.0
0.0,0.0,0.0,0.0,0.0,0.9026498534305687,0.0,0.7510892422381763,13,Öğrenci Sınıf Listesi - 2026-02-01T155029.849,Kadın,2014.0
0.0,0.0,0.0,0.0,0.0,1.0394149827382306,0.0,0.6257828071427081,1,Öğrenci Sınıf Listesi - 2026-02-01T155032.174,Kadın,2015.0
0.0,0.0,0.0,0.0,0.0,0.6482667129183176,0.0,0.3448501006280289,1,Öğrenci Sınıf Listesi - 2026-02-01T155034.505,Erkek,2014.0
0.0,0.0,0.0,0.6211868022029976,0.6243214338984588,0.9847089310151659,0.0,0.43095925968499554,1,Öğrenci Sınıf Listesi - 2026-02-01T155036.861,Erkek,2011.0
0.0,0.0,0.0,0.0,0.0,0.8205907758459716,0.0,0.544797254293464,1,Öğrenci Sınıf Listesi - 2026-02-01T155039.319,Erkek,2016.0
0.0,0.0,0.0,0.0,0.0,0.8479438017075039,0.0,0.43095925968499554,1,Öğrenci Sınıf Listesi - 2026-02-01T155041.637,Erkek,2012.0
0.0,0.0,1.0347067319739638,0.0,0.0,0.984708931015166,0.0,0.5759742830382132,7,Öğrenci Sınıf Listesi - 2026-02-01T155043.984,Kadın,2014.0
0.0,0.0,0.0,0.0,0.0,0.7658847241229068,0.0,0.4881488729524206,1,Öğrenci Sınıf Listesi - 2026-02-01T155046.365,Erkek,2011.0
0.0,0.0,0.0,0.0,0.0,0.8205907758459716,0.0,0.47064018822004505,1,Öğrenci Sınıf Listesi - 2026-02-01T155048.727,Erkek,2014.0
0.0,0.0,0.0,0.0,0.0,0.9300028792921012,0.0,0.6027987154504616,1,Öğrenci Sınıf Listesi - 2026-02-01T155051.063,Kadın,2012.0
0.9139882558899113,0.7786364831992502,0.5604740012969577,0.8111181579291308,0.8195148066275859,0.7099482301800987,0.987929609965615,0.41461079160184294,10,Öğrenci Sınıf Listesi - 2026-02-01T155053.459,Erkek,2016.0
0.7669444444444444,0.6481346873066227,0.6532100189595605,0.6921322487413567,0.7505395341081048,0.9047156397496476,1.067333964702989,0.6645001228575707,4,Öğrenci Sınıf Listesi - 2026-02-01T155055.882,Kadın,2016.0
1.0801096777008534,0.8597415233341689,0.9632430996762957,0.8941081610055726,0.9540076036027471,1.0497671983253667,1.1134231106524708,1.0056071195467002,14,Öğrenci Sınıf Listesi - 2026-02-01T155058.305,Erkek,2018.0
0.5941067016023869,0.7459740909499585,0.7284858734894563,0.7480329962943,0.7931657561633034,0.8170707757502622,0.8608839653459879,0.7479081277867501,2,Öğrenci Sınıf Listesi - 2026-02-01T155101.049,Erkek,2018.0
1.0716296296296297,0.7653303536582686,0.8781696325807083,0.6082476000491814,0.7882599142912158,0.9767506359489091,1.0244408566454728,0.8892948071934558,9,Öğrenci Sınıf Listesi - 2026-02-01T155103.819,Erkek,2014.0
1.0107805022275531,0.9618312561203072,1.0048726086491706,0.8955816573111361,0.8512869537441496,1.009768292567654,0.987929609965615,0.8599825190974769,12,Öğrenci Sınıf Listesi - 2026-02-01T155106.318,Erkek,2016.0
1.0906062444547548,0.9900889682438687,0.9986085716648246,1.0059580891085915,1.0517130841542226,0.9957870498380519,1.0994322351060124,1.017495218972349,3,Öğrenci Sınıf Listesi - 2026-02-01T155108.795,Kadın,2019.0
1.0185557368600728,0.8704322648994949,0.8189365062521121,0.9056079858217598,0.74252436481692,0.8118658180560805,0.9818671167081616,0.9175937815846599,6,Öğrenci Sınıf Listesi - 2026-02-01T155111.478,Erkek,2020.0
0.9977049333666668,0.0,0.6208240391843783,0.9317802033044963,0.9364821508476883,0.9026498534305688,0.0,0.4484868711684156,8,Öğrenci Sınıf Listesi - 2026-02-01T155113.996,Kadın,2013.0
0.0,0.0,0.6725593757830765,0.8282490696039967,0.8324285785312784,0.7275904879167615,0.0,0.44235731675542045,7,Öğrenci Sınıf Listesi - 2026-02-01T155116.441,Erkek,2011.0
0.8680749814678418,0.0,0.0,0.0,0.0,0.7932377499844392,0.0,0.6990905139597364,13,Öğrenci Sınıf Listesi - 2026-02-01T155118.852,Erkek,2014.0
0.0,0.0,0.0,0.0,0.0,0.9573559051536336,0.0,0.7169073260221209,13,Öğrenci Sınıf Listesi - 2026-02-01T155121.436,Erkek,2014.0
0.0,0.4599155332143965,0.46039169907068556,0.6729523690532473,0.6763482200566637,0.930002879292101,0.0,0.8895586296771596,5,Öğrenci Sınıf Listesi - 2026-02-01T155123.759,Kadın,2012.0
0.9985993013032723,0.7797215590115238,0.9194673215723116,0.7084517900191216,0.7789335174011983,0.912498003622102,0.9660920812582924,0.8695733054197466,6,Öğrenci Sınıf Listesi - 2026-02-01T155126.129,Erkek,2015.0
0.9553518518518519,0.7053593280574185,0.5369494727403811,0.5311691221687243,0.6367414016765228,0.7085634157384612,0.8459327687974014,0.5065189691729309,10,Öğrenci Sınıf Listesi - 2026-02-01T155128.477,Erkek,2014.0
1.0775925925925927,0.9553169593240672,0.9637114701808918,0.8714090366153496,0.9456206723208498,0.9474424025135137,0.945257558495389,0.917623306249885,12,Öğrenci Sınıf Listesi - 2026-02-01T155130.916,Kadın,2016.0
0.7319537037037038,0.7054996502986063,0.6316672871726248,0.6943363599757975,0.6082137264811907,0.6572823857262657,0.9424557605027319,0.5423721392376664,10,Öğrenci Sınıf Listesi - 2026-02-01T155133.640,Erkek,2014.0
0.0,0.0,0.0,0.0,0.0,0.8752968275690365,0.0,0.596700891775252,1,Öğrenci Sınıf Listesi - 2026-02-01T155136.054,Erkek,2011.0
0.0,0.0,0.0,0.0,0.0,0.8835027353274961,0.0,0.8318277844833529,13,Öğrenci Sınıf Listesi - 2026-02-01T155138.601,Erkek,2014.0
0.6955154583565706,0.0,0.9312360587765677,0.6211868022029976,0.6243214338984588,0.8479438017075039,0.0,0.45049841286876274,7,Öğrenci Sınıf Listesi - 2026-02-01T155141.232,Erkek,2011.0
0.4200000000000001,0.0,0.6208240391843783,0.0,0.0,0.9026498534305687,0.0,0.5738978283367145,13,Öğrenci Sınıf Listesi - 2026-02-01T155143.766,Kadın,2014.0
0.0,0.0,0.0,0.0,0.0,0.847943801707504,0.0,0.671155635408181,13,Öğrenci Sınıf Listesi - 2026-02-01T155146.192,Kadın,2012.0
0.0,0.0,0.0,0.0,0.0,0.7658847241229069,0.0,0.6771452126981142,13,Öğrenci Sınıf Listesi - 2026-02-01T155148.533,Erkek,2011.0
0.8633985000288462,0.0,0.0,0.0,0.0,0.8205907758459716,0.0,0.8445568709470639,13,Öğrenci Sınıf Listesi - 2026-02-01T155150.934,Erkek,2013.0
1.041601851851852,0.598068093453363,0.4945827438772296,0.59037194873613,0.658377949797183,0.8842717002776421,0.9343614127055492,0.7178439146195036,4,Öğrenci Sınıf Listesi - 2026-02-01T155153.436,Kadın,2016.0
0.7032699725114012,0.7936206498122381,0.8295322129443583,0.7481550059662245,0.6285211796496857,0.9560653028821189,0.9082783442780837,0.7437215968426018,2,Öğrenci Sınıf Listesi - 2026-02-01T155156.023,Erkek,2016.0
1.0789647358942187,0.9062791711074548,0.9897246473368932,0.8987975042649683,0.9286715503686106,1.0493545604356798,1.0757406859005822,1.0472857818413959,14,Öğrenci Sınıf Listesi - 2026-02-01T155158.843,Erkek,2016.0
1.0204995455182027,0.8200177937899269,0.939458060085523,0.8658277020669083,0.949600915438889,0.9946768919647417,0.9932047032183204,0.918826562504376,12,Öğrenci Sınıf Listesi - 2026-02-01T155201.488,Erkek,2018.0
0.8776203703703706,0.7561262993263712,0.7725308527377003,0.7748350780832158,0.7727497611596492,0.9091963040441376,0.9513838911265186,0.709463877790594,0,Öğrenci Sınıf Listesi - 2026-02-01T155203.927,Erkek,2014.0
0.7834907407407408,0.7463299706876112,0.8553621965705689,0.8449659639186667,0.7872728157337103,0.6706809841008258,0.9837616433521756,0.7699832169115324,6,Öğrenci Sınıf Listesi - 2026-02-01T155206.236,Erkek,2014.0
0.9396990740740742,0.5950840600450041,0.642020970226584,0.7322903458509257,0.7102427444362767,0.8184242149951176,0.9251976569973542,0.7353678233357019,8,Öğrenci Sınıf Listesi - 2026-02-01T155208.634,Erkek,2016.0
1.0010614589369036,0.7962262446187787,0.7148117677472843,0.9047684833149311,0.8286773960288865,0.9417323601914667,0.8061700223899515,0.7311766108781277,0,Öğrenci Sınıf Listesi - 2026-02-01T155211.022,Erkek,2017.0
0.0,0.0,0.8277653855791712,0.0,0.0,0.984708931015166,0.0,0.7139146868177867,7,Öğrenci Sınıf Listesi - 2026-02-01T155213.328,Erkek,2013.0
0.0,0.0,0.0,0.0,0.0,1.0120619568766984,0.0,0.7169073260221209,1,Öğrenci Sınıf Listesi - 2026-02-01T155215.741,Erkek,2015.0
0.9210610989076153,0.8011668418170509,0.7467110573433797,0.7697513547225473,0.6994782439614851,0.8592354459571447,0.924487917728133,0.6153468741178091,0,Öğrenci Sınıf Listesi - 2026-02-01T155218.220,Erkek,2017.0
0.7892001914326171,0.8030502702090091,0.7640980440395825,0.8237850768911477,0.8523414608679704,1.0553997161188058,0.9237386073749747,0.8232756634587417,9,Öğrenci Sınıf Listesi - 2026-02-01T155220.752,Erkek,2020.0
0.8400000000000001,0.9505755000991253,0.9283216159578631,1.0433478353577295,0.871925282847381,0.9898303042373405,0.9660576959243335,0.9596566267220996,18,Öğrenci Sınıf Listesi - 2026-02-01T155223.219,Erkek,2016.0
0.8983333333333335,0.9459179002877348,0.9667002467052075,0.9507539942697691,0.77367738608561,1.0098465065377025,1.1098730140538444,0.9609913014999051,18,Öğrenci Sınıf Listesi - 2026-02-01T155225.633,Kadın,2018.0
0.8932853711836909,0.7756967218264641,0.8381622919980218,0.7068116678805731,0.9161569306856342,0.8964313800491259,0.9548548984937687,0.9012409604943382,6,Öğrenci Sınıf Listesi - 2026-02-01T155227.983,Erkek,2017.0
0.0,0.0,0.0,0.0,0.0,0.7932377499844393,0.0,0.8318277844833529,13,Öğrenci Sınıf Listesi - 2026-02-01T155230.399,Erkek,2012.0
0.0,0.0,0.2069413463947928,0.20706226740099917,0.2081071446328196,0.9409440896367142,0.0,0.43091483991000473,1,Öğrenci Sınıf Listesi - 2026-02-01T155232.728,Erkek,2014.0
0.0,0.0,0.0,0.0,0.0,1.0941210344612955,0.0,0.5453384862198457,1,Öğrenci Sınıf Listesi - 2026-02-01T155235.135,Kadın,2015.0
0.0,0.0,0.0,0.0,0.0,1.0941210344612955,0.0,0.7177191739116936,1,Öğrenci Sınıf Listesi - 2026-02-01T155237.480,Erkek,2013.0
0.0,0.0,0.0,0.0,0.0,0.8752968275690364,0.0,0.7751794031423095,13,Öğrenci Sınıf Listesi - 2026-02-01T155239.776,Erkek,2014.0
0.0,0.0,0.0,0.0,0.0,0.8752968275690365,0.0,0.7179897898748844,13,Öğrenci Sınıf Listesi - 2026-02-01T155242.090,Erkek,2012.0
0.0,0.0,0.0,0.0,0.0,0.9573559051536336,0.0,0.7171779419853118,13,Öğrenci Sınıf Listesi - 2026-02-01T155244.459,Erkek,2014.0
0.0,0.0,0.6725593757830765,0.0,0.0,0.7987083551567457,0.0,0.4605163197396409,7,Öğrenci Sınıf Listesi - 2026-02-01T155246.903,Erkek,2015.0
0.0,0.0,0.5802548777857219,0.0,0.0,0.930002879292101,0.0,0.5207935646543843,13,Öğrenci Sınıf Listesi - 2026-02-01T155249.199,Erkek,2013.0
0.9878435600616201,0.8318366669855598,0.8191461400941746,0.7143557960442962,0.6511378690201924,0.7859387365006504,0.7515235145163836,0.710836998751566,2,Öğrenci Sınıf Listesi - 2026-02-01T155251.980,Erkek,2016.0
0.9139882558899113,0.7151928518766851,0.7336306813968531,0.7567489073439366,0.722759034859891,0.7174944814272928,1.042567117389584,0.741895377945166,11,Öğrenci Sınıf Listesi - 2026-02-01T155254.305,Erkek,2016.0
1.0800932949139044,0.990602764559621,0.9737366849582846,1.029018146951954,1.0001848136992424,0.9534576086332595,0.9375169344332657,0.8916722913243296,3,Öğrenci Sınıf Listesi - 2026-02-01T155256.595,Erkek,2014.0
0.9852173913043479,0.9360519893819037,0.8727190522213506,0.932389405933112,0.9183758870703921,0.9872313944118297,1.0432282169394296,0.8234498496156415,16,Öğrenci Sınıf Listesi - 2026-02-01T155259.020,Erkek,2018.0
0.8234722222222222,0.7194370698749365,0.664425034838607,0.5917220278697412,0.7429006102494267,0.7962098954091218,0.9429431722290706,0.5033626326029287,10,Öğrenci Sınıf Listesi - 2026-02-01T155301.360,Erkek,2017.0
1.0802218774490133,0.9307149677203522,0.9062701606102996,0.9325685516884175,0.8616838862352898,0.928752464576147,1.0087883734835974,0.8402102955088467,12,Öğrenci Sınıf Listesi - 2026-02-01T155303.688,Kadın,2016.0
0.7913888888888889,0.9053058520286065,0.8334759074576764,0.9941150244580065,0.7578643713131991,0.8611250751278696,0.7850712317220732,0.8769740943356968,19,Öğrenci Sınıf Listesi - 2026-02-01T155306.019,Erkek,2014.0
0.0,0.7556780476162811,0.6612994766222201,0.7161617067733193,0.7331783475268423,0.9178851947168848,0.9493216649116315,0.6051474473505524,2,Öğrenci Sınıf Listesi - 2026-02-01T155308.370,Erkek,2012.0
0.833044646512207,0.9805661891891102,0.9854716058244231,0.9290607005004025,0.8887204668867181,0.9479966417249819,0.9589764009033409,0.8187296013790925,12,Öğrenci Sınıf Listesi - 2026-02-01T155310.777,Erkek,2017.0
1.0725,1.03580637186952,0.9243709341699505,0.9660413970986176,0.9271159826687596,0.9646196257847786,1.0675588350861296,0.9059947453210755,3,Öğrenci Sınıf Listesi - 2026-02-01T155313.564,Erkek,2017.0
0.8418135375281252,0.976541146311662,0.9319611010436839,0.8918453934393283,0.7746763408791619,0.9913402457516763,1.0762011171277517,0.5792760657978594,16,Öğrenci Sınıf Listesi - 2026-02-01T155316.040,Erkek,2018.0
0.906304347826087,0.7797821569537595,0.8377880874641245,0.7757978781945126,0.7037974027072529,0.9934483353461562,0.6837282802888592,0.8481267413226573,19,Öğrenci Sınıf Listesi - 2026-02-01T155318.380,Kadın,2011.0
0.8525000000000001,0.9478257446131556,0.9854742740094978,0.8671023793004649,0.6988240134301571,0.9071748064745718,0.7998749938637305,0.9590702533140567,19,Öğrenci Sınıf Listesi - 2026-02-01T155320.797,Erkek,2015.0
0.9686122369745767,0.8390638534733746,0.9242578188625605,0.9202463037361498,0.6978254239982891,0.9669793133240178,0.9580948887825578,0.8544168483466129,9,Öğrenci Sınıf Listesi - 2026-02-01T155323.225,Erkek,2017.0
0.0,0.9568772394910419,0.8703446814152457,0.84471297275735,0.9633551621277427,0.9446420465912017,1.026632537999806,0.7177432641472429,2,Öğrenci Sınıf Listesi - 2026-02-01T155325.693,Erkek,2020.0
0.7875000000000001,1.0025371063780941,0.9575558838029993,0.9269961333094163,0.9978688090621486,0.8702264423290627,1.0577968609017578,0.9412014460274882,18,Öğrenci Sınıf Listesi - 2026-02-01T155328.571,Erkek,2022.0
0.7453557363530273,0.994298809915961,1.0313325995671065,1.0061609003290173,1.0513728321691551,0.988987531664612,1.0213950605852828,1.0470966818543508,18,Öğrenci Sınıf Listesi - 2026-02-01T155331.275,Erkek,2021.0
0.9818825468433552,0.9879845584102898,0.9356280673987293,1.034436548040645,0.9807874384204087,0.9674264377545188,1.0135369295635492,0.9829100318296007,14,Öğrenci Sınıf Listesi - 2026-02-01T155334.164,Erkek,2021.0
0.6239403222864709,0.7573528818618791,0.8473343540807423,0.8028501775013541,0.7002456042882349,0.8935788327252608,1.095384057961431,0.9208565792556286,19,Öğrenci Sınıf Listesi - 2026-02-01T155337.145,Erkek,2021.0
0.8694212962962963,0.8857367665881478,0.833966704537316,0.8771175255561693,0.9139775789854029,0.8205640570337636,1.0108035881612183,0.8585147763375423,6,Öğrenci Sınıf Listesi - 2026-02-01T155339.734,Kadın,2020.0
0.664412126975323,0.9095833686468912,0.775237184337859,0.896174941577032,0.8862099570932528,0.9489892146572129,1.0185770080590928,0.6630780037464157,16,Öğrenci Sınıf Listesi - 2026-02-01T155342.276,Erkek,2021.0
1.0493321038796601,0.96670581135664,0.9395408908344814,0.9639695096263108,0.7821666219216673,0.9798836994349378,0.88688953628039,0.9145214269158556,18,Öğrenci Sınıf Listesi - 2026-02-01T155344.703,Kadın,2012.0
0.7933691955381534,0.8826123508721632,0.8225362122060158,0.8046601365377004,0.6781542861655114,0.9732141296065367,1.0110613144133183,0.8271208707637785,9,Öğrenci Sınıf Listesi - 2026-02-01T155347.466,Erkek,2013.0
1.120561600997319,1.0728765209200057,0.9614227320845331,1.0047278741108607,1.0624383366792864,1.0842168292920278,1.0510433776008985,1.0243385353622019,17,Öğrenci Sınıf Listesi - 2026-02-01T155350.202,Erkek,2018.0
0.8069780831988442,0.7045602726815157,0.7268173194989074,0.6057793916818505,0.743877304195778,0.9509509163995906,0.7485487755713798,0.6989975352676119,8,Öğrenci Sınıf Listesi - 2026-02-01T155352.754,Erkek,2011.0
1.0163233125324522,0.6742949318980168,0.6744635477782909,0.7044842547304598,0.6720512508104878,0.9822967062243456,0.9031285426893948,0.7675956544224805,8,Öğrenci Sınıf Listesi - 2026-02-01T155355.110,Kadın,2013.0
1.0786574074074078,1.0298798831915954,1.021694648769615,1.0287001449337965,0.951618594725622,1.100904685354367,1.0377415825458716,1.0902475974051935,14,Öğrenci Sınıf Listesi - 2026-02-01T155357.550,Kadın,2010.0
0.0,0.0,0.0,0.9317802033044963,0.9364821508476883,0.9163263663613351,0.0,0.7749087871791186,7,Öğrenci Sınıf Listesi - 2026-02-01T155359.919,Kadın,2012.0
0.6955154583565706,0.4599155332143965,0.486019205516743,0.2070622674009992,0.2081071446328196,0.7658847241229068,0.0,0.3352358490232083,13,Öğrenci Sınıf Listesi - 2026-02-01T155402.258,Erkek,2012.0
0.0,0.0,0.0,0.0,0.0,0.9026498534305687,0.0,0.4881488729524206,1,Öğrenci Sınıf Listesi - 2026-02-01T155404.566,Erkek,2012.0
0.0,0.0,0.0,0.0,0.0,0.8752968275690365,0.0,0.5082250371409486,1,Öğrenci Sınıf Listesi - 2026-02-01T155406.955,Kadın,2015.0
0.0,0.0,0.0,0.0,0.0,0.984708931015166,0.0,0.6602589446810775,1,Öğrenci Sınıf Listesi - 2026-02-01T155409.572,Erkek,2011.0
1.1,1.0142700577316088,0.9713699156813718,1.018024661412475,0.9633772808189028,1.0837398324270207,1.0529769584978892,0.917981144710413,3,Öğrenci Sınıf Listesi - 2026-02-01T155411.879,Erkek,2012.0
1.013787567642801,0.969023735240361,0.8783550978166882,0.9397909086317918,0.8422390681518573,0.9403532584546195,1.0486892088703503,0.8318891886125248,12,Öğrenci Sınıf Listesi - 2026-02-01T155414.314,Erkek,2018.0
0.7087500000000001,0.613798856602299,0.518238779671567,0.560337127376519,0.5620025549134209,0.7322165266507293,0.46304295544506313,0.5256502858796194,8,Öğrenci Sınıf Listesi - 2026-02-01T155416.783,Erkek,2014.0
0.9298137692618343,0.685122043907711,0.6773247926957152,0.6701630804304715,0.6540339355651085,0.9181142975933707,1.027979962336808,0.6216294932583589,4,Öğrenci Sınıf Listesi - 2026-02-01T155419.200,Erkek,2013.0
0.9847619047619048,0.7633955552780937,0.858365148691106,0.8522223641608185,0.785420009659352,0.7386848908974015,1.0011940678779458,0.9071881857198527,6,Öğrenci Sınıf Listesi - 2026-02-01T155422.160,Erkek,2017.0
1.1403677461028803,1.040624255300009,1.0582778851344117,0.9598851340053632,0.8545512217539393,0.9969576517557546,1.0570437219207212,0.9816150312438725,14,Öğrenci Sınıf Listesi - 2026-02-01T155424.874,Erkek,2016.0
1.1292481250360578,1.0782076280643687,1.0270533711107703,1.010324761026207,1.0851938056420507,1.0340639782637326,1.035575277430221,1.0709184242372238,17,Öğrenci Sınıf Listesi - 2026-02-01T155427.339,Erkek,2017.0
1.0622158886532609,0.9525797454066236,0.9247591212184428,0.8860676575545813,0.7273321307474556,0.9981688115883454,1.0217083538716014,0.8990211588376188,12,Öğrenci Sınıf Listesi - 2026-02-01T155430.024,Kadın,2015.0
1.0083353725621533,0.847698073783477,0.7924049538459275,0.9362300893614092,0.7726450267527828,0.9625212180947876,0.8719252731934852,0.8682702727238932,9,Öğrenci Sınıf Listesi - 2026-02-01T155432.442,Kadın,2012.0
1.0230727779322981,0.7291546330168267,0.6579300855017687,0.7509289587156087,0.6158810061061322,0.8825070259723377,0.5850549549864991,0.7114894261712911,2,Öğrenci Sınıf Listesi - 2026-02-01T155435.329,Erkek,2014.0
0.9188105840028921,0.7160787848472343,0.5767073290781854,0.6810911857839759,0.5307235874003589,0.9263166020235813,0.9782583984803139,0.799787749742415,8,Öğrenci Sınıf Listesi - 2026-02-01T155437.778,Erkek,2009.0
1.0945020288811023,0.9010849773853621,0.8540333430595589,0.869668640913505,0.8903770295567145,0.8118760249801753,0.7650689231098458,0.9343216810771027,6,Öğrenci Sınıf Listesi - 2026-02-01T155440.294,Erkek,2012.0
1.1292481250360578,1.073321623139383,1.1135541058619705,1.039145600290692,1.0450247753742163,1.0136288003255154,1.06849388421005,1.1086761671254073,17,Öğrenci Sınıf Listesi - 2026-02-01T155442.706,Erkek,2015.0
0.8624031079903033,0.7935108711425956,0.8391636263500057,0.823111111569051,0.7418581653562721,0.4633492833722516,0.954563793740507,0.6735214495471761,15,Öğrenci Sınıf Listesi - 2026-02-01T155445.379,Erkek,2016.0
0.4935000000000001,0.7568754167376729,0.9006230052151968,0.8349262274063586,0.6354939361389518,0.6176377820064837,0.9484130325760642,0.7685328685849693,19,Öğrenci Sınıf Listesi - 2026-02-01T155447.824,Erkek,2020.0
0.0,0.0,0.0,0.0,0.0,1.0394149827382306,0.0,0.4881488729524206,1,Öğrenci Sınıf Listesi - 2026-02-01T155450.170,Erkek,2011.0
0.0,0.0,0.0,0.0,0.0,0.847943801707504,0.0,0.6025280994872708,1,Öğrenci Sınıf Listesi - 2026-02-01T155452.620,Erkek,2014.0
0.0,0.0,0.0,0.41412453480199835,0.4162142892656392,0.9300028792921012,0.0,0.6025280994872708,13,Öğrenci Sınıf Listesi - 2026-02-01T155455.204,Kadın,2016.0
0.0,0.0,0.0,0.0,0.0,0.9573559051536336,0.0,0.7743675552527368,13,Öğrenci Sınıf Listesi - 2026-02-01T155458.233,Erkek,2013.0
0.0,0.0,0.9312360587765677,0.0,0.0,1.0941210344612955,0.0,0.6279602351965775,7,Öğrenci Sınıf Listesi - 2026-02-01T155500.643,Erkek,2011.0
0.8185231481481482,0.8513925888746925,0.7809578420550961,0.8087703374165923,0.9201417027108652,0.5549317364144176,0.8980662730676956,0.671256892827235,11,Öğrenci Sınıf Listesi - 2026-02-01T155503.314,Erkek,2016.0
0.9531141787030325,0.9406255616707917,0.8692186581939944,0.9947860095519651,0.8144137793098013,1.0342411503764737,1.0774269422571447,0.7647412103449314,16,Öğrenci Sınıf Listesi - 2026-02-01T155508.583,Kadın,2016.0
1.0145555555555557,0.7483100031550405,0.6403236569135552,0.7068841174316655,0.6613160788523362,0.7106837444482792,0.9060085204413352,0.7869887434271388,2,Öğrenci Sınıf Listesi - 2026-02-01T155512.882,Erkek,2020.0
0.9120850240675852,0.9827404615089177,0.908672171196256,0.9812481541772676,0.9230759921467815,0.9578493765832509,1.100360319719376,0.7907410608139277,16,Öğrenci Sınıf Listesi - 2026-02-01T155518.477,Erkek,2018.0
0.9288813640983463,0.8094840990709721,0.6960589719558765,0.8291848523089467,0.7333293706006027,0.9173814504324316,1.045100247171046,0.7539962989250817,0,Öğrenci Sınıf Listesi - 2026-02-01T155523.797,Erkek,2019.0
0.0,0.0,0.0,0.0,0.0,0.9300028792921011,0.0,0.4881488729524206,1,Öğrenci Sınıf Listesi - 2026-02-01T155529.811,Kadın,2011.0
0.0,0.0,0.7242947123817745,0.0,0.0,0.9929148387736256,0.0,0.8579571535899924,7,Öğrenci Sınıf Listesi - 2026-02-01T155534.230,Kadın,2014.0
0.0,0.0,0.0,0.0,0.0,0.8205907758459716,0.0,0.487607641026039,1,Öğrenci Sınıf Listesi - 2026-02-01T155538.367,Erkek,2016.0
0.0,0.0,0.0,0.0,0.0,0.9573559051536336,0.0,0.4881488729524206,1,Öğrenci Sınıf Listesi - 2026-02-01T155540.980,Kadın,2011.0
0.0,0.0,0.0,0.0,0.0,1.0120619568766984,0.0,0.9467482429445847,13,Öğrenci Sınıf Listesi - 2026-02-01T155543.615,Erkek,2015.0
0.0,0.0,0.0,0.0,0.0,0.9026498534305687,0.0,0.4881488729524206,1,Öğrenci Sınıf Listesi - 2026-02-01T155546.057,Erkek,2011.0
0.0,0.0,0.0,0.0,0.0,1.0941210344612955,0.0,0.7743675552527368,1,Öğrenci Sınıf Listesi - 2026-02-01T155548.684,Erkek,2015.0
0.0,0.0,0.0,0.0,0.0,0.9026498534305687,0.0,0.44253249032007597,1,Öğrenci Sınıf Listesi - 2026-02-01T155551.415,Erkek,2011.0
0.0,0.0,0.0,0.48659632839234807,0.48905178988712605,0.7932377499844393,0.0,0.6030693314136526,13,Öğrenci Sınıf Listesi - 2026-02-01T155553.930,Erkek,2012.0
0.0,0.0,0.9312360587765677,0.0,0.0,0.9026498534305687,0.0,0.6284304823274882,7,Öğrenci Sınıf Listesi - 2026-02-01T155556.417,Erkek,2012.0
0.0,0.0,0.0,0.0,0.0,0.9026498534305687,0.0,0.8320984004465437,13,Öğrenci Sınıf Listesi - 2026-02-01T155558.894,Erkek,2012.0
0.0,0.7438206333544678,0.6961028919344905,0.8282490696039967,0.8324285785312784,0.7932377499844393,0.0,0.45355966513961815,5,Öğrenci Sınıf Listesi - 2026-02-01T155601.509,Erkek,2014.0
0.9537621149224091,0.7282911708194657,0.7647946867210834,0.7782063302956903,0.6372817378901628,0.636465949952983,0.8864334790112979,0.7288325648881505,6,Öğrenci Sınıf Listesi - 2026-02-01T155604.029,Erkek,2014.0
0.8167883981461881,0.8456087503533479,0.7939042869021515,0.802432018105975,0.8291681309607296,0.8062021000355608,0.9824988997269141,0.571177454758114,10,Öğrenci Sınıf Listesi - 2026-02-01T155606.792,Erkek,2016.0
0.8968733148611404,0.7767576881345992,0.7543255671944874,0.8747918040112325,0.7171240124306238,1.0477622495152559,0.8405317796639562,0.5574601802042535,16,Öğrenci Sınıf Listesi - 2026-02-01T155609.406,Erkek,2016.0
0.9137196565649329,0.662676966334959,0.730183903579727,0.6886279699914076,0.6724600992338684,0.6822042223342536,1.0570437219207212,0.6665713734554221,11,Öğrenci Sınıf Listesi - 2026-02-01T155611.914,Kadın,2013.0
0.7753932917171399,0.5690742879184132,0.48241639488689997,0.5167864728356151,0.49163956765575556,0.47094057506480436,0.37557909287674174,0.5302802216835439,11,Öğrenci Sınıf Listesi - 2026-02-01T155614.269,Erkek,2011.0
0.834541850557108,0.7605470290844436,0.7871770232317022,0.7396784981577704,0.6859411763794337,0.5987995717085325,0.7879208818352864,0.7065848615966396,2,Öğrenci Sınıf Listesi - 2026-02-01T155616.776,Erkek,2012.0
0.8204398148148149,0.5884110963250911,0.4145246407980548,0.6243046754749512,0.6487738394186452,0.5220271874964504,0.5982397214007696,0.447018837459807,10,Öğrenci Sınıf Listesi - 2026-02-01T155619.145,Erkek,2012.0
0.9935787037037038,0.9334814307628274,0.8407261516766056,0.925877424170883,0.7796445936672567,0.9120819706810277,1.0232649780147345,0.9033033827640438,18,Öğrenci Sınıf Listesi - 2026-02-01T155621.536,Erkek,2014.0
0.0,0.0,0.7863771163002126,0.0,0.0,0.9217969715336415,0.0,0.5440505407734044,7,Öğrenci Sınıf Listesi - 2026-02-01T155623.930,Kadın,2014.0
0.0,0.0,0.0,0.0,0.0,1.066768008599763,0.0,0.7174485579485027,1,Öğrenci Sınıf Listesi - 2026-02-01T155626.242,Erkek,2011.0
0.0,0.0,0.0,0.0,0.0,0.9300028792921011,0.0,0.8318277844833529,13,Öğrenci Sınıf Listesi - 2026-02-01T155628.558,Erkek,2012.0
0.7700000000000001,0.7974998245315553,0.7245559058201939,0.3934183080618984,0.3954035748023572,0.7932377499844393,0.0,0.40913235611823323,7,Öğrenci Sınıf Listesi - 2026-02-01T155630.958,Erkek,2012.0
0.0,0.0,0.0,0.0,0.0,1.066768008599763,0.0,0.6025280994872708,1,Öğrenci Sınıf Listesi - 2026-02-01T155633.312,Kadın,2011.0
0.0,0.0,0.0,0.0,0.0,0.9573559051536336,0.0,0.9467482429445847,13,Öğrenci Sınıf Listesi - 2026-02-01T155635.898,Erkek,2016.0
0.9284926023667203,0.9237348429205208,0.8748197290439612,0.9612161479952356,0.8100557133283967,0.9473478792958773,0.9718963812913449,0.9229414162830285,18,Öğrenci Sınıf Listesi - 2026-02-01T155638.311,Erkek,2011.0
0.7195979652396928,0.6561763292681073,0.6087424536917825,0.6450241981666095,0.5918888114151807,0.8055016712624538,0.8826975007562977,0.57339169048094,4,Öğrenci Sınıf Listesi - 2026-02-01T155640.737,Erkek,2011.0
0.8209722222222222,0.6898493726864355,0.6588148564162042,0.6318158743329495,0.7526484721804632,0.9466414267920671,0.8021763853231458,0.8259793669016996,2,Öğrenci Sınıf Listesi - 2026-02-01T155643.266,Erkek,2011.0
0.8416691489702509,0.6414772023988057,0.6307192297101334,0.6499454220471758,0.6645933828837709,0.8169047990258689,0.8475395865172811,0.6712320829324239,8,Öğrenci Sınıf Listesi - 2026-02-01T155645.844,Erkek,2011.0
1.082613512602037,1.0459010419502714,0.9951669769864535,1.0251501241761225,0.8436655471624728,1.1140266347594772,1.0985146969087096,0.9824871755076748,3,Öğrenci Sınıf Listesi - 2026-02-01T155648.568,Erkek,2020.0
1.05,0.916966676427398,0.730021264868778,0.8583443608914753,0.9465802940625937,0.9109804666362851,1.0147463805815045,0.8523280599143166,12,Öğrenci Sınıf Listesi - 2026-02-01T155651.006,Kadın,2012.0
0.917360906280649,0.652551422593664,0.5816540567492554,0.5983681665747962,0.5544960832379323,0.860064582267538,0.8478858598704371,0.6437105957138116,8,Öğrenci Sınıf Listesi - 2026-02-01T155653.627,Erkek,2014.0
1.0234782608695654,1.0415684058805956,0.9605700260389799,0.9871484464941781,0.7964148870937433,0.7567901088061236,0.9927551448093273,0.8863865378129923,18,Öğrenci Sınıf Listesi - 2026-02-01T155656.012,Kadın,2012.0
0.9187500000000001,0.8619023150958799,0.9743987653782834,0.7993894498074073,0.7617208778039277,0.919521970560056,1.0315053003972785,0.8165420310746148,9,Öğrenci Sınıf Listesi - 2026-02-01T155658.695,Erkek,2019.0
0.748728386743765,0.817332227643464,0.8960400710613678,0.7702046444108178,0.7902833052631558,0.6760722387005572,0.8786545951176767,0.8007906134143178,2,Öğrenci Sınıf Listesi - 2026-02-01T155701.329,Kadın,2016.0
1.116096404744368,1.122884764259288,1.0679087741068636,1.0704132424393789,1.053231548222486,1.1143950298106542,1.0791535879979415,1.0936953971212466,17,Öğrenci Sınıf Listesi - 2026-02-01T155703.951,Erkek,2018.0
0.0,0.0,0.0,0.0,0.0,0.8205907758459716,0.0,0.7743675552527368,13,Öğrenci Sınıf Listesi - 2026-02-01T155706.415,Erkek,2015.0
0.0,0.0,0.0,0.7661303893836968,0.7699964351414325,0.7658847241229068,0.0,0.43095925968499554,13,Öğrenci Sınıf Listesi - 2026-02-01T155708.794,Erkek,2013.0
0.0,0.628707678872976,0.629358600854614,0.41412453480199835,0.4162142892656392,0.9300028792921012,0.0,0.5453384862198457,7,Öğrenci Sınıf Listesi - 2026-02-01T155711.398,Erkek,2013.0
0.0,0.6201819441795818,0.6208240391843783,0.0,0.0,1.0394149827382306,0.0,0.8318277844833529,7,Öğrenci Sınıf Listesi - 2026-02-01T155713.761,Kadın,2013.0
0.0,0.20672731472652728,0.3315742158775554,0.0,0.0,0.847943801707504,0.0,0.5365705348274054,13,Öğrenci Sınıf Listesi - 2026-02-01T155716.230,Kadın,2016.0
0.0,0.7235456015428453,0.822906917587024,1.0353113370049958,1.040535723164098,1.0120619568766984,0.0,0.7839741659513637,5,Öğrenci Sınıf Listesi - 2026-02-01T155718.748,Kadın,2015.0
0.5755990000192308,0.5710425968795926,0.6084563661378215,0.39598767937621704,0.2081071446328196,0.7768259344675198,0.7331238120625014,0.6310987139162602,8,Öğrenci Sınıf Listesi - 2026-02-01T155721.308,Erkek,2011.0
0.844247209017347,0.6351288419674254,0.7621785297027458,0.8270071133889589,0.7589980833708891,0.9694769744491563,1.0309181573213912,0.7697961230567195,8,Öğrenci Sınıf Listesi - 2026-02-01T155723.732,Kadın,2017.0
1.0713043478260873,0.9970077669933948,0.9701346651538655,0.9713655333361931,0.9401814810296517,0.7983324883147508,1.0946394630357186,1.0311641291519904,18,Öğrenci Sınıf Listesi - 2026-02-01T155726.335,Erkek,2020.0
0.9547194952242047,0.8110286932390209,0.740763412477905,0.7434054296772328,0.7114045127643084,0.8921880868140375,0.9992359885063075,0.8986656741327177,2,Öğrenci Sınıf Listesi - 2026-02-01T155728.664,Kadın,2011.0
0.8400000000000001,0.9504191285022922,0.848817859823899,0.8680771116573296,0.6801682168335781,1.0159643881985188,0.986372985822482,0.8511536115009004,9,Öğrenci Sınıf Listesi - 2026-02-01T155730.991,Erkek,2013.0
0.8364172969029446,0.7176769165691275,0.5673025531490592,0.571091721997194,0.5592065587511623,0.653717168269835,0.7468994678128802,0.45976024660304743,10,Öğrenci Sınıf Listesi - 2026-02-01T155733.370,Erkek,2019.0
1.012,0.7887713015671531,0.818081987404408,0.6959891130197695,0.8086810287317943,0.9842075098904641,1.105900253648713,0.9371098742044395,9,Öğrenci Sınıf Listesi - 2026-02-01T155735.727,Kadın,2018.0
0.9795238095238097,0.9438791682764305,0.9751040432441336,0.9213358266160614,0.8323854319221452,1.0287003891351836,0.9563293412615326,0.9383550029765971,18,Öğrenci Sınıf Listesi - 2026-02-01T155738.126,Erkek,2014.0
0.727913043478261,0.9310023892669437,0.8302343281902467,0.9142750262864013,0.6181143150231637,0.8816920967985892,0.9745127015683941,0.7640142930443427,6,Öğrenci Sınıf Listesi - 2026-02-01T155740.510,Erkek,2012.0
0.0,0.0,0.0,0.0,0.0,0.7658847241229068,0.0,0.5450678702566549,1,Öğrenci Sınıf Listesi - 2026-02-01T155742.901,Erkek,2014.0
0.7434820416915066,0.0,0.6208240391843783,0.0,0.0,0.7385316982613745,0.0,0.4465104826195763,13,Öğrenci Sınıf Listesi - 2026-02-01T155745.290,Erkek,2012.0
0.0,0.0,0.8277653855791712,0.8282490696039967,0.8324285785312784,0.8752968275690364,0.0,0.6392832786205966,5,Öğrenci Sınıf Listesi - 2026-02-01T155747.588,Kadın,2012.0
0.0,0.7438206333544678,0.7445907356085302,0.0,0.0,0.9300028792921012,0.0,0.7749087871791186,5,Öğrenci Sınıf Listesi - 2026-02-01T155749.886,Kadın,2011.0
0.0,0.0,0.0,0.0,0.0,0.8752968275690365,0.0,0.8892880137139688,13,Öğrenci Sınıf Listesi - 2026-02-01T155752.226,Erkek,2016.0
0.0,0.0,0.0,0.0,0.0,0.9573559051536336,0.0,0.6030693314136526,1,Öğrenci Sınıf Listesi - 2026-02-01T155754.559,Kadın,2012.0
0.0,0.0,0.0,0.0,0.0,0.9026498534305687,0.0,0.3737696464175705,1,Öğrenci Sınıf Listesi - 2026-02-01T155756.876,Kadın,2011.0
0.0,0.0,0.0,0.0,0.0,0.9573559051536336,0.0,0.8318277844833529,13,Öğrenci Sınıf Listesi - 2026-02-01T155759.347,Erkek,2013.0
0.0,0.0,0.0,0.0,0.0,0.7385316982613745,0.0,0.7171779419853118,13,Öğrenci Sınıf Listesi - 2026-02-01T155801.644,Erkek,2013.0
1.051470896804406,0.8513019724863954,0.9109416057672353,0.76670436641644,0.7846807401349023,0.9965639620800415,0.9043672350432119,0.9724755470656552,9,Öğrenci Sınıf Listesi - 2026-02-01T155804.060,Erkek,2009.0
1.0336963606099299,0.9189969054377838,0.9930963859024272,0.8288331803672593,0.8549265801765935,0.9620291180748618,1.06849388421005,1.0007873002721155,18,Öğrenci Sınıf Listesi - 2026-02-01T155806.453,Erkek,2015.0
0.9775465062243777,0.6526143879355449,0.5062369485398458,0.6215528866645875,0.5533739521151874,0.9137301017002172,0.7392160204174877,0.7538848703164166,8,Öğrenci Sınıf Listesi - 2026-02-01T155808.943,Kadın,2010.0
0.94875,0.7447864169288161,0.7223636071094116,0.8138059846247763,0.6172045137381359,1.0610113397029828,0.8797288480783352,0.8734482537554142,9,Öğrenci Sınıf Listesi - 2026-02-01T155811.364,Erkek,2009.0
1.054192228925788,0.9669003989481315,0.9174173554516827,0.8884592171079368,0.908582008389702,1.0019692335874313,1.1223197315178592,0.9381034626462302,3,Öğrenci Sınıf Listesi - 2026-02-01T155814.012,Kadın,2019.0
0.9588160174335468,0.6990761340307645,0.5799391152998623,0.6627105269259924,0.7547305252990738,1.0247182488362288,1.071520326451858,0.7452135689482382,4,Öğrenci Sınıf Listesi - 2026-02-01T155816.454,Kadın,2015.0
0.9732002015037083,0.9079511181054424,0.8361807165983349,0.9384494546049349,0.9451172904974052,1.0032112351093108,1.0622497689578365,0.909330621950125,12,Öğrenci Sınıf Listesi - 2026-02-01T155819.295,Kadın,2019.0
0.8452975917987602,0.6820262567295629,0.5296718364805527,0.670128948701688,0.7401979369169878,1.0364626393026297,1.024770108283494,0.5240462721118307,16,Öğrenci Sınıf Listesi - 2026-02-01T155821.940,Erkek,2017.0
1.1131544248890617,0.8800632747382978,0.8424614814824989,0.8352315844677225,0.9063236157004512,1.025566311639526,1.046601018490282,0.8992174718069068,12,Öğrenci Sınıf Listesi - 2026-02-01T155824.561,Kadın,2018.0
1.034106206125112,1.0235852986295797,0.9837501579975099,0.9999169810714477,0.9207923069501613,1.0314611462727157,1.022786410076427,0.8967165242711345,3,Öğrenci Sınıf Listesi - 2026-02-01T155827.056,Erkek,2018.0
0.0,0.0,0.0,0.0,0.0,0.984708931015166,0.0,0.6030693314136526,1,Öğrenci Sınıf Listesi - 2026-02-01T155829.374,Erkek,2011.0
0.0,0.0,0.0,0.0,0.0,0.8752968275690365,0.0,0.43068864372180476,1,Öğrenci Sınıf Listesi - 2026-02-01T155831.752,Erkek,2016.0
0.0,0.0,0.0,0.0,0.0,0.9026498534305687,0.0,0.37349903045437965,1,Öğrenci Sınıf Listesi - 2026-02-01T155834.326,Erkek,2013.0
0.0,0.654305080249811,0.6549825040729073,0.0,0.0,1.0941210344612955,0.0,0.5790900770649362,7,Öğrenci Sınıf Listesi - 2026-02-01T155836.722,Kadın,2011.0
0.0,0.0,0.0,0.0,0.0,0.9300028792921011,0.0,0.6025280994872708,1,Öğrenci Sınıf Listesi - 2026-02-01T155839.068,Kadın,2014.0
0.0,0.0,0.0,0.0,0.0,0.7658847241229068,0.0,0.6602589446810775,13,Öğrenci Sınıf Listesi - 2026-02-01T155841.396,Erkek,2011.0
1.0365918686228428,0.8298410579065593,0.8598065017788333,0.7822372718326228,0.7461178895500178,0.966296931217121,0.8629454404094787,0.968365641918081,19,Öğrenci Sınıf Listesi - 2026-02-01T155843.834,Erkek,2016.0
1.0945020288811023,0.9749021386872813,1.0179000538533272,0.9128122713534502,0.9071994647009478,0.9939931662940248,1.0022595269197399,0.9069953885758111,14,Öğrenci Sınıf Listesi - 2026-02-01T155846.273,Erkek,2013.0
1.014108285000486,0.6834543220121756,0.620338663558838,0.6759488982477972,0.6423789902732471,0.8825224138714337,0.9680222951957771,0.6791250551500061,4,Öğrenci Sınıf Listesi - 2026-02-01T155848.761,Kadın,2012.0
1.0945020288811023,0.6625411775605735,0.6982922478530637,0.7395936928350666,0.8074292013203526,1.0480880778729564,0.6923098533008171,0.933478188959979,19,Öğrenci Sınıf Listesi - 2026-02-01T155851.653,Erkek,2012.0
1.0745374262142144,1.0501998329535953,1.1118222911631352,1.0617524275788295,1.0186557220066155,0.9470844143152356,1.0861158692108315,1.0432912168046582,14,Öğrenci Sınıf Listesi - 2026-02-01T155854.769,Erkek,2020.0
0.9344536155849853,0.9539094100103449,0.9204961472427207,0.8312504128907484,0.8345780548270947,1.0154306451415815,1.1223197315178592,0.8601245826772113,12,Öğrenci Sınıf Listesi - 2026-02-01T155857.329,Kadın,2017.0
0.9239570488310838,0.7495207818074853,0.6625063154274677,0.7927613466764156,0.714428833552461,1.029870152369617,1.1076689860496156,0.7974043515366673,0,Öğrenci Sınıf Listesi - 2026-02-01T155900.032,Erkek,2019.0
1.034106206125112,0.8811095065577395,0.9045683259887998,0.8461885976994464,0.8197274378459475,1.04863599295332,0.9082783442780837,0.8511092484276381,12,Öğrenci Sınıf Listesi - 2026-02-01T155902.509,Erkek,2012.0
0.9855109896718643,0.8884063472778895,0.9651874321355346,0.8677621459462728,0.9238521583524179,0.988904281184243,0.8008408622232905,0.8761552144776508,9,Öğrenci Sınıf Listesi - 2026-02-01T155904.874,Erkek,2016.0
1.0911245934302563,0.993583937191166,1.0461589741866384,1.037403565658849,0.9003999207848988,1.0170037090945574,1.042567117389584,0.8741219218362815,3,Öğrenci Sınıf Listesi - 2026-02-01T155907.225,Erkek,2016.0
0.0,0.0,0.0,0.0,0.0,1.066768008599763,0.0,0.43068864372180476,1,Öğrenci Sınıf Listesi - 2026-02-01T155909.747,Erkek,2013.0
0.0,0.0,0.0,0.0,0.0,1.066768008599763,0.0,0.6597177127546958,1,Öğrenci Sınıf Listesi - 2026-02-01T155912.064,Erkek,2016.0
0.0,0.0,0.0,0.0,0.0,1.0120619568766984,0.0,0.8320984004465437,13,Öğrenci Sınıf Listesi - 2026-02-01T155914.438,Kadın,2013.0
0.0,0.0,0.0,0.0,0.0,0.7111786723998421,0.0,0.6025280994872708,13,Öğrenci Sınıf Listesi - 2026-02-01T155916.808,Erkek,2013.0
0.0,0.0,0.4138826927895856,0.0,0.0,0.8752968275690365,0.0,0.39245032434259364,13,Öğrenci Sınıf Listesi - 2026-02-01T155919.226,Erkek,2014.0
0.0,0.0,0.0,0.0,0.0,0.847943801707504,0.0,0.4592834503555173,1,Öğrenci Sınıf Listesi - 2026-02-01T155921.537,Kadın,2012.0
0.0,0.0,0.0,0.0,0.0,0.8479438017075039,0.0,0.5438802602438009,1,Öğrenci Sınıf Listesi - 2026-02-01T155924.060,Erkek,2011.0
0.6825000000000001,0.0,0.0,0.0,0.0,1.0120619568766984,0.0,0.6184241910276203,1,Öğrenci Sınıf Listesi - 2026-02-01T155926.471,Erkek,2013.0
0.0,0.0,0.6208240391843783,0.0,0.0,0.6564726206767774,0.0,0.6195814045151927,7,Öğrenci Sınıf Listesi - 2026-02-01T155928.888,Erkek,2012.0
0.0,0.0,0.0,0.0,0.0,0.930002879292101,0.0,0.8320984004465437,13,Öğrenci Sınıf Listesi - 2026-02-01T155931.206,Erkek,2011.0
0.0,0.0,0.0,0.0,0.0,0.9573559051536336,0.0,0.5456091021830365,1,Öğrenci Sınıf Listesi - 2026-02-01T155933.511,Erkek,2011.0
0.7428148148148148,0.7212215283340604,0.6777278496862221,0.5921324711268166,0.659386577395978,0.8036541172481482,0.6727583328738526,0.5544020175237441,8,Öğrenci Sınıf Listesi - 2026-02-01T155936.236,Erkek,2014.0
0.0,0.0,0.0,0.5176556685024979,0.520267861582049,0.9026498534305688,0.0,0.6027987154504616,13,Öğrenci Sınıf Listesi - 2026-02-01T155938.776,Kadın,2011.0
0.0,0.8333361864591244,0.834198967144153,0.0,0.0,0.9300028792921011,0.0,0.6597177127546958,5,Öğrenci Sınıf Listesi - 2026-02-01T155941.376,Kadın,2014.0
0.0,0.0,0.8588065875383901,0.0,0.0,0.7385316982613745,0.0,0.48242794036457565,7,Öğrenci Sınıf Listesi - 2026-02-01T155943.947,Erkek,2012.0
0.0,0.0,0.0,0.0,0.0,0.9573559051536336,0.0,0.7746381712159277,13,Öğrenci Sınıf Listesi - 2026-02-01T155946.521,Kadın,2015.0
0.0,0.0,0.0,0.0,0.0,0.8260613810182781,0.0,0.4596893743003035,1,Öğrenci Sınıf Listesi - 2026-02-01T155949.268,Erkek,2014.0
1.05,0.8570683404386389,0.8846068910769652,0.8646492636482798,0.7019322380458973,0.8816842363574836,1.0217083538716014,0.7978794214841276,0,Öğrenci Sınıf Listesi - 2026-02-01T155951.845,Kadın,2016.0
0.9975025104485177,0.9656094603061322,0.982011036589548,0.9284539619679492,0.8832820964922264,0.9081497751541251,1.110001626601999,0.9300327172231043,12,Öğrenci Sınıf Listesi - 2026-02-01T155954.517,Erkek,2018.0
1.0184379693292358,0.9543045552411061,0.8590180268046418,0.8736084211537712,0.7754429648008699,1.0250022716138056,0.8593524557428275,0.9136406532803215,9,Öğrenci Sınıf Listesi - 2026-02-01T155957.042,Erkek,2013.0
0.735,1.0023046058200802,0.9424341976941649,0.9355930811005108,0.9378331848742555,0.9409042653396338,1.0045239823319037,0.8934320194986501,18,Öğrenci Sınıf Listesi - 2026-02-01T160000.058,Erkek,2020.0
1.0387763203472056,0.9913655682727417,1.0148187348412503,0.885726499452176,1.0211279752578695,0.806098752440784,1.0467874768383079,0.9869250137027306,18,Öğrenci Sınıf Listesi - 2026-02-01T160002.760,Kadın,2017.0
0.735,0.9267729197114124,0.9772005430478534,0.8163100736106357,0.8582608898358666,0.9907824150648881,1.0377415825458716,1.0096641511045539,19,Öğrenci Sınıf Listesi - 2026-02-01T160005.458,Erkek,2017.0
0.9476087744127664,0.9206352058701412,0.8236290022846343,0.8160293947917157,0.8141929192373305,0.9568786559065728,0.9839683173416578,0.7667115436462176,0,Öğrenci Sınıf Listesi - 2026-02-01T160008.241,Erkek,2019.0
0.6300000000000001,1.0063455635273508,1.0134106867015276,0.9309625234830604,0.7333352004664521,0.9441555609957458,0.9487187837520006,0.9970597591186897,19,Öğrenci Sınıf Listesi - 2026-02-01T160011.159,Erkek,2021.0
0.9187500000000001,0.6429448305042037,0.5811049697951477,0.5958244501316969,0.6550504129925373,0.5866889125694222,0.5585728928988778,0.5572804970921126,11,Öğrenci Sınıf Listesi - 2026-02-01T160013.784,Erkek,2016.0
0.5545833333333333,0.6220050417784522,0.5995160637449701,0.6577252283113971,0.5595355142895784,0.7244612271269356,0.8334670533805374,0.5821144985444261,11,Öğrenci Sınıf Listesi - 2026-02-01T160016.438,Erkek,2016.0
0.8005555555555556,0.5997766224077218,0.6304531274617563,0.5881386737630234,0.6653454716203178,0.7300332199376726,0.6985531817571863,0.5159018712209452,4,Öğrenci Sınıf Listesi - 2026-02-01T160018.982,Erkek,2016.0
0.0,0.514159236444077,0.5552018954005163,0.6191269150497897,0.4673861584794646,0.729847773673183,0.8922911328646284,0.4888231419250747,8,Öğrenci Sınıf Listesi - 2026-02-01T160021.672,Erkek,2016.0
0.5864375000000001,0.6414887562004646,0.713004038283983,0.7473239808885007,0.7444627599983356,0.8459566101964556,0.9097981650359415,0.7693204434781094,2,Öğrenci Sınıf Listesi - 2026-02-01T160024.316,Erkek,2016.0
0.525,0.0,0.0,0.0,0.0,0.8205907758459716,0.0,0.49794170889263323,1,Öğrenci Sınıf Listesi - 2026-02-01T160026.909,Erkek,2013.0
0.0,0.654305080249811,0.6549825040729073,0.0,0.0,0.9682971154982465,0.0,0.6025280994872708,7,Öğrenci Sınıf Listesi - 2026-02-01T160029.453,Kadın,2015.0
0.6151714312705528,0.5684922968449377,0.5312366217651258,0.6193376267331434,0.53854617315962,0.628759173057017,0.8033557012944588,0.49919085474473657,10,Öğrenci Sınıf Listesi - 2026-02-01T160032.078,Kadın,2016.0
0.525,0.6733663576251759,0.5075298511864107,0.6507454561910457,0.6047258541337691,0.6733766977796599,0.7669582600917824,0.40104231685522024,10,Öğrenci Sınıf Listesi - 2026-02-01T160034.671,Kadın,2016.0
0.0,0.7922878124918104,0.6931967073567522,0.7308697109511172,0.6435659848921654,0.794052407755407,0.6547780868327867,0.5834901446012047,2,Öğrenci Sınıf Listesi - 2026-02-01T160037.221,Erkek,2016.0
0.8633985000288462,0.5842547869274303,0.5062692415093224,0.6101875221762383,0.5879904754379672,0.7646225219979722,0.7392078829007963,0.5491987721230275,4,Öğrenci Sınıf Listesi - 2026-02-01T160039.861,Kadın,2016.0
0.0,0.9434802853833334,0.9495079818311812,0.9637553419038111,0.0,0.8823906634949407,0.7408865711643178,0.9312360587765673,5,Öğrenci Sınıf Listesi - 2026-02-01T160042.382,Erkek,2016.0
0.8346185500278845,0.6501533025359669,0.6398659514782982,0.6077978919141144,0.4622508464074563,0.9900959445974032,0.756425958295998,0.5582292772666924,4,Öğrenci Sınıf Listesi - 2026-02-01T160044.959,Erkek,2016.0
0.6385551406463341,0.6019912959311051,0.497697925700196,0.6895891752705244,0.6792324530420247,0.7527507292867501,0.8912722255143555,0.47403370113410265,10,Öğrenci Sınıf Listesi - 2026-02-01T160047.398,Erkek,2016.0
0.56300777189381,0.5617373405894334,0.4006481067205015,0.5692560029206213,0.5497634198294111,0.4123851776747158,0.5989292365966727,0.4705936228122156,10,Öğrenci Sınıf Listesi - 2026-02-01T160049.988,Erkek,2016.0
0.6049212962962964,0.5668657138594451,0.5673993587654511,0.6587431268829699,0.6918257952144544,0.6789591797884822,0.7441842158561442,0.48810393604483077,10,Öğrenci Sınıf Listesi - 2026-02-01T160052.646,Erkek,2014.0
0.8730292619880801,0.7573607219219544,0.6241518386287549,0.8399605491546197,0.7175332489809111,0.9486610270498365,0.7358303329546639,0.5333296152278157,4,Öğrenci Sınıf Listesi - 2026-02-01T160055.279,Erkek,2013.0
0.9631249999999999,0.6806777615550628,0.6407193554036494,0.6018109547997827,0.6397854226007713,0.8236029167546506,0.9091720363499148,0.648736170977465,11,Öğrenci Sınıf Listesi - 2026-02-01T160058.085,Erkek,2016.0
0.9207173677342007,0.7798466969305853,0.6975086644928954,0.8033720191256887,0.5932949778545641,0.8656409431542855,0.9667555245884477,0.7549155953338271,8,Öğrenci Sınıf Listesi - 2026-02-01T160100.560,Erkek,2016.0
0.7521010371345026,0.682664002593051,0.5087293028736557,0.618416213821394,0.645892647608194,0.7586052898210476,0.8887600378225775,0.6395853620945209,11,Öğrenci Sınıf Listesi - 2026-02-01T160103.126,Erkek,2013.0
0.49915225782917666,0.5033693765834016,0.4221431092243318,0.46277353153731293,0.5365444963837767,0.7594985674187312,0.8405874521364093,0.4995606630500166,4,Öğrenci Sınıf Listesi - 2026-02-01T160105.476,Erkek,2013.0
0.893988098986879,0.6444540022127163,0.7351978842963951,0.6475223938610906,0.73468617807082,0.9166347410975302,1.0110613144133183,0.7755285004597119,8,Öğrenci Sınıf Listesi - 2026-02-01T160108.017,Erkek,2017.0
0.9283043478260872,0.8145149185557293,0.7205227463485955,0.8515526366546118,0.90612695456695,0.8365462538901188,0.8469016629160276,0.8648587496642007,6,Öğrenci Sınıf Listesi - 2026-02-01T160110.439,Erkek,2011.0
0.0,0.4599155332143965,0.5463054265853894,0.6211868022029976,0.6243214338984588,0.7932377499844393,0.0,0.5671252052259176,7,Öğrenci Sınıf Listesi - 2026-02-01T160113.009,Erkek,2014.0
0.0,0.5647895271451543,0.5653742725372845,0.0,0.0,0.8534144068798105,0.0,0.5152779131547123,7,Öğrenci Sınıf Listesi - 2026-02-01T160115.690,Erkek,2015.0
0.0,0.5443116060436862,0.5448751499626499,0.7661303893836968,0.7699964351414325,0.7385316982613745,0.0,0.7743675552527368,5,Öğrenci Sınıf Listesi - 2026-02-01T160118.058,Erkek,2012.0
0.0,0.7944677019792297,0.7874693400858123,0.2070622674009992,0.0,0.7549435137782939,0.0,0.5487968385303454,5,Öğrenci Sınıf Listesi - 2026-02-01T160120.585,Erkek,2012.0
0.7349999999999999,0.0,0.0,0.6211868022029976,0.6243214338984588,0.6564726206767773,0.0,0.5178843370123494,13,Öğrenci Sınıf Listesi - 2026-02-01T160123.017,Erkek,2013.0
0.9450000000000003,0.0,0.0,0.9317802033044963,0.9364821508476883,0.9026498534305688,0.0,0.6427290424809822,4,Öğrenci Sınıf Listesi - 2026-02-01T160125.356,Erkek,2013.0
0.9450000000000002,0.7425672251404295,0.5763128192277719,0.7382846418319887,0.39719579985530407,0.8897860365143643,0.7780947906090192,0.6063263316999088,8,Öğrenci Sınıf Listesi - 2026-02-01T160127.764,Erkek,2016.0
0.0,0.8779502769467232,0.8555307711583423,0.8479099704849654,0.691760940750561,0.744738107470535,0.6740638853971815,0.7518300716239978,5,Öğrenci Sınıf Listesi - 2026-02-01T160130.070,Erkek,2016.0
1.0195601851851852,0.8604129330968571,0.9176333291024885,0.9376200403153321,0.843349331617074,1.0902220450586833,1.1019139182175344,0.9432739447079803,12,Öğrenci Sınıf Listesi - 2026-02-01T160132.754,Kadın,2018.0
0.9139882558899113,0.9013589509396686,0.8675468331218431,0.8818884524855398,0.8244319249213263,0.7288258701274448,1.0310881789654922,0.8901639271372795,6,Öğrenci Sınıf Listesi - 2026-02-01T160135.075,Kadın,2014.0
0.8800000000000001,0.9426264317353426,0.8914894710933742,0.9400253402349414,0.8543130914625373,0.9688350381254699,0.9198776271184089,0.8975227723332826,9,Öğrenci Sınıf Listesi - 2026-02-01T160137.417,Erkek,2011.0
1.0499891561556634,1.0163330800840253,1.0118752508659252,1.0374947695049936,0.9650681555137447,0.9100244896173149,0.9236410328542212,0.9904713110254153,18,Öğrenci Sınıf Listesi - 2026-02-01T160139.884,Erkek,2015.0
0.8589166666666667,0.7058407027373367,0.5933217816945844,0.7104721897196533,0.5648550395067339,0.7755441967531255,1.028090512858447,0.6493055729372019,11,Öğrenci Sınıf Listesi - 2026-02-01T160142.303,Erkek,2016.0
0.0,0.0,0.0,0.0,0.0,0.8205907758459716,0.0,0.7746381712159277,13,Öğrenci Sınıf Listesi - 2026-02-01T160144.814,Erkek,2015.0
0.0,0.0,0.6208240391843783,0.5176556685024979,0.520267861582049,0.6920315542967694,0.0,0.4949671318312386,7,Öğrenci Sınıf Listesi - 2026-02-01T160147.368,Erkek,2017.0
0.8779535772553425,0.7315443231561932,0.6506902798219247,0.5837352030152518,0.6885768494794086,0.9878335041643361,0.95149851480569,0.669493641775496,4,Öğrenci Sınıf Listesi - 2026-02-01T160150.093,Kadın,2019.0
0.9322506324391048,0.9409887513626288,0.8786233004850653,0.9312926744418389,0.8949461901162911,0.9687958139579655,1.0690710496347602,0.8326973959638226,12,Öğrenci Sınıf Listesi - 2026-02-01T160152.932,Erkek,2020.0
1.087884912333373,1.0202616729537943,0.9711080490074193,0.9959772085967462,1.0051502654855966,1.000391746625322,1.0391274506211134,0.943387824757985,3,Öğrenci Sınıf Listesi - 2026-02-01T160155.535,Erkek,2020.0
0.8767872920604646,0.665732770751395,0.5236072322557687,0.6379469853576145,0.668618082006798,0.7011867029007978,0.757237911953301,0.5898756514684225,11,Öğrenci Sınıf Listesi - 2026-02-01T160158.009,Erkek,2012.0
1.05,1.0619417784760776,1.061218442909622,1.0274106311676732,0.990466891274261,0.9411372980132158,1.034628492204381,1.0761495753193935,14,Öğrenci Sınıf Listesi - 2026-02-01T160200.827,Kadın,2022.0
1.1079709351340483,1.0593304564520223,1.0551182169284192,1.0645447844059976,1.0931074292911485,1.087677001877742,1.0519166658783812,1.113309770137952,17,Öğrenci Sınıf Listesi - 2026-02-01T160203.620,Erkek,2021.0
0.748728386743765,1.0535167713615003,1.040234684713798,1.013048102900762,0.8873419069303086,1.0736234786527137,1.0097747582723722,1.0830254707039026,18,Öğrenci Sınıf Listesi - 2026-02-01T160206.331,Erkek,2021.0
0.9848630534524877,0.931648918015984,0.9354650538127938,0.7934775694638795,0.7174308662371596,0.7124900048968885,0.7822622722096964,0.9256568944408006,19,Öğrenci Sınıf Listesi - 2026-02-01T160209.074,Erkek,2021.0
1.0655469487519726,0.7094635726135006,0.5469979204669196,0.6721739155401566,0.5897475047988637,0.8964584474571177,0.970045602825355,0.7293026944773692,8,Öğrenci Sınıf Listesi - 2026-02-01T160211.458,Erkek,2009.0
1.1241693406184645,1.046224678261547,1.0974140399823906,1.017353389399093,1.1276742545015448,1.1059010400894453,1.0381731637848561,1.1039909235128633,17,Öğrenci Sınıf Listesi - 2026-02-01T160213.939,Erkek,2016.0
1.009763888888889,1.0529411674483766,0.9289320185253396,1.059264575894039,1.0255565181341817,1.1252111238470341,1.1223197315178592,1.0325810163865399,17,Öğrenci Sınıf Listesi - 2026-02-01T160216.598,Erkek,2019.0
0.841669148970251,0.8951288001593171,0.8116558978320279,0.8028251301780797,0.7898350894286504,0.9645087711790694,0.945257558495389,0.7259067230400744,0,Öğrenci Sınıf Listesi - 2026-02-01T160219.225,Erkek,2011.0
0.9152083333333335,0.7059849893473191,0.7060820668812331,0.7518701910380639,0.6329178430294403,0.9058484529272051,0.8620336353591734,0.7455427394334059,8,Öğrenci Sınıf Listesi - 2026-02-01T160221.869,Kadın,2012.0
0.0,0.0,0.0,0.0,0.0,0.9300028792921011,0.0,0.8892880137139688,13,Öğrenci Sınıf Listesi - 2026-02-01T160224.418,Erkek,2011.0
0.0,0.0,0.0,0.0,0.0,0.8205907758459716,0.0,0.3732284144911889,1,Öğrenci Sınıf Listesi - 2026-02-01T160227.894,Erkek,2015.0
1.0696064814814816,1.0008040467372579,0.9598588703717544,0.9176172836747699,0.894425887687002,1.0809580214516143,1.0608007130747472,0.9749385810620423,14,Öğrenci Sınıf Listesi - 2026-02-01T160230.659,Erkek,2018.0
1.0909027777777778,0.9712239217323162,0.9009012391120788,0.9821654289192898,0.8682415009725699,1.0594627409833048,1.049912006903804,0.9547840442621178,3,Öğrenci Sınıf Listesi - 2026-02-01T160233.899,Erkek,2019.0
1.1366898148148148,1.0817074522883934,1.086302264074508,1.0640384463194255,1.074353321555792,1.0087411286644516,1.1223197315178592,1.0341357500974029,17,Öğrenci Sınıf Listesi - 2026-02-01T160236.932,Erkek,2019.0
1.1303009259259258,1.0397979250654639,1.0806472811830006,1.018808647578814,1.0647660275921438,0.9499418516689556,1.0605918940367403,1.0690340692132554,14,Öğrenci Sınıf Listesi - 2026-02-01T160239.824,Erkek,2018.0
0.0,0.628707678872976,0.5729062063245622,0.2070622674009992,0.2081071446328196,0.9300028792921011,0.0,0.5939645326346324,7,Öğrenci Sınıf Listesi - 2026-02-01T160242.697,Erkek,2012.0
0.8037222222222223,0.5819275828870494,0.4237793815386022,0.512383034314575,0.504459654145138,0.763301379820825,0.724984659707585,0.5426554255571995,4,Öğrenci Sınıf Listesi - 2026-02-01T160245.249,Erkek,2012.0
0.9346944444444445,0.8684212013545571,0.8164197080961602,0.8546419956662648,0.7117846285571736,0.9230496247224499,0.8886655963788556,0.8205192354349472,9,Öğrenci Sınıf Listesi - 2026-02-01T160248.014,Kadın,2012.0
0.8450370370370371,0.4913810912365702,0.5370907289190283,0.6099013477622512,0.5751248198111851,0.7234268263765019,1.0110613144133183,0.5808893676612895,10,Öğrenci Sınıf Listesi - 2026-02-01T160250.580,Erkek,2014.0
1.0302185888088524,0.8690733745272226,0.8362326456586228,0.8415715831967021,0.7546376085059662,1.0675816255866388,1.0027524878499083,0.8742958426068418,12,Öğrenci Sınıf Listesi - 2026-02-01T160253.215,Erkek,2016.0
0.8662500000000001,0.7458513535738499,0.6881666145128933,0.6846319006579403,0.7454845776718958,1.0371089570220577,1.0531965042431715,0.616954303775294,16,Öğrenci Sınıf Listesi - 2026-02-01T160255.873,Erkek,2019.0
0.664412126975323,0.7133464471350411,0.5613930446107723,0.6448467214456997,0.6656336871347643,0.6718460768717885,0.9270052490242221,0.49566362600851704,10,Öğrenci Sınıf Listesi - 2026-02-01T160258.482,Erkek,2015.0
1.0885328485527492,1.047109769097314,1.1004332418499043,1.0256037800087194,0.9896879116105346,1.1254050286924067,1.1223197315178592,1.1040149731514182,17,Öğrenci Sınıf Listesi - 2026-02-01T160300.962,Erkek,2017.0
0.7140000000000002,0.4844061835025341,0.586169324374725,0.5229362125440596,0.6536814540175879,0.48227019254676246,0.7486910900351887,0.6335027919659408,11,Öğrenci Sınıf Listesi - 2026-02-01T160304.747,Erkek,2016.0
1.1196337870828281,0.9156616037542258,0.7161919820320515,0.8769021033299149,0.9739533902749996,0.934456456635853,1.0800120645713762,0.8182325674008076,16,Öğrenci Sınıf Listesi - 2026-02-01T160307.586,Erkek,2019.0
0.9090545157854211,0.7695384726210247,0.7853616595402856,0.7984498680459194,0.6943901873039998,0.9204311860510064,0.9236410328542212,0.6840753434237511,0,Öğrenci Sınıf Listesi - 2026-02-01T160310.275,Erkek,2016.0
0.8534615881629056,0.7797961082111918,0.8314423668251802,0.7903419464767913,0.707671231189053,0.9703419796502745,0.8027283808385232,0.658616073571834,8,Öğrenci Sınıf Listesi - 2026-02-01T160312.775,Erkek,2016.0
1.037993823441372,0.9554873883201898,0.9439027432649115,0.9397593580206399,0.955469892269739,1.02571708441112,1.049043114208435,0.9337031179908253,3,Öğrenci Sınıf Listesi - 2026-02-01T160315.577,Erkek,2017.0
1.0434364876841358,1.0184431827674472,1.069699973961345,1.0372780553703065,0.8660402218801645,1.061789340830264,1.0675588350861296,1.0535293972051438,14,Öğrenci Sınıf Listesi - 2026-02-01T160318.042,Kadın,2013.0
0.0,0.0,0.0,0.0,0.0,1.0941210344612955,0.0,0.7174485579485027,1,Öğrenci Sınıf Listesi - 2026-02-01T160320.407,Erkek,2011.0
0.0,0.0,0.0,0.0,0.0,0.8479438017075039,0.0,0.8035577170054693,13,Öğrenci Sınıf Listesi - 2026-02-01T160322.787,Erkek,2013.0
1.1075821734024227,1.029548030063679,1.0332105661648956,1.0356123508478785,0.8827833754059661,1.0611938739463265,1.046601018490282,1.0112154759652132,14,Öğrenci Sınıf Listesi - 2026-02-01T160325.504,Erkek,2019.0
1.1241693406184645,0.9233884626139685,1.0218405980734133,0.9532589544006331,1.0384528124593477,0.9703024461658578,1.0072317493404646,1.0136313007138236,14,Öğrenci Sınıf Listesi - 2026-02-01T160328.038,Erkek,2014.0
0.0,0.0,0.0,0.0,0.0,1.066768008599763,0.0,0.9467482429445847,13,Öğrenci Sınıf Listesi - 2026-02-01T160330.460,Erkek,2013.0
0.0,0.0,0.0,0.0,0.0,0.847943801707504,0.0,0.7743675552527368,13,Öğrenci Sınıf Listesi - 2026-02-01T160332.872,Erkek,2013.0
0.0,0.0,0.0,0.0,0.0,0.9573559051536336,0.0,0.9467482429445847,13,Öğrenci Sınıf Listesi - 2026-02-01T160335.282,Erkek,2013.0
0.0,0.0,0.0,0.0,0.0,1.0120619568766984,0.0,0.8892880137139688,13,Öğrenci Sınıf Listesi - 2026-02-01T160337.816,Erkek,2013.0
0.9113650833637821,0.7974998245315553,0.7983255026385425,0.0,0.0,0.9026498534305688,0.0,0.9356241578595033,5,Öğrenci Sınıf Listesi - 2026-02-01T160340.461,Erkek,2013.0
0.9948965532368962,0.7114557072529746,0.5459963797048578,0.7037392678708657,0.7299701558399048,0.8095323644765473,0.7147420728457696,0.7351302337822805,8,Öğrenci Sınıf Listesi - 2026-02-01T160343.087,Kadın,2010.0
0.8700487553789475,0.7900002164138286,0.7755719734970548,0.833459828669035,0.7965547616964246,0.9997894141975064,0.8450998474369351,0.5525272530305908,16,Öğrenci Sınıf Listesi - 2026-02-01T160345.761,Erkek,2014.0
0.7948881539312577,0.7432891778074869,0.557421165870488,0.737351833780635,0.46490365813631324,0.798518933928973,0.8072230212101359,0.4770783971089681,4,Öğrenci Sınıf Listesi - 2026-02-01T160348.443,Erkek,2012.0
0.9003721704457742,0.5643795838944928,0.5925409903691613,0.5871728319418279,0.7356162735104947,0.8081766701210581,0.7736436253741246,0.6159301397265231,4,Öğrenci Sınıf Listesi - 2026-02-01T160351.053,Kadın,2012.0
0.8717004086829697,1.036881316537342,0.9013521797618157,0.942093344989363,0.8983164319495569,1.0429873565441579,1.0907662450287285,0.9699075942318814,14,Öğrenci Sınıf Listesi - 2026-02-01T160353.702,Erkek,2019.0
0.9813333333333335,0.8565129049402957,0.8771887089071004,0.9333833373128747,0.8479159399159105,0.8654930896523886,0.9375169344332657,0.7897690434775196,0,Öğrenci Sınıf Listesi - 2026-02-01T160356.169,Erkek,2014.0
1.0598711993191476,1.0071148740504885,0.9410942186443004,1.0046266528795207,1.0658702935407083,1.0734794117073423,1.0946394630357186,0.8833993476666488,3,Öğrenci Sınıf Listesi - 2026-02-01T160358.661,Erkek,2017.0
1.090340333865652,1.1073947383656986,1.1025924046205424,1.055131474551483,1.0595521895674582,1.0700627791237958,1.0625109509866495,1.1062727735887818,17,Öğrenci Sınıf Listesi - 2026-02-01T160401.180,Erkek,2019.0
1.096308083185269,1.0388098944259523,0.9814902422700413,1.0058087645060947,0.8756403605876744,0.8931544628335645,1.0187209870700569,0.9570804148022819,14,Öğrenci Sınıf Listesi - 2026-02-01T160403.593,Erkek,2017.0
0.8130434782608699,0.9617067806271624,0.9569481075614699,0.9759914291110268,0.8392824085916093,1.0178954417963686,1.0366391698422188,0.9795105109831249,18,Öğrenci Sınıf Listesi - 2026-02-01T160406.004,Erkek,2011.0
0.9025979634497195,0.6193660292362242,0.5773999614130344,0.5656442611581998,0.5332653206417827,0.8005074379385924,0.9155465873099295,0.5040527465379705,10,Öğrenci Sınıf Listesi - 2026-02-01T160408.415,Erkek,2013.0
0.9113650833637821,0.0,0.7242947123817745,0.0,0.0,1.0120619568766982,0.0,0.41743762078896834,13,Öğrenci Sınıf Listesi - 2026-02-01T160410.933,Erkek,2012.0
0.0,0.0,0.0,0.0,0.0,0.7932377499844391,0.0,0.5453384862198457,1,Öğrenci Sınıf Listesi - 2026-02-01T160413.387,Erkek,2015.0
0.0,0.0,0.0,0.0,0.0,1.0394149827382306,0.0,0.7746381712159277,13,Öğrenci Sınıf Listesi - 2026-02-01T160416.002,Erkek,2016.0
1.0516004840482813,0.9295568069551122,1.0141572449717005,0.9515325990453378,1.0193396605800156,0.9972421155159953,0.9652637597846118,1.022482124406518,14,Öğrenci Sınıf Listesi - 2026-02-01T160418.563,Erkek,2015.0
0.8429909966137386,0.588899542862679,0.469479957459635,0.5837605779300655,0.5770179159306272,0.7109843818049308,0.7367254217884747,0.4799950196764358,10,Öğrenci Sınıf Listesi - 2026-02-01T160421.087,Erkek,2013.0
1.0361540113135732,0.659613501927517,0.664470019199287,0.6719815553345562,0.6789780623492041,1.0282949339372083,0.9855168425437587,0.5902868002372565,16,Öğrenci Sınıf Listesi - 2026-02-01T160423.536,Erkek,2015.0
0.9572685185185186,0.6364764925615158,0.5265426536161046,0.5864060710391356,0.5950382684090255,0.7078458712576932,0.6211800046225895,0.6660478175105717,11,Öğrenci Sınıf Listesi - 2026-02-01T160426.031,Erkek,2014.0
0.9558842592592591,0.8163699080162545,0.8828501519515115,0.7797686459454026,0.8156469735937335,0.98723335275944,0.8732836602855613,0.6259250989853087,16,Öğrenci Sınıf Listesi - 2026-02-01T160428.516,Erkek,2016.0
0.8222310623889518,0.773451540459644,0.7825913793912581,0.8156421992986652,0.6809063343175502,1.0278726051192335,0.9365610132422252,0.6794554493000153,0,Öğrenci Sınıf Listesi - 2026-02-01T160430.911,Erkek,2011.0
0.9807162616484772,0.8887313498534308,0.8684799430189261,0.7290841498057289,0.7020041626193751,0.957492810037021,1.0225461614414364,0.7025609141296955,0,Öğrenci Sınıf Listesi - 2026-02-01T160433.856,Kadın,2016.0
0.7216713611416979,0.5837534600025703,0.4806709944882394,0.6536762306873614,0.4168497622613865,0.8138707183106003,0.8624657040290935,0.5441150747450955,4,Öğrenci Sınıf Listesi - 2026-02-01T160436.383,Erkek,2012.0
0.9682361111111111,0.7106241215671137,0.7520406589245765,0.6382333550924064,0.544052822191291,0.9219238984289141,0.7366701465276554,0.6858210070547084,8,Öğrenci Sınıf Listesi - 2026-02-01T160439.078,Erkek,2011.0
0.7174722222222222,0.642298866395138,0.5540681860831521,0.6902292051887257,0.5644289088844372,0.8975883626277799,0.8584533998299677,0.5655344025015447,4,Öğrenci Sınıf Listesi - 2026-02-01T160441.667,Erkek,2012.0
0.9761157407407408,0.6192161118961759,0.6641636304867085,0.6242818791885769,0.6180835679892035,0.9022010590262531,0.9969755042580511,0.771040154051124,8,Öğrenci Sınıf Listesi - 2026-02-01T160444.342,Erkek,2013.0
0.8928472222222225,0.6549248973663032,0.5735488535339706,0.6003976623908612,0.6217791769266207,0.7622171581618282,0.9107210524662173,0.6110403397503668,4,Öğrenci Sınıf Listesi - 2026-02-01T160446.787,Erkek,2013.0
1.0408564814814816,0.8741627177702115,0.9249028977806321,0.7949716561063139,0.9486058568212439,0.8975137766377057,1.0114521087891883,0.9328436829353612,18,Öğrenci Sınıf Listesi - 2026-02-01T160449.249,Erkek,2012.0
1.052857142857143,1.0657584041559238,0.9573855130786619,1.0709555363005883,0.9972431537408679,1.0313067734841985,1.030632030463251,1.0403033211209005,14,Öğrenci Sınıf Listesi - 2026-02-01T160451.713,Erkek,2022.0
0.9711268056017031,0.8846365318698806,0.8846091960192682,0.8606428802089305,0.8087084097307451,0.7816639004320163,1.0258081274068092,0.9579965232075845,6,Öğrenci Sınıf Listesi - 2026-02-01T160454.448,Erkek,2020.0
1.0120115810443688,1.0293622183087277,0.9953923231481918,1.0454228561052061,0.9788302216356938,1.0392170215229266,1.0404518965778238,0.987537095842922,14,Öğrenci Sınıf Listesi - 2026-02-01T160457.241,Erkek,2020.0
0.9805866744046018,0.891669875631242,0.928545928537164,0.7993308363135236,0.8167275381350769,0.8688837475921753,1.0159708859909655,0.9533328279486621,6,Öğrenci Sınıf Listesi - 2026-02-01T160459.913,Kadın,2020.0
1.034494967856738,1.0052932366454945,0.9894952414235917,0.949393779731586,0.8952312986045132,1.0597637805712112,1.046601018490282,1.0306746085794634,14,Öğrenci Sınıf Listesi - 2026-02-01T160502.708,Erkek,2019.0
1.1241693406184645,1.0657076296937538,1.0798334486349201,1.061643150839866,1.0874685510303521,0.9794345652007663,1.0258081274068092,1.087202958150056,17,Öğrenci Sınıf Listesi - 2026-02-01T160505.601,Erkek,2020.0
1.1001957005015288,1.0157707857836664,0.9797842733012406,0.9764926693485035,0.9430133251133128,0.9118042935374525,1.0258081274068092,1.0304898895527952,14,Öğrenci Sınıf Listesi - 2026-02-01T160508.154,Kadın,2020.0
1.0902174827231288,1.0097584477087824,1.0234307992935008,0.9545867506846765,0.8870019442996786,0.7731216363349804,1.0552902106829,1.0406171154883495,18,Öğrenci Sınıf Listesi - 2026-02-01T160510.955,Erkek,2019.0
1.0347541423444888,0.6912305281949399,0.7284815494474222,0.6642139935713587,0.8458725159689604,0.9285109135662983,1.0304612052072442,0.9450510520172808,9,Öğrenci Sınıf Listesi - 2026-02-01T160513.764,Kadın,2018.0
1.1241693406184645,1.076539106723159,0.9996461844588159,1.058728632759046,1.0803307674118139,1.0941210344612955,1.0536506658077212,1.0636793815396302,17,Öğrenci Sınıf Listesi - 2026-02-01T160516.608,Erkek,2020.0
1.0041203703703705,0.7522345010736425,0.7747252122126221,0.6690426260325029,0.7138432042582027,0.8060623190074527,0.954563793740507,0.7305488899717338,11,Öğrenci Sınıf Listesi - 2026-02-01T160519.106,Erkek,2015.0
1.048310185185185,0.8224039639731466,0.8552174561943213,0.9115384198051211,0.8560439551034386,0.9550029620497706,0.9470231060164144,0.7712237752447082,0,Öğrenci Sınıf Listesi - 2026-02-01T160521.511,Erkek,2012.0
1.1403677461028803,1.0729944713473154,1.0637618814304906,1.0362958550593009,1.0863478613347326,0.9314220541258862,1.0130002335073578,1.074054309174517,14,Öğrenci Sınıf Listesi - 2026-02-01T160523.962,Erkek,2012.0
0.9668518518518521,0.84640683586091,0.7931448565443431,0.7782177451349407,0.8373884611430719,0.9032564807867015,0.9797246138996846,0.720481383367951,0,Öğrenci Sınıf Listesi - 2026-02-01T160526.364,Erkek,2014.0
1.0418814407576318,0.936979102984853,1.0072670950064992,0.8985734932663858,0.7931457167180501,0.8666749963879837,1.0110613144133183,0.9166130050497849,18,Öğrenci Sınıf Listesi - 2026-02-01T160528.853,Erkek,2014.0
0.8656944444444445,0.8061998988582191,0.8357400652857246,0.8519686797432054,0.7134376445929036,0.6795020180807357,0.954563793740507,0.7780674222945533,6,Öğrenci Sınıf Listesi - 2026-02-01T160531.262,Erkek,2013.0
0.9785648148148148,0.8365705417456301,0.7853159183402255,0.7931898755409077,0.6410939754512716,1.0076958202477835,0.9360251696294297,0.9016751834553915,9,Öğrenci Sınıf Listesi - 2026-02-01T160533.770,Erkek,2013.0
1.0315144612476055,0.8158129462806363,0.8495250938818345,0.8607315825835039,0.8631437942174839,0.7409556990220936,0.946185916463517,0.8919527518459702,6,Öğrenci Sınıf Listesi - 2026-02-01T160536.186,Erkek,2014.0
0.9066898148148149,0.8720734720802811,0.842014131886956,0.8138247033514631,0.7170102437982473,0.8230779269695481,0.808346848589088,0.7144646004106654,6,Öğrenci Sınıf Listesi - 2026-02-01T160538.762,Erkek,2015.0
0.7650694444444445,0.6417792230584827,0.688632177729161,0.5968519843074657,0.6011812330341121,0.8013053363521457,0.7726732761267026,0.6458732401286547,8,Öğrenci Sınıf Listesi - 2026-02-01T160541.230,Erkek,2012.0
0.8814537037037038,0.7997158874559953,0.6974418489884,0.8818311148818334,0.686709106077736,0.8713953846595001,0.941429326396124,0.6315472456373452,0,Öğrenci Sınıf Listesi - 2026-02-01T160543.777,Erkek,2016.0
1.110951441743181,0.7760739607050803,0.7337366641013849,0.8194088070069643,0.7749252398027869,0.8678907343250392,0.7821438982434296,0.7183052419972076,0,Öğrenci Sınıf Listesi - 2026-02-01T160546.314,Erkek,2013.0
1.0671509533133203,1.0133315472807496,1.0014115834892363,0.9974409899922876,0.8534233051936106,1.0251127066011907,1.1098730140538444,0.9688927875588007,14,Öğrenci Sınıf Listesi - 2026-02-01T160548.761,Erkek,2016.0
1.0600231481481481,1.0184330613903718,0.9980628060621699,1.004801041828197,0.9153246352275894,0.901359313411369,0.8298115155963199,0.9579637398579278,18,Öğrenci Sınıf Listesi - 2026-02-01T160551.085,Erkek,2011.0
1.05,0.9416437296204155,1.0351888884947187,0.958836105036737,0.8826194491908381,0.7848710556536709,1.0218104777346981,0.9916810501811064,18,Öğrenci Sınıf Listesi - 2026-02-01T160553.537,Erkek,2016.0
1.0775925925925927,1.0214404085033768,0.9724581924632297,0.9597159540321069,0.9611665955786335,1.0832429047152574,0.9985457866217821,0.8871864223253686,3,Öğrenci Sınıf Listesi - 2026-02-01T160555.962,Kadın,2011.0
1.1201851851851854,0.9554752992935307,0.9577829950850458,0.8592199723468651,0.9086980421659535,1.0342765313764577,1.0110613144133183,1.0005084413049499,14,Öğrenci Sınıf Listesi - 2026-02-01T160558.378,Kadın,2014.0
1.1064158882075446,0.8945846757666427,0.9483917454048147,0.8681738392364746,0.7645282934660745,0.8941370617340204,0.8290169919407117,0.9685148975081439,19,Öğrenci Sınıf Listesi - 2026-02-01T160600.876,Erkek,2014.0
1.1363703703703705,1.1037298494695547,1.1233908036062004,1.105878702667158,1.1402305623982087,1.116558538489164,1.086991767777614,1.136520442978598,17,Öğrenci Sınıf Listesi - 2026-02-01T160603.282,Erkek,2011.0
1.1074074074074072,0.9322067779084952,0.9764889033283546,0.8152404852599557,0.9760751020013423,1.0401664871618568,1.0110613144133183,0.9886125135361856,14,Öğrenci Sınıf Listesi - 2026-02-01T160605.729,Erkek,2015.0
1.0600236549001776,0.9840055663239317,1.0199082604708964,0.9901052102782562,0.8448531869899898,1.0899895286601982,1.06849388421005,1.030044935454965,14,Öğrenci Sınıf Listesi - 2026-02-01T160608.117,Erkek,2015.0
1.0365972222222224,0.8646037589086804,0.8481702280181715,0.8680815082506232,0.6946365289260631,0.9420596893379544,1.0675588350861296,0.8609121914409382,9,Öğrenci Sınıf Listesi - 2026-02-01T160610.674,Erkek,2014.0
0.9641290944324352,0.8105844056826007,0.7365635498590106,0.8467757572661971,0.7427421439590566,1.009345220346094,1.0110613144133183,0.8283343330113553,9,Öğrenci Sınıf Listesi - 2026-02-01T160613.245,Kadın,2014.0
1.0548401651451644,0.8649818146689965,0.9627863567537289,0.9059408334809655,0.8885679612984786,0.980966721136538,0.9994285203569205,0.8549967003063024,12,Öğrenci Sınıf Listesi - 2026-02-01T160615.701,Erkek,2014.0
1.1403677461028803,1.0977828241052374,1.0801992623991783,1.0177464279722086,1.0102514856930123,1.0992997947994394,1.1328432811871068,1.078293216173227,17,Öğrenci Sınıf Listesi - 2026-02-01T160618.467,Erkek,2018.0
1.1163941059859446,0.9652190360610079,0.9452761226633878,0.907351230418933,0.8298838060260908,0.9682326674370202,0.8769423085602306,0.9727960733678113,18,Öğrenci Sınıf Listesi - 2026-02-01T160621.018,Erkek,2013.0
1.032939920930234,0.7341441130066606,0.7265194784469093,0.6318153467680867,0.9275091649512192,0.7453855172228888,0.8011871355764465,0.7476771541297107,11,Öğrenci Sınıf Listesi - 2026-02-01T160623.603,Erkek,2012.0
1.0963080831852692,0.8225176382475335,0.806236167849042,0.8003672063396782,0.8933297941057022,0.8650041370918627,0.9631920352272455,0.8392146376205326,0,Öğrenci Sınıf Listesi - 2026-02-01T160626.061,Erkek,2012.0
1.1403677461028803,1.1042909092841349,1.0853149641274535,1.0366358080503735,1.1206917513776962,1.1108101102266192,1.100360319719376,1.0849432229527274,17,Öğrenci Sınıf Listesi - 2026-02-01T160628.655,Erkek,2019.0
1.0023573313756569,0.8440698496166676,0.8752714935995333,0.8440009048495581,0.6970740994683143,0.9463834096962106,0.8938205385656317,0.8921425947094326,9,Öğrenci Sınıf Listesi - 2026-02-01T160631.075,Erkek,2013.0
1.0055970124725402,1.0335786682217591,0.9967389577458792,0.9611516755691245,0.9829111488065254,1.0334412269305915,1.049043114208435,1.0093612602693338,14,Öğrenci Sınıf Listesi - 2026-02-01T160633.820,Erkek,2017.0
1.0386417596607487,0.9467801333630619,1.005329529337578,0.9316577403018451,0.7806861382363215,0.9434068415242911,0.9798351644213233,0.9201310583246652,18,Öğrenci Sınıf Listesi - 2026-02-01T160636.220,Erkek,2012.0
1.0354020785638653,0.9176362656039186,0.9180203470733468,0.8185205356444918,0.8853536217214457,1.046969288774671,0.9881798977127187,0.8567455769613636,12,Öğrenci Sınıf Listesi - 2026-02-01T160638.656,Erkek,2012.0
0.9926382880850073,0.9111278419367633,0.8044329953152706,0.7566187518793488,0.8345294938697633,0.9576710669776785,1.095384057961431,0.8704316463068869,12,Öğrenci Sınıf Listesi - 2026-02-01T160641.250,Erkek,2017.0
1.1403677461028803,1.1055119755889642,1.1219890516359639,1.0988674512489967,1.092550147878549,1.109144867609046,1.1231331959197888,1.1180274539532409,17,Öğrenci Sınıf Listesi - 2026-02-01T160643.811,Erkek,2018.0
1.0647083333333336,0.9534202338353167,0.9186578663444811,0.8813021251244758,0.8197769228387607,0.9948957873062131,0.9985321284011844,0.8978259891771525,12,Öğrenci Sınıf Listesi - 2026-02-01T160646.387,Kadın,2015.0
1.043177313196385,1.0492966373537624,1.0639798552623558,1.0943795915721406,1.0740857158501376,1.0678621143163587,0.9580948887825578,1.0538250314735371,17,Öğrenci Sınıf Listesi - 2026-02-01T160648.843,Erkek,2015.0
1.1403677461028803,1.1052477551121669,1.0869076819933339,1.1090369771375939,1.1346567576253934,1.1217268655878965,1.1231331959197888,1.096024441113202,17,Öğrenci Sınıf Listesi - 2026-02-01T160651.362,Erkek,2018.0
1.1403677461028803,0.9044013519732343,0.9105022671458723,0.8766123568330517,1.0258068981434918,1.0659481075186616,1.0239441528665398,0.9667498395971169,3,Öğrenci Sınıf Listesi - 2026-02-01T160653.948,Erkek,2019.0
1.1163941059859446,1.0735730514516373,1.0143376556204167,1.0221175626016976,0.864767313201271,0.9925104593318222,0.9100202829494488,1.0185532984136434,14,Öğrenci Sınıf Listesi - 2026-02-01T160656.342,Erkek,2016.0
1.0930684020883858,1.002039853362721,0.9263639597820521,1.0103397070712659,0.7434650383527569,1.0043048014697846,0.9985321284011844,0.932150108667464,12,Öğrenci Sınıf Listesi - 2026-02-01T160658.922,Erkek,2016.0
1.0712977451173311,0.9036310846737385,0.9142473904448517,0.8025674757143526,0.8397659839592267,1.08825644234177,1.0675588350861296,0.9207298437326972,12,Öğrenci Sınıf Listesi - 2026-02-01T160701.401,Erkek,2016.0
0.9168055555555555,0.9229048503046656,1.0152279419291212,0.8267851086500511,1.0123298438068924,0.8710212562610883,1.0294263925175553,0.9623492135733309,18,Öğrenci Sınıf Listesi - 2026-02-01T160703.798,Erkek,2012.0
1.0688355874837,0.8703512410209611,0.8893399746111265,0.7959592324432465,0.7709301157949462,0.9622050639931862,0.8539574304188862,0.9333226815922251,9,Öğrenci Sınıf Listesi - 2026-02-01T160706.248,Erkek,2014.0
1.0467129629629632,0.9806596521057418,1.004008047398275,1.0354889152060958,0.9584029842823133,0.9065234580878327,1.042567117389584,1.0287491735600012,14,Öğrenci Sınıf Listesi - 2026-02-01T160708.794,Erkek,2011.0
1.0387268518518518,0.9947477834610058,0.9308373547798335,0.9384503879923086,0.9040635166321379,0.8760401436787374,0.8511869845216518,0.8968857107599352,18,Öğrenci Sınıf Listesi - 2026-02-01T160711.281,Erkek,2011.0
1.0827014225783598,0.9529675856765343,0.9916336823578188,0.9761740469610891,0.9664547207752566,1.0471134065524175,1.0675588350861296,1.0122268812258959,14,Öğrenci Sınıf Listesi - 2026-02-01T160713.779,Kadın,2015.0
1.0587277824614243,0.7770553610122856,0.8196200594248703,0.7818025181224367,0.8087306607814302,1.0584433507211086,1.0111591262582076,0.9952531879261591,9,Öğrenci Sınıf Listesi - 2026-02-01T160716.505,Kadın,2018.0
1.0813194444444443,0.9852435300586186,1.0716542785902397,0.9615679717940739,0.8886679840738109,0.8934184104954659,0.9927551448093273,1.08337015013161,18,Öğrenci Sınıf Listesi - 2026-02-01T160718.849,Erkek,2011.0
1.028922716370099,0.9239990888524439,0.8715163059331459,0.9194204269686879,0.8370250024027542,1.067853066554173,0.9381176373853584,0.8104752707770441,12,Öğrenci Sınıf Listesi - 2026-02-01T160721.336,Erkek,2015.0
1.1403677461028803,1.0880395392489774,1.0824998336557354,1.0517230057790217,1.0733482642879655,1.102682115570376,1.0800120645713762,1.1076771393881568,17,Öğrenci Sınıf Listesi - 2026-02-01T160723.896,Erkek,2019.0
1.0023573313756569,0.9689876241298142,0.8697199041725716,0.9456564217226501,0.9133837857338176,1.05814328038431,1.0306753981122485,0.9317798266115129,14,Öğrenci Sınıf Listesi - 2026-02-01T160726.396,Kadın,2016.0
1.087175925925926,0.9335968233772662,0.9389968487586806,0.98741943190256,0.9612282400002705,1.1262906248502753,1.1223197315178592,0.998574800652459,3,Öğrenci Sınıf Listesi - 2026-02-01T160729.208,Kadın,2018.0
0.803589411415945,0.5868745925306854,0.5154207777839673,0.6082795940342509,0.6934362803568981,0.8856514502617373,0.9573862964288511,0.560965170343912,4,Öğrenci Sınıf Listesi - 2026-02-01T160732.220,Kadın,2018.0
0.8400000000000001,0.9135056353661777,0.9382142187605067,0.8648324130485882,0.8287579429049732,1.0823426132156702,1.0661507438032385,0.9543741855793818,12,Öğrenci Sınıf Listesi - 2026-02-01T160735.059,Erkek,2020.0
0.9952300329625139,0.8925474383911516,0.7513437786877472,0.8084224433134458,0.728181268855195,0.788209587151529,0.9822960751673806,0.7711500854649311,6,Öğrenci Sınıf Listesi - 2026-02-01T160737.737,Erkek,2020.0
1.0794617414814767,1.0090132283173805,1.033180616868456,0.9930388361032949,1.024602986798371,1.047832352567683,1.0536506658077212,1.0581158417057217,14,Öğrenci Sınıf Listesi - 2026-02-01T160740.438,Kadın,2020.0
0.861495997283176,0.7287309168431924,0.7209805541102084,0.700156920160052,0.5493402676139819,0.9506165597166583,0.8847662640349812,0.7813162912844431,2,Öğrenci Sınıf Listesi - 2026-02-01T160743.527,Erkek,2020.0
1.0230912903957092,0.7227648545616444,0.6590504244739507,0.6743479283435261,0.7548493673843655,1.0206221521662224,0.9959320280953677,0.6896704210874289,4,Öğrenci Sınıf Listesi - 2026-02-01T160746.245,Kadın,2018.0
1.014668119543813,0.8961782874443417,0.7769542261765594,0.9119420751397083,0.71618392973722,0.9129800575898851,1.0060808870358797,0.9033049287349634,9,Öğrenci Sınıf Listesi - 2026-02-01T160749.290,Erkek,2020.0
0.9954892074502646,0.8288735052642475,0.6130100333944172,0.8200379768779983,0.7792000819214691,0.8130262966449762,1.089658772914848,0.7354114379915282,0,Öğrenci Sınıf Listesi - 2026-02-01T160752.348,Kadın,2020.0
0.912013888888889,0.6477718518869556,0.509695277483705,0.6254203493741123,0.7899321823973081,0.9651281454843452,0.9614028509834914,0.6525833919895511,4,Öğrenci Sınıf Listesi - 2026-02-01T160755.297,Erkek,2018.0
1.0142361111111111,0.9711828145065976,0.8566165720670108,0.9406225450930388,0.8584596829966504,0.9943675943997317,1.0467405119181374,0.9777017954785246,12,Öğrenci Sınıf Listesi - 2026-02-01T160758.386,Kadın,2020.0
0.9732002015037083,0.8059759867952759,0.7226584384163097,0.7743052179938601,0.6540133854737856,0.8945227366106623,0.9952745018190259,0.7213913889293109,0,Öğrenci Sınıf Listesi - 2026-02-01T160801.467,Erkek,2019.0
1.036050014783242,1.0397531224136436,0.9678281437181218,0.9094036751404114,0.8281484185195038,0.9310789164715656,1.009450398854802,0.9959695556861798,18,Öğrenci Sınıf Listesi - 2026-02-01T160804.500,Kadın,2020.0
0.8287104245827183,1.0789499518332002,1.0169306964490759,1.034561421166328,0.9245767525322715,1.0997320872356797,1.0708323545114085,0.9728205877350123,14,Öğrenci Sınıf Listesi - 2026-02-01T160807.674,Erkek,2020.0
1.066503017093944,0.9849827692484372,1.0017202014457653,1.029743869270914,0.995202075551081,1.1022893802382652,1.1182781532861297,1.0366487169679597,17,Öğrenci Sınıf Listesi - 2026-02-01T160810.839,Erkek,2020.0
1.1034353815984121,1.0627374897679036,1.0231228023463512,1.0438581741823159,1.0910161131013398,1.0548911979513043,1.0316277451930493,1.07769472896675,17,Öğrenci Sınıf Listesi - 2026-02-01T160813.715,Erkek,2020.0
1.124817276837841,0.9968651699910727,1.102673297659879,1.009987012601586,0.9486715094596299,1.0455050828829844,1.0675588350861296,1.0982301159280201,14,Öğrenci Sınıf Listesi - 2026-02-01T160816.512,Kadın,2015.0
0.9861589258912409,0.9599216462820417,0.9380162067240433,0.9653794303463914,0.9938958423787188,1.0722329418477212,1.0364094893297815,0.9345151013361457,3,Öğrenci Sınıf Listesi - 2026-02-01T160819.398,Erkek,2018.0
1.0605555555555555,0.7925620585521481,0.8999582464360851,0.7727439372991475,0.8797484466221476,0.9437525749364734,0.954563793740507,0.8867983092168054,9,Öğrenci Sınıf Listesi - 2026-02-01T160822.280,Erkek,2015.0
1.0749261879458403,1.1065361139694283,1.091559208451718,1.1165341305295273,1.1224373771586587,1.1284952023094184,1.0872472399079263,1.0906665216442233,17,Öğrenci Sınıf Listesi - 2026-02-01T160825.238,Kadın,2018.0
1.0160935792264414,0.9669587014821469,0.9420978804829924,0.9073526535032602,0.79635448127493,0.9904442428893583,0.9780618079246446,0.8570590757800872,12,Öğrenci Sınıf Listesi - 2026-02-01T160828.421,Erkek,2020.0
1.0094846297888,0.9901701475180048,1.0218248256649916,0.9337712049384157,0.9165533581802832,0.9845044946550661,0.9699601565104287,0.9816993892885163,18,Öğrenci Sınıf Listesi - 2026-02-01T160831.279,Erkek,2020.0
0.9780324074074075,0.962709562880286,0.8883466676857322,0.8689576200050455,0.7427245230809542,0.5443595606618183,1.0499501875549004,0.9489253115952911,15,Öğrenci Sınıf Listesi - 2026-02-01T160834.369,Kadın,2020.0
0.9848630534524877,0.642174565048254,0.6303875560644392,0.5965754432799739,0.7448452109798591,0.9553189515830653,0.862184682474966,0.7388517661578029,8,Öğrenci Sınıf Listesi - 2026-02-01T160837.363,Erkek,2018.0
1.0347541423444886,0.8361589716152713,0.8884189849866106,0.832875605578996,0.8712302239005806,0.5384476381436674,0.953440355056515,0.9806926885258944,15,Öğrenci Sınıf Listesi - 2026-02-01T160840.346,Erkek,2020.0
1.0565247993155438,0.8735782325534609,0.876612765270494,0.8252621598692369,0.8932723754407355,1.0951026535815223,1.0578189605798545,0.9217304496932479,12,Öğrenci Sınıf Listesi - 2026-02-01T160843.246,Kadın,2020.0
0.9709972183578277,0.9673238192858025,0.8623600534543325,0.8892481002586464,0.8785375362789807,1.0467668846971179,1.022786410076427,0.7676590094365459,16,Öğrenci Sınıf Listesi - 2026-02-01T160846.499,Erkek,2020.0
0.8678240740740741,0.6948432151022528,0.5871044133694306,0.7124026193568975,0.5952557648601926,0.8954713573090912,0.9497160872560036,0.6023953663016011,4,Öğrenci Sınıf Listesi - 2026-02-01T160849.301,Erkek,2017.0
0.8034027777777778,0.7259428770233316,0.705350545397791,0.7030815952986883,0.6487393826099087,0.8829599474367313,0.8302755634311382,0.7872151986699482,2,Öğrenci Sınıf Listesi - 2026-02-01T160852.103,Erkek,2018.0
1.0924204658690093,0.9896040393365648,0.9530192377926027,0.9576804148667516,0.9193953325089169,0.7769121441983871,0.9481001299903132,1.017087055901667,18,Öğrenci Sınıf Listesi - 2026-02-01T160854.934,Erkek,2020.0
1.0509525478289048,1.003020083053202,0.9905277934665023,0.8958787089255219,0.8835468679738797,1.052637165162885,1.0861158692108315,0.9828311307836349,14,Öğrenci Sınıf Listesi - 2026-02-01T160857.803,Erkek,2019.0
0.9760511208689654,0.935163503516567,0.7803420366697316,0.8328556631186766,0.8565646637287645,0.9379200442800176,1.0201100393424458,0.8295975034146257,0,Öğrenci Sınıf Listesi - 2026-02-01T160900.719,Erkek,2020.0
1.1325925114703606,1.0330603536435554,1.0144210730206302,0.9115500989783988,0.9109368114959853,0.8527499855094852,0.9575504536873151,1.0649914727926328,18,Öğrenci Sınıf Listesi - 2026-02-01T160903.809,Erkek,2017.0
0.8708055555555556,0.674160667432722,0.7224791938163236,0.7392376728807066,0.5835508340341744,0.8155436907443665,0.8575544038201266,0.8021130302691831,2,Öğrenci Sınıf Listesi - 2026-02-01T160906.572,Erkek,2012.0
1.1241693406184645,0.8562008545480935,0.9190317563394951,0.8675335649995469,0.9292496715949937,1.004964350946903,1.0072317493404646,0.9472583886608837,12,Öğrenci Sınıf Listesi - 2026-02-01T160909.159,Erkek,2013.0
0.8782127517430933,0.5900687559248097,0.6406136483947638,0.6373179985744915,0.530847625887736,0.7775308763334752,0.7903678742851491,0.5471207828964381,4,Öğrenci Sınıf Listesi - 2026-02-01T160912.144,Erkek,2015.0
1.0541666666666667,1.0209673890131203,0.905159705739123,0.9491581016701871,0.8883358208128534,1.0026410141197057,1.1134231106524708,0.8403160193785564,3,Öğrenci Sınıf Listesi - 2026-02-01T160915.084,Erkek,2017.0
1.0605555555555557,0.9831834851181972,1.0186385751457858,0.9854676668696547,1.0120397709505373,1.0026253084563417,1.1126962120523434,0.9561043188338834,3,Öğrenci Sınıf Listesi - 2026-02-01T160917.797,Erkek,2019.0
0.8662907253065631,0.6791879810911938,0.6289378453618818,0.6649251856144109,0.8252966837196313,0.9179846933509567,0.8600828034476942,0.6874778359508612,4,Öğrenci Sınıf Listesi - 2026-02-01T160920.345,Erkek,2011.0
1.0055970124725402,1.0894088062381004,1.0234765614006696,1.0313382589480358,1.0160702382962195,1.0776858095355697,1.0377660067076782,0.9468035432859094,3,Öğrenci Sınıf Listesi - 2026-02-01T160923.165,Erkek,2020.0
1.0801096777008534,0.8978059270987698,0.8017905019222197,0.8321582094199738,0.7684524533961612,0.9104538109100709,1.0534445878722334,0.8105582037967967,0,Öğrenci Sınıf Listesi - 2026-02-01T160926.250,Erkek,2018.0
1.0516004840482813,0.9070070097980978,0.8484413980467325,0.8807996636646861,0.8321211434702952,0.9770524501438224,1.0616359892267746,0.7897267092293029,16,Öğrenci Sınıf Listesi - 2026-02-01T160928.691,Erkek,2017.0
1.1403677461028803,0.931917252733958,1.0144725679907096,0.9514198367138271,0.964092225672673,0.997997050115115,0.8677931746402754,1.0534974131518282,18,Öğrenci Sınıf Listesi - 2026-02-01T160931.291,Erkek,2014.0
1.0269789077119689,0.9308076869703522,0.8754194160139185,0.8628293746886668,0.8004632714195818,0.7085910284083877,1.0391274506211134,0.9424379836751084,6,Öğrenci Sınıf Listesi - 2026-02-01T160934.239,Erkek,2020.0
0.8311725822163495,0.8800822435429799,0.7785337019840838,0.8844504027679058,0.7016606815792181,1.0273852378598163,0.9897939258794537,0.950975270474584,9,Öğrenci Sınıf Listesi - 2026-02-01T160936.714,Erkek,2020.0
0.9589456046774222,0.870018284143199,0.7472906265937023,0.844291753348746,0.867861660993252,1.0749676180183008,1.046601018490282,0.8769594374576216,12,Öğrenci Sınıf Listesi - 2026-02-01T160939.646,Kadın,2019.0
1.1241693406184645,1.1159646007407906,1.1210003076242574,1.1344427927504053,1.1346567576253934,1.1047833243188072,1.0690710496347602,1.1152322086193607,17,Öğrenci Sınıf Listesi - 2026-02-01T160942.651,Erkek,2020.0
0.9064627709079146,1.0308025867273907,0.9857863064918537,0.9364157925382761,0.9636468607373542,1.059512607152588,0.9941320658453239,0.9502649413119941,14,Öğrenci Sınıf Listesi - 2026-02-01T160945.829,Erkek,2020.0
1.000413522717527,0.8706552893508333,0.794368784716477,0.8717587920212738,0.6986782722537387,0.9716310598183144,1.0703019793040582,0.8608835399857843,9,Öğrenci Sınıf Listesi - 2026-02-01T160948.956,Erkek,2019.0
1.0794617414814767,0.9187790626121014,0.9504779155167781,0.9547277928721024,0.9679756929672118,1.1245370664856311,1.0326101429438237,0.9956917278966917,3,Öğrenci Sınıf Listesi - 2026-02-01T160952.200,Erkek,2020.0
0.9250046296296296,0.8976375545566824,0.7745430975439529,0.8305214664620086,0.8445484276894227,0.9092145580206765,1.0870075023446055,0.864297477635139,0,Öğrenci Sınıf Listesi - 2026-02-01T160955.270,Erkek,2020.0
0.8533320009190305,0.9268488936443291,0.9437158424310262,0.8262222486158037,0.6838305561169978,1.0229336422777326,0.9386085449001884,0.90256700692908,9,Öğrenci Sınıf Listesi - 2026-02-01T160959.211,Erkek,2020.0
1.0224433541763325,0.9762191600804557,0.8911711066345097,0.8695275370081609,0.8484108166974461,0.915681231058023,1.0690710496347602,0.8914604721923208,12,Öğrenci Sınıf Listesi - 2026-02-01T161002.214,Erkek,2020.0
0.952466242483656,0.7634448476028591,0.6524368776091034,0.7530007455859776,0.7609580365535553,0.7170682811951764,0.8995898848739747,0.7674028154824862,6,Öğrenci Sınıf Listesi - 2026-02-01T161005.237,Erkek,2020.0
1.035661253051616,0.9804389422334839,0.9902655370145874,0.9125810577309998,0.9269231943811483,0.8103193478762382,1.0166167958071248,1.0059204611398025,18,Öğrenci Sınıf Listesi - 2026-02-01T161008.478,Erkek,2020.0
1.0573611111111112,0.6919207505977031,0.7627707286056743,0.6964342909357217,0.8163846412624629,1.0363865044626854,0.9384786828210893,0.8943216470060111,9,Öğrenci Sınıf Listesi - 2026-02-01T161011.331,Kadın,2017.0
1.0872369761139964,0.9137711504216492,0.9575860430882128,0.9520588301716084,1.0247052261025273,1.059512607152588,1.1134231106524708,0.9848287098393412,3,Öğrenci Sınıf Listesi - 2026-02-01T161014.110,Erkek,2019.0
0.8893572547163713,0.8284932178204177,0.7425936050326406,0.7716721797290016,0.5732037832007797,0.7120738890156939,0.6846000881636711,0.6414564490149586,2,Öğrenci Sınıf Listesi - 2026-02-01T161016.892,Erkek,2012.0
1.0885328485527495,0.7770768776676796,0.8080804687349072,0.7300674400565784,0.7529933416413179,0.9737863022961127,1.0738822332864395,0.9011762051187235,9,Öğrenci Sınıf Listesi - 2026-02-01T161019.744,Erkek,2017.0
0.8273611111111112,0.7537300689847374,0.6811044851506837,0.726805631653757,0.578783301459421,0.627576880933105,0.7176046014789549,0.7128352976703983,2,Öğrenci Sınıf Listesi - 2026-02-01T161022.446,Erkek,2013.0
0.9945820967431372,0.7674034988944459,0.7342668783215777,0.838762445417885,0.8244421631957016,0.9871982229916356,0.9495001658171016,0.8445196969919272,9,Öğrenci Sınıf Listesi - 2026-02-01T161025.623,Erkek,2019.0
0.9626990740740742,0.6514448093554429,0.7335366234396268,0.7575598563184021,0.73667114335665,0.917841386521825,1.071520326451858,0.7034646500137978,0,Öğrenci Sınıf Listesi - 2026-02-01T161028.394,Erkek,2014.0
1.1079709351340483,0.856261049900672,1.0056937872777447,0.9124904762180415,1.0068592041167144,0.866965325470868,0.9782785402781904,1.0418908271786584,18,Öğrenci Sınıf Listesi - 2026-02-01T161030.978,Erkek,2014.0
1.1403677461028803,1.0323717707049054,1.044579801438876,1.0571676159618366,1.018852795304266,1.100904685354367,1.0361849584027385,1.0433111590994,17,Öğrenci Sınıf Listesi - 2026-02-01T161034.210,Erkek,2013.0
1.0988998280627758,0.9376660293981586,0.9258195646109598,0.9716066733362935,1.0065349920948348,1.0079229188577155,1.1285260565588158,1.0375618664922222,14,Öğrenci Sınıf Listesi - 2026-02-01T161037.111,Kadın,2019.0
0.8504162879318355,0.8352433833015767,0.8745462045848664,0.8986836194753475,0.8725300183206568,0.9067380214145436,0.9375974806507116,0.8294087528886185,9,Öğrenci Sınıf Listesi - 2026-02-01T161040.052,Erkek,2017.0
1.0174305555555556,0.8261881003120435,0.7628613916037303,0.7901481510453072,0.5343052796641945,1.0495750957615733,0.9429431722290706,0.8024709095780987,9,Öğrenci Sınıf Listesi - 2026-02-01T161042.618,Kadın,2012.0
0.9518183062642792,0.6534723327430849,0.7046753576440584,0.6407021164622656,0.5420969504798545,0.8607884276952324,0.918439091112171,0.6893366814927429,8,Öğrenci Sınıf Listesi - 2026-02-01T161045.264,Erkek,2015.0
1.1403677461028803,0.949041012892348,0.9384541774035624,0.9308407934782278,0.9628977603289063,1.0649836679838325,1.1231331959197888,1.0277925360198332,3,Öğrenci Sınıf Listesi - 2026-02-01T161047.978,Erkek,2019.0
1.1287037037037035,1.036738723822569,1.107643658554745,1.0555801130497142,1.0259911261657344,1.1070079114698232,1.0675588350861296,1.1299103880081864,17,Öğrenci Sınıf Listesi - 2026-02-01T161050.658,Erkek,2014.0
0.9842151172331111,0.6423367170145425,0.6845760752746993,0.6826990712002567,0.8443323719942725,0.7383783424739137,0.9660889075950532,0.6680648278711822,10,Öğrenci Sınıf Listesi - 2026-02-01T161053.342,Kadın,2013.0
0.7991435185185186,0.6858921580222033,0.6993984542151899,0.7711692483721946,0.6875837368650194,0.7974437065206154,0.7804769987735115,0.6841343526882474,2,Öğrenci Sınıf Listesi - 2026-02-01T161055.982,Erkek,2014.0
0.8538750000000003,0.6397853753595101,0.6446741324090942,0.6708280941414457,0.6139909048176676,0.7150093982455855,0.8207122367436313,0.5826961648085183,11,Öğrenci Sınıf Listesi - 2026-02-01T161058.774,Erkek,2013.0
1.0365972222222222,0.8597631323554196,0.7646285419052127,0.8008679568746087,0.6753265764661082,1.0410659124600943,0.9544971394127846,0.8529926053628645,9,Öğrenci Sınıf Listesi - 2026-02-01T161101.363,Erkek,2015.0
1.1366898148148148,0.9814121944849606,1.0926901529168374,1.0854209801642254,1.1111851073396455,1.1050435232771287,0.9799876780432721,1.1321408468096055,17,Öğrenci Sınıf Listesi - 2026-02-01T161103.802,Kadın,2015.0
0.8412037037037038,0.5373470729554499,0.4993586377125748,0.5648184402432121,0.6306762286380929,0.8230622626718025,0.7152211154915656,0.5664206648411092,4,Öğrenci Sınıf Listesi - 2026-02-01T161106.314,Erkek,2011.0
0.9271342592592594,0.7531195364203228,0.7354845436436466,0.7205772079439342,0.5993518240411801,0.9218774382521749,0.954549450650855,0.7502328290491163,8,Öğrenci Sınıf Listesi - 2026-02-01T161109.117,Erkek,2018.0
0.9950694444444446,0.8451044947792775,0.8102027666035231,0.8792467379720726,0.7494433906396428,0.971765280620911,0.9767205134780708,0.7408543731139406,0,Öğrenci Sınıf Listesi - 2026-02-01T161111.813,Erkek,2013.0
1.0099768518518522,0.7243929683578848,0.9125826218414254,0.724848221853817,0.7748290589081914,1.0410544736956002,1.0367717150822704,1.0369444299503245,19,Öğrenci Sınıf Listesi - 2026-02-01T161114.378,Erkek,2013.0
1.0658796296296298,0.9526740649862795,0.9737691154928055,0.9814207035118798,0.957472539860619,1.0337452402639233,1.1098730140538444,0.9741435680867481,3,Öğrenci Sınıf Listesi - 2026-02-01T161117.060,Kadın,2017.0
0.9408033905348764,0.6121672586898415,0.5388038944912253,0.7340601333059849,0.8425553769443949,1.0374900795817517,1.04738311468494,0.7033383018645833,4,Öğrenci Sınıf Listesi - 2026-02-01T161119.711,Kadın,2017.0
1.0195601851851854,0.7015788799025502,0.6102295727134308,0.7603434696788146,0.7642445226279766,0.945664679493226,1.0675588350861296,0.7528423694781615,0,Öğrenci Sınıf Listesi - 2026-02-01T161122.331,Kadın,2013.0
1.0168981481481483,0.8516723551991788,0.8862373168823064,0.9876014054205204,0.7744316056312457,1.0510356516664001,0.9622317884440396,0.8726524715167712,12,Öğrenci Sınıf Listesi - 2026-02-01T161125.048,Erkek,2018.0
1.07298237928771,0.8453164132059914,0.7867592618485213,0.8251530619197684,0.74712271511461,0.9272875382789036,0.9927551448093273,0.8691882643745862,9,Öğrenci Sınıf Listesi - 2026-02-01T161128.044,Erkek,2014.0
1.0211474817375794,0.950733408758037,0.9503899764041445,0.9360677828890777,0.5932312129818126,0.9909952247045423,1.0549805476267877,0.8452346820129668,12,Öğrenci Sınıf Listesi - 2026-02-01T161130.740,Kadın,2017.0
0.9833564814814816,0.9540418800533219,0.8976926554977853,0.8457551654216346,0.9683035691989824,1.0201299101230306,1.0570437219207212,1.0222896268827366,14,Öğrenci Sınıf Listesi - 2026-02-01T161133.442,Erkek,2011.0
0.9406574074074073,0.7972385022153448,0.6940247168811594,0.7440820021610962,0.7216335072302503,0.8769313177996112,0.9894862341087479,0.7329269414879306,0,Öğrenci Sınıf Listesi - 2026-02-01T161136.186,Erkek,2015.0
0.9631249999999999,0.7039127091175506,0.732598485771714,0.7532739767052402,0.7279071804915261,0.996708363378835,0.7681692294797619,0.8030703286537406,2,Öğrenci Sınıf Listesi - 2026-02-01T161138.718,Erkek,2011.0
0.9278796296296297,0.9415270811325388,0.9457603667791454,0.8538636538870902,0.8600635086775171,1.049012117406352,0.964535136553594,0.8954451548948416,12,Öğrenci Sınıf Listesi - 2026-02-01T161141.274,Erkek,2017.0
1.014668119543813,0.6879543603107185,0.5765950302429372,0.6454168524457533,0.674806432188703,0.844770907967323,1.0050411293026646,0.7312411590349976,8,Öğrenci Sınıf Listesi - 2026-02-01T161143.961,Kadın,2016.0
1.030740740740741,0.8716305806290223,0.9109741211056374,0.9519004662597738,0.9517537399473737,1.119128708156424,1.100360319719376,0.9846274698028815,3,Öğrenci Sınıf Listesi - 2026-02-01T161146.875,Kadın,2019.0
0.992300925925926,0.8557408871586596,0.9047521198196093,0.9006765959192987,0.7121631295777703,0.8325817179996272,0.8899645740533488,0.7699430161675441,6,Öğrenci Sınıf Listesi - 2026-02-01T161149.247,Erkek,2014.0
0.9978217778400202,0.6616155179408688,0.5676361859873928,0.7285920851998742,0.6235298524129157,0.8840657041553153,1.0171576951691534,0.587669203879615,10,Öğrenci Sınıf Listesi - 2026-02-01T161151.638,Erkek,2013.0
0.9887506707687476,0.9318414096934755,0.9492280348505162,0.9508417435782726,0.8649627801626817,1.0412879748868804,1.095384057961431,0.9391028758533835,14,Öğrenci Sınıf Listesi - 2026-02-01T161154.296,Erkek,2016.0
1.019851609298826,0.9051682565686964,0.836401505814612,0.9351556346602166,0.8550208675234261,0.8499886001130761,1.0740604413137196,0.9799943827120453,18,Öğrenci Sınıf Listesi - 2026-02-01T161157.006,Erkek,2019.0
1.0561360375839177,0.9220452407400437,0.870005215230225,0.7732248499151573,0.6893088860972313,0.8975886871576608,0.8433192270685573,0.8205322658505819,6,Öğrenci Sınıf Listesi - 2026-02-01T161159.399,Erkek,2012.0
1.0211474817375794,0.9521956099762997,0.8996904471541487,0.8935577402207402,0.9627424798342165,1.0004935793406162,1.0175287679766631,0.9759681067374102,14,Öğrenci Sınıf Listesi - 2026-02-01T161201.995,Erkek,2019.0
0.9993287037037039,0.7498011258879894,0.6622746561925398,0.6645355275746172,0.6422818246293078,0.9316942556391259,0.9365610132422252,0.7689266417814805,8,Öğrenci Sınıf Listesi - 2026-02-01T161204.431,Kadın,2011.0
0.8380092592592593,0.6122357126776341,0.6615109071464635,0.6158379256633202,0.6882833381091814,0.7078352203435445,0.8998318205887211,0.7494299325722418,2,Öğrenci Sınıf Listesi - 2026-02-01T161206.853,Kadın,2015.0
0.962833221993682,0.7504988752437197,0.8022311888110889,0.7950284255597363,0.6690780559319457,0.7854267405717569,1.0114521087891883,0.7206400597028391,11,Öğrenci Sınıf Listesi - 2026-02-01T161209.328,Erkek,2015.0
0.892314814814815,0.858169624378943,0.8672307743297126,0.8042969768492101,0.8028040528862169,0.6992694611142847,0.7680691988855209,0.5875684465307666,11,Öğrenci Sınıf Listesi - 2026-02-01T161211.748,Erkek,2011.0
0.9855109896718643,0.8184704456868545,0.8229226663204796,0.7458627931752395,0.7807093742022716,0.9389429201501514,1.0062690381507027,0.8432480458225117,9,Öğrenci Sınıf Listesi - 2026-02-01T161214.476,Erkek,2016.0
1.1403677461028803,0.9003216069717532,0.8831863991892359,0.9633745555508676,0.9708160696808318,0.9352555668601982,1.094261738229913,0.9458345564546743,3,Öğrenci Sınıf Listesi - 2026-02-01T161216.996,Erkek,2018.0
1.0263309714925926,0.7768597798502518,0.75176301837645,0.8486032936369355,0.8021790355669497,1.004296629493811,1.052174748297993,0.7995567785245002,0,Öğrenci Sınıf Listesi - 2026-02-01T161219.540,Erkek,2017.0
0.8818411945716025,0.8385997503930338,0.7788410598933868,0.7309869075257744,0.8413829947135433,0.9285691119793077,0.8095404831625708,0.7861110359470247,9,Öğrenci Sınıf Listesi - 2026-02-01T161222.407,Erkek,2011.0
0.9971738416206438,1.0050784641667168,1.035184448921547,0.9672741861926943,0.8966100528870329,1.0886229164661498,1.1134231106524708,1.0364760132082649,14,Öğrenci Sınıf Listesi - 2026-02-01T161225.260,Kadın,2019.0
1.0464169942932682,0.9371561805318558,0.9311447548772718,0.9332727569911833,0.8775583306539516,0.9722611139589029,0.9428933899242298,0.9618350283890245,18,Öğrenci Sınıf Listesi - 2026-02-01T161227.613,Erkek,2016.0
1.1240185185185183,0.872162896369946,0.9183797215209661,0.8900084275438448,0.8572601218633636,0.9704952680353025,0.945257558495389,0.8634287684969755,12,Öğrenci Sınıf Listesi - 2026-02-01T161230.106,Erkek,2013.0
1.087884912333373,0.8681800405831874,0.7233617517441653,0.8463729013393633,0.8683012242397582,0.8991603841166954,0.902927181650097,0.8178064926678548,0,Öğrenci Sınıf Listesi - 2026-02-01T161232.784,Erkek,2018.0
0.9527254169714066,0.6664656978050976,0.8362736941733121,0.7598405993725447,0.7117266606841214,0.8772075754115511,1.056028617443667,0.7065700343049695,0,Öğrenci Sınıf Listesi - 2026-02-01T161235.372,Kadın,2013.0
1.1163941059859446,1.0698206235946626,1.1342151039744244,1.092854812202188,1.0999131735333405,1.0662250188495928,1.0675588350861296,1.1074747353792846,17,Öğrenci Sınıf Listesi - 2026-02-01T161237.737,Erkek,2016.0
1.1196337870828281,1.0504518388081554,1.0016522707269937,1.0316258202632032,1.0224708661597472,1.090653611404586,1.1037130253851526,1.0670043883183835,17,Öğrenci Sınıf Listesi - 2026-02-01T161240.264,Erkek,2018.0
0.8598113631127969,0.9238416854986908,0.9073802305838775,0.7838778207458594,0.8462855215750724,1.0057064201853096,1.0181133698005682,0.841760934237071,12,Öğrenci Sınıf Listesi - 2026-02-01T161242.818,Erkek,2017.0
1.0023573313756569,0.8257938719978073,0.7001640588633234,0.875702509368752,0.7830010412832416,1.0186478164248882,1.0956608150389309,0.8721060182204243,12,Öğrenci Sınıf Listesi - 2026-02-01T161245.375,Erkek,2018.0
0.9887506707687476,0.6590841670145153,0.6168055339460423,0.6325025370011067,0.5675729959994853,0.9699286074053728,0.8946878237919469,0.7988652393534039,8,Öğrenci Sınıf Listesi - 2026-02-01T161247.897,Erkek,2011.0
1.0988998280627758,1.0813491775757023,1.0639595691171662,1.1198992122972473,1.1149787942763656,1.0578125727024035,1.0861158692108315,1.072976191419052,17,Öğrenci Sınıf Listesi - 2026-02-01T161250.676,Erkek,2019.0
1.1241693406184645,1.0510526320638183,0.9980340011659147,1.0514750714820853,1.071926850528883,1.0704990434507213,1.0435583982045795,1.0941658205512594,17,Öğrenci Sınıf Listesi - 2026-02-01T161253.468,Erkek,2012.0
0.9168055555555555,0.6911043490925539,0.6701478703969237,0.6472808098731078,0.7920704460005571,1.0513283695359834,0.9743831581011466,0.8652200167434486,9,Öğrenci Sınıf Listesi - 2026-02-01T161256.514,Erkek,2019.0
1.1372222222222221,1.0939365498030338,1.107403361660088,1.0729349726262587,1.0299499255907905,1.046455073110121,1.0570437219207212,1.0864869024218542,17,Öğrenci Sınıf Listesi - 2026-02-01T161259.040,Erkek,2012.0
1.0509525478289046,0.8894933146402085,0.8886614070928907,0.935115517186426,0.8236532685016525,0.9999796668286036,0.9564829262073722,0.8833122319756179,12,Öğrenci Sınıf Listesi - 2026-02-01T161301.579,Erkek,2017.0
0.8257299179735856,0.5962303063258148,0.6220272010187948,0.6192624653569774,0.5647022269333097,0.7963244975036537,0.9930511120384675,0.6373302013863748,11,Öğrenci Sınıf Listesi - 2026-02-01T161304.433,Erkek,2014.0
1.0018634280045513,0.9815968103594458,0.9745908743104432,0.925170810408732,0.8726789920484825,0.9864416214820186,1.0675588350861296,0.9530553685836615,14,Öğrenci Sınıf Listesi - 2026-02-01T161307.025,Kadın,2016.0
0.8754907407407407,0.5692287575942868,0.6847105363981603,0.6164722524295051,0.5445361030366562,0.838443568742579,0.7247394158863506,0.7488472031086555,2,Öğrenci Sınıf Listesi - 2026-02-01T161309.740,Kadın,2015.0
0.9870833333333333,0.8984449006922155,0.8943237529914182,0.9588217153266441,0.843934131226914,1.0357245339194525,1.0632938641478709,0.7949235069027212,16,Öğrenci Sınıf Listesi - 2026-02-01T161312.592,Erkek,2017.0
1.0539537037037037,0.8693729922324607,0.7718087316832443,0.9395163355185753,0.9307091376071707,1.02103355672471,0.987192002177336,0.7436724404729907,16,Öğrenci Sınıf Listesi - 2026-02-01T161315.448,Erkek,2017.0
0.9220132401729539,0.9819900972781581,0.8354098205912698,0.8863091961170052,0.8647577574785207,0.9766478267721627,1.0510433776008985,0.8957536542482468,12,Öğrenci Sınıf Listesi - 2026-02-01T161318.450,Kadın,2019.0
0.9769675925925927,0.8156187473809274,0.9000801212091681,0.7705413715501497,0.8016023073016236,1.0679030788252282,1.0252244579240852,0.8363835214163156,12,Öğrenci Sınıf Listesi - 2026-02-01T161321.181,Erkek,2017.0
1.0386417596607487,1.0829149904821112,1.1300088307126546,1.0722623445267305,1.025020196479158,1.0340048692712585,1.0563111037576,1.102239768744964,14,Öğrenci Sınıf Listesi - 2026-02-01T161323.771,Erkek,2018.0
1.0224433541763325,0.8772636863512017,0.8065138724306085,0.791504981026269,0.8227810031783345,1.1001777361483918,1.0705962243121587,0.96000086744264,12,Öğrenci Sınıf Listesi - 2026-02-01T161326.597,Erkek,2020.0
1.15,0.9535865923055105,0.9491958815299,0.9685513350368243,0.9449056994936522,0.9756240345306536,1.0110613144133183,1.0465935848152113,14,Öğrenci Sınıf Listesi - 2026-02-01T161329.228,Erkek,2014.0
1.0211574074074075,0.8587471428754875,0.8720876549837479,0.7856833710825745,0.844723190958482,1.0130483886972095,1.0045239823319037,0.9514946951733024,9,Öğrenci Sınıf Listesi - 2026-02-01T161332.013,Erkek,2018.0
1.0561360375839175,1.0081511033107162,0.989279441037583,0.9839386672791859,1.0161128977727825,0.9422585836616921,1.075186024581885,1.008851565347214,14,Öğrenci Sınıf Listesi - 2026-02-01T161334.674,Kadın,2018.0
0.9219166666666667,0.5588785558514144,0.624792109341992,0.6777703959149911,0.6489284467103298,0.8901235985875577,0.8888623710552099,0.6200814023858006,4,Öğrenci Sınıf Listesi - 2026-02-01T161337.336,Kadın,2015.0
0.9558842592592592,0.5508690945848214,0.5306598242772917,0.5262607355566912,0.663371535954642,0.8420411330847954,0.9842912467015645,0.6681685780695783,4,Öğrenci Sınıf Listesi - 2026-02-01T161340.077,Erkek,2011.0
0.955705923580539,0.8612645894487398,0.8548330595740489,0.8795753349086279,0.7764767009376807,0.9696237570624233,1.0284712200309507,0.8400044243369633,12,Öğrenci Sınıf Listesi - 2026-02-01T161342.883,Erkek,2020.0
0.9991176502787736,0.8068452912021856,0.793505439573437,0.8855219982089416,0.7068641138924789,0.8901370999504142,0.9723633685342848,0.7129152148890204,0,Öğrenci Sınıf Listesi - 2026-02-01T161345.595,Erkek,2013.0
1.0801096777008534,0.9031305524289317,0.9493878679846584,0.8946732471042821,0.8532401496622725,0.9291067845904917,1.0110613144133183,0.9197406550499367,12,Öğrenci Sınıf Listesi - 2026-02-01T161348.189,Erkek,2012.0
0.957649732238669,0.7334501502928753,0.7819411445401292,0.8325694219423896,0.6721563637607391,1.0619079181946554,0.9616513554500007,0.8206843759432847,9,Öğrenci Sınıf Listesi - 2026-02-01T161350.871,Kadın,2017.0
0.9261600319769644,0.8491397130688016,0.7928100436952322,0.8290098475530951,0.8610979156652191,1.1024437028140908,1.0690814680301906,0.8067267816347155,16,Öğrenci Sınıf Listesi - 2026-02-01T161353.617,Erkek,2017.0
0.7801152081294704,0.9801495971963581,0.9122305031415604,0.8992947887075295,0.9732804029000297,1.099035389723606,1.046722774511787,0.7910002935555155,16,Öğrenci Sınıf Listesi - 2026-02-01T161356.480,Erkek,2017.0
1.0137037037037038,0.9644325583397759,0.9517845044831934,0.94692468861073,0.7651045376754888,0.8821121224302794,0.9107782152190783,0.8473713070006117,18,Öğrenci Sınıf Listesi - 2026-02-01T161359.341,Erkek,2015.0
1.0561360375839177,0.8119837371329608,0.8627668009403401,0.7619210303400052,0.8560460098127102,0.8771387265063394,0.7041090643057655,0.9153893930143892,19,Öğrenci Sınıf Listesi - 2026-02-01T161401.938,Erkek,2011.0
0.928363015122845,0.8246946523566466,0.7121266058180532,0.7642447041568984,0.8524209781322839,0.8934666430812269,0.8372269019478674,0.7931936137567197,9,Öğrenci Sınıf Listesi - 2026-02-01T161404.682,Erkek,2019.0
0.8891203703703705,0.7443997580420231,0.6043716872006705,0.6150231549737699,0.5252389141126232,0.9149700344473269,0.82014300159814,0.7328462228118601,8,Öğrenci Sınıf Listesi - 2026-02-01T161407.870,Erkek,2011.0
1.1008436367209053,0.9163087954864063,0.9111933473815212,0.9572482027954508,0.9058853965672929,1.0399280805238122,1.0128268619343437,0.8564112652270974,3,Öğrenci Sınıf Listesi - 2026-02-01T161410.340,Erkek,2014.0
1.0224433541763325,0.7924288972668831,0.6962274324407245,0.8504841626603354,0.8972408017500009,0.9000465116736827,0.9106598247478292,0.8145504901662496,0,Öğrenci Sınıf Listesi - 2026-02-01T161412.861,Erkek,2017.0
1.0277564311752212,0.9741225969641827,1.0060228875345292,0.9696834955643343,0.8938708182416297,1.0182381527652824,1.0486892088703503,0.8566216373316916,3,Öğrenci Sınıf Listesi - 2026-02-01T161415.354,Erkek,2018.0
1.1196337870828281,1.0419779668736608,1.0708379231635445,1.107632720407595,1.1241830029396207,1.0688717224190845,1.1223197315178592,1.0716596393077473,17,Öğrenci Sınıf Listesi - 2026-02-01T161417.988,Erkek,2019.0
1.012724310885683,0.9722913454936671,0.9480239849866454,0.956502660282444,0.9623790210938988,0.9950178604726885,0.8858103592250153,0.9231944704077765,12,Öğrenci Sınıf Listesi - 2026-02-01T161420.587,Erkek,2019.0
1.043177313196385,0.9170063301728493,0.9726152991014627,0.9963142434580773,0.7389201509610568,0.9911008749254417,1.0859969309829953,0.7611719574504637,16,Öğrenci Sınıf Listesi - 2026-02-01T161422.968,Erkek,2014.0
1.000413522717527,0.8032815464306094,0.7592976898883568,0.7766206653741439,0.7424916023389195,0.9446990647301118,0.8685827885894511,0.826005320314074,9,Öğrenci Sınıf Listesi - 2026-02-01T161425.515,Erkek,2018.0
1.0872369761139964,1.014695839140895,1.0294793224604248,0.9948571408749771,1.0486979123507425,1.0312128452517977,1.1063181924070546,1.090189251353883,14,Öğrenci Sınıf Listesi - 2026-02-01T161428.453,Kadın,2019.0
0.9744960739424615,0.6372281875709989,0.5451824145553111,0.6890101671803172,0.49644675765869617,0.8307414805340696,0.9273037736853462,0.5995258443969659,4,Öğrenci Sınıf Listesi - 2026-02-01T161431.206,Erkek,2013.0
1.08075761392023,1.0863177047919221,1.071145719666887,1.0266440282676035,1.0275422247335688,1.05389011116815,1.0159360745849009,1.08370313876033,14,Öğrenci Sınıf Listesi - 2026-02-01T161433.739,Erkek,2017.0
1.0671509533133203,0.998976028014035,0.9987367202032934,1.072798377478734,1.0623984298437485,1.0982995030067906,1.1037130253851526,1.0400568960873011,17,Öğrenci Sınıf Listesi - 2026-02-01T161436.318,Erkek,2017.0
1.0083796296296297,0.8741049350964082,0.8608194536215978,0.7833972102273368,0.7971421047376192,0.9621770768124853,0.9782785402781904,0.9114083540362108,9,Öğrenci Sınıf Listesi - 2026-02-01T161438.637,Erkek,2011.0
1.0781658690427234,1.0486912689908376,1.0020969949653589,0.981434651190529,1.008115099106732,1.0571428062650585,1.126549707402734,1.032320109607207,17,Öğrenci Sınıf Listesi - 2026-02-01T161441.177,Erkek,2019.0
1.0723344430683337,0.8680772233394205,0.926889721199112,0.7376317572060156,0.7486614919878248,0.9566956377754987,0.7346188975111727,0.9817595669603879,19,Öğrenci Sınıf Listesi - 2026-02-01T161443.584,Erkek,2011.0
1.030866525028229,0.9898387335697273,0.9765290726839917,0.8991469544100008,0.9377829789994523,0.9846539872264771,1.0948318775783827,0.8448948002008859,3,Öğrenci Sınıf Listesi - 2026-02-01T161446.129,Erkek,2018.0
0.9401250000000001,0.6740594307042964,0.5524476912357039,0.6408992374852064,0.6353821885842825,0.9162596017806972,0.8357855222394187,0.6053796735229197,4,Öğrenci Sınıf Listesi - 2026-02-01T161448.687,Kadın,2017.0
0.8822299563032283,0.8400103586700584,0.7200199613609988,0.806450524120092,0.7090257548888846,0.9392899756041828,1.0209763805451453,0.6635442388078017,0,Öğrenci Sınıf Listesi - 2026-02-01T161451.131,Erkek,2017.0
0.9253240740740741,0.8093404380352268,0.757713342432772,0.697109170343988,0.7472745828511747,0.9317366315252827,0.9429431722290706,0.7810316570052679,8,Öğrenci Sınıf Listesi - 2026-02-01T161453.458,Erkek,2011.0
0.9963963181573918,0.7726555632719576,0.8886780317058043,0.7596328910035703,0.6716575891607633,0.7706587650109299,1.0675588350861296,0.8180137336142431,6,Öğrenci Sınıf Listesi - 2026-02-01T161456.010,Erkek,2012.0
1.1403677461028803,1.1205450113435698,1.11264205370073,1.0907132372994304,1.1134976572500948,1.1069013318820942,1.1231331959197888,1.1141249841712753,17,Öğrenci Sınıf Listesi - 2026-02-01T161458.449,Erkek,2018.0
1.1040833178177887,0.9266190806331371,1.0428754273031082,0.8374627819766796,0.8310612075792325,1.0453434673247042,0.9008516469995963,0.9179070976199463,12,Öğrenci Sınıf Listesi - 2026-02-01T161501.027,Erkek,2017.0
1.0376620370370369,0.902341879210129,0.9169229070003561,0.8709979590422803,0.7905918685428801,1.0363620841529988,1.10076142664435,0.962085460043839,12,Öğrenci Sınıf Listesi - 2026-02-01T161503.561,Erkek,2018.0
0.9530092592592593,0.6806874927907866,0.6296885911735152,0.6443136277720596,0.5931105043251239,0.9655261987934417,0.9739327418148631,0.6246827457501515,4,Öğrenci Sınıf Listesi - 2026-02-01T161506.059,Erkek,2011.0
1.0801096777008534,0.8338828741397377,0.8275452515153803,0.8051436940607959,0.6481950755862858,0.8932801410488959,0.9882409347942415,0.8194608950099744,9,Öğrenci Sınıf Listesi - 2026-02-01T161508.511,Erkek,2012.0
1.0282747801507224,0.9912300081799578,0.8005823062754542,0.829678039368921,0.9142949654910325,0.8567699144638772,0.9413457730487855,0.8960478069678255,18,Öğrenci Sınıf Listesi - 2026-02-01T161511.188,Erkek,2020.0
1.0414926790260057,0.9413942699849378,0.8664324442662281,0.7774052681499093,0.756962251591963,1.0266558164168194,1.0258081274068092,0.9671983897743459,9,Öğrenci Sınıf Listesi - 2026-02-01T161513.861,Erkek,2020.0
0.8511064814814816,0.7372826101382911,0.6691850951943273,0.756301852469841,0.6112864776461389,0.9494345033859511,0.9311240904724996,0.637353143518475,4,Öğrenci Sınıf Listesi - 2026-02-01T161516.658,Erkek,2019.0
1.0768699966039699,0.9588990362984217,0.9011278826863216,0.940195257570258,0.9072791879754648,0.942342710683691,1.1064276728792417,0.9959309833906118,14,Öğrenci Sınıf Listesi - 2026-02-01T161519.450,Erkek,2020.0
0.952466242483656,0.8661404677837189,0.7619410048037646,0.8678392445518366,0.8659609253555064,0.979954799298257,1.02608454800611,0.835802429663027,12,Öğrenci Sınıf Listesi - 2026-02-01T161522.000,Kadın,2020.0
0.9724226780404562,0.8104023762235355,0.6678726017842387,0.7269562422752133,0.6510065631513312,0.9616598234498221,1.0159708859909655,0.7150430031975807,0,Öğrenci Sınıf Listesi - 2026-02-01T161524.730,Erkek,2019.0
1.046287407049393,1.038232232592625,1.0185214351896137,1.0549078729926693,1.0637473224926735,1.1114441521340834,1.1013754122652428,1.0532964568309753,17,Öğrenci Sınıf Listesi - 2026-02-01T161527.306,Kadın,2020.0
0.9725522652843316,0.8044395503580827,0.7699763107504539,0.7257151958202295,0.7678077833863396,0.9555771476283808,0.9732011266308779,0.8469357389950548,9,Öğrenci Sınıf Listesi - 2026-02-01T161530.208,Erkek,2019.0
1.08075761392023,1.0776599079740106,1.07024283969085,0.9823148436394405,1.0306282112681435,0.9512144063793669,1.0118868582063532,1.0587267548795865,14,Öğrenci Sınıf Listesi - 2026-02-01T161532.839,Erkek,2020.0
1.0328103336863588,0.9677596139974193,1.0046177333581832,0.984464382745908,0.9625624568431203,0.9578925759257705,1.052225190486961,1.04893934300287,14,Öğrenci Sınıf Listesi - 2026-02-01T161535.562,Erkek,2021.0
0.9840855299892357,0.9193847905007901,0.8729191776689788,0.9203168356570424,0.8810997497603139,0.9951296764156885,1.0690710496347602,0.9426667794069588,12,Öğrenci Sınıf Listesi - 2026-02-01T161538.241,Erkek,2021.0
1.063263335997061,0.9244620068707481,0.9862454590606498,0.8713234055871845,0.9052434777538735,1.0133355714385421,1.0536506658077212,0.9433210859317028,14,Öğrenci Sınıf Listesi - 2026-02-01T161540.899,Kadın,2021.0
0.9676927436390068,0.7278092360996883,0.808324321933233,0.8632407544981417,0.7696972250074345,0.9818380072131041,1.0796215904856221,0.8655770023990629,9,Öğrenci Sınıf Listesi - 2026-02-01T161543.346,Erkek,2016.0
0.698412037037037,0.7803131316346761,0.7741568293270161,0.8754396680619573,0.7479634325218681,1.0136675733391542,1.0128268619343437,0.6903686626569561,0,Öğrenci Sınıf Listesi - 2026-02-01T161545.806,Erkek,2015.0
1.1040833178177887,0.9866994472624421,0.9796566189247217,0.9842371566857238,0.9330820568895302,0.8120855912163703,0.8962444479350801,0.9139129346751685,18,Öğrenci Sınıf Listesi - 2026-02-01T161548.116,Erkek,2013.0
0.9466348165092662,0.7876806180274409,0.7572875761065133,0.7071006970437586,0.7615358059168643,0.744862846751222,0.9133585822781949,0.6395928104634311,11,Öğrenci Sınıf Listesi - 2026-02-01T161550.543,Erkek,2014.0
0.9725522652843316,0.7562037498965974,0.6435906049385238,0.7321758446557886,0.6999353617091,1.0438821223042127,0.907236151711527,0.692965529470573,4,Öğrenci Sınıf Listesi - 2026-02-01T161553.073,Erkek,2018.0
1.030866525028229,0.8298757739060224,0.8226223945075021,0.8697114858552759,0.8043239540485425,1.0219961928612857,0.9446965472051347,0.7844041419592882,0,Öğrenci Sınıf Listesi - 2026-02-01T161555.441,Erkek,2014.0
1.0872369761139964,1.0442177719386354,1.0061630451446977,1.0319820233763919,0.9716890252590303,1.0895405224431534,1.0583992941376685,0.982324554648542,3,Öğrenci Sınıf Listesi - 2026-02-01T161557.961,Erkek,2018.0
0.9808458488923526,0.8486431008441175,0.8429106769164794,0.9244578070500586,0.9302700862743832,1.0457750323666277,1.1037130253851526,0.8473830871185596,16,Öğrenci Sınıf Listesi - 2026-02-01T161603.549,Kadın,2019.0
1.0408564814814816,0.8183903661565078,0.8542750356414989,0.7452337606850136,0.71171193680911,0.9913266008494248,0.8303992466805532,0.8962936737986044,19,Öğrenci Sınıf Listesi - 2026-02-01T161609.118,Erkek,2012.0
1.0264814814814816,0.9438575716649933,0.8692186714418467,0.9408679353203271,0.7974069410126383,0.8723466045282326,1.0468316959942268,0.7204644410466353,16,Öğrenci Sınıf Listesi - 2026-02-01T161614.668,Erkek,2017.0
1.0516004840482813,0.9094605681362552,0.9862967359437284,0.9224511987634381,0.9652964882363365,0.884821533133585,1.0678773582516456,0.9389536437166066,14,Öğrenci Sınıf Listesi - 2026-02-01T161619.706,Erkek,2018.0
1.1068749999999998,0.8299024502064198,0.9095885213184579,0.8423554340215683,0.8897009240628729,1.053086963067992,0.9870729239222193,0.9301494613102874,12,Öğrenci Sınıf Listesi - 2026-02-01T161625.944,Erkek,2017.0
0.9893986069881242,0.6962050792050197,0.6561923103091692,0.7770491325912446,0.8116062740345319,0.9779950968053084,0.9954023870807869,0.8255032370414508,9,Öğrenci Sınıf Listesi - 2026-02-01T161631.077,Erkek,2017.0
1.1241693406184645,0.9938363895547233,1.0554802808198875,1.0630408648975387,1.055204335716147,1.0784070648465442,1.1231331959197888,1.0848794127055947,17,Öğrenci Sınıf Listesi - 2026-02-01T161633.699,Erkek,2019.0
1.000024760985901,0.7494505320706376,0.6987927949106998,0.7554131806041693,0.748749143254573,1.0680529915614145,1.0551797199606012,0.7606840276455453,0,Öğrenci Sınıf Listesi - 2026-02-01T161636.282,Kadın,2020.0
0.7917780600782501,1.008704073235591,0.9832072496943938,1.0173302144039356,0.9020329255477345,0.8856223478269442,0.973453005434478,0.8718784334252759,18,Öğrenci Sınıf Listesi - 2026-02-01T161638.609,Erkek,2011.0
0.9306481481481482,0.6135152206170903,0.6518012087786669,0.6643372664772151,0.6992464287361867,0.8755189191888294,0.790919686446685,0.7087921471774183,8,Öğrenci Sınıf Listesi - 2026-02-01T161641.006,Erkek,2013.0
0.9050925925925926,0.7030025697428821,0.719445646917768,0.7368046122336369,0.5772612113356494,0.7155188241426292,0.8608737158521124,0.689568542239787,2,Öğrenci Sınıf Listesi - 2026-02-01T161643.395,Erkek,2013.0
0.9349074074074075,0.6329333353966317,0.6318558163836238,0.650693409167899,0.4770296668640126,1.031787214264884,0.917605147220532,0.7371450179100381,8,Öğrenci Sınıf Listesi - 2026-02-01T161645.715,Kadın,2014.0
1.017907800640696,0.900321889625881,0.9364910687316069,0.8873680785736555,0.7680507722192083,0.9228868838906407,0.9580948887825578,0.8382991584556938,9,Öğrenci Sınıf Listesi - 2026-02-01T161648.131,Kadın,2015.0
1.0101325660081766,0.9026134182739283,0.8296611968079162,0.8325148917094137,0.866284786611839,0.8909953603025176,1.0605918940367403,0.7978249676407323,0,Öğrenci Sınıf Listesi - 2026-02-01T161650.781,Erkek,2018.0
1.037993823441372,0.7833163622019668,0.7612375100031403,0.7827542986121622,0.927505752193094,1.059763780571211,1.0563111037576,0.8673151577840925,12,Öğrenci Sınıf Listesi - 2026-02-01T161653.235,Erkek,2018.0
1.0503046116095278,0.7813727705774278,0.8803273212388155,0.9111275928200794,0.8867321538958104,0.9754756764358377,0.9616401362089317,0.8544547903776912,12,Öğrenci Sınıf Listesi - 2026-02-01T161655.568,Erkek,2013.0
1.124817276837841,1.0688881062465587,1.0953174007128519,1.0633392559817603,1.0531942211804934,1.0692069561635795,1.046601018490282,1.0687749814063685,17,Öğrenci Sınıf Listesi - 2026-02-01T161657.993,Erkek,2019.0
1.021017894493704,0.9319887264945347,0.8687343103516,0.8871897434084337,0.9084164896206371,1.0379434583091842,1.0326101429438237,0.9776534067680092,12,Öğrenci Sınıf Listesi - 2026-02-01T161700.525,Erkek,2019.0
0.8949768518518519,0.5675224757709382,0.5199984332497409,0.5606978664051019,0.6726134263781263,0.8171555900335608,0.7323365618864173,0.605115003107922,4,Öğrenci Sınıf Listesi - 2026-02-01T161702.896,Erkek,2011.0
1.0023573313756569,0.9100287682697912,0.8016843700095552,0.9302290341941042,0.8082946981270362,1.0941309181550123,0.8998012347714736,0.6573145993502133,16,Öğrenci Sınıf Listesi - 2026-02-01T161705.369,Erkek,2017.0
1.021795417956956,0.8725862104197104,0.918613599181594,0.8986041750737374,0.8019008957797583,0.8974475990590487,1.0062690381507027,0.8029179790976464,0,Öğrenci Sınıf Listesi - 2026-02-01T161707.900,Erkek,2017.0
0.9667208393099418,0.9214397844024044,0.766706898388497,0.8422093719384491,0.7936994603773504,1.0529392165304847,1.0688924507975122,0.7771406394009127,16,Öğrenci Sınıf Listesi - 2026-02-01T161710.369,Erkek,2019.0
0.9351203703703704,0.5923152444545652,0.556934805571648,0.5448000665403815,0.5941639395611613,0.8618031328981206,0.7106047654995424,0.5593606758895681,4,Öğrenci Sınıf Listesi - 2026-02-01T161712.798,Erkek,2012.0
0.9336760921217333,0.831090263027915,0.764021861092372,0.8966900649068897,0.6762858010920474,0.8832272993300226,0.8620336353591734,0.8288417718772861,2,Öğrenci Sınıf Listesi - 2026-02-01T161715.209,Kadın,2012.0
1.0418814407576318,0.8985818792068375,0.8065746660386202,0.8907936923044592,0.853518862421112,0.8764999067478163,1.0175287679766631,0.919276116147646,18,Öğrenci Sınıf Listesi - 2026-02-01T161717.769,Erkek,2019.0
1.1325925114703606,1.0212043862486755,1.1030621782619683,1.064185244675904,0.993369332528349,1.111775263623543,1.0377415825458716,1.1031517514060838,17,Öğrenci Sınıf Listesi - 2026-02-01T161720.121,Erkek,2015.0
1.059375718680801,0.7725840573964415,0.6712718199711296,0.8208748272069234,0.7782948478288001,0.9641691551289798,0.8773531881857382,0.7044474072229054,0,Öğrenci Sınıf Listesi - 2026-02-01T161722.632,Erkek,2017.0
0.9032230898110314,0.8030340834103037,0.8265140437638727,0.8682322439149524,0.6710470975005292,1.0256553960851826,1.1328432811871068,0.7649543630755771,0,Öğrenci Sınıf Listesi - 2026-02-01T161725.142,Erkek,2018.0
1.0474583333333334,0.9580253608383122,0.9541474693727482,1.021185156259078,1.0868001623515615,1.074612132613744,1.0486892088703506,0.9209404824980473,3,Öğrenci Sınıf Listesi - 2026-02-01T161727.570,Erkek,2017.0
1.1233796296296295,0.9775248989236685,0.9425820073273266,0.9959443994345909,0.9331333903412986,0.9309016409427664,0.9429431722290706,0.9711030975502188,14,Öğrenci Sınıf Listesi - 2026-02-01T161729.893,Erkek,2012.0
0.9852518151841136,0.7833945864968802,0.7944265340868568,0.8547190996333992,0.8505005077539505,0.9943028137851306,1.0361849584027385,0.8149768198367371,0,Öğrenci Sınıf Listesi - 2026-02-01T161732.257,Kadın,2016.0
1.124817276837841,1.03757953068514,1.0002698291927505,1.065509636940919,1.044095808019115,1.0984221084436079,1.1231331959197888,1.0372909108385615,17,Öğrenci Sınıf Listesi - 2026-02-01T161734.757,Kadın,2018.0
0.9082769923221692,0.9328200172907332,0.875462199459063,0.9394742361631663,0.78005378336645,0.9235604021820881,1.0142340675992216,0.804007975061257,0,Öğrenci Sınıf Listesi - 2026-02-01T161737.372,Erkek,2018.0
0.9446910078511361,0.8459294151955197,0.7718343147336372,0.840074315229977,0.676046908023294,0.9861489552952195,1.0705962243121587,0.8801308625870005,9,Öğrenci Sınıf Listesi - 2026-02-01T161739.926,Erkek,2020.0
1.0399376320995017,0.785036963816436,0.8953892451657304,0.7372728300544293,0.766612251148226,1.0297941324130049,0.9241245435347506,0.7361675855443597,0,Öğrenci Sınıf Listesi - 2026-02-01T161742.268,Erkek,2012.0
0.9971738416206437,0.8954602367182546,0.9665448498346609,0.916534401415181,0.8814522876746315,0.9776876832276913,1.0956608150389309,0.8307075747246427,3,Öğrenci Sınıf Listesi - 2026-02-01T161744.791,Erkek,2019.0
1.0068928849112935,0.5994299197345592,0.6737637976686062,0.6286729586944393,0.597732640948751,0.8538080383720102,0.9224306820642443,0.6700374331840384,8,Öğrenci Sınıf Listesi - 2026-02-01T161747.117,Kadın,2012.0
0.8617551717709268,0.8825481875784211,0.9387024280652255,0.9265145406294127,0.7996297052475388,1.0409201585764294,1.049859346740448,0.8357966118629667,12,Öğrenci Sınıf Listesi - 2026-02-01T161749.567,Kadın,2017.0
0.801273148148148,0.758234979564039,0.7716853110510795,0.7625380889809759,0.6743625326625197,0.8361353217587143,0.8095404831625708,0.6589904774412284,8,Öğrenci Sınıf Listesi - 2026-02-01T161751.896,Erkek,2012.0
0.9680167117486951,1.0026620774033277,1.0074043974629772,1.013282567785506,0.8758648103745131,0.9554258669205489,0.926776227845648,0.9260872295886515,18,Öğrenci Sınıf Listesi - 2026-02-01T161754.294,Erkek,2012.0
1.0334582699057355,0.840596525710695,0.8431319661389204,0.8970084891151235,0.7409762149072173,0.9574258561040444,1.038989396316869,0.727763881875131,16,Öğrenci Sınıf Listesi - 2026-02-01T161756.638,Erkek,2016.0
1.1163941059859446,0.9190900011309133,0.9681203561895724,0.9619358850282695,0.9127814072625738,0.9944133799971112,1.0296773391343852,0.9606344750785509,14,Öğrenci Sınıf Listesi - 2026-02-01T161759.028,Erkek,2016.0
0.8831370670103557,0.6329177765097462,0.6289986869615033,0.5948410138184405,0.678552896314517,0.7376196997910688,0.7588474530238639,0.6559620828784185,11,Öğrenci Sınıf Listesi - 2026-02-01T161801.354,Kadın,2011.0
1.1063425925925927,0.9172445812613945,0.8649947181047324,0.9713065681364964,0.8280161741421581,1.0472458576288945,1.027180847955646,0.9063343019917063,12,Öğrenci Sınıf Listesi - 2026-02-01T161803.920,Erkek,2018.0
1.071686506848957,0.9373821487508662,1.01067625667158,0.9305560573232895,0.8296483257154624,0.8148781045873205,1.0859969309829953,0.8985484747461228,18,Öğrenci Sınıf Listesi - 2026-02-01T161806.464,Erkek,2014.0
1.0877083333333333,0.7957399027121735,0.8660625624614096,0.7226020606748079,0.7196022335942214,1.0508807542597494,1.0010996074126788,0.9550742678057538,9,Öğrenci Sınıf Listesi - 2026-02-01T161808.900,Erkek,2014.0
1.0211574074074077,0.7051926102916531,0.8062264540475069,0.6847229430442443,0.7847575941056862,0.8749415695733643,1.0324744594478983,0.7614074229424961,0,Öğrenci Sınıf Listesi - 2026-02-01T161811.539,Erkek,2017.0
0.9887506707687476,0.7907008477117368,0.7180304513993535,0.7570592940568881,0.7721419862051506,0.9873423061252468,0.9876062921223859,0.7794389341390626,0,Öğrenci Sınıf Listesi - 2026-02-01T161814.057,Kadın,2017.0
0.9103503882241745,0.7035809129489564,0.6415886243402142,0.6354997246829456,0.7200454153418321,0.847099196923938,0.9700688410607752,0.7353942569517842,8,Öğrenci Sınıf Listesi - 2026-02-01T161816.594,Erkek,2018.0
1.017907800640696,0.9369861387728191,0.8398543953333962,0.9548698720030594,0.8908817383741396,1.0925325452313779,1.0379350284129982,0.8819604993932042,3,Öğrenci Sınıf Listesi - 2026-02-01T161819.145,Erkek,2019.0
0.8939120370370371,0.7156911175350388,0.6460493144472111,0.7202991137816928,0.7869905555314229,0.8805163660966772,0.7343904855737753,0.8394317186879086,2,Öğrenci Sınıf Listesi - 2026-02-01T161821.453,Erkek,2011.0
1.017907800640696,0.9923535167597107,0.9333262520329958,0.9991128756498877,0.9282173122621665,1.035009487231895,1.0551625990485625,0.8316298473421627,3,Öğrenci Sınıf Listesi - 2026-02-01T161823.855,Erkek,2017.0
1.059375718680801,1.0173167080672891,0.9592695928317294,0.8914925055355342,0.9023986299417891,0.9348383660835639,0.973453005434478,0.9433173852610628,18,Öğrenci Sınıf Listesi - 2026-02-01T161826.148,Erkek,2011.0
1.0140201833244364,0.8037294177104729,0.7962732889567821,0.7978641087508409,0.8041294987463647,0.8927334931287284,0.7065153903081662,0.7970855021376487,6,Öğrenci Sınıf Listesi - 2026-02-01T161828.703,Erkek,2016.0
1.1403677461028803,1.0013171419256897,1.063976431866876,1.051649000277725,0.9525683223879384,0.9467617526809101,1.0110613144133183,0.9724367481526519,14,Öğrenci Sınıf Listesi - 2026-02-01T161831.076,Erkek,2014.0
0.8101794487085465,0.8883396861311638,0.9491801750454392,0.90125411081552,0.8370400185385045,1.092092131267179,0.9073592990698822,0.8613837368920996,9,Öğrenci Sınıf Listesi - 2026-02-01T161833.682,Erkek,2018.0
1.0818518518518518,1.0188433252175348,1.0747639763723034,1.0277733144668617,1.0890588963166248,1.0818656553785544,1.1328432811871068,1.0645511446767955,17,Öğrenci Sınıf Listesi - 2026-02-01T161836.224,Erkek,2019.0
1.0716865068489572,0.9165237836899749,0.8898490406942279,0.8956495923355164,0.9547583322006662,0.8446391360903676,0.9300231918410667,0.9488166831405944,18,Öğrenci Sınıf Listesi - 2026-02-01T161838.657,Erkek,2014.0
0.9991176502787738,0.8448192889760471,0.9029788912428804,0.6651746394288788,0.7424881870924707,0.8770505718138544,0.9297597574533193,0.8090111668309254,6,Öğrenci Sınıf Listesi - 2026-02-01T161841.089,Erkek,2015.0
1.0049490762531634,0.8711324527356248,0.9691871651987636,0.8607820646446879,0.9352791789063513,1.0799684900677042,1.0804834003413641,1.007068966079949,14,Öğrenci Sınıf Listesi - 2026-02-01T161843.529,Kadın,2016.0
0.7938194444444445,0.8826880943965081,0.8276164517128465,0.8867192872122379,0.7748274855737511,0.8857211238642051,0.9376389096346985,0.8068385529667564,6,Öğrenci Sınıf Listesi - 2026-02-01T161846.132,Kadın,2017.0
0.8883205567653689,0.8629303550544563,0.8247248463094204,0.841802448788709,0.8401783909102986,0.7072811072748683,1.0476451136803162,0.705968045782875,0,Öğrenci Sınıf Listesi - 2026-02-01T161848.689,Erkek,2019.0
1.1325925114703606,1.0344231368135663,1.0484642414108156,0.9036976814433243,1.0028952855544708,1.0335638323674086,1.0819162211832165,0.997708409446496,3,Öğrenci Sınıf Listesi - 2026-02-01T161851.119,Erkek,2017.0
1.0516004840482813,0.8997026066860461,0.8532000562731512,0.9166988399290853,0.8274044372482432,0.9265292860261574,0.8427936373956062,0.7747015841343344,0,Öğrenci Sınıf Listesi - 2026-02-01T161853.575,Erkek,2017.0
0.955705923580539,0.8882038481332998,0.8724719321174844,0.928391654107702,0.8451814943216194,1.0815841028332378,0.9905331067854455,0.9607528969342013,12,Öğrenci Sınıf Listesi - 2026-02-01T161856.118,Erkek,2019.0
1.058727782461424,0.7763369026459339,0.8094074619213742,0.7855857094339729,0.8329061446216335,0.8680959085949422,0.889407694283487,0.7070124990351168,0,Öğrenci Sınıf Listesi - 2026-02-01T161858.525,Erkek,2015.0
1.0172598644213195,0.9849263301836279,0.9612148269875955,1.0223020079315028,1.0393468029050228,1.0537292572941521,1.1223197315178592,0.974807437100336,3,Öğrenci Sınıf Listesi - 2026-02-01T161900.989,Erkek,2017.0
1.000925925925926,1.0104878542437217,0.9492352382471673,0.9097344841671028,0.9500919833281166,0.9763538390212054,1.1098730140538444,0.8941717172154072,3,Öğrenci Sınıf Listesi - 2026-02-01T161903.415,Erkek,2017.0
0.8082356400504165,0.5826857354088136,0.6312226115794907,0.6498491355576751,0.5898483164903583,0.7833408322977644,0.8344639437149638,0.5838487649612747,11,Öğrenci Sınıf Listesi - 2026-02-01T161905.772,Erkek,2013.0
1.1241693406184645,0.8624799568821,1.0231961698023724,0.9876752362538083,0.9801278923159363,1.003186512796381,1.0110613144133183,1.0060996459916878,14,Öğrenci Sınıf Listesi - 2026-02-01T161908.951,Erkek,2014.0
1.0386417596607487,1.0205680346128814,0.9645994986412422,0.909930494476621,0.9909967043514905,1.0420430340068985,1.100360319719376,0.9769313534790623,3,Öğrenci Sınıf Listesi - 2026-02-01T161911.454,Erkek,2020.0
0.9654249668711885,0.915453896767242,0.9207645439780091,0.8856705715866987,0.8944941428495031,0.9804854023746988,1.0989974108069567,0.8460512204652679,12,Öğrenci Sınıf Listesi - 2026-02-01T161913.840,Erkek,2017.0
1.0250972222222223,0.9086397853774816,0.8540109128344667,0.8891796332545,0.8675234566630597,1.006295055214111,1.0645752261692212,0.883759863967288,12,Öğrenci Sınıf Listesi - 2026-02-01T161916.404,Erkek,2020.0
0.8948703703703704,0.6280880254648619,0.5594457079565204,0.6575811464663286,0.6468391588858818,0.64073543587043,0.8448758512116903,0.5928778498182186,11,Öğrenci Sınıf Listesi - 2026-02-01T161918.734,Erkek,2012.0
0.9971738416206438,0.852613468073783,0.6764377460144152,0.8211700602224598,0.7981646243885436,1.0457330099005175,1.0724388545615102,0.8309756795099025,0,Öğrenci Sınıf Listesi - 2026-02-01T161921.357,Kadın,2019.0
0.9235138888888889,0.7723391164242129,0.7573458078870914,0.9895784103956681,0.795728992272171,1.0217614632226757,1.0859969309829953,0.9050423085408892,12,Öğrenci Sınıf Listesi - 2026-02-01T161923.757,Kadın,2014.0
1.0081887573500465,0.9795535586559427,1.0393541504796566,1.0035223925153107,0.9153068482751094,1.1019776661113012,1.1223197315178592,0.904402355480784,3,Öğrenci Sınıf Listesi - 2026-02-01T161926.152,Erkek,2017.0
1.0749261879458403,0.9659512600496198,0.9530906894141656,1.0025656663884481,0.9044634919558958,1.037742141368243,1.110001626601999,0.8947027842846158,3,Öğrenci Sınıf Listesi - 2026-02-01T161928.580,Erkek,2016.0
1.0594907407407406,0.9659806752253529,0.940583991580643,0.9700876406342839,1.0549398469614557,1.0649836679838325,1.0703019793040582,0.9512367998816191,3,Öğrenci Sınıf Listesi - 2026-02-01T161931.049,Erkek,2019.0
0.7641759771328053,0.6432083818522331,0.5318671003722549,0.7193421926191453,0.6505399893715434,0.7793394317442508,0.772382278034366,0.5120546966883405,4,Öğrenci Sınıf Listesi - 2026-02-01T161933.484,Erkek,2011.0
0.8995946469825222,0.637981556361964,0.5364308779536608,0.6706355344691686,0.6714460093927814,0.8351207648201145,0.9068469663706492,0.47769693141471015,10,Öğrenci Sınıf Listesi - 2026-02-01T161935.986,Erkek,2016.0
0.9939341605237607,0.8199935699329258,0.8206176278640778,0.7464654046165783,0.8415592599324478,0.8742579990233313,0.8651294393346843,0.7591576400409012,0,Öğrenci Sınıf Listesi - 2026-02-01T161938.330,Kadın,2014.0
1.0649479701674398,0.8795162427300681,0.9154741529324397,0.86274448013101,0.9816380653304119,0.9558977306926691,1.0130002335073578,0.8516684259722527,12,Öğrenci Sınıf Listesi - 2026-02-01T161940.709,Erkek,2016.0
0.9847334662086124,0.8400655071867267,0.8231310212985595,0.7502962171268213,0.7968158861734366,0.8988924163342962,0.8844315787095338,0.7544344984973785,0,Öğrenci Sınıf Listesi - 2026-02-01T161943.106,Erkek,2015.0
0.952466242483656,0.8489656884054412,0.8575454034317356,0.9347371558756656,0.8484475038472905,0.9989717658520787,1.0344793723795185,0.8871994853141971,12,Öğrenci Sınıf Listesi - 2026-02-01T161945.675,Erkek,2017.0
0.9161818141985643,0.8702990935970141,0.8722624102486775,0.7526894824233997,0.7406094662329554,0.8922989388909638,0.9757096784736315,0.7683737969497614,9,Öğrenci Sınıf Listesi - 2026-02-01T161947.974,Erkek,2012.0
0.905814834688538,0.7923413084486894,0.9362622010828748,0.8111507574588771,0.8987823975337864,0.8133692456612709,0.9360251696294297,0.7657493868656361,6,Öğrenci Sınıf Listesi - 2026-02-01T161950.271,Erkek,2012.0
0.9284926023667203,0.8678390363934987,0.8586621769053542,0.9356607480614505,0.7781217738727656,0.8289548066179288,1.0504912687007162,0.7351385988962499,0,Öğrenci Sınıf Listesi - 2026-02-01T161952.737,Kadın,2017.0
0.9952300329625139,0.9424376208769202,0.9166606523329267,0.9292998317782164,0.8540120059701815,1.067328703536309,1.0625988770131394,0.9367822346370807,12,Öğrenci Sınıf Listesi - 2026-02-01T161955.236,Kadın,2019.0
1.0068928849112935,0.8417827393265064,0.8841863939284944,0.8442027185913941,0.8609945090940301,1.06469038109756,1.0945942808988296,0.9415598357708813,12,Öğrenci Sınıf Listesi - 2026-02-01T161957.761,Kadın,2019.0
0.8798973859134726,0.7675207683934273,0.7800010223412822,0.7306719948545151,0.6848031136710176,0.9541058382463173,0.8506528348035471,0.6639031587378533,8,Öğrenci Sınıf Listesi - 2026-02-01T162000.199,Erkek,2011.0
1.017962962962963,1.015635397133635,0.8956512660450996,0.9518292377443663,0.8504371418341936,1.0169297514619362,1.0897221498386944,0.8624736265980028,3,Öğrenci Sınıf Listesi - 2026-02-01T162002.714,Erkek,2019.0
1.0386417596607487,0.7710378946423538,0.7945620081584447,0.8670333731807088,0.8180876075668616,1.0177841489404014,0.936822308228389,0.8234331056912874,0,Öğrenci Sınıf Listesi - 2026-02-01T162005.237,Erkek,2017.0
1.087884912333373,0.8783025939026171,0.9919765595900949,0.903427723531043,0.7717133437846446,0.9301993569301344,1.0110613144133183,0.8801202645333099,12,Öğrenci Sınıf Listesi - 2026-02-01T162007.960,Erkek,2014.0
1.0775925925925927,1.0205494477020873,1.0420668554631725,1.0029000364315384,0.9611726110966945,1.0023219495309896,1.0861158692108315,0.9531761867249129,3,Öğrenci Sınıf Listesi - 2026-02-01T162010.586,Erkek,2018.0
1.034106206125112,0.9111042886670788,0.7548539276125605,0.8846727670186744,0.8277306176244846,1.1015952475590995,1.1202561336183614,0.6541704678864676,16,Öğrenci Sınıf Listesi - 2026-02-01T162012.969,Erkek,2018.0
0.9443670397414479,0.9465153762235569,1.039194528333663,0.9591564371494156,0.9552859954696373,0.8363355777841441,1.0130002335073578,0.9815212905175831,18,Öğrenci Sınıf Listesi - 2026-02-01T162015.315,Erkek,2012.0
0.9302222222222223,0.8194789346548594,0.8594619739592069,0.8569143533033635,0.8864836688725896,1.0186547556441758,0.9625915849570764,0.7687281351565658,0,Öğrenci Sınıf Listesi - 2026-02-01T162017.673,Kadın,2013.0
1.0494814814814817,0.8330893704942235,0.7452820797159807,0.7916112155243754,0.6281979511523924,0.8107321634715353,0.8845283522438219,0.7142900975763203,11,Öğrenci Sınıf Listesi - 2026-02-01T162019.976,Erkek,2013.0
1.0755741241652168,1.0644262556152628,1.0866837713135264,1.0281838922233415,1.0439968380334887,1.0525210886645555,1.100360319719376,1.0821956859551929,17,Öğrenci Sınıf Listesi - 2026-02-01T162022.482,Erkek,2020.0
1.0873888888888887,0.9108037144255003,0.965964395321608,0.9598799361436654,0.8521861803732806,1.0098002587341222,1.0128268619343437,0.9811747529130399,14,Öğrenci Sınıf Listesi - 2026-02-01T162024.917,Kadın,2013.0
0.965787037037037,0.828371670712512,0.9054094358801338,0.8054849124617837,0.8567600079867029,1.0331280387286228,0.7977831738734558,0.866464746342403,9,Öğrenci Sınıf Listesi - 2026-02-01T162027.250,Erkek,2013.0
0.9239570488310838,0.725997970483095,0.7642622998012597,0.6520634495956412,0.6139359827511093,0.7173473351142332,0.8381620406599284,0.7172537295752632,2,Öğrenci Sınıf Listesi - 2026-02-01T162029.719,Erkek,2014.0
1.1403677461028803,1.0420268729559468,1.0585223075700045,1.069913567239985,1.0104093352483698,1.0788745646717035,1.0675588350861296,1.047603710522216,17,Öğrenci Sınıf Listesi - 2026-02-01T162032.083,Erkek,2015.0
1.019986111111111,0.9716128939964471,0.8987907131877968,0.9407346401654678,0.8440153548702902,0.90521538831811,1.095384057961431,0.7213788427358727,16,Öğrenci Sınıf Listesi - 2026-02-01T162034.587,Erkek,2017.0
0.9323802196829801,0.9200205975467273,0.9220629499680749,0.9429066031436449,0.939894064187019,0.829525556767108,1.0148395152938707,0.9308337270202017,18,Öğrenci Sınıf Listesi - 2026-02-01T162037.133,Erkek,2019.0
0.9887506707687476,0.8735354435843045,0.8240641801052636,0.9060646868197355,0.8145427077072221,1.0624455912402941,1.1328432811871068,0.7100868875102655,16,Öğrenci Sınıf Listesi - 2026-02-01T162039.700,Erkek,2018.0
1.1325925114703606,1.0024381433274876,1.087652824255679,1.0629926428025611,0.9637014648673551,1.079173054863337,1.0713460744940926,1.0087295309679323,17,Öğrenci Sınıf Listesi - 2026-02-01T162042.184,Erkek,2018.0
1.1004861111111113,0.9455316701385134,0.8738819148231728,0.8805208006760195,0.9322699625356612,0.8879549513888475,1.0508818087694223,0.9824956460444779,18,Öğrenci Sınıf Listesi - 2026-02-01T162044.701,Erkek,2019.0
1.0315144612476055,0.8986873377699787,0.6924105246717248,0.724241043905622,0.640088382038724,1.0605548331145718,1.0945942808988296,0.8448948606967904,0,Öğrenci Sınıf Listesi - 2026-02-01T162047.178,Erkek,2020.0
1.1008436367209053,0.8196817874706241,0.7775435961921439,0.77830557753143,0.7809727483483612,0.9711544437955867,0.9600724182672633,0.7733710121393901,0,Öğrenci Sınıf Listesi - 2026-02-01T162049.592,Erkek,2013.0
1.074930555555556,0.9163490416522223,0.8961771396875613,0.9007660887576919,0.8485106398726039,1.0250425181510727,1.0377415825458716,0.9535901500495204,12,Öğrenci Sınıf Listesi - 2026-02-01T162052.067,Erkek,2014.0
1.0321623974669822,0.7869046359377417,0.7816544999815885,0.7777676040464202,0.615828577609436,1.040672793420016,0.9639278339246131,0.7752210042109493,0,Öğrenci Sınıf Listesi - 2026-02-01T162054.545,Erkek,2018.0
0.9897453703703705,0.6255651770110359,0.7697855485049638,0.7306414879544902,0.7083891759277627,0.7566661038431881,0.7706773023710394,0.7239743817622271,2,Öğrenci Sınıf Listesi - 2026-02-01T162056.893,Erkek,2012.0
0.888587962962963,0.6685745213437988,0.7274860731062673,0.7364357928237938,0.5696644117492923,0.8272664165812451,0.8230351488411282,0.6796158212054434,8,Öğrenci Sınıf Listesi - 2026-02-01T162059.488,Erkek,2013.0
0.8911714761306262,0.7379977605247192,0.6643716207530459,0.7659869942121059,0.60509396022448,0.9555030657111973,0.938361982867474,0.7292483233014826,8,Öğrenci Sınıf Listesi - 2026-02-01T162101.946,Erkek,2016.0
0.9919903518656307,0.9179373340925627,0.9048057076575347,0.8516262458885472,0.6996802580392526,0.9962234043621109,0.9508690616151918,0.9015439864090776,9,Öğrenci Sınıf Listesi - 2026-02-01T162104.373,Erkek,2017.0
1.0619674635583074,0.8123212036150826,0.8574627849059819,0.8256612548485733,0.9327915323622379,1.0404297368291613,0.9384786828210893,0.8982377709058404,12,Öğrenci Sınıf Listesi - 2026-02-01T162106.918,Erkek,2017.0
1.0872369761139964,0.8175299104325597,0.8415144978939809,0.8117028999978764,0.8623068943951793,0.9110931127770807,0.7668889816407259,0.7384784251344777,0,Öğrenci Sınıf Listesi - 2026-02-01T162109.258,Erkek,2014.0
1.0846452312364896,0.9364240719266134,1.0316273092218005,0.9396935906229174,1.0052261993538787,0.9751953858799876,1.0737160181752154,1.0531386165719574,14,Öğrenci Sınıf Listesi - 2026-02-01T162111.893,Erkek,2017.0
1.0477128667320215,0.6942459095418239,0.6497670719724079,0.8066544550830667,0.7967588884052128,0.9539927423170788,1.02286968399825,0.8763945873921902,9,Öğrenci Sınıf Listesi - 2026-02-01T162114.445,Kadın,2018.0
1.046416994293268,0.9427119786447509,0.9753722077466719,0.8635136057367575,0.7671000227864364,0.9753616037545206,1.0859969309829953,0.8827549359389295,12,Öğrenci Sınıf Listesi - 2026-02-01T162116.867,Erkek,2016.0
1.0723344430683337,1.0024193216200918,1.0412169484791336,0.9483814204181702,1.022037445877866,0.9745742244030946,0.986372985822482,1.0639888449065444,14,Öğrenci Sınıf Listesi - 2026-02-01T162119.207,Kadın,2014.0
0.86305104420968,0.8343379128238231,0.8053656391148273,0.8350145886183361,0.6317636855559482,0.818106711074062,0.8543005141286365,0.7865256028456282,2,Öğrenci Sınıf Listesi - 2026-02-01T162121.623,Erkek,2015.0
1.027013888888889,0.7058690809086393,0.6277546266774682,0.6797877368161095,0.6736982987281434,0.9559102119282299,0.9463375065687434,0.7654568427692181,8,Öğrenci Sınıf Listesi - 2026-02-01T162124.177,Erkek,2018.0
1.0055970124725402,1.038017804655955,0.972817539461824,0.9658753732519293,0.883049458477154,1.0828302296081476,1.0510433776008985,1.0472880554713004,14,Öğrenci Sınıf Listesi - 2026-02-01T162126.660,Erkek,2020.0
1.0946296296296298,0.9378101371694558,0.9881434286385227,0.9384216354398498,0.7573490448363169,1.0293561056770317,1.0616359892267746,0.966789918334788,12,Öğrenci Sınıf Listesi - 2026-02-01T162129.177,Erkek,2018.0
1.0988998280627758,1.0333508912954723,0.9806156535198021,0.8665612378949988,0.9850897825738028,1.0506926516792328,1.049912006903804,0.9266924006242065,3,Öğrenci Sınıf Listesi - 2026-02-01T162131.636,Erkek,2020.0
0.9589456046774222,0.8883574429105172,0.8917966094326453,0.8247894087979364,0.8338272480395841,1.0125635074385135,0.9714076177372062,0.7311296954086408,16,Öğrenci Sınıf Listesi - 2026-02-01T162134.066,Erkek,2017.0
0.9369157732186166,0.9268389838532272,0.815783350245993,0.931293472045154,0.8993249019755087,0.963858548234668,1.0264926334739453,0.8560654153977703,12,Öğrenci Sınıf Listesi - 2026-02-01T162136.554,Erkek,2019.0
0.9571313832631676,0.87100027236744,0.8596176329126601,0.7928983972238782,0.8233189308722658,1.0385177287240839,1.0994322351060124,0.7275224940619988,16,Öğrenci Sınıf Listesi - 2026-02-01T162139.104,Kadın,2019.0
1.0101325660081766,0.7183787191819648,0.7255201066813968,0.6827297319064749,0.8358479465381434,0.8956521426245062,1.0292690383357144,0.6476437158521098,16,Öğrenci Sınıf Listesi - 2026-02-01T162141.666,Erkek,2017.0
1.1292481250360578,1.012906139460248,1.0419302273452236,0.9939243559672832,0.990530488546751,0.976238920378693,1.0675588350861296,0.9199824750654731,3,Öğrenci Sınıf Listesi - 2026-02-01T162144.072,Erkek,2015.0
1.0531018518518518,1.0010133802225702,0.9672962320161741,0.9695576435573665,1.0206723426278468,0.9393446739245529,1.0314981170749218,0.9641661586918815,14,Öğrenci Sınıf Listesi - 2026-02-01T162146.422,Erkek,2016.0
1.0302185888088524,0.9724460674539388,1.061464190407284,1.0890150108439614,1.084827076241565,1.0994626894608337,1.0897221498386944,1.00295762734693,17,Öğrenci Sınıf Listesi - 2026-02-01T162148.873,Kadın,2019.0
0.9680167117486951,0.7795202905609274,0.764009791640001,0.7716459739087024,0.6719734399252365,0.9986390353360621,0.9955650726906407,0.7064842451309521,0,Öğrenci Sınıf Listesi - 2026-02-01T162151.448,Erkek,2017.0
1.0496566753901515,0.9746055895768262,0.9191237362547061,1.0059523677501763,1.020711589346285,1.0947396273429784,1.0800120645713762,1.0206301540713913,3,Öğrenci Sınıf Listesi - 2026-02-01T162154.008,Kadın,2020.0
1.0775925925925927,0.9836115391584597,1.002744996931018,0.9912422566519148,1.0279084136803864,1.0193610499947479,1.0163222579792903,1.0215390511418627,14,Öğrenci Sınıf Listesi - 2026-02-01T162156.443,Kadın,2018.0
1.064814814814815,0.9908173744675485,0.9775345172416624,0.9671318479850699,0.8710083427926404,1.058221523955012,1.0361849584027385,0.9519795123233521,14,Öğrenci Sınıf Listesi - 2026-02-01T162158.790,Erkek,2011.0
1.1403677461028803,1.0074788886158004,1.0308088265797242,1.0756218206167198,1.044909750831939,1.1098244140675897,1.1328432811871068,1.104851640644044,17,Öğrenci Sınıf Listesi - 2026-02-01T162201.244,Erkek,2018.0
1.059375718680801,0.9093710696326891,0.87899099016487,0.9827552636304859,1.0438279065062988,1.0673358548394407,1.0861158692108315,1.033761829908538,3,Öğrenci Sınıf Listesi - 2026-02-01T162203.727,Erkek,2020.0
0.992939814814815,0.8330159475518878,0.7537304091059802,0.8637944092995716,0.7332497174578105,1.0627569654839448,1.0366391698422188,0.7278182346962548,16,Öğrenci Sınıf Listesi - 2026-02-01T162206.022,Kadın,2012.0
1.0496566753901515,1.0141685251497852,1.0153894662330663,1.0011528020885403,0.9834954619926345,0.998376336290838,1.0510433776008985,1.0243298733398347,14,Öğrenci Sınıf Listesi - 2026-02-01T162208.082,Erkek,2019.0
0.9505224338255259,0.7496932501597456,0.7512108228868924,0.7943366587648312,0.6988482829836864,1.0521245928520537,1.0675588350861296,0.7819439964698783,0,Öğrenci Sınıf Listesi - 2026-02-01T162210.529,Kadın,2016.0
1.1086188713534253,0.9859330915465623,0.981713348674301,0.9969095770075168,1.0122427630584794,1.0422882666795288,1.1037130253851526,0.9560801096936077,3,Öğrenci Sınıf Listesi - 2026-02-01T162212.987,Erkek,2017.0
1.0386417596607487,0.8538074918519816,0.8107058557197064,0.8762990719734092,0.7913018583305944,0.8704958858596787,0.9468414143281354,0.8161897522878877,0,Öğrenci Sınıf Listesi - 2026-02-01T162215.541,Erkek,2019.0
0.9738481377230849,0.8966025764358104,0.8649164385672512,0.9052426121864907,0.7691377352276709,1.0461843901115315,1.1146209159454465,0.9674790208519592,12,Öğrenci Sınıf Listesi - 2026-02-01T162218.058,Kadın,2020.0
1.143611111111111,1.078235405472585,1.1011149922859584,1.0967695963420137,1.0771637278717694,1.0813675887293637,1.0859969309829953,1.1250229651334818,17,Öğrenci Sınıf Listesi - 2026-02-01T162220.413,Erkek,2015.0
0.9123333333333332,0.8624053618546828,0.8124386575273881,0.7879770281549279,0.9220304936951729,0.9129492549866379,1.0017966574548565,0.7268948651075383,0,Öğrenci Sınıf Listesi - 2026-02-01T162222.830,Kadın,2017.0
0.9311805555555557,0.7419695187108728,0.7019479680046242,0.7585573324250361,0.8731849365974458,0.9649964543195257,1.0872472399079263,0.7936972128539759,0,Öğrenci Sınıf Listesi - 2026-02-01T162225.242,Erkek,2017.0
1.0917725296496326,0.9146600919931513,1.0403274647948475,0.9748827471036058,0.9274972202977815,0.95433011250711,0.9776733648832019,1.0239098088446563,18,Öğrenci Sınıf Listesi - 2026-02-01T162227.588,Erkek,2016.0
0.8818411945716024,0.6446522498860442,0.5908672194012949,0.7078959943160816,0.7281535277207425,0.8199044231253593,0.7105635086744111,0.6790655592831515,8,Öğrenci Sınıf Listesi - 2026-02-01T162230.208,Erkek,2016.0
0.9631249999999999,0.8261634269856907,0.8185312398423745,0.8861409642051996,0.7454163360520858,1.0181643920007022,0.9808230215181276,0.9053428065808136,9,Öğrenci Sınıf Listesi - 2026-02-01T162232.787,Erkek,2019.0
1.1403677461028803,1.116005847787,1.0911048994726484,1.0885302450688603,1.0819054045981162,1.082347890385125,1.1202561336183614,1.092499106915287,17,Öğrenci Sınıf Listesi - 2026-02-01T162235.249,Erkek,2018.0
0.8917824074074074,0.7673553830375502,0.7438340718842604,0.7288006633893992,0.7800967841188254,0.9035732731580982,0.9646838000310812,0.766180952811603,8,Öğrenci Sınıf Listesi - 2026-02-01T162237.749,Erkek,2015.0
0.7571782659635377,0.7587814072960918,0.795438527370222,0.7434612393696669,0.7638266803611274,0.8582449746762133,1.01361390832731,0.7876528770795946,6,Öğrenci Sınıf Listesi - 2026-02-01T162240.266,Erkek,2016.0
1.126574074074074,1.0082690203247864,1.0321727643579228,0.9596708773139223,0.9114060657381793,1.0568685895116972,1.095384057961431,1.0175520299046703,14,Öğrenci Sınıf Listesi - 2026-02-01T162242.710,Erkek,2017.0
1.0392896958801252,0.864152414419565,0.8225619182316596,0.8158612124592578,0.8299460858799794,1.0314995581797792,1.0761598070763991,0.9432375955339093,12,Öğrenci Sınıf Listesi - 2026-02-01T162245.421,Kadın,2019.0
1.1001957005015288,1.0000358543801489,0.9575872078575475,1.0224434986081,1.000740128798503,0.9237955330522942,1.0490061242700335,1.059339922447722,14,Öğrenci Sınıf Listesi - 2026-02-01T162248.003,Erkek,2021.0
1.1079709351340483,1.0397889221428096,1.0759319483466312,1.0877080190974484,1.0500920240448246,1.0060493893961806,1.0536506658077212,1.1036788898424572,17,Öğrenci Sınıf Listesi - 2026-02-01T162250.693,Erkek,2021.0
1.1403677461028803,1.0258586504579879,0.9991803777333432,0.9930571066070829,1.0032280294716631,0.9985815724971929,1.0149350774236257,1.0636991723554887,14,Öğrenci Sınıf Listesi - 2026-02-01T162253.236,Erkek,2021.0
1.0768699966039699,0.9758663424327708,0.9190852978404125,0.9463479723348239,0.9280270509966951,1.0337231268244518,1.006628371594063,0.9591709478234846,14,Öğrenci Sınıf Listesi - 2026-02-01T162255.852,Erkek,2021.0
0.9673687755293184,0.9197282591090623,0.9017348198386443,0.9571101948653479,1.0062713565296746,1.0195969710331978,1.0037852067921373,0.9806979818853347,14,Öğrenci Sınıf Listesi - 2026-02-01T162258.159,Erkek,2021.0
1.0924204658690093,0.8770735420555885,0.8593817401576425,0.9722100684431448,0.8670077889103649,0.9336307260732231,1.0536506658077212,0.9582585885051464,12,Öğrenci Sınıf Listesi - 2026-02-01T162300.906,Erkek,2021.0
1.090340333865652,0.9711938709976196,0.8950939246164293,0.9310393071524122,0.938627930922626,1.0658856529268106,1.0358128348484152,1.0523593301342844,14,Öğrenci Sınıf Listesi - 2026-02-01T162303.394,Erkek,2021.0
1.1079709351340483,0.9825994319568269,0.9781995119954153,0.9898213963795153,0.95511240585614,1.0599297521343798,1.0536506658077212,1.0655007953266593,14,Öğrenci Sınıf Listesi - 2026-02-01T162305.953,Erkek,2021.0
1.1118585524503086,0.9795801784109788,1.0093166654005634,1.0077396201014315,0.9782961249891236,1.0458120613671376,1.0536506658077212,1.0234770951238499,14,Öğrenci Sınıf Listesi - 2026-02-01T162308.011,Erkek,2021.0
1.014668119543813,0.915562260713905,0.7823576283651218,0.9397774800949457,0.8741856724368725,0.8511685779837311,1.0536506658077212,0.9144011476620999,18,Öğrenci Sınıf Listesi - 2026-02-01T162310.659,Erkek,2021.0
1.0723344430683335,0.9476156140014921,0.892200100891936,0.9658775965398823,0.8801213120058626,0.9486435843293951,1.0057885816432703,0.9365390095340091,12,Öğrenci Sınıf Listesi - 2026-02-01T162313.210,Erkek,2021.0
1.0827014225783598,0.8969392646465152,0.9068281093313059,1.0034664231218169,1.043841557538799,1.0947536694881537,1.1231331959197888,1.043514214503966,3,Öğrenci Sınıf Listesi - 2026-02-01T162315.661,Kadın,2018.0
0.9279861111111111,0.823570534933324,0.8195893608156855,0.8814390804517732,0.766137579559941,1.0734302443433266,1.0045239823319037,0.9077948088475514,9,Öğrenci Sınıf Listesi - 2026-02-01T162318.088,Erkek,2018.0
1.0703906344102037,0.9880295882814516,1.0099083613001552,0.9952709907583358,1.0770511068536426,1.108624312507886,1.0994322351060124,1.043534789912942,17,Öğrenci Sınıf Listesi - 2026-02-01T162320.555,Erkek,2018.0
1.113263888888889,1.0108002115404273,1.005313621024145,1.0489153184981888,1.0161212301704379,1.0313859104346124,0.993010585135958,0.91103153245438,3,Öğrenci Sınıf Listesi - 2026-02-01T162322.848,Erkek,2011.0
0.7336574074074075,0.7777302609354578,0.6830942249013248,0.7022712458315042,0.5843904630588751,0.9152946934685534,0.6369283399513832,0.7011525977447344,2,Öğrenci Sınıf Listesi - 2026-02-01T162325.157,Erkek,2011.0
1.0089120370370372,0.9051490961905927,0.9205298747211481,0.9359954698238407,0.9015715682336162,1.0462002241561457,1.0859969309829953,0.9527887109015275,14,Öğrenci Sınıf Listesi - 2026-02-01T162327.521,Kadın,2015.0
1.0147685185185185,0.8940262973046657,0.9798976003010924,0.9516349968389564,0.9229007143170395,0.9733658090692128,1.0675588350861296,0.985332190861744,14,Öğrenci Sınıf Listesi - 2026-02-01T162329.911,Erkek,2016.0
1.081851851851852,1.0061758590999643,1.0460073578097606,1.0066497247466633,0.9878228392951958,0.9406302483917746,1.0131899724091877,0.9486419252249737,14,Öğrenci Sınıf Listesi - 2026-02-01T162332.526,Erkek,2019.0
1.0600236549001776,0.9958010316713719,0.9475486047426079,0.9036586798984447,0.8216664228108193,0.961261910233453,1.004150324947721,0.8902964707481635,12,Öğrenci Sınıf Listesi - 2026-02-01T162334.984,Erkek,2017.0
1.0967592592592592,0.9593784718194194,0.8101374816479248,1.0174327031540855,0.7959763476746747,1.048660547251478,1.076291015076359,0.6676427447999014,16,Öğrenci Sınıf Listesi - 2026-02-01T162337.290,Erkek,2014.0
0.957649732238669,0.7796242425527727,0.7850338099252182,0.8283427577854455,0.6896943506132613,0.8761874936690924,0.7292677438109422,0.6883616976953231,8,Öğrenci Sınıf Listesi - 2026-02-01T162339.826,Erkek,2017.0
0.9533733531907831,0.626237494667751,0.6903699606144278,0.6344497070481406,0.6894020913743756,1.0104543541790132,1.0043971616787706,0.809590965957783,8,Öğrenci Sınıf Listesi - 2026-02-01T162342.315,Erkek,2018.0
1.0066337104235428,0.8891361409098347,0.7935047433590028,0.8526726728026259,0.7213728764554753,0.8213251829639561,0.9732011266308779,0.8550619635410559,6,Öğrenci Sınıf Listesi - 2026-02-01T162344.947,Erkek,2020.0
0.9384708201451205,0.6306835226511953,0.6121612448774981,0.6889615425356617,0.6765555384730965,0.7747816349201434,0.8977130443914053,0.6843976395782155,11,Öğrenci Sınıf Listesi - 2026-02-01T162347.421,Erkek,2018.0
1.0690740740740743,1.0038811534409025,1.0106233617032379,0.9757961408611222,0.902210388970237,1.1059452776697578,1.0675588350861296,1.0605265651590194,14,Öğrenci Sınıf Listesi - 2026-02-01T162349.765,Erkek,2014.0
0.9817592592592594,0.7401262701816611,0.6624345520262546,0.7702348435389688,0.726484866110308,0.8152556585408207,1.0675588350861296,0.656653919345476,10,Öğrenci Sınıf Listesi - 2026-02-01T162352.073,Erkek,2013.0
1.1079709351340483,1.0853188611349947,1.0309019883582817,1.0611616493964535,1.024364946919149,1.0093795842616546,1.1126962120523434,1.0378029267916384,17,Öğrenci Sınıf Listesi - 2026-02-01T162354.532,Erkek,2018.0
1.0408564814814818,1.082747549691418,1.0158772733756007,1.0800277594851713,1.0535747437114362,1.102237993121811,1.1098730140538444,0.9499259046554123,17,Öğrenci Sınıf Listesi - 2026-02-01T162356.918,Erkek,2016.0
1.0464169942932682,0.913032632458224,0.8887691920940459,0.7985961799427865,0.8029161913219601,0.9396316551065571,0.8583737798632224,0.8423171270901918,9,Öğrenci Sınıf Listesi - 2026-02-01T162359.432,Erkek,2016.0
1.0885328485527495,1.0654303551881188,1.051030611964445,1.1103090090698926,1.0988774769895724,1.0777831434714655,1.1134231106524708,1.0725251877025765,17,Öğrenci Sınıf Listesi - 2026-02-01T162401.876,Erkek,2018.0
1.0755741241652168,0.9862734213980049,1.0067816043742013,0.9392582825642727,0.99359778511371,0.9120873061481097,1.0128268619343437,0.9264075402346417,14,Öğrenci Sınıf Listesi - 2026-02-01T162404.212,Kadın,2016.0
1.0496566753901515,0.9997439516650756,0.9330704646779069,0.9234672447558966,0.821471357247847,0.9845313817896603,1.108851894739645,0.9817191255196839,14,Öğrenci Sınıf Listesi - 2026-02-01T162406.533,Erkek,2017.0
1.0140201833244364,0.9660923828026874,1.0054724022758,0.9551232333797974,0.9233865531361609,1.0667433551917527,1.0159708859909655,0.985687256681153,14,Öğrenci Sınıf Listesi - 2026-02-01T162409.016,Erkek,2018.0
0.7447378905515062,0.7662660241788886,0.8478195539333121,0.8070007292531916,0.7125273921074439,0.8011640761917573,1.0859969309829953,0.686536476869908,11,Öğrenci Sınıf Listesi - 2026-02-01T162411.491,Erkek,2013.0
0.8587746651617942,0.823025294111955,0.883684872574531,0.888723282064068,0.8429375412750685,0.9982150022846766,0.881529568945875,0.9042415234444877,9,Öğrenci Sınıf Listesi - 2026-02-01T162414.066,Erkek,2019.0
1.1116666666666668,1.0015113048039372,1.029398719140023,1.0315928581454756,1.0021677945548206,1.0435547032108599,1.1223197315178592,1.063062708619655,17,Öğrenci Sınıf Listesi - 2026-02-01T162416.494,Kadın,2018.0
1.0619674635583074,0.990734974651698,0.9066370170702203,0.9386041489581357,1.037521451869407,1.0657220633865587,1.0159708859909655,0.9207793723269787,3,Öğrenci Sınıf Listesi - 2026-02-01T162418.960,Erkek,2019.0
1.0256830352732158,0.8592163307382397,0.8607104349458762,0.8127941248098505,0.9043536010727672,1.0103914048089935,0.9381451834907484,0.8498662124570755,12,Öğrenci Sınıf Listesi - 2026-02-01T162421.344,Erkek,2017.0
1.0712037037037037,0.937200265823881,1.020922964430913,0.9255482509594465,0.6971377532360918,0.971212482064281,1.0582525998410113,0.9343984735311419,18,Öğrenci Sınıf Listesi - 2026-02-01T162423.812,Erkek,2015.0
0.9233091126117072,0.7199594682876954,0.5940430034724332,0.5898049419188676,0.7994015016345356,1.0097049916494447,0.9008943653752697,0.701974867255191,4,Öğrenci Sınıf Listesi - 2026-02-01T162426.302,Erkek,2018.0
1.1403677461028803,1.1290933756759942,1.1284826215847927,1.1308923184882511,1.1346567576253934,1.1046825768734554,1.1328432811871068,1.1146129000457452,17,Öğrenci Sınıf Listesi - 2026-02-01T162428.889,Erkek,2019.0
1.119633787082828,0.7786475714104816,0.811285749305883,0.7778607778688764,0.8455765210745936,1.0518914746266164,1.1134231106524708,0.8773551721087287,12,Öğrenci Sınıf Listesi - 2026-02-01T162431.338,Kadın,2018.0
1.0516004840482813,0.7869019975013487,0.82843264265479,0.8891841091520103,0.9034950682328814,0.890445839974802,1.0570437219207212,0.8105804606090026,0,Öğrenci Sınıf Listesi - 2026-02-01T162433.657,Kadın,2013.0
1.0185557368600728,0.9876121373489711,0.9293193845340918,0.8410799993508639,0.7134968093085101,0.9538800225854073,0.9259165737849517,0.7311693192301224,0,Öğrenci Sınıf Listesi - 2026-02-01T162436.135,Erkek,2017.0
1.1241693406184645,0.9357777091282377,0.9597270510604607,0.9315515922846535,0.9530690169287674,1.0783685792106317,1.0563111037576,1.0503388676275338,14,Öğrenci Sınıf Listesi - 2026-02-01T162438.617,Erkek,2019.0
1.00170939515628,0.8322724451505957,0.7160154858437752,0.7086142594031357,0.8180807820506116,0.974506908417834,1.076240644504295,0.7290950833985843,16,Öğrenci Sınıf Listesi - 2026-02-01T162441.055,Kadın,2017.0
1.1287037037037035,0.9795100688251962,0.8808922378095242,0.956391961551487,0.9673718862308444,1.0500242349293654,1.049912006903804,0.9485530327995089,3,Öğrenci Sınıf Listesi - 2026-02-01T162443.555,Erkek,2018.0
0.9918750000000001,0.7051709113195963,0.7704204418076539,0.6700954884114344,0.6679381947181797,0.8706522121513237,0.9220844087110881,0.8779023021451502,19,Öğrenci Sınıf Listesi - 2026-02-01T162445.931,Erkek,2014.0
1.0360500147832419,0.8063520471784414,0.8811757669745256,0.7934115276470124,0.5345804041413739,1.073994569192231,0.926776227845648,0.8554852555054492,9,Öğrenci Sınıf Listesi - 2026-02-01T162448.230,Erkek,2012.0
0.9382116456573698,0.7223353895895901,0.672590758832564,0.6423494896195036,0.6974071856484418,0.7434905942150916,0.8290157592139981,0.673414243489306,11,Öğrenci Sınıf Listesi - 2026-02-01T162450.688,Erkek,2016.0
0.8342824074074073,0.5741105442460238,0.5480524540619438,0.6127593976782679,0.5249313433494108,0.846179812827327,0.8526153180620718,0.6402871085497789,8,Öğrenci Sınıf Listesi - 2026-02-01T162453.142,Erkek,2013.0
1.039289695880125,0.978386238572375,1.0242059961461953,0.9557975041589937,0.9871784187581712,1.0321400367270301,1.071520326451858,1.0759972985098702,14,Öğrenci Sınıf Listesi - 2026-02-01T162455.469,Erkek,2015.0
1.062152777777778,0.8929198086427375,0.8573045906258524,0.8800427148979628,0.9398804131545186,1.0056348375418607,1.1098730140538444,0.8539746573947278,3,Öğrenci Sınıf Listesi - 2026-02-01T162457.875,Kadın,2017.0
1.0230912903957092,0.9477209426211279,0.9193721711127598,0.9539776968270447,0.7661974734650356,0.9305721419142515,1.1223197315178592,0.9582099078288794,18,Öğrenci Sınıf Listesi - 2026-02-01T162500.367,Kadın,2019.0
0.7969615498332632,0.7584068676603453,0.6529491860257878,0.7131317247274552,0.5694738237688011,0.7491429578888679,0.7635771583060099,0.5891497587536476,11,Öğrenci Sınıf Listesi - 2026-02-01T162502.730,Erkek,2011.0
0.8123472222222223,0.6647992661830662,0.654557025622343,0.7825118055743397,0.6440368290058598,0.9696397785908679,1.0570437219207212,0.6728326095359525,4,Öğrenci Sınıf Listesi - 2026-02-01T162505.098,Erkek,2013.0
0.8699537037037037,0.6935278621191399,0.6206394036235767,0.652754633724068,0.671323309502415,0.7149074721101221,0.7972910428726993,0.6463208326908622,11,Öğrenci Sınıf Listesi - 2026-02-01T162507.637,Erkek,2014.0
1.0723344430683337,1.043316026844628,1.0752909489617644,1.1189916005910807,1.0114279780475373,1.0982995030067908,1.1231331959197888,1.1157701177844646,17,Öğrenci Sınıf Listesi - 2026-02-01T162510.148,Erkek,2018.0
1.1325925114703606,1.0566017325670105,1.0454011280798845,1.0121508916129376,0.8557883465742692,1.0232844239728922,1.1231331959197888,1.0321270545872698,14,Öğrenci Sınıf Listesi - 2026-02-01T162512.622,Erkek,2018.0
0.9420992629736297,0.7922257143380185,0.708228832738197,0.7984547677191745,0.7118587967148411,0.9946351449418918,0.8142971616364276,0.7758511400377098,8,Öğrenci Sınıf Listesi - 2026-02-01T162514.932,Erkek,2011.0
0.9809754361362277,0.720384740752015,0.7142532719732781,0.8143629283634148,0.6663145750401879,0.9743365024907037,0.9824988997269141,0.7567788502674305,8,Öğrenci Sınıf Listesi - 2026-02-01T162517.377,Kadın,2012.0
0.9727083333333334,0.8680253527709123,0.9660112233187058,0.8331754495180154,0.8157012364479219,0.9212511557070393,0.6063451479817153,0.9462380592002259,19,Öğrenci Sınıf Listesi - 2026-02-01T162519.695,Erkek,2012.0
1.1403677461028803,1.0774231993047731,1.0776918642159845,1.0731146649747059,1.06708766180566,1.0779239197441237,1.1134231106524708,1.0712561379569319,17,Öğrenci Sınıf Listesi - 2026-02-01T162522.117,Erkek,2017.0
1.132962962962963,0.8681556508571681,0.8337135289244602,0.8962411595804252,0.8202973684528306,0.8202268242031703,0.8593524557428275,0.8271594719609398,6,Öğrenci Sınıf Listesi - 2026-02-01T162524.532,Erkek,2014.0
1.0522484202676579,0.9236101439588923,0.795538237240901,0.8804523694626536,0.8556584345853882,1.0344299715298086,0.9154218011761371,0.8673114060898932,12,Öğrenci Sınıf Listesi - 2026-02-01T162527.224,Erkek,2017.0
1.0101325660081766,0.9049104678597437,0.9170339785223152,0.9138488800529565,0.8656428445750658,0.9272746427961158,0.9936653923555482,0.8686472046649816,12,Öğrenci Sınıf Listesi - 2026-02-01T162529.631,Erkek,2017.0
0.8949768518518519,0.6632755118182756,0.6827571859640051,0.6124584752769295,0.7337641559857339,0.9993930902493604,0.8912127554313163,0.7548949867567627,8,Öğrenci Sınıf Listesi - 2026-02-01T162532.251,Erkek,2018.0
0.9918750000000001,0.8711289803641217,0.8842240426556125,0.7858767718547444,0.7385055008488632,0.9654771738629923,0.9818671167081616,0.887615387191408,9,Öğrenci Sınıf Listesi - 2026-02-01T162534.736,Erkek,2019.0
1.0706712962962963,0.8676428277203138,0.93764132746713,0.9207282755581317,0.8642912334428267,1.0359492767343963,1.0675588350861296,0.9080422225288662,12,Öğrenci Sınıf Listesi - 2026-02-01T162537.141,Erkek,2016.0
1.0302185888088524,0.8151867377207329,0.8803283400735976,0.832230082860536,0.8839441694362254,0.8578793205656003,0.9715130499423503,0.7777782110255181,0,Öğrenci Sınıf Listesi - 2026-02-01T162539.461,Erkek,2012.0
1.1163941059859446,1.0601583899640106,1.0244305041234611,0.9938955425818806,0.9954677678654061,1.0569705857665794,1.0703019793040582,1.0031499401143817,17,Öğrenci Sınıf Listesi - 2026-02-01T162541.875,Kadın,2018.0
1.0094846297888,0.9799257957628904,0.9439446633385283,1.015449988664894,0.963024032379533,1.083522241625985,1.0861158692108315,1.0159890435962453,14,Öğrenci Sınıf Listesi - 2026-02-01T162544.372,Erkek,2020.0
1.1063425925925927,0.9230840632856716,1.0607636422463116,0.9443750976169847,1.0160691511285012,1.059611272911852,1.0675588350861296,1.0766465710557662,14,Öğrenci Sınıf Listesi - 2026-02-01T162546.822,Kadın,2014.0
0.9401554543154997,0.966299543595997,1.0122928465747727,0.9436439278666341,0.9851187620406868,1.023161818536075,1.0819162211832165,1.0152331110545898,14,Öğrenci Sınıf Listesi - 2026-02-01T162549.247,Erkek,2017.0
1.0366979510026186,0.838977915062514,0.8172390682313913,0.7773176255792297,0.9191609733203914,0.8371183362286712,0.8045270483738836,0.8278234636083255,6,Öğrenci Sınıf Listesi - 2026-02-01T162551.604,Erkek,2012.0
1.070138888888889,0.6711323350498456,0.7007767544711715,0.782012708823544,0.659754186017942,0.7265128781750048,1.026759947527333,0.6935281197736204,11,Öğrenci Sınıf Listesi - 2026-02-01T162554.091,Erkek,2019.0
0.9676279500170692,0.9062241724990471,0.908993873192589,0.752088833936443,0.5687782891021235,0.98198573074012,1.0563053032287666,0.8081038641355921,9,Öğrenci Sınıf Listesi - 2026-02-01T162556.713,Erkek,2019.0
1.0671509533133203,0.7823117278399049,0.810911421105977,0.7740488616425892,0.8811886521094713,0.8640479928254386,0.8980662730676956,0.8627678576976671,6,Öğrenci Sınıf Listesi - 2026-02-01T162559.042,Erkek,2012.0
0.8513881922609007,0.747103947008622,0.827153556366419,0.6984864832580157,0.6784555189050354,0.7004536985075147,0.777318363399717,0.7605437697348085,2,Öğrenci Sınıf Listesi - 2026-02-01T162601.434,Erkek,2015.0
1.1163941059859446,0.9865309460601784,0.9813005535917537,0.9754282839211419,0.9674182799723757,0.9909753549769841,1.0389791236030324,0.9787062276273498,14,Öğrenci Sınıf Listesi - 2026-02-01T162603.910,Erkek,2018.0
0.9344536155849853,0.8362119422327677,0.8548648615671525,0.8432976097074861,0.8073943792102672,0.9882099500670478,0.9870729239222193,0.7868294779413159,0,Öğrenci Sınıf Listesi - 2026-02-01T162606.466,Erkek,2017.0
1.034106206125112,0.9508593709815283,1.0024778430193566,0.9638477393360937,0.9094788199079696,1.0445983216809396,1.0940029401178346,0.9099948384800056,3,Öğrenci Sınıf Listesi - 2026-02-01T162608.891,Kadın,2018.0
0.9168297504179408,0.8773697957841157,0.914017048519284,0.9161495118582453,0.8092041981673616,1.0752496808851926,1.0713460744940926,0.7678791810372914,16,Öğrenci Sınıf Listesi - 2026-02-01T162611.377,Erkek,2017.0
1.1008436367209053,0.8995293970392844,0.7312041652583895,0.9054074800620785,0.8263662978888046,1.056255562327612,0.8049973915163682,0.820201666709334,12,Öğrenci Sınıf Listesi - 2026-02-01T162613.883,Erkek,2018.0
1.0230912903957092,0.7838746310946934,0.7474794342038631,0.7587306804800343,0.8492289046285688,0.8728488058925223,1.028090512858447,0.8568361495806872,6,Öğrenci Sınıf Listesi - 2026-02-01T162616.217,Erkek,2012.0
0.991342415646254,0.8371158636201463,0.8048223215921582,0.7331405615125911,0.8575749254527318,0.9545308887040502,1.0111591262582076,0.8486490467369584,9,Öğrenci Sınıf Listesi - 2026-02-01T162618.698,Erkek,2018.0
1.0852931674558663,0.8471237749278657,0.8124277789817629,0.8782548530965498,0.7833922038392477,0.9868429149915433,0.9745127015683941,0.8247701949727351,12,Öğrenci Sınıf Listesi - 2026-02-01T162621.051,Kadın,2014.0
0.9479306889480194,0.9093856528692722,0.8010855246382723,0.8695993358716003,0.7560487839906737,1.029789599819273,0.9905331067854455,0.8300302308600219,12,Öğrenci Sınıf Listesi - 2026-02-01T162623.594,Erkek,2019.0
1.0988998280627758,1.0180226280909488,1.0291497429691487,1.0734000396498404,1.07985468765337,1.1402305623982087,1.1150809855735668,1.0845515701781394,17,Öğrenci Sınıf Listesi - 2026-02-01T162626.039,Erkek,2018.0
1.0057175925925925,0.7826008625540581,0.7978961841204215,0.7830612030596982,0.7106025232306358,0.7300725423870775,0.8946878237919469,0.7667279898613305,6,Öğrenci Sınıf Listesi - 2026-02-01T162628.411,Erkek,2012.0
1.1052777777777778,0.8537436596341451,0.9266221633882512,0.8501766591431938,0.9079080719325554,0.9603054118496823,0.9994285203569205,0.9629036470683169,18,Öğrenci Sınıf Listesi - 2026-02-01T162630.771,Erkek,2013.0
1.096308083185269,0.8781064955877156,0.8629508953014715,0.803347395156978,0.6597595198715017,0.8481571315559977,0.9605330250464738,0.8682338678230077,6,Öğrenci Sınıf Listesi - 2026-02-01T162633.212,Erkek,2016.0
1.0315925925925926,0.9071498741737601,0.8764741616469185,0.7670813095261506,0.826232708038676,0.8339818061286343,0.9822390968738214,0.8727041505501694,6,Öğrenci Sınıf Listesi - 2026-02-01T162635.686,Erkek,2017.0
0.9713859800894535,0.8926097717362348,0.7988758997912415,0.9322047699292971,0.8585612125508706,1.1066402787526068,1.100360319719376,0.8623103909783587,16,Öğrenci Sınıf Listesi - 2026-02-01T162638.284,Kadın,2019.0
0.9790316274780979,0.9976430715206457,0.9650063911749635,1.0226250039862483,1.0891578663022512,1.0734302443433266,1.0563111037576,0.9693521545381288,3,Öğrenci Sınıf Listesi - 2026-02-01T162640.803,Erkek,2019.0
0.9652546296296297,0.7554325717954351,0.5921620788630968,0.7378599957541614,0.6486165233174069,0.8575557674212589,0.8612553532391164,0.7509687354676213,8,Öğrenci Sınıf Listesi - 2026-02-01T162643.150,Erkek,2013.0
1.104083317817789,1.025756235464611,1.0558652041729621,1.0678750064142775,0.9175619663765886,1.0566692127010051,1.0675588350861296,1.025547355256828,14,Öğrenci Sınıf Listesi - 2026-02-01T162645.540,Erkek,2015.0
0.9906944794268774,0.7914557915209762,0.738452001869815,0.773311531116257,0.7196090591104717,0.9674795841488495,0.9444997963722038,0.7787307246816212,8,Öğrenci Sınıf Listesi - 2026-02-01T162647.965,Erkek,2013.0
0.9959212962962964,0.7079904525362926,0.7960230016827067,0.7880027900990038,0.6983793569948212,0.9144336329480354,0.7805872741002965,0.8152862692029443,2,Öğrenci Sınıf Listesi - 2026-02-01T162650.405,Erkek,2014.0
1.0315144612476055,0.9839457832212714,0.9030153384112967,0.9661358128624935,0.9683934697247661,0.8202196577180618,1.0625988770131394,1.000163435305781,18,Öğrenci Sınıf Listesi - 2026-02-01T162652.853,Erkek,2018.0
1.034106206125112,1.1055589241911103,1.0448854946729575,1.1280995737086483,1.0853031560000093,0.9839625308799856,1.100360319719376,1.0268102072977567,17,Öğrenci Sınıf Listesi - 2026-02-01T162655.457,Erkek,2020.0
1.0464169942932682,0.9915646226824268,0.8768230896349393,0.9821266918137235,0.8956188072196388,1.0588671061095796,1.0730166267981471,0.998294951158379,14,Öğrenci Sınıf Listesi - 2026-02-01T162657.969,Erkek,2020.0
1.0010614589369036,0.6530581094392937,0.6582068640012189,0.6830280965495477,0.6285119761447143,0.9120837228864852,0.8912722255143555,0.6974950144783638,8,Öğrenci Sınıf Listesi - 2026-02-01T162700.333,Erkek,2012.0
1.0438252494157616,0.9459040592951263,0.924753288976206,1.0012891259038443,0.9679820388320483,1.037802682036526,0.9937698018745516,1.0102756424689028,14,Öğrenci Sınıf Listesi - 2026-02-01T162702.859,Erkek,2017.0
1.0193472222222222,0.6107787658098855,0.6792242410889608,0.6201078001873256,0.733970097640251,0.615684323157445,0.9482474618295549,0.6639807198868526,11,Öğrenci Sınıf Listesi - 2026-02-01T162707.982,Bilinmiyor,
0.9952300329625138,1.1237524422726881,1.1055935304988123,1.1108312024810751,1.014271714764319,1.0914707028219697,1.1223197315178592,0.995403855472348,17,Öğrenci Sınıf Listesi - 2026-02-01T162710.017,Erkek,2017.0
1.0781658690427234,1.0878464427841634,1.0752551691531849,1.0977097834165552,1.1346567576253934,1.0601046073365943,1.0113385019700718,1.0786207381955235,17,Öğrenci Sınıf Listesi - 2026-02-01T162712.517,Erkek,2019.0
0.9709972183578277,0.8769947813277791,0.9317692828029915,0.9652646591517786,0.8132176017224183,1.0533484047172144,1.1098730140538444,0.8993184761205052,12,Öğrenci Sınıf Listesi - 2026-02-01T162715.582,Kadın,2016.0
1.0519892457799072,0.7769079009578851,0.7729523572251831,0.8234524908921712,0.850396801969449,0.9568337903676641,1.0675588350861296,0.9580303027311186,9,Öğrenci Sınıf Listesi - 2026-02-01T162717.939,Erkek,2013.0
1.0516004840482813,0.7825329868349913,0.7170976007286501,0.7917048312834863,0.831794771870933,0.8674626379275265,1.0033754776228663,0.7716740518993419,0,Öğrenci Sınıf Listesi - 2026-02-01T162720.826,Kadın,2017.0
1.1034353815984121,1.081526124415863,1.0476050688368244,1.0653728443391106,1.1204004656608486,1.0647153374679859,1.1134231106524708,1.0955586885419235,17,Öğrenci Sınıf Listesi - 2026-02-01T162723.248,Erkek,2018.0
0.9978217778400205,0.8259158907238118,0.8889269569864356,0.8363838884002447,0.7126658027050611,0.9799040873364728,0.9446965472051347,0.8430668264730945,9,Öğrenci Sınıf Listesi - 2026-02-01T162725.602,Erkek,2014.0
1.0516004840482813,0.8561679432906817,0.8619297477156395,0.8745698627573432,0.8783078731234203,0.9377107521765192,1.0573551989476344,0.9121665726368484,12,Öğrenci Sınıf Listesi - 2026-02-01T162728.100,Erkek,2018.0
1.0241279883467118,1.0004644426380074,0.8842667464410908,0.948791133835866,0.8576431806152327,0.997603107474519,1.0800120645713762,0.8880157328203183,3,Öğrenci Sınıf Listesi - 2026-02-01T162730.623,Erkek,2019.0
0.8609027777777778,0.6437128234491515,0.6405046328056886,0.7933571367510482,0.6813741421361417,0.799577896658458,1.026759947527333,0.730814356332386,11,Öğrenci Sınıf Listesi - 2026-02-01T162733.210,Erkek,2019.0
0.8669722222222223,0.8908598982125888,0.802050311642851,0.8166533533299163,0.7530274692225685,0.9437299388639258,0.9596389574763758,0.7354741298507386,0,Öğrenci Sınıf Listesi - 2026-02-01T162735.788,Erkek,2018.0
1.1403677461028803,1.1105391409070369,1.1016531418880189,1.1026433756228575,1.133620530152422,1.0830044872346198,1.1231331959197888,1.110324077489839,17,Öğrenci Sınıf Listesi - 2026-02-01T162738.288,Erkek,2019.0
0.9071107071272912,0.8746436104486673,0.8521644374102428,0.9226122731961981,0.775275045472904,0.8561175844206669,0.6297030498718421,0.8959566148899287,19,Öğrenci Sınıf Listesi - 2026-02-01T162740.718,Kadın,2016.0
0.8965740740740741,0.9682447934667229,0.937892756161013,0.7985444618156761,0.742738686027173,0.8114206676366982,0.8142971616364276,0.7684838153866619,6,Öğrenci Sınıf Listesi - 2026-02-01T162743.031,Erkek,2011.0
0.9040277777777778,0.6392491969679768,0.5447266962953758,0.5352680755455113,0.5495647361768907,0.6520533643044222,0.6969965576140532,0.6048085892216698,11,Öğrenci Sınıf Listesi - 2026-02-01T162745.436,Erkek,2014.0
1.0548401651451644,0.7731519851982579,0.8070952783970465,0.8112045794065353,0.7578489198959005,0.9685630865372065,0.9603587557934571,0.8362957854880027,9,Öğrenci Sınıf Listesi - 2026-02-01T162747.939,Erkek,2018.0
1.1008436367209053,1.0216588736544534,1.0138121005885177,1.0522656683857667,0.9580637597535705,1.083727201549316,1.1223197315178592,1.0092124035637342,17,Öğrenci Sınıf Listesi - 2026-02-01T162750.407,Erkek,2017.0
1.03721629997812,0.8167381272909694,0.7978775258109058,0.868212951974833,0.8345481396805948,1.0572058548516996,1.049912006903804,0.8899992894346779,12,Öğrenci Sınıf Listesi - 2026-02-01T162752.989,Erkek,2019.0
0.8054259259259262,0.7618245387086346,0.7531835625482186,0.7783612190835911,0.6466818307363169,0.9608104184588364,0.7914983504649518,0.749294583664511,2,Öğrenci Sınıf Listesi - 2026-02-01T162755.563,Erkek,2017.0
0.7755796545938342,0.836338724704777,0.7849451904138004,0.9016153860933174,0.7986987876388209,0.8458933129019526,1.0292690383357144,0.629892020903737,10,Öğrenci Sınıf Listesi - 2026-02-01T162757.997,Erkek,2017.0
0.9801620370370373,0.837454048618609,0.7308745348418226,0.8299863984344349,0.7985708970392426,0.9939693079578704,0.9894890115954112,0.817483741604849,0,Öğrenci Sınıf Listesi - 2026-02-01T162800.422,Erkek,2018.0
1.034106206125112,0.9627069571049717,0.9828835720054748,0.9433146541813157,0.8359482772143016,1.109018743494515,1.0927409630086609,1.0391227844462185,14,Öğrenci Sınıf Listesi - 2026-02-01T162802.888,Erkek,2020.0
1.0318055555555559,0.7968386864829701,0.7176071821308047,0.6394880079931897,0.7883117671834665,1.0140396472118156,0.9884145427271214,0.8603742032476945,9,Öğrenci Sınıf Listesi - 2026-02-01T162805.450,Kadın,2019.0
0.9768286443322173,0.7836977560900663,0.6763757162703518,0.745205048227381,0.6381207209128363,0.7979747171990335,0.9607890486989458,0.6700195566393972,11,Öğrenci Sınıf Listesi - 2026-02-01T162808.072,Erkek,2017.0
0.8883205567653687,0.9409018396246046,0.9203212804161627,0.9612038370784742,0.8031659246906406,0.87948769488465,0.9786628058835734,0.7763212434421817,0,Öğrenci Sınıf Listesi - 2026-02-01T162810.519,Erkek,2017.0
1.0115740740740742,0.8689858232423027,0.8383858433706433,0.8499018194367841,0.8047147148538604,0.9330651351787974,1.0131899724091877,0.9061672651810035,9,Öğrenci Sınıf Listesi - 2026-02-01T162813.117,Erkek,2019.0
1.059375718680801,1.0550846884805773,1.0139214366409321,1.0144562848933676,0.9732270961883703,1.0272077979510366,1.095384057961431,0.9175964322326733,3,Öğrenci Sınıf Listesi - 2026-02-01T162815.539,Erkek,2017.0
1.0509525478289048,0.7857355609028687,0.9231468433533458,0.7292490362741959,0.8342548835369717,0.9385396830737361,1.0675588350861296,0.9697327244208256,9,Öğrenci Sınıf Listesi - 2026-02-01T162817.873,Erkek,2016.0
0.9842083333333334,1.0277843572681995,0.971278646202173,1.0336259698577763,0.9941437792565037,0.9128360751882412,1.06849388421005,0.8527894280300554,3,Öğrenci Sınıf Listesi - 2026-02-01T162820.290,Erkek,2011.0
0.9453389440705128,0.8751286976514863,0.909092770237663,0.8555055352600218,0.8697295829861996,1.0123416424251137,0.9816899187948094,0.830987359131988,12,Öğrenci Sınıf Listesi - 2026-02-01T162822.988,Erkek,2012.0
1.1241693406184645,0.9593379376824412,0.911926351893585,0.8988397774810976,0.8975832569885411,0.9659432745111406,1.0110613144133183,0.8781706955536296,3,Öğrenci Sınıf Listesi - 2026-02-01T162825.314,Erkek,2014.0
0.8932448720326313,0.8763444730822381,0.9180449344187057,0.8847467111997883,0.7056128766973887,0.9438916975700817,0.9097701090819197,0.8220282262361235,9,Öğrenci Sınıf Listesi - 2026-02-01T162827.669,Erkek,2013.0
1.0302185888088524,0.8164577972761919,0.786120869915246,0.7745334496928533,0.9413052396717264,1.0406624565560916,1.108851894739645,0.934049698612755,12,Öğrenci Sınıf Listesi - 2026-02-01T162830.033,Kadın,2017.0
1.025035099053839,1.01959715449402,1.0351865266399891,1.0332886329936413,0.9996365334284403,1.1082840120616186,1.0361849584027385,0.9982496606676667,17,Öğrenci Sınıf Listesi - 2026-02-01T162832.372,Erkek,2011.0
0.8459953703703704,0.4969987871627586,0.5900551846176808,0.5032879223688167,0.644523396406461,0.714475608806749,0.89394446024491,0.5064952404447347,10,Öğrenci Sınıf Listesi - 2026-02-01T162834.872,Erkek,2012.0
1.0839972950171128,0.868197443114252,0.7903205459338957,0.7452551925162187,0.9911359976287307,1.0526516664989707,1.0689319781740554,0.9571248029546087,12,Öğrenci Sınıf Listesi - 2026-02-01T162837.474,Erkek,2019.0
0.9279861111111111,0.738558291317485,0.578129256735026,0.6943258581514109,0.6726645234455589,0.7162552365346868,0.954593030132935,0.7064922805463921,11,Öğrenci Sınıf Listesi - 2026-02-01T162840.122,Erkek,2018.0
0.9427471991930063,0.8660355680745618,0.8279307006324538,0.9390703535646523,0.8465539188182607,0.9781901443115952,1.0819162211832165,0.6556846385778151,16,Öğrenci Sınıf Listesi - 2026-02-01T162842.649,Erkek,2017.0
1.1403677461028803,1.0983250410964625,1.1050623317864026,1.0766908626366583,1.0820763931927762,1.1026004174444424,1.114252048113019,1.062715922243449,17,Öğrenci Sınıf Listesi - 2026-02-01T162845.129,Erkek,2018.0
1.054192228925788,1.0693873033382149,1.0768255315138646,1.0441448287126036,1.0538784791845657,1.1161980007985668,1.100360319719376,1.0685094135198594,17,Öğrenci Sınıf Listesi - 2026-02-01T162847.702,Kadın,2019.0
0.9945820967431372,0.8865776538078144,0.917710996989689,0.8492068414522208,0.6855550036851508,0.9268309252426646,0.9598802558859526,0.8727770502027394,9,Öğrenci Sınıf Listesi - 2026-02-01T162850.152,Erkek,2012.0
1.1325925114703606,1.0745357972585659,1.01887617942699,1.0851092009565109,1.012195456236444,1.0791730548633371,1.108851894739645,1.0628613937626161,17,Öğrenci Sınıf Listesi - 2026-02-01T162852.536,Erkek,2017.0
0.952466242483656,0.7971170359463897,0.7568890366718913,0.7925451722730694,0.6648796294344349,0.8151291232358188,0.8277035650820055,0.6923089560445278,11,Öğrenci Sınıf Listesi - 2026-02-01T162854.951,Erkek,2012.0
1.064814814814815,0.9791641992996772,0.980212604994195,1.0270746634764096,1.050954743207619,0.9069702862845698,1.0522992362461714,0.9200593235017028,3,Öğrenci Sınıf Listesi - 2026-02-01T162857.355,Erkek,2018.0
1.124817276837841,1.0252967395234034,0.9616405836593637,0.9833441505414598,0.9286431172507954,1.0099576266023758,1.028090512858447,0.8822261181683936,3,Öğrenci Sınıf Listesi - 2026-02-01T162859.698,Erkek,2013.0
0.8332459781183545,0.798955697516712,0.7783118900082512,0.8101456933853014,0.7792570749821576,1.043955570362218,1.09508183848087,0.8071737845101901,0,Öğrenci Sınıf Listesi - 2026-02-01T162902.307,Kadın,2020.0
1.124817276837841,0.9507422350168937,0.905162366440538,0.9401617504656051,0.797890014055752,0.8986108637889796,0.9043388934793717,0.8755237385379702,18,Öğrenci Sınıf Listesi - 2026-02-01T162904.682,Erkek,2014.0
0.9550579873611624,0.548964125425206,0.562702605981355,0.5630047192019919,0.5689764444447466,0.7943821882785028,0.6470638711440128,0.5639711751946853,4,Öğrenci Sınıf Listesi - 2026-02-01T162906.986,Erkek,2011.0
1.0184953703703705,0.6984664122157964,0.6560684132018116,0.6826453241049903,0.7839375021127548,1.0118837591505352,0.9604925810807077,0.7634565263891547,0,Öğrenci Sınıf Listesi - 2026-02-01T162909.514,Erkek,2017.0
0.8147962962962964,0.6287361900424095,0.5822828520790362,0.5972844562323789,0.5088267083952146,0.7407285907066758,0.6632246192383395,0.656141459930571,8,Öğrenci Sınıf Listesi - 2026-02-01T162911.863,Erkek,2012.0
1.0671509533133205,0.843910896643877,0.9248377762576095,0.8210934020612294,0.7301870287733147,0.9994892450813357,1.0541046215462424,0.8409454882598258,12,Öğrenci Sınıf Listesi - 2026-02-01T162914.378,Erkek,2016.0
0.9705787037037037,0.9293453319908493,0.7998576809250496,0.8872216604225991,0.7153096664245359,0.9850766182311294,0.9589764009033409,0.8408150057883593,9,Öğrenci Sınıf Listesi - 2026-02-01T162916.680,Kadın,2012.0
1.1201851851851852,0.9173030300264823,0.971092887711611,0.9472795692972154,1.0182913697553169,1.027576034914934,0.954563793740507,1.0243584845690836,14,Öğrenci Sınıf Listesi - 2026-02-01T162919.090,Erkek,2015.0
0.9817592592592594,0.7494463762760484,0.696445099145192,0.7468411056569324,0.7922614714464609,1.069655600875132,1.0761598070763991,0.8766183549317786,9,Öğrenci Sınıf Listesi - 2026-02-01T162921.672,Erkek,2018.0
0.9322506324391048,0.5995916699568536,0.6434432546064086,0.5956422798014012,0.6118798399755262,0.9202367680091803,0.8906922657608249,0.6170334912042338,4,Öğrenci Sınıf Listesi - 2026-02-01T162924.135,Erkek,2015.0
0.9524768518518519,0.6797432928432297,0.6091867020170986,0.6260435358884384,0.6729277744414277,0.7507919643735735,0.990346424379324,0.7110547366145081,11,Öğrenci Sınıf Listesi - 2026-02-01T162926.633,Erkek,2019.0
0.9133308948333072,0.9201617243315505,0.829029602808539,0.8299379857820943,0.735744888067535,0.964493615220134,0.9745127015683941,0.700392702223342,0,Öğrenci Sınıf Listesi - 2026-02-01T162929.112,Erkek,2015.0
0.8976388888888889,0.8448124169513401,0.8567028612606307,0.8651299633459095,0.8988317584264391,1.073636973633078,0.9052595324038188,0.8756982676492775,12,Öğrenci Sınıf Listesi - 2026-02-01T162931.580,Kadın,2018.0
0.8546278733577838,0.8688976833225848,0.8796399589317571,0.8830743117053084,0.7355615452865242,0.8573910872669178,0.91227767660935,0.8795695605495024,19,Öğrenci Sınıf Listesi - 2026-02-01T162934.138,Erkek,2015.0
1.0276268439313458,0.8596528048540043,0.7711954821494226,0.9153910026582533,0.8771409407445453,1.0526902805108624,0.9839553070882302,0.7320172714676079,16,Öğrenci Sınıf Listesi - 2026-02-01T162936.566,Erkek,2017.0
1.124817276837841,0.9822195442246815,0.9949507777401342,1.0183037863270354,0.8825075650952493,1.0665250757919287,1.1202561336183614,0.930849976800634,3,Öğrenci Sınıf Listesi - 2026-02-01T162939.087,Erkek,2018.0
1.1040833178177887,1.0038661990740112,0.9925419244434958,0.9628431334399842,1.0472394269404366,0.9446596935461099,1.0668688302798,0.9709161620854478,3,Öğrenci Sınıf Listesi - 2026-02-01T162941.655,Erkek,2019.0
0.977087818819968,0.9302155999526721,0.9415749089097628,0.9092960390392287,0.7911268183789811,1.0228768031325397,0.9689737439439216,0.9616576502792923,18,Öğrenci Sınıf Listesi - 2026-02-01T162944.090,Kadın,2016.0
1.0015798079124048,0.6357791950940413,0.6806916697510927,0.639273596505073,0.7328517066760845,0.9158116869254257,1.0239979179047656,0.7498344832207748,8,Öğrenci Sınıf Listesi - 2026-02-01T162946.648,Erkek,2018.0
1.1118585524503082,1.1105990555934275,1.0689547799640786,1.0584290692801304,1.0166418752821649,1.1073491058981726,1.071520326451858,0.9243400893810845,17,Öğrenci Sınıf Listesi - 2026-02-01T162949.139,Erkek,2015.0
0.9585462962962964,0.804681419905527,0.6805239350136658,0.7094120098125801,0.6447684232395149,0.785283275350976,0.8334670533805374,0.6636078159644534,11,Öğrenci Sınıf Listesi - 2026-02-01T162951.559,Erkek,2015.0
0.893912037037037,0.9395737220998421,0.9815542494191011,0.8975650610790372,0.9849765990189056,0.9230565943401651,1.0622244792429756,0.848679026758487,12,Öğrenci Sınıf Listesi - 2026-02-01T162954.119,Erkek,2018.0
1.1403677461028803,1.1079273430628407,1.1092527575615292,1.106383819707958,1.1346567576253934,1.113410705778266,1.1231331959197888,1.1085669211484757,17,Öğrenci Sınıf Listesi - 2026-02-01T162956.626,Erkek,2019.0
0.8861921296296298,0.7261773900301433,0.7117838982597509,0.6634353218547914,0.7922803306252475,0.9845135131404964,0.8811626680089545,0.8173601499073921,8,Öğrenci Sınıf Listesi - 2026-02-01T162958.981,Erkek,2011.0
1.1118585524503086,1.0483437658665136,0.9892834537709898,1.0206718584873324,1.0383995818688796,0.9209186083797437,1.108851894739645,0.8932612864277442,3,Öğrenci Sınıf Listesi - 2026-02-01T163001.470,Erkek,2017.0
0.9162731481481482,0.5801186567063007,0.6182051516761633,0.6124482846479316,0.5774909270527144,0.7800487047179927,0.8403942607872893,0.514872404330349,10,Öğrenci Sınıf Listesi - 2026-02-01T163003.866,Erkek,2011.0
0.9292701258299723,0.5135797137782889,0.5558969393022358,0.6308116349667346,0.47055982573153093,0.7776311301691449,0.8171747469941952,0.651563289938534,8,Öğrenci Sınıf Listesi - 2026-02-01T163006.393,Kadın,2016.0
1.1163941059859446,1.009963660795966,0.9661963279385919,0.9873655570512074,1.0228023380317706,1.1187877166981548,1.1223197315178592,1.015783031848868,17,Öğrenci Sınıf Listesi - 2026-02-01T163009.002,Erkek,2018.0
1.0541922289257877,0.9077810070005223,0.8952532458494785,0.860292548351599,0.8121698849780283,0.9233349253974594,0.7772690746070335,0.8555423946748907,9,Öğrenci Sınıf Listesi - 2026-02-01T163011.369,Erkek,2016.0
0.9878435600616201,1.0057532794106534,0.9883676865891131,1.0408137380990568,0.9792431653688245,1.0376098117823702,1.0583992941376685,0.9571052761792151,3,Öğrenci Sınıf Listesi - 2026-02-01T163013.769,Erkek,2017.0
1.0347541423444888,0.9349010065203781,0.9150611447345676,0.9214034629047249,0.845096337940099,0.9117268493294273,1.1223197315178592,0.7650294844648833,16,Öğrenci Sınıf Listesi - 2026-02-01T163016.231,Erkek,2017.0
0.9373045349502426,0.861353811828931,0.8187386860133117,0.8661369587257622,0.9014264784289135,0.8521425397684206,0.7321048060913127,0.7483820123925615,6,Öğrenci Sınıf Listesi - 2026-02-01T163018.581,Erkek,2013.0
0.9466203703703705,0.6337023491340034,0.6432942095626146,0.631426960250102,0.5969562384753025,0.9680277347131527,0.8935154886777691,0.6722698721971497,8,Öğrenci Sınıf Listesi - 2026-02-01T163021.022,Erkek,2015.0
0.9809754361362278,0.8358365170980183,0.8950805133604622,0.7587700271479921,0.7408210572367085,0.8519152423380536,0.9015973681097466,0.8065353148288378,6,Öğrenci Sınıf Listesi - 2026-02-01T163023.378,Erkek,2013.0
0.9734593759914588,0.8991455608104642,0.6827376875923633,0.7826504913116188,0.7139742413215983,0.9764242497871548,1.071520326451858,0.6019063475811751,16,Öğrenci Sınıf Listesi - 2026-02-01T163025.857,Erkek,2015.0
1.0224433541763325,0.9486233485984765,0.9009269017245579,0.9535331229780076,0.9669708871511513,1.0389400575420584,1.0605918940367403,0.9209959201600866,3,Öğrenci Sınıf Listesi - 2026-02-01T163028.369,Erkek,2018.0
1.119633787082828,0.88474294937673,0.884201604683261,0.923753908569058,0.8729954730407619,1.0193158451335003,1.0002431920527635,0.9634653549033344,12,Öğrenci Sınıf Listesi - 2026-02-01T163030.906,Erkek,2019.0
0.964777030651812,0.7025672997643837,0.7294616447565382,0.7576709880653184,0.7405129311222487,0.9595649827004812,0.9308190534261203,0.758531369501845,8,Öğrenci Sınıf Listesi - 2026-02-01T163033.464,Erkek,2018.0
1.1403677461028803,1.0531372660061231,1.063958208438678,1.0673268280618426,1.097065048793147,1.0414269449696603,1.1037130253851526,1.1083698267150432,17,Öğrenci Sınıf Listesi - 2026-02-01T163035.911,Erkek,2019.0
0.9090545157854213,0.8189228260234612,0.8759458442720791,0.7585582560283177,0.6833252972765843,0.9688334737582562,1.0250420130947997,0.9118418072113939,9,Öğrenci Sınıf Listesi - 2026-02-01T163038.474,Erkek,2018.0
1.0276268439313458,0.8296143110642382,0.757355035684584,0.7863497210134887,0.828165482310129,0.9190821807372522,0.6574103400117748,0.8921613051898879,19,Öğrenci Sınıf Listesi - 2026-02-01T163040.780,Erkek,2011.0
0.8832666542542309,0.8030178295253928,0.7713465119175177,0.6824602112461061,0.7328063585160359,0.8443537527555744,0.8047149483188584,0.717301725525899,8,Öğrenci Sınıf Listesi - 2026-02-01T163043.171,Erkek,2014.0
1.0417518535137564,0.8767861534141321,0.8015039534206339,0.761725844615441,0.8545521539260239,0.7851431761212546,0.9560148180008299,0.7075467851290348,0,Öğrenci Sınıf Listesi - 2026-02-01T163045.497,Erkek,2014.0
0.8205464282185728,0.775002375250754,0.7985808431160676,0.8600882090306365,0.7415767601849005,0.9980845993099824,0.8893531732440375,0.6600233929687347,0,Öğrenci Sınıf Listesi - 2026-02-01T163047.928,Erkek,2016.0
0.9829192447943579,0.6819531149699484,0.6995781840546793,0.6813859231140311,0.6536390794500403,0.7793508830849868,0.8786545951176767,0.7251455463106387,8,Öğrenci Sınıf Listesi - 2026-02-01T163050.225,Erkek,2011.0
1.0023573313756569,0.9744095334260781,0.9433477508914836,0.983936830450697,0.7934014216693257,1.004470990382251,1.06849388421005,0.8797611039727578,12,Öğrenci Sınıf Listesi - 2026-02-01T163052.619,Erkek,2014.0
1.0706498088979541,0.8263036527973374,0.8169496884993729,0.9338209110113973,0.8103866788956077,1.0290343313395272,0.9935054795482107,0.7835087217594434,16,Öğrenci Sınıf Listesi - 2026-02-01T163054.993,Erkek,2016.0
0.8630324074074075,0.6906505569477592,0.5649255061414498,0.7360439332663208,0.6883362500315927,0.9323131873510917,0.9420091977431908,0.6787519481912895,4,Öğrenci Sınıf Listesi - 2026-02-01T163057.304,Erkek,2011.0
1.0363091892709926,0.5974695236033374,0.6851920441767407,0.6235648963747003,0.7157933895907237,0.9210792407929645,0.7069575258930919,0.7691337128526525,2,Öğrenci Sınıf Listesi - 2026-02-01T163059.643,Erkek,2015.0
1.00170939515628,0.9125195476646486,0.8383698989054391,0.8747394144157319,0.7924919216290005,0.920668090792961,0.9482627011956107,0.8190973313838718,0,Öğrenci Sınıf Listesi - 2026-02-01T163102.023,Erkek,2016.0
1.0813194444444443,0.7968565631187136,0.7977182776191626,0.7675590397581148,0.8451558983828668,1.021465890564558,0.933063753148737,0.8913689392543717,9,Öğrenci Sınıf Listesi - 2026-02-01T163104.318,Erkek,2012.0
0.9708981481481482,0.8845081972045695,0.8892225717849345,0.9604223384949004,0.8735156220271775,1.0213835797049866,1.0361849584027385,0.7981629874838699,16,Öğrenci Sınıf Listesi - 2026-02-01T163106.686,Erkek,2013.0
0.9427870370370371,0.7024997513784456,0.6282329355182646,0.6664691168075855,0.7188616650810862,0.9814361992137106,1.0128268619343437,0.7688904918426293,8,Öğrenci Sınıf Listesi - 2026-02-01T163109.188,Kadın,2015.0
0.9556712962962964,0.8315492809939478,0.797083321928608,0.8555971847008741,0.7514497511413586,0.8601245369612253,0.9994285203569205,0.728673500122509,0,Öğrenci Sınıf Listesi - 2026-02-01T163111.554,Erkek,2013.0
1.0567839738032943,0.8516590327248307,0.6912393583808867,0.6992462714231895,0.5051151718364039,0.9728063333031282,0.8697908123391199,0.7499320528679652,8,Öğrenci Sınıf Listesi - 2026-02-01T163113.979,Erkek,2014.0
0.9420992629736297,0.9197071363609237,0.9139036973989662,0.907613176788172,0.788698644681723,0.8484415608791264,0.8543005141286365,0.764957471525343,6,Öğrenci Sınıf Listesi - 2026-02-01T163116.307,Erkek,2012.0
1.0230740740740742,0.9422636179687124,1.0195305737748523,0.9561698216895514,1.0678997959413261,1.009600502080659,1.0476761616283632,1.0551244049688548,14,Öğrenci Sınıf Listesi - 2026-02-01T163118.845,Erkek,2015.0
1.0723344430683337,0.9516647737836759,0.9058022448233055,1.0011437229764855,0.9027205963099317,1.0089880231239428,0.9745127015683941,0.954177644857442,14,Öğrenci Sınıf Listesi - 2026-02-01T163121.152,Kadın,2013.0
1.0201107837865768,0.8768089805808409,0.8772902458859828,0.8725359867495891,0.7405827644989261,0.9085960716812239,0.9429309996841093,0.9103084783657894,9,Öğrenci Sınıf Listesi - 2026-02-01T163123.579,Erkek,2015.0
1.0315144612476055,0.9618995181601943,0.979314483171619,0.8930713132610837,0.7595263845200977,0.9184264649578314,1.0110613144133183,0.8047763580095425,12,Öğrenci Sınıf Listesi - 2026-02-01T163125.929,Erkek,2015.0
1.0930324074074074,0.9031733442233216,1.0271647315023351,0.8785034753207425,0.8599147961040103,1.050358825688616,1.0675588350861296,1.0225003737612395,14,Öğrenci Sınıf Listesi - 2026-02-01T163128.282,Erkek,2016.0
0.9732002015037083,0.6853829233984513,0.7509766705067775,0.7264590722763093,0.5168408304845126,0.8400979472888603,0.8623862859903172,0.6194013577894036,8,Öğrenci Sınıf Listesi - 2026-02-01T163130.606,Erkek,2012.0
0.8287104245827184,0.7649587274828945,0.7040521102685745,0.7157677753989576,0.6349044024467758,0.7983423101563805,1.0110613144133183,0.7759183782900554,2,Öğrenci Sınıf Listesi - 2026-02-01T163132.895,Kadın,2013.0
0.9706084566262017,0.757822527208167,0.8344768635478829,0.7965597463902729,0.7193554972645653,0.8867765491046152,0.8980662730676956,0.8372445036848567,2,Öğrenci Sınıf Listesi - 2026-02-01T163135.274,Erkek,2013.0
0.9098842592592595,0.6588454960466767,0.5850753346773393,0.7046187813677681,0.6592893330310716,0.9596550099241151,0.7187064645138895,0.6079708373983865,4,Öğrenci Sınıf Listesi - 2026-02-01T163137.616,Erkek,2013.0
0.9764398826005913,0.8029069068341324,0.7912674234331416,0.6983762268555795,0.7664352465543441,0.7616212791735207,0.9359513232502706,0.7864632263913882,6,Öğrenci Sınıf Listesi - 2026-02-01T163140.163,Erkek,2016.0
0.9874547983299943,0.6706032794972164,0.7375511464622179,0.6114957655630612,0.4946135932303675,0.7338921879360784,0.7988623219684405,0.664163115918488,11,Öğrenci Sınıf Listesi - 2026-02-01T163142.482,Erkek,2012.0
0.7988240740740741,0.5295449422997593,0.48563384745612165,0.5564765301723759,0.5381307695968927,0.9588008524702853,0.8346196061292772,0.5493483902495893,4,Öğrenci Sınıf Listesi - 2026-02-01T163144.859,Erkek,2013.0
0.9961342592592594,0.7500860017721968,0.7505366973302164,0.6272189913011287,0.6852767103431899,0.7691887513088109,0.7737016791831488,0.7589331003180512,2,Öğrenci Sınıf Listesi - 2026-02-01T163147.194,Erkek,2015.0
1.0723344430683337,0.7246335634082913,0.6311767062638601,0.6800888935267665,0.6786981362798155,0.891656999807393,1.001195863706775,0.8046222067967153,8,Öğrenci Sınıf Listesi - 2026-02-01T163149.568,Erkek,2013.0
0.729824074074074,0.5624702123871527,0.5089775341427909,0.7065626930888848,0.7397109074150071,0.8861438784163896,0.8054932603904248,0.6659093350893616,8,Öğrenci Sınıf Listesi - 2026-02-01T163152.043,Erkek,2016.0
1.0032685185185186,0.6400581487384887,0.7351683015072974,0.73880138956157,0.6132637619000327,0.9409036468094081,0.9872742409938796,0.7143108640904434,8,Öğrenci Sınıf Listesi - 2026-02-01T163154.419,Erkek,2012.0
0.9246049850504604,1.028540965269763,1.0221474569809326,0.9549823476338672,0.8097354115284681,0.9982964485752851,1.0675588350861296,0.9286897581695158,12,Öğrenci Sınıf Listesi - 2026-02-01T163156.790,Kadın,2016.0
0.8600509259259259,0.7493768890186718,0.8062135758256505,0.7745105488771707,0.6902144614657129,0.8463581165455897,0.9419753357130002,0.6621115602680936,11,Öğrenci Sınıf Listesi - 2026-02-01T163159.264,Erkek,2016.0
1.0030052675950336,0.9578151256752397,0.9468344891084776,0.9970763095206265,0.9134892689916014,1.0097172921390634,0.8464324753548232,0.8649230455205102,12,Öğrenci Sınıf Listesi - 2026-02-01T163201.639,Erkek,2012.0
0.8954478551785119,0.5604776776512532,0.514343118902887,0.5911261076308543,0.7486228064050644,0.6689121916737646,0.8989218414612687,0.5410873668895535,10,Öğrenci Sınıf Listesi - 2026-02-01T163204.095,Erkek,2013.0
0.9689814814814814,0.8804718872321262,0.7443370226511115,0.8110761783673772,0.6790040629386482,0.8994100842831708,1.0110613144133183,0.6614402760939012,0,Öğrenci Sınıf Listesi - 2026-02-01T163206.465,Erkek,2013.0
0.9164861111111113,0.7156204348016603,0.5590247058024216,0.6149235704083863,0.6403996255797284,0.8057765925391366,0.5827557842921649,0.6256443420967688,8,Öğrenci Sınıf Listesi - 2026-02-01T163209.023,Erkek,2013.0
1.017907800640696,0.9476489085205358,0.9946384858939451,1.007171593027986,0.9081638315755164,1.009627516294996,0.973453005434478,0.901893524537643,14,Öğrenci Sınıf Listesi - 2026-02-01T163211.487,Erkek,2016.0
0.823526934827705,0.6972790635636765,0.7039363410920422,0.7367710723627734,0.5365524409400475,0.7295094372964447,0.8206376264714896,0.7386947108371731,2,Öğrenci Sınıf Listesi - 2026-02-01T163213.809,Kadın,2012.0
0.9739861111111111,0.726624948710081,0.7539433029408882,0.8114207048629173,0.8831086698306235,0.852977876138119,0.9895612738215482,0.7370638744519878,0,Öğrenci Sınıf Listesi - 2026-02-01T163216.170,Erkek,2014.0
1.0419212962962965,0.8484277807076016,0.8177735985914142,0.8872151562934874,0.8325522994736629,1.0002444525855343,0.9563293412615326,0.8466562191633106,12,Öğrenci Sınıf Listesi - 2026-02-01T163218.475,Erkek,2013.0
0.7876435185185184,0.6932737987613509,0.6017604441189279,0.6655417545583296,0.5734894345116653,0.6211291518539418,0.8148756921198583,0.5254698268396514,10,Öğrenci Sınıf Listesi - 2026-02-01T163221.123,Erkek,2016.0
1.043177313196385,0.6051736638632292,0.8061753593757889,0.6337833738024274,0.7667310540572688,0.8190576317279048,0.9753195281692248,0.9185849844561745,19,Öğrenci Sınıf Listesi - 2026-02-01T163223.505,Erkek,2014.0
0.9855109896718643,0.7143611641029278,0.6751639865634789,0.7474165914787736,0.7667785600915757,0.8634434992157617,0.9133847877718081,0.7257825574067711,0,Öğrenci Sınıf Listesi - 2026-02-01T163226.007,Erkek,2015.0
0.7995694444444443,0.6855479278980222,0.587980389932227,0.592592554826724,0.5863374415692151,0.760493865321551,0.8808633642235123,0.5161513509217216,10,Öğrenci Sınıf Listesi - 2026-02-01T163228.538,Erkek,2016.0
0.9025370370370371,0.545998769593455,0.5539666696978205,0.7013607204157641,0.7345110381014008,0.8013061046800556,0.7075035478497872,0.4923934408069808,10,Öğrenci Sınıf Listesi - 2026-02-01T163230.961,Kadın,2012.0
0.9783836912587214,0.6657580006634364,0.7313557131715119,0.6660669077673852,0.47746856248224956,1.001969770950118,0.9300231918410667,0.7267492128401667,8,Öğrenci Sınıf Listesi - 2026-02-01T163233.289,Erkek,2013.0
1.026978907711969,0.7845145310624144,0.7151417780871053,0.8250119033349894,0.7789612853519083,0.9994795209322793,1.0962002904934436,0.8439221518784277,0,Öğrenci Sınıf Listesi - 2026-02-01T163235.683,Kadın,2016.0
0.9420992629736297,0.8783977641721378,0.8593472300089108,0.9223551304949084,0.8353919976399187,0.9794642780446841,0.9375169344332657,0.7489058932596084,0,Öğrenci Sınıf Listesi - 2026-02-01T163238.166,Kadın,2016.0
0.922662037037037,0.6020628347377565,0.6200328642355837,0.5313066163823223,0.6088498763168267,0.777346666408904,0.6413771113375047,0.7599367637376266,2,Öğrenci Sınıf Listesi - 2026-02-01T163240.584,Erkek,2011.0
1.0035879629629632,0.7355556116164803,0.7744262824367483,0.7419728934186114,0.723175391351147,0.8871861117924803,0.9220193266413771,0.8802609508800847,2,Öğrenci Sınıf Listesi - 2026-02-01T163242.891,Erkek,2012.0
0.6891481481481483,0.569989326284907,0.505945889671903,0.5641791336193805,0.5880134470844263,0.6620269638825196,0.5696744341569802,0.5507923605142404,11,Öğrenci Sınıf Listesi - 2026-02-01T163245.486,Erkek,2012.0
0.9993287037037037,0.5842802531524205,0.5613033485434722,0.6761093602634289,0.7830234183158573,0.8985525518170495,0.954563793740507,0.6329803472207789,4,Öğrenci Sınıf Listesi - 2026-02-01T163247.840,Erkek,2013.0
1.0589583333333334,0.9316918845315413,0.9356139550850865,0.8181235419556645,0.9407164634956272,0.9748224532759696,1.0559260410297318,0.9357741403820387,12,Öğrenci Sınıf Listesi - 2026-02-01T163250.195,Erkek,2015.0
0.9971738416206438,0.9023748076106303,0.8934644623006565,0.872812850679304,0.9061947139539099,1.003657829933114,1.0027021704554395,0.8805088724488672,12,Öğrenci Sınıf Listesi - 2026-02-01T163252.568,Erkek,2016.0
1.0605555555555555,0.9457017053470093,0.9307277914054816,0.7957544340316879,0.7656062131198711,0.9776308516471072,0.9236410328542212,0.9701507335506816,9,Öğrenci Sınıf Listesi - 2026-02-01T163254.983,Erkek,2012.0
0.9570017960192921,0.6967116434923327,0.6476136252662202,0.6769343905374156,0.8598802435662019,0.5835535655798443,0.6707070838573699,0.625494032630247,11,Öğrenci Sınıf Listesi - 2026-02-01T163257.300,Erkek,2013.0
1.1366898148148148,1.0028840713044265,1.0743431063777205,1.0874990221514202,1.0782779933995976,1.0850332722214167,1.0110613144133183,1.0925536017501327,17,Öğrenci Sınıf Listesi - 2026-02-01T163259.652,Erkek,2013.0
0.9654249668711885,0.6500431290940628,0.6394534504094063,0.6606633073695799,0.5702745090391267,0.9627848907165018,0.6505761497846805,0.7024650056200566,8,Öğrenci Sınıf Listesi - 2026-02-01T163301.976,Erkek,2012.0
0.955705923580539,0.7014882930689254,0.7947955600839772,0.7399853336536931,0.7029620680743486,0.6498981058447945,0.8912722255143555,0.7536125433034186,6,Öğrenci Sınıf Listesi - 2026-02-01T163304.402,Erkek,2015.0
1.080787037037037,0.7904921162348773,0.7745118227392843,0.7009487903455465,0.9148648960979155,0.9785092189556469,0.7141368974507812,0.8671135041299824,9,Öğrenci Sınıf Listesi - 2026-02-01T163306.709,Erkek,2011.0
0.8729351851851853,0.6907889348585156,0.7424340184903134,0.650892637136258,0.6870501521321681,0.7303822501869257,0.8738290602739646,0.6837080554827009,11,Öğrenci Sınıf Listesi - 2026-02-01T163309.124,Erkek,2014.0
0.960462962962963,0.5650202408139298,0.5197433171833999,0.6033254727628521,0.6326282794277086,0.8754108561157896,0.7761080126097403,0.6085986384490483,4,Öğrenci Sınıf Listesi - 2026-02-01T163311.515,Erkek,2013.0
1.0124651363979325,0.8473116128112266,0.6810458832327978,0.8562339091051874,0.7555562428917537,1.0381099576786943,1.1223197315178592,0.7420806506167127,16,Öğrenci Sınıf Listesi - 2026-02-01T163313.932,Kadın,2016.0
0.9860293386473656,0.7534045734664524,0.7517955366270871,0.7376031719514812,0.6701462492250858,0.9784134024226744,0.889200500956989,0.8229252765278552,9,Öğrenci Sınıf Listesi - 2026-02-01T163316.398,Erkek,2015.0
0.8870246843266155,0.6737757529758888,0.5798743552288452,0.6410147798473221,0.6354928938752598,0.6705519971288476,1.0005076684519054,0.5825880356139235,10,Öğrenci Sınıf Listesi - 2026-02-01T163318.924,Erkek,2015.0
0.8360925925925926,0.7641722459321232,0.7326182421721836,0.7648304108238155,0.6288240619332837,0.8169999018472733,0.9943117689524604,0.723493860617367,8,Öğrenci Sınıf Listesi - 2026-02-01T163321.225,Erkek,2011.0
0.8833703703703703,0.7188152096356835,0.7083140908754828,0.713923361310656,0.6917229005569842,0.7972052811173095,0.9994285203569205,0.6434574940276577,0,Öğrenci Sınıf Listesi - 2026-02-01T163323.675,Erkek,2016.0
0.9906944794268774,0.784401717436047,0.8188589580006078,0.8026758279473214,0.8013889820610011,0.8552799270647742,0.8288426225374201,0.7909333456790479,6,Öğrenci Sınıf Listesi - 2026-02-01T163326.004,Erkek,2012.0
1.0154456430070649,0.9678866601613854,1.0129183135400672,0.9283531374935243,0.830403966752516,1.0716237776228454,0.9496434615748155,0.9122570194552626,12,Öğrenci Sınıf Listesi - 2026-02-01T163328.517,Kadın,2015.0
1.1067685185185185,1.0324519002415213,1.1308289009450423,1.0269685032041487,0.9667727841548253,0.9889363882088009,1.0128268619343437,1.1307223555552044,14,Öğrenci Sınıf Listesi - 2026-02-01T163330.871,Erkek,2013.0
1.1241693406184645,1.0661555608658329,1.0803070028370887,1.083630321366301,1.117609715688964,0.9704002963063936,1.0130002335073578,1.1052493399896925,17,Öğrenci Sınıf Listesi - 2026-02-01T163333.316,Erkek,2016.0
0.9122268518518518,0.6066311932857553,0.6886509634156505,0.5886916924591792,0.647351072604639,0.800488833970728,0.7022725690060823,0.7693202179463976,2,Öğrenci Sınıf Listesi - 2026-02-01T163335.686,Erkek,2011.0
0.7960555555555557,0.673115326848516,0.73201478228482,0.8451653832676024,0.7049068971077639,0.846825606516598,0.6487117606471102,0.729261535792731,2,Öğrenci Sınıf Listesi - 2026-02-01T163338.273,Erkek,2016.0
0.7121481481481483,0.6793449323299302,0.6902681222249056,0.7115013927017124,0.6864334336791046,0.8423559944735206,0.9239873062073775,0.5648258982214431,4,Öğrenci Sınıf Listesi - 2026-02-01T163340.713,Erkek,2014.0
1.0632633359970607,0.8700457587649981,0.8954192261460402,0.8793440494285495,0.8819546983428944,1.0478409128388633,0.9479887659680863,0.834558656396371,12,Öğrenci Sınıf Listesi - 2026-02-01T163343.091,Erkek,2016.0
1.0403240740740742,0.9564358002013021,0.9672399055321027,0.8528944434456345,0.9160047573116817,0.9795245166189256,0.9563293412615326,0.9104994557587772,12,Öğrenci Sınıf Listesi - 2026-02-01T163345.470,Erkek,2015.0
1.059375718680801,0.8497637290185143,0.8012461201752908,0.8741768240924688,0.8583359705146176,1.0099576266023758,0.9396742615284914,0.907868837925697,12,Öğrenci Sınıf Listesi - 2026-02-01T163347.807,Erkek,2012.0
0.9034953703703704,0.7217821686050515,0.7442224894352977,0.8121607484291594,0.6879369573309619,0.7112115391250128,0.9444997963722038,0.8084064113720326,2,Öğrenci Sınıf Listesi - 2026-02-01T163350.125,Erkek,2011.0
0.8656427890871866,0.673063912503596,0.5882879837962282,0.5950575039504229,0.4802446998730348,0.8959361146084731,0.7994573747567356,0.4916801059165504,4,Öğrenci Sınıf Listesi - 2026-02-01T163352.482,Erkek,2011.0
0.9434259259259259,0.7622191111665995,0.8198059336133953,0.8291544276483471,0.7065211317009118,0.8011785703326335,0.9589764009033409,0.7781194296669208,6,Öğrenci Sınıf Listesi - 2026-02-01T163354.805,Erkek,2013.0
1.087884912333373,0.975300111650806,0.9550709436814357,0.8906320849164969,0.9782449336172478,0.9533963312886153,1.049043114208435,0.9743327143414131,14,Öğrenci Sınıf Listesi - 2026-02-01T163357.153,Erkek,2016.0
0.8345418505571081,0.8154226257926364,0.7631333352187633,0.806106101633363,0.7290103550590213,0.8541771300285491,1.0110613144133183,0.6826164485514787,0,Öğrenci Sınıf Listesi - 2026-02-01T163359.646,Erkek,2012.0
0.87975,0.6085970613650544,0.49683057425049926,0.6022020082055336,0.5713148437469346,0.8924654088304976,0.898159780511907,0.5751292899445695,4,Öğrenci Sınıf Listesi - 2026-02-01T163402.100,Erkek,2016.0
0.9578009259259261,0.6767429930759723,0.6485230585303118,0.6905764745699433,0.5117157787859742,0.7975415206329661,0.542877751002134,0.5913907179907387,8,Öğrenci Sınıf Listesi - 2026-02-01T163404.463,Erkek,2013.0
0.9652953796273132,0.7583569087450499,0.8268842751580399,0.7704682722525378,0.7327185490108068,1.0065679220839208,0.8769589811448698,0.8354545721459243,9,Öğrenci Sınıf Listesi - 2026-02-01T163406.863,Erkek,2015.0
0.9464074074074074,0.7747395357481153,0.6375641825141113,0.6213155719389734,0.7313474074266003,0.8657250822457792,0.9193160370159984,0.6462128732700587,4,Öğrenci Sınıf Listesi - 2026-02-01T163409.240,Erkek,2011.0
1.0639112722164374,0.7194795397767924,0.7692578185549215,0.7091500077361064,0.6625147121574553,0.7764170591216295,0.9300231918410667,0.7906256273015718,6,Öğrenci Sınıf Listesi - 2026-02-01T163411.620,Erkek,2012.0
0.9906944794268774,0.7723913057924824,0.8308528263243299,0.8411894281339017,0.7360025371738897,0.8844215832804897,1.0274853374634585,0.8691998594037763,6,Öğrenci Sınıf Listesi - 2026-02-01T163413.948,Erkek,2016.0
0.7778472222222224,0.5831862015561614,0.6256968724707012,0.6527898563518152,0.5766162000500155,0.9345937629681553,0.8173687157709103,0.6314231010359553,8,Öğrenci Sınıf Listesi - 2026-02-01T163416.288,Erkek,2011.0
0.9025751535916547,0.5321643779457021,0.5704691983074246,0.5342873851614933,0.4732946065383692,0.8227567827570608,0.577750422270696,0.5741088502068928,8,Öğrenci Sınıf Listesi - 2026-02-01T163418.597,Erkek,2011.0
1.0561360375839177,0.9108967006535573,0.8996093196348004,0.8889251664690487,0.8688187985068138,0.9232274482238036,0.8931311996488138,0.8808835839000967,18,Öğrenci Sınıf Listesi - 2026-02-01T163421.142,Erkek,2012.0
1.016223166470317,0.8321302837676916,0.6774583440045551,0.7322614741107503,0.6706730084416872,0.8905626921881012,0.9589764009033409,0.7080067929817656,0,Öğrenci Sınıf Listesi - 2026-02-01T163423.732,Erkek,2013.0
0.9034953703703704,0.6779517508712968,0.7127516428298786,0.6193424860893953,0.6897323114533827,0.842225041240021,0.9118281636286749,0.6911480610405979,8,Öğrenci Sınıf Listesi - 2026-02-01T163426.225,Erkek,2013.0
0.9012592592592593,0.8392713875617259,0.8030231557696611,0.79745180713047,0.7480876533135838,0.9192869848829801,0.7886023267641239,0.7239877294519965,8,Öğrenci Sınıf Listesi - 2026-02-01T163428.660,Erkek,2014.0
0.9579089067264196,0.9021479463784442,0.9496974719974768,0.8729822219541243,0.7022065573575922,0.7237806432352474,0.9745127015683941,0.7342807952416828,6,Öğrenci Sınıf Listesi - 2026-02-01T163431.037,Erkek,2015.0
0.7775234632519639,0.6572780022435085,0.6880882428181246,0.709843324805098,0.6568111682574166,0.8916419573095203,0.8980662730676956,0.7054776329473955,8,Öğrenci Sınıf Listesi - 2026-02-01T163433.506,Kadın,2013.0
0.898687536275395,0.7421041107811507,0.8919454452583002,0.7100360438293133,0.7688830861384518,0.7848359641143222,0.8680215865776727,0.8243307078639104,2,Öğrenci Sınıf Listesi - 2026-02-01T163435.967,Erkek,2016.0
0.9721759259259258,0.8559103730572891,0.6246412561879378,0.7751130223980194,0.5718468705702605,0.8551677899343777,0.7172638039576452,0.7123321761795854,2,Öğrenci Sınıf Listesi - 2026-02-01T163438.283,Erkek,2011.0
1.0749261879458403,0.9963350648339973,1.0159416597763375,1.013161521289052,1.018158192697793,1.0716941232174992,1.049043114208435,1.041135922668672,14,Öğrenci Sınıf Listesi - 2026-02-01T163440.741,Erkek,2016.0
0.9390601851851852,0.8679522395543171,0.9703823343074975,0.9562263719744797,0.8096912630208367,1.067853066554173,1.0377415825458716,0.8642219407794065,12,Öğrenci Sınıf Listesi - 2026-02-01T163443.032,Erkek,2011.0
0.7539953703703703,0.6769973173328315,0.6086101634778934,0.6767865511665406,0.6507657513721962,0.6793382253842394,0.7649104821473273,0.6049809712282914,11,Öğrenci Sınıf Listesi - 2026-02-01T163445.373,Erkek,2012.0
0.9737731481481483,0.6030535366983806,0.6448898963052901,0.6878603731372116,0.7034581812836809,0.8442997001042515,0.8084359177467165,0.6942546337811343,8,Öğrenci Sınıf Listesi - 2026-02-01T163447.765,Erkek,2011.0
0.9615277777777779,0.6575091074598836,0.5901215635999995,0.6120395748292213,0.7055569871065799,0.7810682456335591,0.7413778199556091,0.7641610045013159,2,Öğrenci Sınıf Listesi - 2026-02-01T163450.120,Erkek,2011.0
0.9139305555555556,0.789048890572636,0.6493554934152106,0.6479397519127083,0.7796903246261321,1.0021105472227763,0.9245997924964855,0.7045700914734259,4,Öğrenci Sınıf Listesi - 2026-02-01T163452.417,Erkek,2011.0
1.1086188713534253,0.8353920710514678,0.8974597497039655,0.8110435133242055,0.7923014039625791,0.9392576516046546,0.8258836104284548,1.0033314207781125,19,Öğrenci Sınıf Listesi - 2026-02-01T163454.763,Erkek,2013.0
1.0315925925925926,0.8114426025573303,0.8950730245343089,0.8317974812904353,0.725501697927086,1.0028697990634132,0.8998318205887211,0.978184360306274,19,Öğrenci Sınıf Listesi - 2026-02-01T163457.210,Erkek,2015.0
0.8853935185185187,0.6526956119755103,0.5985894020922519,0.5918974504456532,0.6307828420614121,0.8078534630897114,0.7957992780688635,0.8306613110518107,2,Öğrenci Sınıf Listesi - 2026-02-01T163459.549,Kadın,2014.0
0.9953356481481482,0.6124243076885554,0.5525124562006497,0.5332996431997354,0.6751572872727168,0.6742693117930824,0.8083301323725938,0.68930819365857,11,Öğrenci Sınıf Listesi - 2026-02-01T163501.899,Erkek,2011.0
0.9141435185185187,0.572388899909753,0.6137819086972821,0.6723131626659273,0.6491560803769769,0.8098901446944002,0.8495908355337639,0.7063275074294694,8,Öğrenci Sınıf Listesi - 2026-02-01T163504.182,Kadın,2011.0
0.963976851851852,0.9040977983319325,0.9244891022580396,1.0191975300693927,0.8230940734703565,0.8455175169341421,0.8719252731934852,0.7577240507988697,0,Öğrenci Sınıf Listesi - 2026-02-01T163506.602,Erkek,2012.0
0.9550579873611624,0.9417407831233808,1.03347748314433,0.9058731686386,0.9067442715363722,0.8697828720466984,1.0072317493404646,0.9271814522422673,18,Öğrenci Sınıf Listesi - 2026-02-01T163509.070,Erkek,2015.0
0.9045601851851852,0.6558204283560591,0.6015254711426437,0.6572927152047999,0.632590553421533,0.9313486407979003,0.8573514938703034,0.591503110326304,4,Öğrenci Sınıf Listesi - 2026-02-01T163511.451,Erkek,2013.0
0.9991176502787738,0.73134486054719,0.7637811236712502,0.6907020831335915,0.6734426849689612,0.9337670552469945,1.0675588350861296,0.8215633423970806,9,Öğrenci Sınıf Listesi - 2026-02-01T163513.933,Erkek,2014.0
0.9156634652230629,0.7095885400211186,0.6947927795073096,0.7188360991341955,0.6413777010009922,0.862355514548101,0.7209417585352883,0.6513719434280628,8,Öğrenci Sınıf Listesi - 2026-02-01T163516.309,Kadın,2012.0
0.9137175925925926,0.801725728985831,0.8075135295409444,0.8328238017038722,0.8081047107581549,0.9271717922872715,0.936936974679735,0.6572103114028394,0,Öğrenci Sınıf Listesi - 2026-02-01T163518.691,Erkek,2015.0
1.0548401651451644,1.0039473420612077,0.9916710708778834,0.9652532607863229,0.920190425714878,0.9938047471359401,1.028090512858447,0.9043481188022899,3,Öğrenci Sınıf Listesi - 2026-02-01T163521.021,Erkek,2013.0
1.0398981481481482,0.6673549636484373,0.593539690710705,0.6495933717930329,0.6645179285252564,0.7382626419214171,0.9487886535374396,0.7446507911228754,11,Öğrenci Sınıf Listesi - 2026-02-01T163523.399,Erkek,2014.0
0.8861388888888888,0.7131335895080789,0.6880988782770608,0.7105580514444757,0.5662412447119627,0.8448545866814837,0.8172676021160261,0.5900225658891922,8,Öğrenci Sınıf Listesi - 2026-02-01T163525.815,Erkek,2015.0
1.124817276837841,0.9111626277872794,0.8047546534209508,0.8872008713846367,0.8711729191877514,1.0276984353298897,0.775764996476955,0.8974499884339135,12,Öğrenci Sınıf Listesi - 2026-02-01T163528.213,Kadın,2012.0
0.7517592592592593,0.6507915998342276,0.58607859354035,0.5815678817481881,0.5553513041728402,0.9754079561467452,0.8035045975288816,0.5831649624470978,4,Öğrenci Sınıf Listesi - 2026-02-01T163530.553,Erkek,2011.0
0.8562175925925926,0.8472286139766295,0.7827365452417002,0.9035779974547344,0.678659466691605,0.7469311813256075,0.6756072854185013,0.633088044105355,11,Öğrenci Sınıf Listesi - 2026-02-01T163532.916,Erkek,2012.0
0.6356254312084807,0.8607930478840686,0.801067857754379,0.7821225789843307,0.7456002836874533,0.7063786319305272,0.8490962106604143,0.7544840699074404,2,Öğrenci Sınıf Listesi - 2026-02-01T163535.227,Erkek,2011.0
0.9963963181573918,0.8187838840970136,0.8950401378230477,0.9343515481712105,0.7336351750583453,0.9206997834648554,0.8971784224209598,0.8747712967713795,9,Öğrenci Sınıf Listesi - 2026-02-01T163537.581,Erkek,2012.0
1.0490087391707748,0.887008754825912,0.9054853807800575,0.8227483391895771,0.7904731120380273,0.9365641468976407,1.071520326451858,0.8873191300522536,12,Öğrenci Sınıf Listesi - 2026-02-01T163540.194,Erkek,2016.0
0.9895324074074074,0.7773275024212268,0.8661612560274314,0.8025621695461398,0.7478484381299015,0.9388445016806389,1.0184394431710224,0.8649140164729279,9,Öğrenci Sınıf Listesi - 2026-02-01T163542.533,Kadın,2014.0
1.0006726972052777,0.9014935764080743,0.9342910652208664,0.8877027367783948,0.8726567155455465,0.962324586916535,1.0675588350861296,0.95322324472967,18,Öğrenci Sınıf Listesi - 2026-02-01T163544.886,Kadın,2015.0
1.0545809906574137,1.0042475289342538,1.0408193034024507,0.973905651610282,0.9503324968261977,0.9234166108068212,0.7950638786314337,0.9932879282389246,18,Öğrenci Sınıf Listesi - 2026-02-01T163547.195,Erkek,2011.0
0.975144010161838,0.7227478163448067,0.7096052210480399,0.7606305468175003,0.6786627871261436,0.9287986583822281,0.9082783442780837,0.8521274336447866,2,Öğrenci Sınıf Listesi - 2026-02-01T163549.490,Erkek,2011.0
0.9240866360749591,0.8490003010752211,0.8113237369953494,0.8374842761323928,0.8194953858268658,0.8024956338137442,1.0040482778738724,0.6743499476668036,0,Öğrenci Sınıf Listesi - 2026-02-01T163551.918,Erkek,2016.0
1.0467129629629632,0.7806276308023283,0.8278502091295337,0.8090938769975464,0.7198642879046823,0.8793537971571778,0.7412856532006445,0.8564535193091487,19,Öğrenci Sınıf Listesi - 2026-02-01T163554.218,Erkek,2012.0
0.7312083333333335,0.691011040937998,0.7246814280995926,0.6317090892311027,0.7433743707899386,0.8818889846649753,0.8602435175945706,0.6714914047713073,8,Öğrenci Sınıf Listesi - 2026-02-01T163556.729,Erkek,2015.0
0.7262037037037038,0.5195316132354096,0.5093599422790344,0.6326257744263665,0.47830335481743774,0.7660815751809783,0.6791478027548177,0.609234225730295,8,Öğrenci Sınıf Listesi - 2026-02-01T163559.125,Erkek,2011.0
0.8749583333333335,0.6994207466357235,0.6351438005466605,0.6448715633079333,0.5670848754090029,0.7671379274748248,0.7653250119561259,0.5805665445198276,11,Öğrenci Sınıf Listesi - 2026-02-01T163601.431,Erkek,2012.0
1.0516004840482813,0.8320070604574737,0.9489156931149855,0.9043004715113765,0.7230866596398957,0.7825948073859198,0.6618387986844075,0.8629341726347916,19,Öğrenci Sınıf Listesi - 2026-02-01T163603.828,Erkek,2015.0
1.012724310885683,0.9041894493550583,1.0615487100469456,0.9025308108720395,0.9325783055155997,1.0323774458442971,0.9718963812913449,1.0239597299108474,18,Öğrenci Sınıf Listesi - 2026-02-01T163606.149,Erkek,2014.0
0.5964900835581316,0.6079846341048686,0.6245720634361662,0.6352210473349837,0.6438358603952532,0.8068712288206737,0.8147748775143783,0.6676745883204457,8,Öğrenci Sınıf Listesi - 2026-02-01T163608.236,Erkek,2011.0
0.9244722222222223,0.6579256670700551,0.5136980704038288,0.821862757060446,0.6768714303863056,0.9483898376886626,0.8319558708236862,0.6669809238081997,4,Öğrenci Sınıf Listesi - 2026-02-01T163610.632,Erkek,2014.0
0.9816233723556045,0.8789943312891397,0.8440630877341627,0.8359822651080268,0.8544880857286257,0.8260239472472583,0.8377328544155432,0.8245065963461007,6,Öğrenci Sınıf Listesi - 2026-02-01T163613.002,Erkek,2016.0
0.8933796296296298,0.5807729294225598,0.5843698087163387,0.6176340023236419,0.48514922887844564,0.8458646405004447,0.7787350802287514,0.7234418169306023,8,Öğrenci Sınıf Listesi - 2026-02-01T163615.384,Erkek,2013.0
0.7903055555555555,0.6620836441147356,0.6041081198765239,0.7226480054050588,0.5025634440462199,0.7932860214700469,0.7549029757386017,0.6423297814468856,8,Öğrenci Sınıf Listesi - 2026-02-01T163617.700,Erkek,2011.0
0.9301157407407408,0.571592622196068,0.6073006490304352,0.6161939450971327,0.5374863685777443,0.7927179837199934,0.7358176586959919,0.5997428442715974,8,Öğrenci Sınıf Listesi - 2026-02-01T163620.060,Erkek,2012.0
0.9264953703703704,0.5637550802896948,0.5626792176146433,0.5805569434444823,0.7215468877202432,0.8105436196431128,0.7644708503778409,0.7152114829207794,8,Öğrenci Sınıf Listesi - 2026-02-01T163622.583,Erkek,2014.0
0.9503472222222223,0.8839500605594295,0.9367585601654955,0.9538609350558499,0.8394617117040386,0.9570917156020952,1.0128268619343437,0.867974172238943,12,Öğrenci Sınıf Listesi - 2026-02-01T163624.998,Erkek,2015.0
1.0723344430683337,0.9805201580128776,0.9422769048189797,1.0062120346088634,0.9629540708379694,1.0592657139220203,1.0217083538716014,0.9317949694744783,3,Öğrenci Sınıf Listesi - 2026-02-01T163627.335,Erkek,2011.0
1.00170939515628,0.8051979061332732,0.8880121950165072,0.8046846955390833,0.7191996155168335,0.8545312884276761,0.8492212042141892,0.7665270850635246,6,Öğrenci Sınıf Listesi - 2026-02-01T163629.765,Erkek,2014.0
0.8792494496940959,0.7229437479180804,0.6472110358521815,0.77285534435407,0.5423004851971002,0.5542014957260093,0.8946878237919469,0.5708514125960454,11,Öğrenci Sınıf Listesi - 2026-02-01T163632.150,Erkek,2013.0
0.8603703703703705,0.5868303230848798,0.6638002060274227,0.5866469223454189,0.6497920154392147,0.9581883501534061,0.9415407842632385,0.7048366875878559,8,Öğrenci Sınıf Listesi - 2026-02-01T163634.530,Erkek,2015.0
1.0632175925925926,0.7855622628684021,0.7677513465658228,0.9434255717642779,0.7080562512831251,0.9144336329480354,0.8581421049528504,0.8070410232173872,9,Öğrenci Sınıf Listesi - 2026-02-01T163637.024,Erkek,2016.0
0.9861589258912409,0.6830508971574129,0.7218947000819439,0.7626328183083423,0.6712579551843202,0.9559200640361354,0.9164263496259671,0.8639798137401162,2,Öğrenci Sınıf Listesi - 2026-02-01T163639.574,Erkek,2016.0
1.0804675925925926,0.9321105287122793,0.9645246829484194,0.9318645209219567,0.9716634326463561,0.9811043079035164,0.9267542811404872,1.0191108368013255,18,Öğrenci Sınıf Listesi - 2026-02-01T163641.934,Erkek,2015.0
0.7665601851851853,0.5752481199855402,0.6824256753670785,0.5799943831768543,0.48497733078994043,0.7630369812029811,0.8784765405373749,0.6753606102466609,8,Öğrenci Sınıf Listesi - 2026-02-01T163644.399,Erkek,2014.0
0.9612083333333332,0.7110077220299149,0.7195040227555389,0.8168884318322566,0.7917091816065698,0.7920645827267361,0.9198848081744121,0.6489523786358925,0,Öğrenci Sınıf Listesi - 2026-02-01T163646.771,Erkek,2014.0
0.9072222222222223,0.8749149557942242,0.8407263125557533,0.7503294508168284,0.878768153409281,0.916694591366539,0.8548731942522712,0.732334391222466,0,Öğrenci Sınıf Listesi - 2026-02-01T163649.094,Erkek,2011.0
1.0049490762531634,0.8257004928205299,0.7787991684873565,0.7890744206539131,0.7815119307370736,1.0633749294204506,0.9560173887943756,0.7351036495714837,16,Öğrenci Sınıf Listesi - 2026-02-01T163651.457,Erkek,2015.0
1.0318055555555559,0.7863329507636472,0.8381941207980994,0.794661137024661,0.9043604265890174,0.9976690776225506,1.0467874768383079,0.9447584031607538,12,Öğrenci Sınıf Listesi - 2026-02-01T163653.780,Erkek,2012.0
1.0983564814814817,0.8823497020170266,0.8654335180546386,0.79863547955906,0.8916149729369397,0.9254704927244414,1.0585319591029332,0.93213164990149,12,Öğrenci Sınıf Listesi - 2026-02-01T163700.944,Kadın,2014.0
0.9131851851851852,0.7679459357871655,0.6639933323428734,0.8176772310147664,0.6789352793099716,0.7349552931209521,0.7689642577678224,0.743046961764525,2,Öğrenci Sınıf Listesi - 2026-02-01T163708.216,Erkek,2014.0
1.009337962962963,0.7811573600635754,0.8770050901281872,0.8139736312278784,0.807532629237713,0.9830383003903053,0.9025160564002866,0.805212553346308,9,Öğrenci Sınıf Listesi - 2026-02-01T163714.858,Erkek,2014.0
0.9379953703703705,0.7707024267756816,0.6612697663995527,0.6489013986821092,0.8088013220706993,0.7232327510868078,1.0033576632448968,0.5705841564058395,10,Öğrenci Sınıf Listesi - 2026-02-01T163720.252,Erkek,2011.0
1.0115580256908052,0.7871228488271677,0.7740408863911682,0.7751939672668225,0.5258336765976734,0.9402102523594887,0.9444997963722038,0.765067687408941,8,Öğrenci Sınıf Listesi - 2026-02-01T163725.411,Erkek,2014.0
1.0291818908578496,1.0384132102140007,1.0874941204567374,1.0148682507737936,0.9459588766510421,0.9006666812575203,1.0184394431710224,0.9526777851393678,14,Öğrenci Sınıf Listesi - 2026-02-01T163729.332,Erkek,2014.0
0.8011666666666667,0.6282034400803056,0.6751754147897565,0.6329338820908998,0.5548552597793643,0.7579495934466266,0.9579695006467716,0.6294359948829409,11,Öğrenci Sınıf Listesi - 2026-02-01T163731.648,Erkek,2014.0
0.8949768518518519,0.6623980518447837,0.7462031743665598,0.7314896914433573,0.56600743369152,0.8414556970897354,0.8475395865172811,0.6531511345510892,8,Öğrenci Sınıf Listesi - 2026-02-01T163733.969,Erkek,2013.0
0.9359722222222224,0.6165532633671382,0.5565980750612318,0.6255406920398995,0.6596198461933276,0.6293633833987787,0.8682426876209504,0.7579031151014347,11,Öğrenci Sınıf Listesi - 2026-02-01T163736.381,Erkek,2014.0
1.0010614589369036,0.8979559739102373,0.9144305995802885,0.9349229023259555,0.9127609307138235,0.9997344559549697,1.108851894739645,0.9299927870926301,12,Öğrenci Sınıf Listesi - 2026-02-01T163738.733,Erkek,2016.0
0.8459953703703705,0.743304973095783,0.7129676587270193,0.6795805432057,0.7177144582228999,0.8087372876019417,0.8512580101985358,0.686594495414677,8,Öğrenci Sınıf Listesi - 2026-02-01T163741.086,Erkek,2013.0
0.8910418888867505,0.7581760196955777,0.8359135665351183,0.7403740232838506,0.774675276561374,0.7650110069642645,0.9363744444994432,0.8467745820320427,2,Öğrenci Sınıf Listesi - 2026-02-01T163743.613,Erkek,2016.0
0.8862453703703704,0.5040340704439186,0.5581041513812827,0.5194932721132905,0.5952362695766613,0.879802669874109,0.8588273407650429,0.5528263414838992,4,Öğrenci Sınıf Listesi - 2026-02-01T163746.236,Erkek,2013.0
0.9383412329012452,0.8874100998273596,0.9177455066788615,0.8850874679424746,0.8219733402415865,0.7324869658456787,0.9360251696294297,0.7485601667868828,6,Öğrenci Sınıf Listesi - 2026-02-01T163748.585,Erkek,2012.0
0.8478055555555556,0.5864605540005642,0.623251542703245,0.5967820380630142,0.6722584052286782,0.7224788258945384,0.7954452193622036,0.5767967172302652,11,Öğrenci Sınıf Listesi - 2026-02-01T163751.059,Erkek,2014.0
1.1008436367209053,0.8659800701472301,0.7561909715779539,0.7587404199082612,0.9059540260739924,0.9519381361229393,0.8874415873682807,0.7938646817071953,0,Öğrenci Sınıf Listesi - 2026-02-01T163753.404,Erkek,2012.0
0.9218101851851852,0.5939517880386493,0.5687897747737398,0.6172244009281902,0.5566637363505365,0.7312283594860658,0.734371103290677,0.6688224933376259,11,Öğrenci Sınıf Listesi - 2026-02-01T163755.883,Erkek,2013.0
1.0282747801507224,0.8547241674872524,0.9568399888760988,0.9751753324838235,0.9010875915470961,1.0242997726358123,1.0675588350861296,0.8979118559462861,3,Öğrenci Sınıf Listesi - 2026-02-01T163758.193,Erkek,2015.0
0.7824259259259259,0.5740727080737595,0.4926113879380069,0.6698141530513891,0.5019116072443358,0.7365739234097198,0.6019392452554198,0.5555507388973763,11,Öğrenci Sınıf Listesi - 2026-02-01T163800.624,Erkek,2011.0
0.9854861111111113,0.7665231305591995,0.8861568168251518,0.7863200745753636,0.7798049718967858,0.8521425397684206,0.8433342999159099,0.8593066005629872,19,Öğrenci Sınıf Listesi - 2026-02-01T163802.954,Erkek,2012.0
0.673601851851852,0.8040582227778436,0.7915058041243225,0.7433987571611269,0.7235518662206026,0.7559990089903573,0.8065399846564811,0.7108292047388056,2,Öğrenci Sınıf Listesi - 2026-02-01T163805.540,Erkek,2016.0
1.1325925114703606,0.8943479861161159,0.9062476698339755,0.7969053336541743,0.8401497750925722,0.8460931911314397,1.0022595269197399,0.9477116649839171,18,Öğrenci Sınıf Listesi - 2026-02-01T163808.260,Erkek,2014.0
0.9856405769157397,0.8609943640037996,0.8253289394159516,0.962374321054415,0.7343564481426725,0.9512012853119778,0.8426940065900332,0.8090409594351325,9,Öğrenci Sınıf Listesi - 2026-02-01T163810.698,Erkek,2011.0
0.9252529212698372,0.6891109203332436,0.638210611511076,0.7229628896728495,0.7105556223687405,0.788029624700059,0.8989234582443978,0.6169219605968294,4,Öğrenci Sınıf Listesi - 2026-02-01T163813.102,Erkek,2014.0
0.8376898148148149,0.82838263199689,0.7691403496700059,0.7371180627892291,0.7112029239347591,0.9652829904076511,0.7114731621451903,0.6477995681168299,8,Öğrenci Sınıf Listesi - 2026-02-01T163815.423,Erkek,2011.0
0.9186157407407408,0.6963057500339754,0.7564204864812184,0.7853654996506222,0.6815145164768452,0.7421993170846056,0.7868367792430986,0.7044594326463118,2,Öğrenci Sınıf Listesi - 2026-02-01T163817.803,Erkek,2013.0
1.1287037037037035,1.0303769730685763,1.063437501717378,0.9900092961746737,1.0948713968406107,1.0171410233625728,0.945257558495389,1.0505894344774565,14,Öğrenci Sınıf Listesi - 2026-02-01T163820.105,Erkek,2012.0
0.8782592592592594,0.6900149238489363,0.5625196064668938,0.6626254347061263,0.634233912112833,0.6539413144708165,0.7708226354916374,0.5278345581619956,10,Öğrenci Sınıf Listesi - 2026-02-01T163822.477,Erkek,2012.0
0.9913425925925925,0.9403188458773543,0.9992697301293408,0.9206230495603209,0.9143324334804652,0.9544899362532276,0.6622089438410782,0.8642905839135844,9,Öğrenci Sınıf Listesi - 2026-02-01T163824.833,Erkek,2012.0
0.8124537037037036,0.5986684985095211,0.729139545525436,0.6800926373390203,0.6440484595611309,0.7286353380490314,0.8420439869877737,0.6625775460459704,11,Öğrenci Sınıf Listesi - 2026-02-01T163827.239,Erkek,2013.0
0.9098842592592592,0.6970242203304042,0.6785271577907491,0.7668509839388733,0.7149003060874364,0.6758433441844183,0.7773013945012993,0.6910196704746286,11,Öğrenci Sınıf Listesi - 2026-02-01T163829.588,Erkek,2014.0
0.9979513650838957,0.7152651638748856,0.862012529500947,0.8198394234067231,0.7658478342836539,0.995116122651883,0.9930511120384675,0.873582178510182,9,Öğrenci Sınıf Listesi - 2026-02-01T163832.012,Kadın,2015.0
0.9278446661473437,0.9219829529115977,0.8748513109535689,0.8040315257097727,0.7436178125201854,0.881257960262637,0.9574197767602078,0.9240619865683866,6,Öğrenci Sınıf Listesi - 2026-02-01T163834.384,Erkek,2011.0
0.8766577048165892,0.6552645444543939,0.6325360592374827,0.6797558931631958,0.5612168333594697,0.7256719284537289,0.782950620966931,0.5624653091972975,11,Öğrenci Sınıf Listesi - 2026-02-01T163836.869,Erkek,2014.0
0.9365270114869906,0.6150573896749556,0.598063435313487,0.6310583400173487,0.6773219742159459,0.88475362424376,0.8171811417015805,0.580443807711762,4,Öğrenci Sınıf Listesi - 2026-02-01T163839.280,Erkek,2015.0
0.9822713085749811,0.6920666378632305,0.7505362216469881,0.7323053376917708,0.6529288844842177,0.9016667163740294,0.8748006849549002,0.7088711441588074,8,Öğrenci Sınıf Listesi - 2026-02-01T163841.655,Erkek,2012.0
0.9258564814814815,0.8140619864033942,0.7716940509126343,0.7715375210656057,0.7094731674790784,0.9320865809368346,0.9994285203569205,0.7174217115671226,0,Öğrenci Sınıf Listesi - 2026-02-01T163843.985,Erkek,2013.0
1.028922716370099,0.9468132149311412,1.0068703088863404,0.8767696207230907,0.7665327769508214,0.9647577525307004,1.065484440818169,0.8704395566952371,12,Öğrenci Sınıf Listesi - 2026-02-01T163846.374,Erkek,2015.0
1.0723344430683337,0.8005742374169883,0.8442838210939991,0.8979414577015797,0.7764468393040864,0.9843994404591793,0.9091644283230841,0.9589724377362985,9,Öğrenci Sınıf Listesi - 2026-02-01T163848.698,Erkek,2012.0
1.0153160557631897,0.7885026465841196,0.7804954205877574,0.7653581478136307,0.6984099287401055,0.9411424182417693,1.0087883734835974,0.7631835128791196,0,Öğrenci Sınıf Listesi - 2026-02-01T163851.052,Kadın,2013.0
1.0308665250282287,0.7906891882078967,0.7639765887144723,0.7010028033269523,0.7847297176954333,1.0260133905446844,1.068561314342893,0.7902203859213048,0,Öğrenci Sınıf Listesi - 2026-02-01T163853.534,Erkek,2016.0
0.7240687251533915,0.6659895022712978,0.5512701365491369,0.7283643966756276,0.5901748044850876,0.8942962249987745,0.8738290602739646,0.5746203091635655,4,Öğrenci Sınıf Listesi - 2026-02-01T163855.870,Erkek,2011.0
1.0121064814814815,0.7495561252121402,0.7449014367484295,0.7369158628461409,0.7236187742205098,0.9025569522465888,0.8376296147880239,0.8020084141936725,2,Öğrenci Sınıf Listesi - 2026-02-01T163858.268,Erkek,2013.0
0.7957952646383851,0.6257013381070938,0.5560085111836589,0.6491022946812597,0.47794306144551535,0.8442440350638286,0.775139089599331,0.6304238942352114,8,Öğrenci Sınıf Listesi - 2026-02-01T163900.607,Erkek,2011.0
0.9359722222222224,0.7148948767560659,0.6811034289365699,0.7950050247425036,0.7105041600967286,0.9464767329217162,0.9251976569973542,0.720016646953168,8,Öğrenci Sınıf Listesi - 2026-02-01T163902.982,Erkek,2012.0
1.0318055555555559,0.8835715653748109,0.8313584717247817,0.8957194402959623,0.7532383776746964,1.029229020826147,1.0110613144133183,0.9113898345944952,12,Öğrenci Sınıf Listesi - 2026-02-01T163905.288,Kadın,2013.0
0.9764398826005913,0.6275218506543059,0.6882672268927762,0.671197860205309,0.8048134948645214,0.9164561960382459,0.9895612738215482,0.6553691848901853,4,Öğrenci Sınıf Listesi - 2026-02-01T163908.260,Kadın,2016.0
0.9654249668711885,0.7532858634445533,0.8514110022215519,0.7696953627330863,0.7298431889448611,0.9502098834474085,0.9429309996841093,0.8173735745332806,9,Öğrenci Sınıf Listesi - 2026-02-01T163910.568,Kadın,2013.0
0.9576944444444444,0.8404170370933342,0.9191781570914441,0.8294272125805087,0.7330180074629133,0.8986181698624812,0.9563293412615326,0.8980339074144341,6,Öğrenci Sınıf Listesi - 2026-02-01T163912.996,Kadın,2015.0
0.9381018518518519,0.6281798628271796,0.6981187266437733,0.702772295853117,0.6728175856474672,0.7084161726852711,0.7415913688881853,0.7740097032282969,2,Öğrenci Sınıf Listesi - 2026-02-01T163915.364,Erkek,2012.0
0.9402850415593751,0.9067601816562897,0.8655865482515791,0.9119804506226948,0.7622397521976021,0.94765780107084,1.0859969309829953,0.8715712300103382,12,Öğrenci Sınıf Listesi - 2026-02-01T163917.746,Erkek,2015.0
0.8587731481481483,0.6981213915845009,0.7922745280777889,0.7233561905475933,0.5797897238304978,0.8848987709443374,0.907341591243999,0.7772005261794906,2,Öğrenci Sınıf Listesi - 2026-02-01T163920.058,Kadın,2011.0
0.8714444444444446,0.5783199761071592,0.6302006026300885,0.5210604717969178,0.48726677957812903,0.8015593713406343,1.0011940678779458,0.6281526751526165,4,Öğrenci Sınıf Listesi - 2026-02-01T163922.538,Erkek,2015.0
0.8590925925925925,0.7787407117068021,0.6993226478313337,0.7621707400412082,0.8484546706393532,0.9627198944698108,0.7966205027745665,0.5639983517848842,4,Öğrenci Sınıf Listesi - 2026-02-01T163924.984,Erkek,2014.0
0.7864722222222222,0.7208239437975543,0.6478810708281578,0.7786327902648458,0.5597099726186462,0.7866359648534272,0.833062981986144,0.6785967414334634,2,Öğrenci Sınıf Listesi - 2026-02-01T163927.404,Erkek,2012.0
0.8007407407407406,0.8080068245366194,0.7747213168083811,0.866819719920024,0.7862440146915685,0.9687378543975211,0.8110971073057037,0.7887437117470372,9,Öğrenci Sınıf Listesi - 2026-02-01T163929.719,Kadın,2011.0
0.8625326952341786,0.7643674432452879,0.6540123591890445,0.7534826256006717,0.6664760469757209,0.9132224731154446,0.9107210524662173,0.5707341883606771,4,Öğrenci Sınıf Listesi - 2026-02-01T163932.122,Erkek,2015.0
1.0275462962962962,0.6634370524234176,0.6435020833673678,0.6457850602657789,0.727163292091295,0.8059242497585262,0.818759514131585,0.680559659953111,11,Öğrenci Sınıf Listesi - 2026-02-01T163934.521,Erkek,2013.0
0.957649732238669,0.8088220580845957,0.8264995673944495,0.8743082768666693,0.653655801964853,0.9062686091338579,1.0274853374634585,0.7391680867065837,0,Öğrenci Sınıf Listesi - 2026-02-01T163936.927,Erkek,2016.0
0.8293842592592593,0.6735947998034835,0.628471585281932,0.6837532710768853,0.47268031007586064,0.7204847661656552,0.7805006277497768,0.5776974152778278,11,Öğrenci Sınıf Listesi - 2026-02-01T163939.305,Erkek,2015.0
1.076527777777778,0.9012171563064073,0.9386778003090774,0.913403348553355,0.951664369786584,1.0343142860716248,1.0442932469733341,0.9601839746399243,14,Öğrenci Sınıf Listesi - 2026-02-01T163941.706,Erkek,2016.0
0.7697482286194445,0.6542506582086508,0.6146090453860859,0.6847539507604218,0.5862115173950445,0.9097576391655008,0.8233852800262851,0.6395176304416775,8,Öğrenci Sınıf Listesi - 2026-02-01T163944.006,Erkek,2011.0
0.9154042907353124,0.8585794543557147,0.7012959357437005,0.8710056496695746,0.6521849032129572,0.7872523217596165,0.8859882028526668,0.7002989404637548,11,Öğrenci Sınıf Listesi - 2026-02-01T163946.411,Erkek,2012.0
0.94875,0.6082359847588388,0.6147662492608251,0.6699857367719331,0.644600910936512,0.7425921963184745,0.7555365602953368,0.6329672842753256,11,Öğrenci Sınıf Listesi - 2026-02-01T163948.779,Erkek,2015.0
1.064559208435814,1.0441074153634722,1.0275477364987107,0.9157703029650384,0.8493041061366774,0.9842764467669698,1.108851894739645,0.949117891077968,14,Öğrenci Sınıf Listesi - 2026-02-01T163951.137,Erkek,2016.0
1.0488425925925926,0.7677765905716437,0.7992177233992821,0.8416018100819591,0.7275266579605834,0.8785711620613185,0.9994285203569205,0.7167169334970742,0,Öğrenci Sınıf Listesi - 2026-02-01T163953.502,Erkek,2013.0
0.9007609321774003,0.808427587226084,0.8338369258337478,0.8611752564435227,0.736860290625139,0.7728840675422565,0.8377328544155432,0.6265974221080789,11,Öğrenci Sınıf Listesi - 2026-02-01T163955.899,Erkek,2015.0
1.0604124166318034,0.8469077202879539,0.9207739328284891,0.7657861639464256,0.7886695682935451,0.8086419126030797,0.954563793740507,0.8740039574240622,6,Öğrenci Sınıf Listesi - 2026-02-01T163958.299,Erkek,2015.0
0.9245787037037037,0.6853850826683984,0.6012238874345176,0.7138535392243845,0.666831778534039,0.9353162531868747,1.0084422953454109,0.678886645191929,4,Öğrenci Sınıf Listesi - 2026-02-01T164000.657,Erkek,2013.0
1.0023573313756569,0.6825901316547187,0.6666534271528549,0.708539167885562,0.6658478803665877,0.9551222813314163,0.918439091112171,0.7363135317392422,8,Öğrenci Sınıf Listesi - 2026-02-01T164003.085,Kadın,2015.0
0.790412037037037,0.7270468260739333,0.7776715359624089,0.6814290660542492,0.6205890765775423,0.8691615298323738,0.8999412075446069,0.7731470445933007,2,Öğrenci Sınıf Listesi - 2026-02-01T164005.490,Erkek,2014.0
0.9893986069881242,0.7481137077029507,0.6927863294580088,0.7674542261210857,0.6387710951068334,0.8215360017548626,1.0314981170749218,0.6562320451882071,0,Öğrenci Sınıf Listesi - 2026-02-01T164008.308,Erkek,2015.0
1.0509525478289048,0.8406707967543983,0.8579351985397267,0.8552311619008126,0.7401794587091997,0.9881187132362153,0.8688826912190357,0.8039555996589072,9,Öğrenci Sınıf Listesi - 2026-02-01T164010.670,Erkek,2016.0
0.761713819499174,0.8128721296103023,0.8688441677327614,0.8628285513277649,0.7506715750096641,0.8854114775674553,0.9945023499397936,0.707929423033589,0,Öğrenci Sınıf Listesi - 2026-02-01T164013.261,Erkek,2015.0
0.5943796296296298,0.74911762188611,0.7012706197924282,0.8070904193603321,0.6385777246546713,0.6909833066025084,0.7357065326324687,0.5715223462672248,11,Öğrenci Sınıf Listesi - 2026-02-01T164015.621,Erkek,2012.0
0.9700462962962964,0.7178842884309442,0.7878746841791283,0.8126402628243772,0.6959754957971301,0.9323130600715119,0.7307753015200398,0.6639287811231036,8,Öğrenci Sınıf Listesi - 2026-02-01T164017.978,Erkek,2013.0
0.9567361111111112,0.7814929412548444,0.6262329997452798,0.8703061925778112,0.7532887158570408,0.8833520869295935,1.06849388421005,0.7662662494010933,0,Öğrenci Sınıf Listesi - 2026-02-01T164020.308,Erkek,2013.0
1.0902174827231288,0.9413470943470105,0.9648516799894935,0.9649450691930557,0.7736369449018282,0.9249590931199269,0.870584389404336,0.9205294904356431,18,Öğrenci Sınıf Listesi - 2026-02-01T164022.748,Erkek,2014.0
0.8941519827397586,0.7299823904568131,0.6030373118056285,0.7334005932451616,0.6029170852673368,0.9029749282413851,0.8593524557428275,0.6377049530999365,4,Öğrenci Sınıf Listesi - 2026-02-01T164025.613,Erkek,2013.0
0.8129861111111111,0.6473495492602201,0.6441958543846331,0.5619175554128443,0.6184648052826062,0.763830692570523,0.9765808755089834,0.66637550937067,11,Öğrenci Sınıf Listesi - 2026-02-01T164028.106,Erkek,2015.0
1.0067824074074077,0.803424874120956,0.7212232224027961,0.7496361416249284,0.5915743189121015,1.027541409657603,1.0675588350861296,0.8119714352359175,9,Öğrenci Sınıf Listesi - 2026-02-01T164030.596,Kadın,2016.0
0.7977592592592593,0.895435663847378,0.8713552468395862,0.829827538420729,0.6423384817876854,0.7220249099780011,0.7610189217894948,0.7090405289733164,2,Öğrenci Sınıf Listesi - 2026-02-01T164033.056,Erkek,2014.0
0.8798564814814814,0.9750771940124071,0.9185473608578676,1.0216883123940368,0.8375010821611983,1.0287172627551828,1.0859969309829953,0.7977379490821026,16,Öğrenci Sınıf Listesi - 2026-02-01T164035.427,Erkek,2016.0
0.8105682104401725,0.9400794312282627,0.9807610879252662,0.9187913719978965,0.8847319482328028,1.0595316638852517,1.0655099472897553,0.7867216238306348,16,Öğrenci Sınıf Listesi - 2026-02-01T164037.884,Kadın,2016.0
0.9354398148148149,0.6839275209896842,0.6083611753890383,0.5989057983338679,0.6823525625983295,0.92317766393449,0.7250984982816505,0.6427552881446789,8,Öğrenci Sınıf Listesi - 2026-02-01T164040.186,Erkek,2011.0
0.8999834087141483,0.7203861117909293,0.8128237242420807,0.7730130451254117,0.7195690794892814,1.0708480540152712,0.9797246138996846,0.8171087321716004,9,Öğrenci Sınıf Listesi - 2026-02-01T164042.520,Erkek,2011.0
0.848018923920142,0.7611595265375599,0.8262999341939496,0.757484350707178,0.6516071232623865,0.9013006602307254,0.7304620334382472,0.62886234984472,8,Öğrenci Sınıf Listesi - 2026-02-01T164044.935,Erkek,2014.0
0.9732002015037083,0.8277859217777515,0.7987835089806578,0.7565136558444403,0.697431250434846,0.9991145141514647,1.0442932469733341,0.8405788371840449,9,Öğrenci Sınıf Listesi - 2026-02-01T164047.244,Erkek,2012.0
1.014668119543813,0.8969774390374846,0.9839729292618455,0.8979708893893328,0.7843284635385777,0.8769386061065599,0.8322351130346696,0.901651910917627,6,Öğrenci Sınıf Listesi - 2026-02-01T164049.613,Erkek,2012.0
0.9934722222222222,0.8081237376850969,0.730205843434267,0.7314143673518523,0.6710864640885364,0.9968761257839923,0.9487886535374396,0.8331839586139353,9,Öğrenci Sınıf Listesi - 2026-02-01T164051.973,Erkek,2014.0
0.9056852474446626,0.6846284733936443,0.5679705749727899,0.6011528219168839,0.5345952123304959,0.7959690996008074,0.8251695693517163,0.6917398117911764,8,Öğrenci Sınıf Listesi - 2026-02-01T164054.546,Erkek,2016.0
0.9271967299279672,0.8778645016921828,0.8240596224731387,0.8732869542424021,0.8251571219443595,0.9154844047469846,0.9580948887825578,0.8221418288754109,9,Öğrenci Sınıf Listesi - 2026-02-01T164056.899,Erkek,2015.0
0.9593981481481482,0.8697640163235352,0.7787511014531016,0.7406449416622044,0.7946544581935061,0.9831872673699104,1.0273542157740403,0.7343862158070636,0,Öğrenci Sınıf Listesi - 2026-02-01T164059.339,Erkek,2016.0
0.9125462962962964,0.7473952664850102,0.6423625336057742,0.7361527990225862,0.7015391873899663,0.959459156202311,0.9513838911265186,0.6501591445858573,4,Öğrenci Sınıf Listesi - 2026-02-01T164101.687,Kadın,2014.0
0.870178342622823,0.9423306932785881,0.9549825589275597,0.8776874704389215,0.7207487408647587,0.8000116463068804,1.0217083538716014,0.7275717315350556,0,Öğrenci Sınıf Listesi - 2026-02-01T164104.082,Erkek,2014.0
0.9356199007798633,0.7840274489127571,0.8793011740512642,0.8616015235892099,0.7634603397432645,0.9232184932482579,0.8998318205887211,0.9248019970769824,19,Öğrenci Sınıf Listesi - 2026-02-01T164106.399,Erkek,2013.0
1.0313848740037304,0.8183983746303947,0.7818990043024509,0.6636105182155102,0.8583571296149929,0.851739658609667,0.5738672560615252,0.7339031196871901,2,Öğrenci Sınıf Listesi - 2026-02-01T164108.859,Erkek,2016.0
1.1403677461028803,1.015419159540566,1.0100501402267015,0.997392911213838,1.0472901496241602,1.0989758185911913,1.05884447340088,1.0684064099253439,17,Öğrenci Sınıf Listesi - 2026-02-01T164111.290,Erkek,2012.0
1.0036532038144101,0.7450318563732828,0.8254399868587015,0.7026902569739357,0.7600811788305176,0.8155485376880658,0.8200687118031145,0.9073587378096725,19,Öğrenci Sınıf Listesi - 2026-02-01T164113.811,Erkek,2012.0
0.9476851851851852,0.7401829876148839,0.733848663214331,0.7314922511332553,0.7445938022030236,0.8921785925120407,0.9826017238451148,0.7014386875630075,0,Öğrenci Sınıf Listesi - 2026-02-01T164116.227,Erkek,2013.0
0.7641643518518519,0.6700056695982982,0.6768693644593892,0.7278634966225145,0.5395920403408989,0.8473834743085142,0.8998318205887211,0.6596249111857879,8,Öğrenci Sınıf Listesi - 2026-02-01T164118.586,Erkek,2014.0
1.0956601469658926,0.9922942540262777,1.0224527054964638,0.9911061243128179,0.875792228324239,1.0522705082834012,1.0675588350861296,1.010753527509227,14,Öğrenci Sınıf Listesi - 2026-02-01T164121.071,Kadın,2015.0
1.0755741241652168,1.1000189646091352,1.0484611680305322,1.0296401899005831,1.0049405514988121,1.085590876909111,1.0232649780147345,0.9866191436989256,17,Öğrenci Sınıf Listesi - 2026-02-01T164123.446,Erkek,2015.0
0.9019272173722781,0.6945744649837113,0.793253181497293,0.8445416188472337,0.809733175676744,0.888812249284769,1.0128268619343437,0.6876674180525427,0,Öğrenci Sınıf Listesi - 2026-02-01T164125.935,Erkek,2015.0
0.8758101851851854,0.6445072597226976,0.5797630086257036,0.5863717838794168,0.5199028592375367,0.8344361531257054,0.7886890455144626,0.5517825206659344,4,Öğrenci Sınıf Listesi - 2026-02-01T164128.318,Erkek,2012.0
1.0477128667320215,0.770042731101024,0.8224465226405389,0.8136948281076475,0.717724796494252,0.9643180971270512,0.9927551448093273,0.7569995186867433,0,Öğrenci Sınıf Listesi - 2026-02-01T164130.648,Erkek,2013.0
0.8769816729262777,0.8075940608138391,0.8024511164946254,0.778379056055755,0.5839822953276371,0.846561778272079,1.0035206266892256,0.701609185121381,8,Öğrenci Sınıf Listesi - 2026-02-01T164133.424,Kadın,2015.0
0.8266370286807131,0.5987640680443922,0.5384364233447732,0.5948111521015632,0.5056123832006358,0.7961806504404141,0.7957992780688635,0.4870216868090278,4,Öğrenci Sınıf Listesi - 2026-02-01T164136.014,Erkek,2015.0
0.8902643654234987,0.8498846698060939,0.767271628298993,0.7987302676981504,0.896575333748856,0.9376329961476007,0.8153174667544277,0.6337551355837822,0,Öğrenci Sınıf Listesi - 2026-02-01T164138.337,Erkek,2011.0
0.8981712962962964,0.6105444820223959,0.5668773574162552,0.5692710839126682,0.6713511880602235,0.8674706683892475,0.809696145576884,0.6253413304918918,4,Öğrenci Sınıf Listesi - 2026-02-01T164140.718,Kadın,2014.0
0.9610190005794275,0.7330526318464314,0.7617454599499435,0.8076450912895379,0.7166580471597425,0.9696980968918575,1.0072317493404646,0.7300600283444064,0,Öğrenci Sınıf Listesi - 2026-02-01T164143.086,Erkek,2014.0
1.0956601469658924,0.9426609505936544,1.0504547524621037,1.0198751862092827,1.0007979736006596,0.9757136019506308,0.954563793740507,1.0463018659269459,14,Öğrenci Sınıf Listesi - 2026-02-01T164145.537,Erkek,2013.0
1.0680092592592592,0.7458548363388232,0.6681838023039548,0.7719831224356797,0.7603198507841713,0.817645809587597,0.8998318205887211,0.7895266225247648,6,Öğrenci Sınıf Listesi - 2026-02-01T164148.136,Erkek,2013.0
0.8853935185185187,0.8600292206985352,0.876337415754662,0.8844975218733633,0.7446194570298872,0.8479022826020223,0.9255439303505103,0.7549295555021732,6,Öğrenci Sınıf Listesi - 2026-02-01T164150.465,Erkek,2014.0
0.8912500000000001,0.6370353877181504,0.7679780639458696,0.7285753279654662,0.6720266789519874,0.9325501991696832,1.0328839376288539,0.7548152842838761,8,Öğrenci Sınıf Listesi - 2026-02-01T164152.847,Kadın,2015.0
1.0172598644213195,0.907826576813599,0.8583755489718341,0.8560321675030235,0.7951333964177878,0.9987438883113772,0.9188702096512797,0.7715327619754663,0,Öğrenci Sınıf Listesi - 2026-02-01T164155.261,Erkek,2016.0
0.9904353049391268,0.7572795645034472,0.7747811414578804,0.7815609446922746,0.8545120801095679,0.9130493087753899,1.012894289257454,0.8241851140498095,0,Öğrenci Sınıf Listesi - 2026-02-01T164157.710,Erkek,2013.0
0.9800683254291006,0.6882345209900306,0.7360334326511592,0.6618120144473443,0.5556358975666954,0.7324723538957898,0.6736719806234424,0.5948191936352918,11,Öğrenci Sınıf Listesi - 2026-02-01T164200.160,Erkek,2014.0
0.842800925925926,0.6690467348131729,0.48916600744802347,0.6550301398228333,0.48248098565664926,0.8302847356395583,0.593792376924334,0.5822600514147119,8,Öğrenci Sınıf Listesi - 2026-02-01T164202.520,Erkek,2011.0
0.8630324074074075,0.7219791700300929,0.7678461636023958,0.7905103237043507,0.7670095392608907,1.0062989968889418,0.7869282933779673,0.9713199724719056,19,Öğrenci Sınıf Listesi - 2026-02-01T164204.817,Kadın,2011.0
0.9942175925925927,0.8702983265515569,0.7111227320748618,0.830335847577636,0.6835532695193375,0.9389547693435856,0.8827018178898226,0.7385991780361157,0,Öğrenci Sınıf Listesi - 2026-02-01T164207.248,Erkek,2011.0
1.0280787037037036,0.6225515985488309,0.7472880364502728,0.7660607731941959,0.6904427749842784,0.9733966663268153,1.0110613144133183,0.76384463581554,8,Öğrenci Sınıf Listesi - 2026-02-01T164209.553,Kadın,2013.0
1.0100029787643012,0.6954155070261206,0.745134222420167,0.6186355093512698,0.624258303475688,0.7276067217268599,0.9020129321019732,0.697965613024388,11,Öğrenci Sınıf Listesi - 2026-02-01T164211.931,Erkek,2015.0
0.9878435600616201,0.9050869479454977,0.9208962032500497,0.8719109746102559,0.7429275821893945,0.8666257677822541,0.8802112192608099,0.903431542265603,6,Öğrenci Sınıf Listesi - 2026-02-01T164214.301,Erkek,2012.0
1.0671509533133203,0.9376812394823612,1.0362241805167076,0.9276221311791436,0.8838608171234488,0.8006944301239253,0.9429309996841093,0.9042798683076751,18,Öğrenci Sınıf Listesi - 2026-02-01T164216.683,Erkek,2014.0
0.816712962962963,0.6591198854727395,0.6632421727924491,0.6792720625769973,0.7413848996966074,0.7834283860258806,0.7510288896430339,0.6851059595887192,8,Öğrenci Sınıf Listesi - 2026-02-01T164219.013,Erkek,2013.0
1.1325925114703606,1.0444084310325856,1.107650747103173,1.0249092836626548,1.0911850446285298,1.0516637904326973,0.9563293412615326,1.1282234025688411,14,Öğrenci Sınıf Listesi - 2026-02-01T164221.371,Erkek,2015.0
0.9469398148148149,0.726421421841844,0.777246816404961,0.7183627420139516,0.7132536322725426,0.9512888611299619,0.9027997435985035,0.8632714432610846,2,Öğrenci Sınıf Listesi - 2026-02-01T164223.706,Erkek,2012.0
1.0496566753901515,0.9354909870248718,0.9422818181668611,0.9158177329893511,0.8980561636734067,1.0217236917646757,1.0605918940367403,0.8843629563240315,3,Öğrenci Sınıf Listesi - 2026-02-01T164226.136,Erkek,2019.0
0.917736861125068,0.6207200533213167,0.5242604604331413,0.5927779774187545,0.661845723310552,0.6002923572632575,0.851333302489853,0.5354461596768049,10,Öğrenci Sınıf Listesi - 2026-02-01T164228.819,Erkek,2017.0
0.9069811198834159,0.9655878429851552,0.8532411761963633,0.922719856397729,0.8734971484851439,0.8225817862599332,1.0255775266276237,0.7715991908954238,0,Öğrenci Sınıf Listesi - 2026-02-01T164231.469,Erkek,2020.0
0.7078888888888889,0.6999348221785766,0.5994154203829999,0.623813896586815,0.4525472554308576,0.7767218247002555,0.6682632812850418,0.5724023916935068,8,Öğrenci Sınıf Listesi - 2026-02-01T164234.199,Erkek,2017.0
1.0470649305126447,0.9190672722691815,0.7861113542445769,0.8490060023020505,0.7927216860571217,1.024325059136643,1.0563053032287666,0.8634386329723822,12,Öğrenci Sınıf Listesi - 2026-02-01T164236.948,Kadın,2019.0
0.9174776866373174,0.7870507074716562,0.594355488733661,0.6665583796581311,0.6341081539647835,0.892379265745384,1.0833971845764716,0.6783660092418798,4,Öğrenci Sınıf Listesi - 2026-02-01T164239.563,Erkek,2018.0
1.00754082113067,0.956127523224898,0.8842505748928643,0.8596866359304489,0.951100708680146,0.5362927746458086,1.0311337362592383,0.9610119636232418,15,Öğrenci Sınıf Listesi - 2026-02-01T164242.218,Erkek,2020.0
1.0464169942932682,0.9504520549406448,0.9815307129472424,0.9778196898883269,0.9886589650358324,0.9581915668744647,0.9452541787109622,1.0144493976673923,18,Öğrenci Sınıf Listesi - 2026-02-01T164244.751,Erkek,2018.0
0.9100912137364238,0.854970561814493,0.7579888514019361,0.8126124488917262,0.7547894762425306,0.8753384863621049,0.9062279283727878,0.823574840314091,6,Öğrenci Sınıf Listesi - 2026-02-01T164247.403,Kadın,2020.0
0.9411524827020505,0.45601986230533803,0.523219345239302,0.4940105061974183,0.6173094733282645,0.8727189692358697,0.6780043168308179,0.640501531174014,4,Öğrenci Sınıf Listesi - 2026-02-01T164250.123,Erkek,2010.0
0.7286690723109654,0.5974923274254772,0.6419811835001584,0.6772909323378414,0.7846118631182643,0.8696183696833614,0.9284106355261779,0.6092139333787557,4,Öğrenci Sınıf Listesi - 2026-02-01T164252.704,Erkek,2016.0
0.8683564814814816,0.519976514328447,0.4892117783027345,0.6342753154823457,0.6151377927054498,0.8631191909185316,0.6849871671013523,0.5076998931075422,4,Öğrenci Sınıf Listesi - 2026-02-01T164255.248,Erkek,2016.0
0.9932862243043838,0.662134346073924,0.5053102027100574,0.6507012360487889,0.6567543565884242,0.9461590617523339,1.035983731937944,0.6373884284397245,4,Öğrenci Sınıf Listesi - 2026-02-01T164257.886,Erkek,2017.0
